#V3.30.20.00;_safe;_compile_date:_Sep 30 2022;_Stock_Synthesis_by_Richard_Methot_(NOAA)_using_ADMB_13.0
#_Stock_Synthesis_is_a_work_of_the_U.S._Government_and_is_not_subject_to_copyright_protection_in_the_United_States.
#_Foreign_copyrights_may_apply._See_copyright.txt_for_more_information.
#_User_support_available_at:NMFS.Stock.Synthesis@noaa.gov
#_User_info_available_at:https://vlab.noaa.gov/group/stock-synthesis
#_Source_code_at:_https://github.com/nmfs-stock-synthesis/stock-synthesis

#_Start_time: Mon Mar 30 11:23:21 2026
#_echo_input_data
#C should work with SS version: 3.24
#C file created using an r4ss function
#C file write time: 2025-09-22  12:25:55
#V3.30.20.00;_safe;_compile_date:_Sep 30 2022;_Stock_Synthesis_by_Richard_Methot_(NOAA)_using_ADMB_13.0
1950 #_StartYr
2023 #_EndYr
1 #_Nseas
 12 #_months/season
2 #_Nsubseasons (even number, minimum is 2)
1 #_spawn_month
1 #_Ngenders: 1, 2, -1  (use -1 for 1 sex setup with SSB multiplied by female_frac parameter)
20 #_Nages=accumulator age, first age is always age 0
3 #_Nareas
44 #_Nfleets (including surveys)
#_fleet_type: 1=catch fleet; 2=bycatch only fleet; 3=survey; 4=predator(M2) 
#_sample_timing: -1 for fishing fleet to use season-long catch-at-age for observations, or 1 to use observation month;  (always 1 for surveys)
#_fleet_area:  area the fleet/survey operates in 
#_units of catch:  1=bio; 2=num (ignored for surveys; their units read later)
#_catch_mult: 0=no; 1=yes
#_rows are fleets
#_fleet_type fishery_timing area catch_units need_catch_mult fleetname
 1 -1 3 1 0 HL_W  # 1
 1 -1 2 1 0 HL_C  # 2
 1 -1 1 1 0 HL_E  # 3
 3 1 2 2 0 GFISHER_C  # 4
 3 1 1 2 0 GFISHER_E  # 5
 1 -1 3 1 0 LL_W  # 6
 1 -1 1 1 0 LL_E  # 7
 1 -1 2 1 0 LL_C  # 8
 3 1 3 2 0 BLL_W  # 9
 3 1 2 2 0 BLL_C  # 10
 3 1 1 2 0 BLL_E  # 11
 1 -1 2 2 0 CBT_C  # 12
 1 -1 3 2 0 CBT_W  # 13
 1 -1 1 2 0 CBT_E  # 14
 1 -1 3 2 0 HBT_W  # 15
 1 -1 2 2 0 HBT_C  # 16
 1 -1 1 2 0 HBT_E  # 17
 1 -1 3 2 0 PRIV_W  # 18
 1 -1 2 2 0 PRIV_C  # 19
 1 -1 1 2 0 PRIV_E  # 20
 3 1 2 2 0 LARVAL_C  # 21
 3 1 3 2 0 LARVAL_W  # 22
 3 1 3 2 0 FALLLATE_W  # 23
 3 1 2 2 0 FALLLATE_C  # 24
 3 1 1 2 0 FALLLATE_E  # 25
 3 1 3 2 0 FALLEARLY_W  # 26
 3 1 1 2 0 COMMOBS_E  # 27
 2 -1 3 2 0 HL_Clsd_W  # 28
 2 -1 2 2 0 HL_Clsd_C  # 29
 2 -1 1 2 0 HL_Clsd_E  # 30
 2 -1 3 2 0 PRIV_Clsd_W  # 31
 2 -1 2 2 0 PRIV_Clsd_C  # 32
 2 -1 1 2 0 PRIV_Clsd_E  # 33
 2 -1 3 2 0 Shr_W  # 34
 2 -1 2 2 0 Shr_C  # 35
 2 -1 1 2 0 Shr_E  # 36
 2 -1 3 2 0 HBT_Clsd_W  # 37
 2 -1 2 2 0 HBT_Clsd_C  # 38
 2 -1 1 2 0 HBT_Clsd_E  # 39
 3 1 3 2 0 SUMLATE_W  # 40
 3 1 2 2 0 SUMLATE_C  # 41
 3 1 1 2 0 SUMLATE_E  # 42
 3 1 3 2 0 SUMEARLY_W  # 43
 3 1 3 2 0 GFISHER_W # 44  
#Bycatch_fleet_input_goes_next
#a:  fleet index
#b:  1=include dead bycatch in total dead catch for F0.1 and MSY optimizations and forecast ABC; 2=omit from total catch for these purposes (but still include the mortality)
#c:  1=Fmult scales with other fleets; 2=bycatch F constant at input value; 3=bycatch F from range of years
#d:  F or first year of range
#e:  last year of range
#f:  not used
# a   b   c   d   e   f 
 28 1 3 2020 2022 8  # HL_Clsd_W
 29 1 3 2020 2022 8  # HL_Clsd_C
 30 1 3 2020 2022 8  # HL_Clsd_E
 31 1 3 2020 2022 8  # PRIV_Clsd_W
 32 1 3 2020 2022 8  # PRIV_Clsd_C
 33 1 3 2020 2022 8  # PRIV_Clsd_E
 34 1 3 2020 2022 8  # Shr_W
 35 1 3 2020 2022 8  # Shr_C
 36 1 3 2020 2022 8  # Shr_E
 37 1 3 2020 2022 8  # HBT_Clsd_W
 38 1 3 2020 2022 8  # HBT_Clsd_C
 39 1 3 2020 2022 8  # HBT_Clsd_E
#_Catch data: yr, seas, fleet, catch, catch_se
#_catch_se:  standard error of log(catch)
#_NOTE:  catch data is ignored for survey fleets
-999 1 1 249.067 0.05
1950 1 1 669.524 0.05
1951 1 1 670.201 0.05
1952 1 1 750.322 0.05
1953 1 1 616.247 0.05
1954 1 1 619.599 0.05
1955 1 1 676.778 0.05
1956 1 1 915.086 0.05
1957 1 1 913.316 0.05
1958 1 1 1522.89 0.05
1959 1 1 1556.55 0.05
1960 1 1 1633.47 0.05
1961 1 1 1927.3 0.05
1962 1 1 1874.06 0.05
1963 1 1 1361.68 0.05
1964 1 1 1596.86 0.05
1965 1 1 1621.05 0.05
1966 1 1 1356.95 0.05
1967 1 1 1885.95 0.05
1968 1 1 2303.4 0.05
1969 1 1 1859.93 0.05
1970 1 1 2070.77 0.05
1971 1 1 2394.11 0.05
1972 1 1 2163.16 0.05
1973 1 1 2173.47 0.05
1974 1 1 1978.96 0.05
1975 1 1 1750.68 0.05
1976 1 1 1480.21 0.05
1977 1 1 1279.74 0.05
1978 1 1 1198.91 0.05
1979 1 1 1098.55 0.05
1980 1 1 994.807 0.05
1981 1 1 1191.22 0.05
1982 1 1 1410.64 0.05
1983 1 1 1655.43 0.05
1984 1 1 1300.01 0.05
1985 1 1 939.548 0.05
1986 1 1 868.026 0.05
1987 1 1 707.12 0.05
1988 1 1 1070.49 0.05
1989 1 1 857.421 0.05
1990 1 1 718.098 0.05
1991 1 1 639.61 0.05
1992 1 1 797.366 0.05
1993 1 1 1326.53 0.05
1994 1 1 1224.12 0.05
1995 1 1 1246 0.05
1996 1 1 1844.79 0.05
1997 1 1 2084.6 0.05
1998 1 1 1940.93 0.05
1999 1 1 1920.73 0.05
2000 1 1 1750.06 0.05
2001 1 1 1647.62 0.05
2002 1 1 1584.45 0.05
2003 1 1 1427.02 0.05
2004 1 1 1341.57 0.05
2005 1 1 1369.93 0.05
2006 1 1 1619.32 0.05
2007 1 1 915.783 0.05
2008 1 1 695.06 0.05
2009 1 1 655.599 0.05
2010 1 1 823.177 0.05
2011 1 1 822.576 0.05
2012 1 1 928.681 0.05
2013 1 1 1263.29 0.05
2014 1 1 1359.16 0.05
2015 1 1 1614.98 0.05
2016 1 1 1631.46 0.05
2017 1 1 1650.77 0.05
2018 1 1 1623.26 0.05
2019 1 1 1706.98 0.05
2020 1 1 1703.47 0.05
2021 1 1 1705.42 0.05
2022 1 1 1753.87 0.05
2023 1 1 2118.15 0.05
-999 1 2 614.791 0.05
1950 1 2 440.056 0.05
1951 1 2 524.214 0.05
1952 1 2 583.505 0.05
1953 1 2 526.697 0.05
1954 1 2 489.457 0.05
1955 1 2 547.537 0.05
1956 1 2 655.194 0.05
1957 1 2 587.885 0.05
1958 1 2 968.052 0.05
1959 1 2 885.729 0.05
1960 1 2 992.025 0.05
1961 1 2 910.786 0.05
1962 1 2 938.974 0.05
1963 1 2 992.33 0.05
1964 1 2 845.622 0.05
1965 1 2 905.706 0.05
1966 1 2 723.993 0.05
1967 1 2 850.047 0.05
1968 1 2 713.215 0.05
1969 1 2 665.566 0.05
1970 1 2 594.202 0.05
1971 1 2 619.943 0.05
1972 1 2 657.2 0.05
1973 1 2 852.342 0.05
1974 1 2 848.466 0.05
1975 1 2 856.381 0.05
1976 1 2 759.451 0.05
1977 1 2 588.907 0.05
1978 1 2 539.125 0.05
1979 1 2 557.377 0.05
1980 1 2 567.605 0.05
1981 1 2 686.53 0.05
1982 1 2 766.362 0.05
1983 1 2 853.691 0.05
1984 1 2 535.837 0.05
1985 1 2 372.421 0.05
1986 1 2 305.76 0.05
1987 1 2 257.456 0.05
1988 1 2 327.998 0.05
1989 1 2 258.74 0.05
1990 1 2 245.319 0.05
1991 1 2 194.474 0.05
1992 1 2 247.316 0.05
1993 1 2 182.042 0.05
1994 1 2 220.449 0.05
1995 1 2 70.6883 0.05
1996 1 2 98.5906 0.05
1997 1 2 77.8464 0.05
1998 1 2 162.19 0.05
1999 1 2 220.67 0.05
2000 1 2 276.847 0.05
2001 1 2 336.289 0.05
2002 1 2 448.064 0.05
2003 1 2 429.369 0.05
2004 1 2 388.694 0.05
2005 1 2 315.402 0.05
2006 1 2 291.444 0.05
2007 1 2 347.161 0.05
2008 1 2 317.378 0.05
2009 1 2 345.267 0.05
2010 1 2 507.643 0.05
2011 1 2 580.885 0.05
2012 1 2 688.396 0.05
2013 1 2 894.236 0.05
2014 1 2 795.792 0.05
2015 1 2 1124.81 0.05
2016 1 2 995.457 0.05
2017 1 2 1049.18 0.05
2018 1 2 991.804 0.05
2019 1 2 1033.7 0.05
2020 1 2 1054.97 0.05
2021 1 2 964.668 0.05
2022 1 2 811.866 0.05
2023 1 2 792.702 0.05
-999 1 3 458.143 0.05
1950 1 3 327.93 0.05
1951 1 3 390.644 0.05
1952 1 3 434.828 0.05
1953 1 3 392.495 0.05
1954 1 3 364.744 0.05
1955 1 3 408.025 0.05
1956 1 3 488.251 0.05
1957 1 3 438.092 0.05
1958 1 3 721.393 0.05
1959 1 3 660.046 0.05
1960 1 3 739.258 0.05
1961 1 3 678.718 0.05
1962 1 3 699.724 0.05
1963 1 3 739.485 0.05
1964 1 3 712.782 0.05
1965 1 3 696.829 0.05
1966 1 3 627.919 0.05
1967 1 3 446.334 0.05
1968 1 3 458.923 0.05
1969 1 3 405.815 0.05
1970 1 3 415.015 0.05
1971 1 3 347.398 0.05
1972 1 3 369.223 0.05
1973 1 3 333.245 0.05
1974 1 3 793.139 0.05
1975 1 3 703.436 0.05
1976 1 3 675.825 0.05
1977 1 3 400.62 0.05
1978 1 3 329.579 0.05
1979 1 3 325.398 0.05
1980 1 3 255.72 0.05
1981 1 3 239.348 0.05
1982 1 3 232.33 0.05
1983 1 3 186.444 0.05
1984 1 3 173.687 0.05
1985 1 3 166.38 0.05
1986 1 3 41.7949 0.05
1987 1 3 27.9667 0.05
1988 1 3 26.571 0.05
1989 1 3 22.6179 0.05
1990 1 3 29.2535 0.05
1991 1 3 13.2712 0.05
1992 1 3 15.3786 0.05
1993 1 3 16.5947 0.05
1994 1 3 10.1319 0.05
1995 1 3 5.79101 0.05
1996 1 3 4.25787 0.05
1997 1 3 3.19193 0.05
1998 1 3 5.24444 0.05
1999 1 3 20.746 0.05
2000 1 3 13.2077 0.05
2001 1 3 15.6566 0.05
2002 1 3 15.4176 0.05
2003 1 3 22.4682 0.05
2004 1 3 23.8417 0.05
2005 1 3 31.7769 0.05
2006 1 3 41.1045 0.05
2007 1 3 24.2858 0.05
2008 1 3 23.5941 0.05
2009 1 3 45.2744 0.05
2010 1 3 88.3838 0.05
2011 1 3 108.976 0.05
2012 1 3 101.687 0.05
2013 1 3 130.878 0.05
2014 1 3 178.408 0.05
2015 1 3 238.571 0.05
2016 1 3 171.935 0.05
2017 1 3 215.237 0.05
2018 1 3 241.777 0.05
2019 1 3 323.596 0.05
2020 1 3 309.695 0.05
2021 1 3 343.135 0.05
2022 1 3 403.305 0.05
2023 1 3 342.844 0.05
-999 1 6 0 0.01
1950 1 6 0 0.01
1951 1 6 0 0.01
1952 1 6 0 0.01
1953 1 6 0 0.01
1954 1 6 0 0.01
1955 1 6 0 0.01
1956 1 6 0 0.01
1957 1 6 0 0.01
1958 1 6 0 0.01
1959 1 6 0 0.01
1960 1 6 0 0.01
1961 1 6 0 0.01
1962 1 6 0 0.01
1963 1 6 0 0.01
1964 1 6 0 0.01
1965 1 6 0 0.01
1966 1 6 0 0.01
1967 1 6 0 0.01
1968 1 6 0 0.01
1969 1 6 0 0.01
1970 1 6 0 0.01
1971 1 6 0 0.01
1972 1 6 0 0.01
1973 1 6 0 0.01
1974 1 6 0 0.01
1975 1 6 0 0.01
1976 1 6 0 0.01
1977 1 6 0 0.01
1978 1 6 0 0.01
1979 1 6 0 0.01
1980 1 6 139.592 0.05
1981 1 6 226.659 0.05
1982 1 6 251.172 0.05
1983 1 6 273.823 0.05
1984 1 6 342.494 0.05
1985 1 6 316.862 0.05
1986 1 6 384.982 0.05
1987 1 6 337.097 0.05
1988 1 6 313.643 0.05
1989 1 6 218.569 0.05
1990 1 6 164.482 0.05
1991 1 6 135.093 0.05
1992 1 6 330.815 0.05
1993 1 6 8.1946 0.05
1994 1 6 6.88735 0.05
1995 1 6 8.64592 0.05
1996 1 6 12.4652 0.05
1997 1 6 14.2101 0.05
1998 1 6 12.3409 0.05
1999 1 6 41.4506 0.05
2000 1 6 81.0189 0.05
2001 1 6 56.0763 0.05
2002 1 6 64.7721 0.05
2003 1 6 77.6237 0.05
2004 1 6 209.052 0.05
2005 1 6 131.422 0.05
2006 1 6 114.947 0.05
2007 1 6 83.4515 0.05
2008 1 6 24.846 0.05
2009 1 6 22.4392 0.05
2010 1 6 16.8886 0.05
2011 1 6 8.23361 0.05
2012 1 6 6.00239 0.05
2013 1 6 22.1906 0.05
2014 1 6 24.0236 0.05
2015 1 6 21.488 0.05
2016 1 6 30.8289 0.05
2017 1 6 28.325 0.05
2018 1 6 29.484 0.05
2019 1 6 67.5485 0.05
2020 1 6 34.7728 0.05
2021 1 6 82.239 0.05
2022 1 6 50.6504 0.05
2023 1 6 52.8222 0.05
-999 1 7 0 0.01
1950 1 7 0 0.01
1951 1 7 0 0.01
1952 1 7 0 0.01
1953 1 7 0 0.01
1954 1 7 0 0.01
1955 1 7 0 0.01
1956 1 7 0 0.01
1957 1 7 0 0.01
1958 1 7 0 0.01
1959 1 7 0 0.01
1960 1 7 0 0.01
1961 1 7 0 0.01
1962 1 7 0 0.01
1963 1 7 0 0.01
1964 1 7 0 0.01
1965 1 7 0 0.01
1966 1 7 0 0.01
1967 1 7 0 0.01
1968 1 7 0 0.01
1969 1 7 0 0.01
1970 1 7 0 0.01
1971 1 7 0 0.01
1972 1 7 0 0.01
1973 1 7 0 0.01
1974 1 7 0 0.01
1975 1 7 0 0.01
1976 1 7 0 0.01
1977 1 7 0 0.01
1978 1 7 0 0.01
1979 1 7 0 0.01
1980 1 7 14.6991 0.05
1981 1 7 39.36 0.05
1982 1 7 62.9019 0.05
1983 1 7 145.645 0.05
1984 1 7 114.829 0.05
1985 1 7 43.8669 0.05
1986 1 7 0 0.01
1987 1 7 0 0.01
1988 1 7 0 0.01
1989 1 7 0 0.01
1990 1 7 0 0.01
1991 1 7 9.92006 0.05
1992 1 7 3.64371 0.05
1993 1 7 6.52311 0.05
1994 1 7 2.41266 0.05
1995 1 7 3.18014 0.05
1996 1 7 1.50638 0.05
1997 1 7 1.46601 0.05
1998 1 7 1.40251 0.05
1999 1 7 2.50927 0.05
2000 1 7 3.23774 0.05
2001 1 7 4.20707 0.05
2002 1 7 5.10745 0.05
2003 1 7 4.53093 0.05
2004 1 7 6.81522 0.05
2005 1 7 8.28985 0.05
2006 1 7 6.67733 0.05
2007 1 7 2.39225 0.05
2008 1 7 6.07768 0.05
2009 1 7 3.44776 0.05
2010 1 7 27.221 0.05
2011 1 7 32.8986 0.05
2012 1 7 21.4486 0.05
2013 1 7 46.2973 0.05
2014 1 7 48.6033 0.05
2015 1 7 92.1074 0.05
2016 1 7 71.0267 0.05
2017 1 7 73.4629 0.05
2018 1 7 113.388 0.05
2019 1 7 167.429 0.05
2020 1 7 183.489 0.05
2021 1 7 195.077 0.05
2022 1 7 212.322 0.05
2023 1 7 207.446 0.05
-999 1 8 0 0.01
1950 1 8 0 0.01
1951 1 8 0 0.01
1952 1 8 0 0.01
1953 1 8 0 0.01
1954 1 8 0 0.01
1955 1 8 0 0.01
1956 1 8 0 0.01
1957 1 8 0 0.01
1958 1 8 0 0.01
1959 1 8 0 0.01
1960 1 8 0 0.01
1961 1 8 0 0.01
1962 1 8 0 0.01
1963 1 8 0 0.01
1964 1 8 0 0.01
1965 1 8 0 0.01
1966 1 8 0 0.01
1967 1 8 0 0.01
1968 1 8 0 0.01
1969 1 8 0 0.01
1970 1 8 0 0.01
1971 1 8 0 0.01
1972 1 8 0 0.01
1973 1 8 0 0.01
1974 1 8 0 0.01
1975 1 8 0 0.01
1976 1 8 0 0.01
1977 1 8 0 0.01
1978 1 8 0 0.01
1979 1 8 0 0.01
1980 1 8 26.2253 0.05
1981 1 8 38.143 0.05
1982 1 8 35.2382 0.05
1983 1 8 46.8552 0.05
1984 1 8 45.0971 0.05
1985 1 8 22.5921 0.05
1986 1 8 31.5632 0.05
1987 1 8 0 0.01
1988 1 8 22.8302 0.05
1989 1 8 11.2273 0.05
1990 1 8 13.9938 0.05
1991 1 8 4.19618 0.05
1992 1 8 5.54244 0.05
1993 1 8 0.911267 0.05
1994 1 8 1.23377 0.05
1995 1 8 0.545218 0.05
1996 1 8 1.76447 0.05
1997 1 8 0.520724 0.05
1998 1 8 1.02058 0.05
1999 1 8 0.307082 0.05
2000 1 8 0.447696 0.05
2001 1 8 0.295742 0.05
2002 1 8 2.86625 0.05
2003 1 8 1.61751 0.05
2004 1 8 1.55446 0.05
2005 1 8 0.779272 0.05
2006 1 8 0.477633 0.05
2007 1 8 4.25969 0.05
2008 1 8 7.82719 0.05
2009 1 8 2.73879 0.05
2010 1 8 4.67019 0.05
2011 1 8 1.97902 0.05
2012 1 8 0.543404 0.05
2013 1 8 0.973863 0.05
2014 1 8 3.50173 0.05
2015 1 8 17.0174 0.05
2016 1 8 9.03511 0.05
2017 1 8 3.05222 0.05
2018 1 8 19.6519 0.05
2019 1 8 14.8243 0.05
2020 1 8 13.5973 0.05
2021 1 8 21.0294 0.05
2022 1 8 49.1041 0.05
2023 1 8 47.522 0.05
-999 1 12 0 0.001
1950 1 12 176.532 0.15
1951 1 12 176.532 0.15
1952 1 12 176.532 0.15
1953 1 12 176.532 0.15
1954 1 12 176.532 0.15
1955 1 12 176.532 0.15
1956 1 12 195.52 0.15
1957 1 12 214.508 0.15
1958 1 12 233.495 0.15
1959 1 12 252.483 0.15
1960 1 12 271.471 0.15
1961 1 12 279.232 0.15
1962 1 12 286.993 0.15
1963 1 12 294.754 0.15
1964 1 12 302.515 0.15
1965 1 12 252.859 0.15
1966 1 12 261.27 0.15
1967 1 12 269.682 0.15
1968 1 12 278.094 0.15
1969 1 12 286.506 0.15
1970 1 12 294.918 0.15
1971 1 12 322.11 0.15
1972 1 12 349.303 0.15
1973 1 12 376.495 0.15
1974 1 12 403.687 0.15
1975 1 12 332.537 0.15
1976 1 12 333.653 0.15
1977 1 12 334.769 0.15
1978 1 12 335.886 0.15
1979 1 12 337.002 0.15
1980 1 12 338.118 0.15
1981 1 12 68.0497 0.15
1982 1 12 409.279 0.15
1983 1 12 760.147 0.15
1984 1 12 211.197 0.15
1985 1 12 238.864 0.15
1986 1 12 507.401 0.15
1987 1 12 457.049 0.15
1988 1 12 358.245 0.15
1989 1 12 203.867 0.15
1990 1 12 143.525 0.15
1991 1 12 189.578 0.15
1992 1 12 352.497 0.15
1993 1 12 835.952 0.15
1994 1 12 373.415 0.15
1995 1 12 297.069 0.15
1996 1 12 423.073 0.15
1997 1 12 543.756 0.15
1998 1 12 871.474 0.15
1999 1 12 632.46 0.15
2000 1 12 376.376 0.15
2001 1 12 396.042 0.15
2002 1 12 556.133 0.15
2003 1 12 526.142 0.15
2004 1 12 531.741 0.15
2005 1 12 385.562 0.15
2006 1 12 388.459 0.15
2007 1 12 475.791 0.15
2008 1 12 265.441 0.15
2009 1 12 205.255 0.15
2010 1 12 68.8374 0.15
2011 1 12 153.432 0.15
2012 1 12 150.032 0.15
2013 1 12 165.648 0.15
2014 1 12 35.2802 0.15
2015 1 12 204.965 0.15
2016 1 12 217.938 0.15
2017 1 12 239.362 0.15
2018 1 12 229.198 0.15
2019 1 12 282.023 0.15
2020 1 12 292.256 0.15
2021 1 12 223.751 0.15
2022 1 12 302.051 0.15
2023 1 12 361.635 0.15
-999 1 13 0 0.001
1950 1 13 308.931 0.15
1951 1 13 308.931 0.15
1952 1 13 308.931 0.15
1953 1 13 308.931 0.15
1954 1 13 308.931 0.15
1955 1 13 308.931 0.15
1956 1 13 342.16 0.15
1957 1 13 375.388 0.15
1958 1 13 408.617 0.15
1959 1 13 441.845 0.15
1960 1 13 475.074 0.15
1961 1 13 488.656 0.15
1962 1 13 502.238 0.15
1963 1 13 515.819 0.15
1964 1 13 529.401 0.15
1965 1 13 336.718 0.15
1966 1 13 347.919 0.15
1967 1 13 359.121 0.15
1968 1 13 370.323 0.15
1969 1 13 381.524 0.15
1970 1 13 392.726 0.15
1971 1 13 428.936 0.15
1972 1 13 465.147 0.15
1973 1 13 501.358 0.15
1974 1 13 537.568 0.15
1975 1 13 220.493 0.15
1976 1 13 221.233 0.15
1977 1 13 221.974 0.15
1978 1 13 222.714 0.15
1979 1 13 223.454 0.15
1980 1 13 224.194 0.15
1981 1 13 225.895 0.15
1982 1 13 274.792 0.15
1983 1 13 422.065 0.15
1984 1 13 378.268 0.15
1985 1 13 613.132 0.15
1986 1 13 77.1463 0.15
1987 1 13 64.283 0.15
1988 1 13 15.0177 0.15
1989 1 13 63.2907 0.15
1990 1 13 28.4404 0.15
1991 1 13 115.403 0.15
1992 1 13 123.052 0.15
1993 1 13 81.765 0.15
1994 1 13 57.2848 0.15
1995 1 13 73.6488 0.15
1996 1 13 57.1433 0.15
1997 1 13 68.148 0.15
1998 1 13 106.153 0.15
1999 1 13 56.8081 0.15
2000 1 13 20.4772 0.15
2001 1 13 19.2778 0.15
2002 1 13 54.4616 0.15
2003 1 13 56.4378 0.15
2004 1 13 81.8468 0.15
2005 1 13 74.1525 0.15
2006 1 13 95.0186 0.15
2007 1 13 64.2822 0.15
2008 1 13 25.4134 0.15
2009 1 13 29.3877 0.15
2010 1 13 7.674 0.15
2011 1 13 10.4488 0.15
2012 1 13 27.7575 0.15
2013 1 13 19.9213 0.15
2014 1 13 11.271 0.15
2015 1 13 28.729 0.15
2016 1 13 33.72 0.15
2017 1 13 36.78 0.15
2018 1 13 25.772 0.15
2019 1 13 28.781 0.15
2020 1 13 17.914 0.15
2021 1 13 27.856 0.15
2022 1 13 26.562 0.15
2023 1 13 43.052 0.15
-999 1 14 0 0.001
1950 1 14 49.6497 0.15
1951 1 14 49.6497 0.15
1952 1 14 49.6497 0.15
1953 1 14 49.6497 0.15
1954 1 14 49.6497 0.15
1955 1 14 49.6497 0.15
1956 1 14 54.99 0.15
1957 1 14 60.3303 0.15
1958 1 14 65.6706 0.15
1959 1 14 71.0109 0.15
1960 1 14 76.3512 0.15
1961 1 14 78.534 0.15
1962 1 14 80.7168 0.15
1963 1 14 82.8996 0.15
1964 1 14 85.0823 0.15
1965 1 14 49.4462 0.15
1966 1 14 51.0911 0.15
1967 1 14 52.7361 0.15
1968 1 14 54.381 0.15
1969 1 14 56.0259 0.15
1970 1 14 57.6708 0.15
1971 1 14 62.9883 0.15
1972 1 14 68.3057 0.15
1973 1 14 73.6232 0.15
1974 1 14 78.9406 0.15
1975 1 14 19.4828 0.15
1976 1 14 19.5482 0.15
1977 1 14 19.6136 0.15
1978 1 14 19.679 0.15
1979 1 14 19.7444 0.15
1980 1 14 19.8098 0.15
1981 1 14 21.6306 0.15
1982 1 14 4.05828 0.15
1983 1 14 37.3205 0.15
1984 1 14 31.9147 0.15
1985 1 14 11.1823 0.15
1986 1 14 61.6069 0.15
1987 1 14 3.42877 0.15
1988 1 14 5.93415 0.15
1989 1 14 11.4741 0.15
1990 1 14 0 0.15
1991 1 14 0.074576 0.15
1992 1 14 2.62668 0.15
1993 1 14 0 0.15
1994 1 14 0.056684 0.15
1995 1 14 0 0.15
1996 1 14 0.38679 0.15
1997 1 14 1.72864 0.15
1998 1 14 8.03725 0.15
1999 1 14 0.802279 0.15
2000 1 14 0.39703 0.15
2001 1 14 1.51623 0.15
2002 1 14 0.522975 0.15
2003 1 14 1.59866 0.15
2004 1 14 0.440441 0.15
2005 1 14 1.74297 0.15
2006 1 14 10.9479 0.15
2007 1 14 0.839507 0.15
2008 1 14 3.28465 0.15
2009 1 14 1.89271 0.15
2010 1 14 4.38954 0.15
2011 1 14 0.001 0.15
2012 1 14 3.00188 0.15
2013 1 14 0.486606 0.15
2014 1 14 3.8904 0.15
2015 1 14 8.01866 0.15
2016 1 14 8.14286 0.15
2017 1 14 19.4365 0.15
2018 1 14 23.3941 0.15
2019 1 14 18.0484 0.15
2020 1 14 26.398 0.15
2021 1 14 45.3376 0.15
2022 1 14 34.0051 0.15
2023 1 14 49.6309 0.15
-999 1 15 673.03 0.15
1950 1 15 253.765 0.15
1951 1 15 253.765 0.15
1952 1 15 253.765 0.15
1953 1 15 253.765 0.15
1954 1 15 253.765 0.15
1955 1 15 253.765 0.15
1956 1 15 281.06 0.15
1957 1 15 308.355 0.15
1958 1 15 335.65 0.15
1959 1 15 362.944 0.15
1960 1 15 390.239 0.15
1961 1 15 401.396 0.15
1962 1 15 412.552 0.15
1963 1 15 423.709 0.15
1964 1 15 434.865 0.15
1965 1 15 322.542 0.15
1966 1 15 333.272 0.15
1967 1 15 344.002 0.15
1968 1 15 354.732 0.15
1969 1 15 365.462 0.15
1970 1 15 376.192 0.15
1971 1 15 410.878 0.15
1972 1 15 445.565 0.15
1973 1 15 480.251 0.15
1974 1 15 514.937 0.15
1975 1 15 338.13 0.15
1976 1 15 339.265 0.15
1977 1 15 340.4 0.15
1978 1 15 341.536 0.15
1979 1 15 342.671 0.15
1980 1 15 343.806 0.15
1981 1 15 354.536 0.15
1982 1 15 358.85 0.15
1983 1 15 371.323 0.15
1984 1 15 368.374 0.15
1985 1 15 388.339 0.15
1986 1 15 316.09 0.15
1987 1 15 319.348 0.15
1988 1 15 423.024 0.15
1989 1 15 372.473 0.15
1990 1 15 187.006 0.15
1991 1 15 264.686 0.15
1992 1 15 413.056 0.15
1993 1 15 458.772 0.15
1994 1 15 497.738 0.15
1995 1 15 354.55 0.15
1996 1 15 349.266 0.15
1997 1 15 347.424 0.15
1998 1 15 244.738 0.15
1999 1 15 98.699 0.15
2000 1 15 111.41 0.15
2001 1 15 116.358 0.15
2002 1 15 138.475 0.15
2003 1 15 157.905 0.15
2004 1 15 110.329 0.15
2005 1 15 99.988 0.15
2006 1 15 121.177 0.15
2007 1 15 110.314 0.15
2008 1 15 57.569 0.15
2009 1 15 75.998 0.15
2010 1 15 51.514 0.15
2011 1 15 50.656 0.15
2012 1 15 54.283 0.15
2013 1 15 43.743 0.15
2014 1 15 35.511 0.15
2015 1 15 63.033 0.15
2016 1 15 61.137 0.15
2017 1 15 60.068 0.15
2018 1 15 62.595 0.15
2019 1 15 67.126 0.15
2020 1 15 70.161 0.15
2021 1 15 83.724 0.15
2022 1 15 84.263 0.15
2023 1 15 78.862 0.15
-999 1 16 364.1 0.15
1950 1 16 99.2994 0.15
1951 1 16 99.2994 0.15
1952 1 16 99.2994 0.15
1953 1 16 99.2994 0.15
1954 1 16 99.2994 0.15
1955 1 16 99.2994 0.15
1956 1 16 109.98 0.15
1957 1 16 120.661 0.15
1958 1 16 131.341 0.15
1959 1 16 142.022 0.15
1960 1 16 152.702 0.15
1961 1 16 157.068 0.15
1962 1 16 161.434 0.15
1963 1 16 165.799 0.15
1964 1 16 170.165 0.15
1965 1 16 145.885 0.15
1966 1 16 150.738 0.15
1967 1 16 155.592 0.15
1968 1 16 160.445 0.15
1969 1 16 165.298 0.15
1970 1 16 170.151 0.15
1971 1 16 185.84 0.15
1972 1 16 201.528 0.15
1973 1 16 217.217 0.15
1974 1 16 232.905 0.15
1975 1 16 199.531 0.15
1976 1 16 200.201 0.15
1977 1 16 200.871 0.15
1978 1 16 201.54 0.15
1979 1 16 202.21 0.15
1980 1 16 202.88 0.15
1981 1 16 43.2794 0.15
1982 1 16 247.419 0.15
1983 1 16 475.424 0.15
1984 1 16 132.091 0.15
1985 1 16 149.394 0.15
1986 1 16 14.903 0.15
1987 1 16 9.256 0.15
1988 1 16 12.881 0.15
1989 1 16 10.357 0.15
1990 1 16 15.393 0.15
1991 1 16 15.349 0.15
1992 1 16 33.832 0.15
1993 1 16 36.735 0.15
1994 1 16 28.771 0.15
1995 1 16 22.98 0.15
1996 1 16 28.314 0.15
1997 1 16 48.398 0.15
1998 1 16 76.455 0.15
1999 1 16 64.725 0.15
2000 1 16 56.399 0.15
2001 1 16 50.343 0.15
2002 1 16 74.945 0.15
2003 1 16 70.539 0.15
2004 1 16 62.02 0.15
2005 1 16 41.612 0.15
2006 1 16 46.744 0.15
2007 1 16 62.842 0.15
2008 1 16 60.63 0.15
2009 1 16 78.421 0.15
2010 1 16 33.932 0.15
2011 1 16 66.156 0.15
2012 1 16 51.71 0.15
2013 1 16 41.303 0.15
2014 1 16 40.547 0.15
2015 1 16 42.346 0.15
2016 1 16 35.553 0.15
2017 1 16 50.271 0.15
2018 1 16 56.764 0.15
2019 1 16 41.097 0.15
2020 1 16 31.632 0.15
2021 1 16 28.351 0.15
2022 1 16 24.034 0.15
2023 1 16 33.715 0.15
-999 1 17 71.86 0.15
1950 1 17 2.34847 0.15
1951 1 17 2.34847 0.15
1952 1 17 2.34847 0.15
1953 1 17 2.34847 0.15
1954 1 17 2.34847 0.15
1955 1 17 2.34847 0.15
1956 1 17 2.60107 0.15
1957 1 17 2.85366 0.15
1958 1 17 3.10627 0.15
1959 1 17 3.35886 0.15
1960 1 17 3.61146 0.15
1961 1 17 3.71471 0.15
1962 1 17 3.81796 0.15
1963 1 17 3.92121 0.15
1964 1 17 4.02445 0.15
1965 1 17 4.13826 0.15
1966 1 17 4.27593 0.15
1967 1 17 4.41359 0.15
1968 1 17 4.55126 0.15
1969 1 17 4.68893 0.15
1970 1 17 4.8266 0.15
1971 1 17 5.27163 0.15
1972 1 17 5.71665 0.15
1973 1 17 6.16168 0.15
1974 1 17 6.60671 0.15
1975 1 17 7.06982 0.15
1976 1 17 7.09356 0.15
1977 1 17 7.11729 0.15
1978 1 17 7.14102 0.15
1979 1 17 7.16475 0.15
1980 1 17 7.18849 0.15
1981 1 17 13.5286 0.15
1982 1 17 2.53819 0.15
1983 1 17 23.3416 0.15
1984 1 17 18.8651 0.15
1985 1 17 6.86583 0.15
1986 1 17 1.461 0.15
1987 1 17 0.429 0.15
1988 1 17 0.951 0.15
1989 1 17 0.44 0.15
1990 1 17 0.146 0.15
1991 1 17 0.231 0.15
1992 1 17 0.041 0.15
1993 1 17 0.54 0.15
1994 1 17 0.227 0.15
1995 1 17 0.098 0.15
1996 1 17 0.074 0.15
1997 1 17 0.041 0.15
1998 1 17 0.304 0.15
1999 1 17 2.707 0.15
2000 1 17 1.241 0.15
2001 1 17 0.946 0.15
2002 1 17 0.176 0.15
2003 1 17 0.482 0.15
2004 1 17 1.462 0.15
2005 1 17 5.179 0.15
2006 1 17 1.138 0.15
2007 1 17 0.761 0.15
2008 1 17 1.356 0.15
2009 1 17 3.169 0.15
2010 1 17 2.011 0.15
2011 1 17 3.031 0.15
2012 1 17 2.468 0.15
2013 1 17 2.682 0.15
2014 1 17 2.21 0.15
2015 1 17 3.116 0.15
2016 1 17 2.896 0.15
2017 1 17 8.339 0.15
2018 1 17 8.69 0.15
2019 1 17 8.645 0.15
2020 1 17 7.161 0.15
2021 1 17 10.46 0.15
2022 1 17 11.133 0.15
2023 1 17 9.391 0.15
-999 1 18 0 0.01
1950 1 18 110.333 0.15
1951 1 18 110.333 0.15
1952 1 18 110.333 0.15
1953 1 18 110.333 0.15
1954 1 18 110.333 0.15
1955 1 18 110.333 0.15
1956 1 18 122.2 0.15
1957 1 18 134.067 0.15
1958 1 18 145.935 0.15
1959 1 18 157.802 0.15
1960 1 18 169.669 0.15
1961 1 18 174.52 0.15
1962 1 18 179.371 0.15
1963 1 18 184.221 0.15
1964 1 18 189.072 0.15
1965 1 18 524.927 0.15
1966 1 18 542.39 0.15
1967 1 18 559.853 0.15
1968 1 18 577.315 0.15
1969 1 18 594.778 0.15
1970 1 18 612.241 0.15
1971 1 18 668.692 0.15
1972 1 18 725.142 0.15
1973 1 18 781.593 0.15
1974 1 18 838.044 0.15
1975 1 18 1461.43 0.15
1976 1 18 1466.34 0.15
1977 1 18 1471.24 0.15
1978 1 18 1476.15 0.15
1979 1 18 1481.05 0.15
1980 1 18 1485.96 0.15
1981 1 18 3075.41 0.15
1982 1 18 1863.33 0.15
1983 1 18 3553.82 0.15
1984 1 18 789.515 0.15
1985 1 18 1272.72 0.15
1986 1 18 1730.54 0.15
1987 1 18 520.875 0.15
1988 1 18 805.754 0.15
1989 1 18 531.468 0.15
1990 1 18 395.835 0.15
1991 1 18 470.728 0.15
1992 1 18 625.422 0.15
1993 1 18 1043.43 0.15
1994 1 18 1205.38 0.15
1995 1 18 1528.47 0.15
1996 1 18 1066.61 0.15
1997 1 18 1047.98 0.15
1998 1 18 1012.25 0.15
1999 1 18 657.069 0.15
2000 1 18 656.299 0.15
2001 1 18 467.863 0.15
2002 1 18 428.249 0.15
2003 1 18 382.113 0.15
2004 1 18 360.469 0.15
2005 1 18 557.898 0.15
2006 1 18 696.553 0.15
2007 1 18 537.811 0.15
2008 1 18 418.097 0.15
2009 1 18 418.994 0.15
2010 1 18 256.27 0.15
2011 1 18 380.196 0.15
2012 1 18 448.726 0.15
2013 1 18 578.628 0.15
2014 1 18 587.008 0.15
2015 1 18 713.784 0.15
2016 1 18 456.093 0.15
2017 1 18 564.237 0.15
2018 1 18 634.352 0.15
2019 1 18 941.672 0.15
2020 1 18 576.289 0.15
2021 1 18 550.69 0.15
2022 1 18 439.21 0.15
2023 1 18 706.101 0.15
-999 1 19 0 0.01
1950 1 19 88.2661 0.15
1951 1 19 88.2661 0.15
1952 1 19 88.2661 0.15
1953 1 19 88.2661 0.15
1954 1 19 88.2661 0.15
1955 1 19 88.2661 0.15
1956 1 19 97.76 0.15
1957 1 19 107.254 0.15
1958 1 19 116.748 0.15
1959 1 19 126.242 0.15
1960 1 19 135.735 0.15
1961 1 19 139.616 0.15
1962 1 19 143.496 0.15
1963 1 19 147.377 0.15
1964 1 19 151.257 0.15
1965 1 19 240.172 0.15
1966 1 19 248.161 0.15
1967 1 19 256.151 0.15
1968 1 19 264.141 0.15
1969 1 19 272.131 0.15
1970 1 19 280.121 0.15
1971 1 19 305.949 0.15
1972 1 19 331.777 0.15
1973 1 19 357.605 0.15
1974 1 19 383.433 0.15
1975 1 19 554.904 0.15
1976 1 19 556.767 0.15
1977 1 19 558.63 0.15
1978 1 19 560.493 0.15
1979 1 19 562.355 0.15
1980 1 19 564.218 0.15
1981 1 19 1814.67 0.15
1982 1 19 211.587 0.15
1983 1 19 751.639 0.15
1984 1 19 272.732 0.15
1985 1 19 612.117 0.15
1986 1 19 261.562 0.15
1987 1 19 491.587 0.15
1988 1 19 365.96 0.15
1989 1 19 588.397 0.15
1990 1 19 348.726 0.15
1991 1 19 806.726 0.15
1992 1 19 1422.29 0.15
1993 1 19 1434.81 0.15
1994 1 19 1002.02 0.15
1995 1 19 646.795 0.15
1996 1 19 506.756 0.15
1997 1 19 817.821 0.15
1998 1 19 563.447 0.15
1999 1 19 1301.02 0.15
2000 1 19 864.523 0.15
2001 1 19 1392.69 0.15
2002 1 19 1871.97 0.15
2003 1 19 1288.42 0.15
2004 1 19 1633.28 0.15
2005 1 19 899.696 0.15
2006 1 19 985.369 0.15
2007 1 19 1526.4 0.15
2008 1 19 898.069 0.15
2009 1 19 1079.27 0.15
2010 1 19 1032.62 0.15
2011 1 19 1242.75 0.15
2012 1 19 1160.66 0.15
2013 1 19 2091.56 0.15
2014 1 19 893.063 0.15
2015 1 19 1023.32 0.15
2016 1 19 1281.04 0.15
2017 1 19 2568.12 0.15
2018 1 19 1751.1 0.15
2019 1 19 1947 0.15
2020 1 19 1482.19 0.15
2021 1 19 1272.37 0.15
2022 1 19 1427.58 0.15
2023 1 19 1222.02 0.15
-999 1 20 0 0.01
1950 1 20 19.8599 0.15
1951 1 20 19.8599 0.15
1952 1 20 19.8599 0.15
1953 1 20 19.8599 0.15
1954 1 20 19.8599 0.15
1955 1 20 19.8599 0.15
1956 1 20 21.996 0.15
1957 1 20 24.1321 0.15
1958 1 20 26.2682 0.15
1959 1 20 28.4043 0.15
1960 1 20 30.5405 0.15
1961 1 20 31.4136 0.15
1962 1 20 32.2867 0.15
1963 1 20 33.1598 0.15
1964 1 20 34.0329 0.15
1965 1 20 72.4834 0.15
1966 1 20 74.8947 0.15
1967 1 20 77.306 0.15
1968 1 20 79.7173 0.15
1969 1 20 82.1286 0.15
1970 1 20 84.5399 0.15
1971 1 20 92.3348 0.15
1972 1 20 100.13 0.15
1973 1 20 107.924 0.15
1974 1 20 115.719 0.15
1975 1 20 187.876 0.15
1976 1 20 188.506 0.15
1977 1 20 189.137 0.15
1978 1 20 189.768 0.15
1979 1 20 190.398 0.15
1980 1 20 191.029 0.15
1981 1 20 568.244 0.15
1982 1 20 11.9585 0.15
1983 1 20 580.76 0.15
1984 1 20 21.3421 0.15
1985 1 20 157.06 0.15
1986 1 20 181.242 0.15
1987 1 20 106.125 0.15
1988 1 20 49.1046 0.15
1989 1 20 142.386 0.15
1990 1 20 42.071 0.15
1991 1 20 17.2164 0.15
1992 1 20 3.57952 0.15
1993 1 20 0.001 0.5
1994 1 20 0.001 0.5
1995 1 20 3.29844 0.15
1996 1 20 36.6096 0.15
1997 1 20 0.001 0.5
1998 1 20 0.001 0.5
1999 1 20 11.5477 0.15
2000 1 20 2.32086 0.15
2001 1 20 0.001 0.5
2002 1 20 7.70891 0.15
2003 1 20 2.82769 0.15
2004 1 20 7.03895 0.15
2005 1 20 81.0137 0.15
2006 1 20 18.5415 0.15
2007 1 20 41.3362 0.15
2008 1 20 5.62357 0.15
2009 1 20 18.9346 0.15
2010 1 20 3.19965 0.15
2011 1 20 16.3902 0.15
2012 1 20 14.6406 0.15
2013 1 20 3.57403 0.15
2014 1 20 5.1752 0.15
2015 1 20 1.90091 0.15
2016 1 20 27.1995 0.15
2017 1 20 77.4034 0.15
2018 1 20 101.256 0.15
2019 1 20 106.202 0.15
2020 1 20 37.8128 0.15
2021 1 20 79.9909 0.15
2022 1 20 116.229 0.15
2023 1 20 153.203 0.15
-999 1 28 0 0.01
1950 1 28 0 0.01
1951 1 28 0 0.01
1952 1 28 0 0.01
1953 1 28 0 0.01
1954 1 28 0 0.01
1955 1 28 0 0.01
1956 1 28 0 0.01
1957 1 28 0 0.01
1958 1 28 0 0.01
1959 1 28 0 0.01
1960 1 28 0 0.01
1961 1 28 0 0.01
1962 1 28 0 0.01
1963 1 28 0 0.01
1964 1 28 0 0.01
1965 1 28 0 0.01
1966 1 28 0 0.01
1967 1 28 0 0.01
1968 1 28 0 0.01
1969 1 28 0 0.01
1970 1 28 0 0.01
1971 1 28 0 0.01
1972 1 28 0 0.01
1973 1 28 0 0.01
1974 1 28 0 0.01
1975 1 28 0 0.01
1976 1 28 0 0.01
1977 1 28 0 0.01
1978 1 28 0 0.01
1979 1 28 0 0.01
1980 1 28 0 0.01
1981 1 28 0 0.01
1982 1 28 0 0.01
1983 1 28 0 0.01
1984 1 28 0 0.01
1985 1 28 0 0.01
1986 1 28 0 0.01
1987 1 28 0 0.01
1988 1 28 0 0.01
1989 1 28 0 0.01
1990 1 28 0 0.01
1991 1 28 0 0.01
1992 1 28 0 0.01
1993 1 28 0 0.01
1994 1 28 0 0.01
1995 1 28 0 0.01
1996 1 28 0.001 0.01
1997 1 28 0.001 0.01
1998 1 28 0.001 0.01
1999 1 28 0.001 0.01
2000 1 28 0.001 0.01
2001 1 28 0.001 0.01
2002 1 28 0.001 0.01
2003 1 28 0.001 0.01
2004 1 28 0.001 0.01
2005 1 28 0.001 0.01
2006 1 28 0.001 0.01
2007 1 28 0 0.01
2008 1 28 0 0.01
2009 1 28 0 0.01
2010 1 28 0 0.01
2011 1 28 0 0.01
2012 1 28 0 0.01
2013 1 28 0 0.01
2014 1 28 0 0.01
2015 1 28 0 0.01
2016 1 28 0 0.01
2017 1 28 0 0.01
2018 1 28 0 0.01
2019 1 28 0 0.01
2020 1 28 0 0.01
2021 1 28 0 0.01
2022 1 28 0 0.01
2023 1 28 0 0.01
-999 1 29 0 0.01
1950 1 29 0 0.01
1951 1 29 0 0.01
1952 1 29 0 0.01
1953 1 29 0 0.01
1954 1 29 0 0.01
1955 1 29 0 0.01
1956 1 29 0 0.01
1957 1 29 0 0.01
1958 1 29 0 0.01
1959 1 29 0 0.01
1960 1 29 0 0.01
1961 1 29 0 0.01
1962 1 29 0 0.01
1963 1 29 0 0.01
1964 1 29 0 0.01
1965 1 29 0 0.01
1966 1 29 0 0.01
1967 1 29 0 0.01
1968 1 29 0 0.01
1969 1 29 0 0.01
1970 1 29 0 0.01
1971 1 29 0 0.01
1972 1 29 0 0.01
1973 1 29 0 0.01
1974 1 29 0 0.01
1975 1 29 0 0.01
1976 1 29 0 0.01
1977 1 29 0 0.01
1978 1 29 0 0.01
1979 1 29 0 0.01
1980 1 29 0 0.01
1981 1 29 0 0.01
1982 1 29 0 0.01
1983 1 29 0 0.01
1984 1 29 0 0.01
1985 1 29 0 0.01
1986 1 29 0 0.01
1987 1 29 0 0.01
1988 1 29 0 0.01
1989 1 29 0 0.01
1990 1 29 0 0.01
1991 1 29 0 0.01
1992 1 29 0 0.01
1993 1 29 0 0.01
1994 1 29 0 0.01
1995 1 29 0 0.01
1996 1 29 0.001 0.01
1997 1 29 0.001 0.01
1998 1 29 0.001 0.01
1999 1 29 0.001 0.01
2000 1 29 0.001 0.01
2001 1 29 0.001 0.01
2002 1 29 0.001 0.01
2003 1 29 0.001 0.01
2004 1 29 0.001 0.01
2005 1 29 0.001 0.01
2006 1 29 0.001 0.01
2007 1 29 0 0.01
2008 1 29 0 0.01
2009 1 29 0 0.01
2010 1 29 0 0.01
2011 1 29 0 0.01
2012 1 29 0 0.01
2013 1 29 0 0.01
2014 1 29 0 0.01
2015 1 29 0 0.01
2016 1 29 0 0.01
2017 1 29 0 0.01
2018 1 29 0 0.01
2019 1 29 0 0.01
2020 1 29 0 0.01
2021 1 29 0 0.01
2022 1 29 0 0.01
2023 1 29 0 0.01
-999 1 30 0 0.01
1950 1 30 0 0.01
1951 1 30 0 0.01
1952 1 30 0 0.01
1953 1 30 0 0.01
1954 1 30 0 0.01
1955 1 30 0 0.01
1956 1 30 0 0.01
1957 1 30 0 0.01
1958 1 30 0 0.01
1959 1 30 0 0.01
1960 1 30 0 0.01
1961 1 30 0 0.01
1962 1 30 0 0.01
1963 1 30 0 0.01
1964 1 30 0 0.01
1965 1 30 0 0.01
1966 1 30 0 0.01
1967 1 30 0 0.01
1968 1 30 0 0.01
1969 1 30 0 0.01
1970 1 30 0 0.01
1971 1 30 0 0.01
1972 1 30 0 0.01
1973 1 30 0 0.01
1974 1 30 0 0.01
1975 1 30 0 0.01
1976 1 30 0 0.01
1977 1 30 0 0.01
1978 1 30 0 0.01
1979 1 30 0 0.01
1980 1 30 0 0.01
1981 1 30 0 0.01
1982 1 30 0 0.01
1983 1 30 0 0.01
1984 1 30 0 0.01
1985 1 30 0 0.01
1986 1 30 0 0.01
1987 1 30 0 0.01
1988 1 30 0 0.01
1989 1 30 0 0.01
1990 1 30 0 0.01
1991 1 30 0 0.01
1992 1 30 0 0.01
1993 1 30 0 0.01
1994 1 30 0 0.01
1995 1 30 0 0.01
1996 1 30 0.001 0.01
1997 1 30 0.001 0.01
1998 1 30 0.001 0.01
1999 1 30 0.001 0.01
2000 1 30 0.001 0.01
2001 1 30 0.001 0.01
2002 1 30 0.001 0.01
2003 1 30 0.001 0.01
2004 1 30 0.001 0.01
2005 1 30 0.001 0.01
2006 1 30 0.001 0.01
2007 1 30 0 0.01
2008 1 30 0 0.01
2009 1 30 0 0.01
2010 1 30 0 0.01
2011 1 30 0 0.01
2012 1 30 0 0.01
2013 1 30 0 0.01
2014 1 30 0 0.01
2015 1 30 0 0.01
2016 1 30 0 0.01
2017 1 30 0 0.01
2018 1 30 0 0.01
2019 1 30 0 0.01
2020 1 30 0 0.01
2021 1 30 0 0.01
2022 1 30 0 0.01
2023 1 30 0 0.01
-999 1 31 0 0.01
1950 1 31 0 0.01
1951 1 31 0 0.01
1952 1 31 0 0.01
1953 1 31 0 0.01
1954 1 31 0 0.01
1955 1 31 0 0.01
1956 1 31 0 0.01
1957 1 31 0 0.01
1958 1 31 0 0.01
1959 1 31 0 0.01
1960 1 31 0 0.01
1961 1 31 0 0.01
1962 1 31 0 0.01
1963 1 31 0 0.01
1964 1 31 0 0.01
1965 1 31 0 0.01
1966 1 31 0 0.01
1967 1 31 0 0.01
1968 1 31 0 0.01
1969 1 31 0 0.01
1970 1 31 0 0.01
1971 1 31 0 0.01
1972 1 31 0 0.01
1973 1 31 0 0.01
1974 1 31 0 0.01
1975 1 31 0 0.01
1976 1 31 0 0.01
1977 1 31 0 0.01
1978 1 31 0 0.01
1979 1 31 0 0.01
1980 1 31 0 0.01
1981 1 31 0 0.01
1982 1 31 0 0.01
1983 1 31 0 0.01
1984 1 31 0 0.01
1985 1 31 0 0.01
1986 1 31 0 0.01
1987 1 31 0 0.01
1988 1 31 0 0.01
1989 1 31 0 0.01
1990 1 31 0 0.01
1991 1 31 0 0.01
1992 1 31 0 0.01
1993 1 31 0 0.01
1994 1 31 0 0.01
1995 1 31 0 0.01
1996 1 31 0 0.01
1997 1 31 0 0.01
1998 1 31 0.001 0.01
1999 1 31 0.001 0.01
2000 1 31 0.001 0.01
2001 1 31 0.001 0.01
2002 1 31 0.001 0.01
2003 1 31 0.001 0.01
2004 1 31 0.001 0.01
2005 1 31 0.001 0.01
2006 1 31 0.001 0.01
2007 1 31 0.001 0.01
2008 1 31 0.001 0.01
2009 1 31 0.001 0.01
2010 1 31 0.001 0.01
2011 1 31 0.001 0.01
2012 1 31 0.001 0.01
2013 1 31 0.001 0.01
2014 1 31 0.001 0.01
2015 1 31 0.001 0.01
2016 1 31 0.001 0.01
2017 1 31 0.001 0.01
2018 1 31 0.001 0.01
2019 1 31 0.001 0.01
2020 1 31 0.001 0.01
2021 1 31 0.001 0.01
2022 1 31 0.001 0.01
2023 1 31 0.001 0.01
-999 1 32 0 0.01
1950 1 32 0 0.01
1951 1 32 0 0.01
1952 1 32 0 0.01
1953 1 32 0 0.01
1954 1 32 0 0.01
1955 1 32 0 0.01
1956 1 32 0 0.01
1957 1 32 0 0.01
1958 1 32 0 0.01
1959 1 32 0 0.01
1960 1 32 0 0.01
1961 1 32 0 0.01
1962 1 32 0 0.01
1963 1 32 0 0.01
1964 1 32 0 0.01
1965 1 32 0 0.01
1966 1 32 0 0.01
1967 1 32 0 0.01
1968 1 32 0 0.01
1969 1 32 0 0.01
1970 1 32 0 0.01
1971 1 32 0 0.01
1972 1 32 0 0.01
1973 1 32 0 0.01
1974 1 32 0 0.01
1975 1 32 0 0.01
1976 1 32 0 0.01
1977 1 32 0 0.01
1978 1 32 0 0.01
1979 1 32 0 0.01
1980 1 32 0 0.01
1981 1 32 0 0.01
1982 1 32 0 0.01
1983 1 32 0 0.01
1984 1 32 0 0.01
1985 1 32 0 0.01
1986 1 32 0 0.01
1987 1 32 0 0.01
1988 1 32 0 0.01
1989 1 32 0 0.01
1990 1 32 0 0.01
1991 1 32 0 0.01
1992 1 32 0 0.01
1993 1 32 0 0.01
1994 1 32 0 0.01
1995 1 32 0 0.01
1996 1 32 0 0.01
1997 1 32 0.001 0.01
1998 1 32 0.001 0.01
1999 1 32 0.001 0.01
2000 1 32 0.001 0.01
2001 1 32 0.001 0.01
2002 1 32 0.001 0.01
2003 1 32 0.001 0.01
2004 1 32 0.001 0.01
2005 1 32 0.001 0.01
2006 1 32 0.001 0.01
2007 1 32 0.001 0.01
2008 1 32 0.001 0.01
2009 1 32 0.001 0.01
2010 1 32 0.001 0.01
2011 1 32 0.001 0.01
2012 1 32 0.001 0.01
2013 1 32 0.001 0.01
2014 1 32 0.001 0.01
2015 1 32 0.001 0.01
2016 1 32 0.001 0.01
2017 1 32 0.001 0.01
2018 1 32 0.001 0.01
2019 1 32 0.001 0.01
2020 1 32 0.001 0.01
2021 1 32 0.001 0.01
2022 1 32 0.001 0.01
2023 1 32 0.001 0.01
-999 1 33 0 0.01
1950 1 33 0 0.01
1951 1 33 0 0.01
1952 1 33 0 0.01
1953 1 33 0 0.01
1954 1 33 0 0.01
1955 1 33 0 0.01
1956 1 33 0 0.01
1957 1 33 0 0.01
1958 1 33 0 0.01
1959 1 33 0 0.01
1960 1 33 0 0.01
1961 1 33 0 0.01
1962 1 33 0 0.01
1963 1 33 0 0.01
1964 1 33 0 0.01
1965 1 33 0 0.01
1966 1 33 0 0.01
1967 1 33 0 0.01
1968 1 33 0 0.01
1969 1 33 0 0.01
1970 1 33 0 0.01
1971 1 33 0 0.01
1972 1 33 0 0.01
1973 1 33 0 0.01
1974 1 33 0 0.01
1975 1 33 0 0.01
1976 1 33 0 0.01
1977 1 33 0 0.01
1978 1 33 0 0.01
1979 1 33 0 0.01
1980 1 33 0 0.01
1981 1 33 0 0.01
1982 1 33 0 0.01
1983 1 33 0 0.01
1984 1 33 0 0.01
1985 1 33 0 0.01
1986 1 33 0 0.01
1987 1 33 0 0.01
1988 1 33 0 0.01
1989 1 33 0 0.01
1990 1 33 0 0.01
1991 1 33 0 0.01
1992 1 33 0 0.01
1993 1 33 0 0.01
1994 1 33 0 0.01
1995 1 33 0 0.01
1996 1 33 0 0.01
1997 1 33 0 0.01
1998 1 33 0.001 0.01
1999 1 33 0.001 0.01
2000 1 33 0.001 0.01
2001 1 33 0 0.01
2002 1 33 0 0.01
2003 1 33 0.001 0.01
2004 1 33 0 0.01
2005 1 33 0.001 0.01
2006 1 33 0.001 0.01
2007 1 33 0 0.01
2008 1 33 0.001 0.01
2009 1 33 0.001 0.01
2010 1 33 0.001 0.01
2011 1 33 0.001 0.01
2012 1 33 0 0.01
2013 1 33 0.001 0.01
2014 1 33 0.001 0.01
2015 1 33 0.001 0.01
2016 1 33 0.001 0.01
2017 1 33 0.001 0.01
2018 1 33 0.001 0.01
2019 1 33 0.001 0.01
2020 1 33 0.001 0.01
2021 1 33 0.001 0.01
2022 1 33 0.001 0.01
2023 1 33 0.001 0.01
-999 1 34 0.001 0.5
1950 1 34 0.001 0.01
1951 1 34 0.001 0.01
1952 1 34 0.001 0.01
1953 1 34 0.001 0.01
1954 1 34 0.001 0.01
1955 1 34 0.001 0.01
1956 1 34 0.001 0.01
1957 1 34 0.001 0.01
1958 1 34 0.001 0.01
1959 1 34 0.001 0.01
1960 1 34 0.001 0.01
1961 1 34 0.001 0.01
1962 1 34 0.001 0.01
1963 1 34 0.001 0.01
1964 1 34 0.001 0.01
1965 1 34 0.001 0.01
1966 1 34 0.001 0.01
1967 1 34 0.001 0.01
1968 1 34 0.001 0.01
1969 1 34 0.001 0.01
1970 1 34 0.001 0.01
1971 1 34 0.001 0.01
1972 1 34 0.001 0.01
1973 1 34 0.001 0.01
1974 1 34 0.001 0.01
1975 1 34 0.001 0.01
1976 1 34 0.001 0.01
1977 1 34 0.001 0.01
1978 1 34 0.001 0.01
1979 1 34 0.001 0.01
1980 1 34 0.001 0.01
1981 1 34 0.001 0.01
1982 1 34 0.001 0.01
1983 1 34 0.001 0.01
1984 1 34 0.001 0.01
1985 1 34 0.001 0.01
1986 1 34 0.001 0.01
1987 1 34 0.001 0.01
1988 1 34 0.001 0.01
1989 1 34 0.001 0.01
1990 1 34 0.001 0.01
1991 1 34 0.001 0.01
1992 1 34 0.001 0.01
1993 1 34 0.001 0.01
1994 1 34 0.001 0.01
1995 1 34 0.001 0.01
1996 1 34 0.001 0.01
1997 1 34 0.001 0.01
1998 1 34 0.001 0.01
1999 1 34 0.001 0.01
2000 1 34 0.001 0.01
2001 1 34 0.001 0.01
2002 1 34 0.001 0.01
2003 1 34 0.001 0.01
2004 1 34 0.001 0.01
2005 1 34 0.001 0.01
2006 1 34 0.001 0.01
2007 1 34 0.001 0.01
2008 1 34 0.001 0.01
2009 1 34 0.001 0.01
2010 1 34 0.001 0.01
2011 1 34 0.001 0.01
2012 1 34 0.001 0.01
2013 1 34 0.001 0.01
2014 1 34 0.001 0.01
2015 1 34 0.001 0.01
2016 1 34 0.001 0.01
2017 1 34 0.001 0.01
2018 1 34 0.001 0.01
2019 1 34 0.001 0.01
2020 1 34 0.001 0.01
2021 1 34 0.001 0.01
2022 1 34 0.001 0.01
2023 1 34 0.001 0.01
-999 1 35 0.001 0.5
1950 1 35 0.001 0.01
1951 1 35 0.001 0.01
1952 1 35 0.001 0.01
1953 1 35 0.001 0.01
1954 1 35 0.001 0.01
1955 1 35 0.001 0.01
1956 1 35 0.001 0.01
1957 1 35 0.001 0.01
1958 1 35 0.001 0.01
1959 1 35 0.001 0.01
1960 1 35 0.001 0.01
1961 1 35 0.001 0.01
1962 1 35 0.001 0.01
1963 1 35 0.001 0.01
1964 1 35 0.001 0.01
1965 1 35 0.001 0.01
1966 1 35 0.001 0.01
1967 1 35 0.001 0.01
1968 1 35 0.001 0.01
1969 1 35 0.001 0.01
1970 1 35 0.001 0.01
1971 1 35 0.001 0.01
1972 1 35 0.001 0.01
1973 1 35 0.001 0.01
1974 1 35 0.001 0.01
1975 1 35 0.001 0.01
1976 1 35 0.001 0.01
1977 1 35 0.001 0.01
1978 1 35 0.001 0.01
1979 1 35 0.001 0.01
1980 1 35 0.001 0.01
1981 1 35 0.001 0.01
1982 1 35 0.001 0.01
1983 1 35 0.001 0.01
1984 1 35 0.001 0.01
1985 1 35 0.001 0.01
1986 1 35 0.001 0.01
1987 1 35 0.001 0.01
1988 1 35 0.001 0.01
1989 1 35 0.001 0.01
1990 1 35 0.001 0.01
1991 1 35 0.001 0.01
1992 1 35 0.001 0.01
1993 1 35 0.001 0.01
1994 1 35 0.001 0.01
1995 1 35 0.001 0.01
1996 1 35 0.001 0.01
1997 1 35 0.001 0.01
1998 1 35 0.001 0.01
1999 1 35 0.001 0.01
2000 1 35 0.001 0.01
2001 1 35 0.001 0.01
2002 1 35 0.001 0.01
2003 1 35 0.001 0.01
2004 1 35 0.001 0.01
2005 1 35 0.001 0.01
2006 1 35 0.001 0.01
2007 1 35 0.001 0.01
2008 1 35 0.001 0.01
2009 1 35 0.001 0.01
2010 1 35 0.001 0.01
2011 1 35 0.001 0.01
2012 1 35 0.001 0.01
2013 1 35 0.001 0.01
2014 1 35 0.001 0.01
2015 1 35 0.001 0.01
2016 1 35 0.001 0.01
2017 1 35 0.001 0.01
2018 1 35 0.001 0.01
2019 1 35 0.001 0.01
2020 1 35 0.001 0.01
2021 1 35 0.001 0.01
2022 1 35 0.001 0.01
2023 1 35 0.001 0.01
-999 1 36 0.001 0.5
1950 1 36 0.001 0.01
1951 1 36 0.001 0.01
1952 1 36 0.001 0.01
1953 1 36 0.001 0.01
1954 1 36 0.001 0.01
1955 1 36 0.001 0.01
1956 1 36 0.001 0.01
1957 1 36 0.001 0.01
1958 1 36 0.001 0.01
1959 1 36 0.001 0.01
1960 1 36 0.001 0.01
1961 1 36 0.001 0.01
1962 1 36 0.001 0.01
1963 1 36 0.001 0.01
1964 1 36 0.001 0.01
1965 1 36 0.001 0.01
1966 1 36 0.001 0.01
1967 1 36 0.001 0.01
1968 1 36 0.001 0.01
1969 1 36 0.001 0.01
1970 1 36 0.001 0.01
1971 1 36 0.001 0.01
1972 1 36 0.001 0.01
1973 1 36 0.001 0.01
1974 1 36 0.001 0.01
1975 1 36 0.001 0.01
1976 1 36 0.001 0.01
1977 1 36 0.001 0.01
1978 1 36 0.001 0.01
1979 1 36 0.001 0.01
1980 1 36 0.001 0.01
1981 1 36 0.001 0.01
1982 1 36 0.001 0.01
1983 1 36 0.001 0.01
1984 1 36 0.001 0.01
1985 1 36 0.001 0.01
1986 1 36 0.001 0.01
1987 1 36 0.001 0.01
1988 1 36 0.001 0.01
1989 1 36 0.001 0.01
1990 1 36 0.001 0.01
1991 1 36 0.001 0.01
1992 1 36 0.001 0.01
1993 1 36 0.001 0.01
1994 1 36 0.001 0.01
1995 1 36 0.001 0.01
1996 1 36 0.001 0.01
1997 1 36 0.001 0.01
1998 1 36 0.001 0.01
1999 1 36 0.001 0.01
2000 1 36 0.001 0.01
2001 1 36 0.001 0.01
2002 1 36 0.001 0.01
2003 1 36 0.001 0.01
2004 1 36 0.001 0.01
2005 1 36 0.001 0.01
2006 1 36 0.001 0.01
2007 1 36 0.001 0.01
2008 1 36 0.001 0.01
2009 1 36 0.001 0.01
2010 1 36 0.001 0.01
2011 1 36 0.001 0.01
2012 1 36 0.001 0.01
2013 1 36 0.001 0.01
2014 1 36 0.001 0.01
2015 1 36 0.001 0.01
2016 1 36 0.001 0.01
2017 1 36 0.001 0.01
2018 1 36 0.001 0.01
2019 1 36 0.001 0.01
2020 1 36 0.001 0.01
2021 1 36 0.001 0.01
2022 1 36 0.001 0.01
2023 1 36 0.001 0.01
-999 1 37 0 0.01
1950 1 37 0 0.01
1951 1 37 0 0.01
1952 1 37 0 0.01
1953 1 37 0 0.01
1954 1 37 0 0.01
1955 1 37 0 0.01
1956 1 37 0 0.01
1957 1 37 0 0.01
1958 1 37 0 0.01
1959 1 37 0 0.01
1960 1 37 0 0.01
1961 1 37 0 0.01
1962 1 37 0 0.01
1963 1 37 0 0.01
1964 1 37 0 0.01
1965 1 37 0 0.01
1966 1 37 0 0.01
1967 1 37 0 0.01
1968 1 37 0 0.01
1969 1 37 0 0.01
1970 1 37 0 0.01
1971 1 37 0 0.01
1972 1 37 0 0.01
1973 1 37 0 0.01
1974 1 37 0 0.01
1975 1 37 0 0.01
1976 1 37 0 0.01
1977 1 37 0 0.01
1978 1 37 0 0.01
1979 1 37 0 0.01
1980 1 37 0 0.01
1981 1 37 0 0.01
1982 1 37 0 0.01
1983 1 37 0 0.01
1984 1 37 0 0.01
1985 1 37 0 0.01
1986 1 37 0 0.01
1987 1 37 0 0.01
1988 1 37 0 0.01
1989 1 37 0 0.01
1990 1 37 0 0.01
1991 1 37 0 0.01
1992 1 37 0 0.01
1993 1 37 0 0.01
1994 1 37 0 0.01
1995 1 37 0 0.01
1996 1 37 0 0.01
1997 1 37 0.001 0.01
1998 1 37 0.001 0.01
1999 1 37 0.001 0.01
2000 1 37 0.001 0.01
2001 1 37 0.001 0.01
2002 1 37 0.001 0.01
2003 1 37 0.001 0.01
2004 1 37 0.001 0.01
2005 1 37 0.001 0.01
2006 1 37 0.001 0.01
2007 1 37 0.001 0.01
2008 1 37 0.001 0.01
2009 1 37 0.001 0.01
2010 1 37 0.001 0.01
2011 1 37 0.001 0.01
2012 1 37 0.001 0.01
2013 1 37 0.001 0.01
2014 1 37 0.001 0.01
2015 1 37 0.001 0.01
2016 1 37 0.001 0.01
2017 1 37 0.001 0.01
2018 1 37 0.001 0.01
2019 1 37 0.001 0.01
2020 1 37 0.001 0.01
2021 1 37 0.001 0.01
2022 1 37 0.001 0.01
2023 1 37 0.001 0.01
-999 1 38 0 0.01
1950 1 38 0 0.01
1951 1 38 0 0.01
1952 1 38 0 0.01
1953 1 38 0 0.01
1954 1 38 0 0.01
1955 1 38 0 0.01
1956 1 38 0 0.01
1957 1 38 0 0.01
1958 1 38 0 0.01
1959 1 38 0 0.01
1960 1 38 0 0.01
1961 1 38 0 0.01
1962 1 38 0 0.01
1963 1 38 0 0.01
1964 1 38 0 0.01
1965 1 38 0 0.01
1966 1 38 0 0.01
1967 1 38 0 0.01
1968 1 38 0 0.01
1969 1 38 0 0.01
1970 1 38 0 0.01
1971 1 38 0 0.01
1972 1 38 0 0.01
1973 1 38 0 0.01
1974 1 38 0 0.01
1975 1 38 0 0.01
1976 1 38 0 0.01
1977 1 38 0 0.01
1978 1 38 0 0.01
1979 1 38 0 0.01
1980 1 38 0 0.01
1981 1 38 0 0.01
1982 1 38 0 0.01
1983 1 38 0 0.01
1984 1 38 0 0.01
1985 1 38 0 0.01
1986 1 38 0 0.01
1987 1 38 0 0.01
1988 1 38 0 0.01
1989 1 38 0 0.01
1990 1 38 0 0.01
1991 1 38 0 0.01
1992 1 38 0 0.01
1993 1 38 0 0.01
1994 1 38 0 0.01
1995 1 38 0 0.01
1996 1 38 0 0.01
1997 1 38 0.001 0.01
1998 1 38 0.001 0.01
1999 1 38 0.001 0.01
2000 1 38 0.001 0.01
2001 1 38 0.001 0.01
2002 1 38 0.001 0.01
2003 1 38 0.001 0.01
2004 1 38 0.001 0.01
2005 1 38 0.001 0.01
2006 1 38 0.001 0.01
2007 1 38 0.001 0.01
2008 1 38 0.001 0.01
2009 1 38 0.001 0.01
2010 1 38 0.001 0.01
2011 1 38 0.001 0.01
2012 1 38 0.001 0.01
2013 1 38 0.001 0.01
2014 1 38 0.001 0.01
2015 1 38 0.001 0.01
2016 1 38 0.001 0.01
2017 1 38 0.001 0.01
2018 1 38 0.001 0.01
2019 1 38 0.001 0.01
2020 1 38 0.001 0.01
2021 1 38 0.001 0.01
2022 1 38 0.001 0.01
2023 1 38 0.001 0.01
-999 1 39 0 0.01
1950 1 39 0 0.01
1951 1 39 0 0.01
1952 1 39 0 0.01
1953 1 39 0 0.01
1954 1 39 0 0.01
1955 1 39 0 0.01
1956 1 39 0 0.01
1957 1 39 0 0.01
1958 1 39 0 0.01
1959 1 39 0 0.01
1960 1 39 0 0.01
1961 1 39 0 0.01
1962 1 39 0 0.01
1963 1 39 0 0.01
1964 1 39 0 0.01
1965 1 39 0 0.01
1966 1 39 0 0.01
1967 1 39 0 0.01
1968 1 39 0 0.01
1969 1 39 0 0.01
1970 1 39 0 0.01
1971 1 39 0 0.01
1972 1 39 0 0.01
1973 1 39 0 0.01
1974 1 39 0 0.01
1975 1 39 0 0.01
1976 1 39 0 0.01
1977 1 39 0 0.01
1978 1 39 0 0.01
1979 1 39 0 0.01
1980 1 39 0 0.01
1981 1 39 0 0.01
1982 1 39 0 0.01
1983 1 39 0 0.01
1984 1 39 0 0.01
1985 1 39 0 0.01
1986 1 39 0 0.01
1987 1 39 0 0.01
1988 1 39 0 0.01
1989 1 39 0 0.01
1990 1 39 0 0.01
1991 1 39 0 0.01
1992 1 39 0 0.01
1993 1 39 0 0.01
1994 1 39 0 0.01
1995 1 39 0 0.01
1996 1 39 0 0.01
1997 1 39 0.001 0.01
1998 1 39 0.001 0.01
1999 1 39 0.001 0.01
2000 1 39 0.001 0.01
2001 1 39 0.001 0.01
2002 1 39 0 0.01
2003 1 39 0.001 0.01
2004 1 39 0.001 0.01
2005 1 39 0.001 0.01
2006 1 39 0.001 0.01
2007 1 39 0.001 0.01
2008 1 39 0.001 0.01
2009 1 39 0.001 0.01
2010 1 39 0.001 0.01
2011 1 39 0.001 0.01
2012 1 39 0.001 0.01
2013 1 39 0.001 0.01
2014 1 39 0.001 0.01
2015 1 39 0.001 0.01
2016 1 39 0.001 0.01
2017 1 39 0.001 0.01
2018 1 39 0.001 0.01
2019 1 39 0.001 0.01
2020 1 39 0.001 0.01
2021 1 39 0.001 0.01
2022 1 39 0.001 0.01
2023 1 39 0.001 0.01
-9999 0 0 0 0
#
 #_CPUE_and_surveyabundance_observations
#_Units:  0=numbers; 1=biomass; 2=F; 30=spawnbio; 31=recdev; 32=spawnbio*recdev; 33=recruitment; 34=depletion(&see Qsetup); 35=parm_dev(&see Qsetup)
#_Errtype:  -1=normal; 0=lognormal; >0=T
#_SD_Report: 0=no sdreport; 1=enable sdreport
#_Fleet Units Errtype SD_Report
1 1 0 0 # HL_W
2 1 0 0 # HL_C
3 1 0 0 # HL_E
4 0 0 0 # GFISHER_C
5 0 0 0 # GFISHER_E
6 1 0 0 # LL_W
7 1 0 0 # LL_E
8 1 0 0 # LL_C
9 0 0 0 # BLL_W
10 0 0 0 # BLL_C
11 0 0 0 # BLL_E
12 0 0 0 # CBT_C
13 0 0 0 # CBT_W
14 0 0 0 # CBT_E
15 0 0 0 # HBT_W
16 0 0 0 # HBT_C
17 0 0 0 # HBT_E
18 0 0 0 # PRIV_W
19 0 0 0 # PRIV_C
20 0 0 0 # PRIV_E
21 30 0 0 # LARVAL_C
22 30 0 0 # LARVAL_W
23 0 0 0 # FALLLATE_W
24 0 0 0 # FALLLATE_C
25 0 0 0 # FALLLATE_E
26 0 0 0 # FALLEARLY_W
27 1 0 0 # COMMOBS_E
28 0 0 0 # HL_Clsd_W
29 0 0 0 # HL_Clsd_C
30 0 0 0 # HL_Clsd_E
31 0 0 0 # PRIV_Clsd_W
32 0 0 0 # PRIV_Clsd_C
33 0 0 0 # PRIV_Clsd_E
34 2 0 0 # Shr_W
35 2 0 0 # Shr_C
36 2 0 0 # Shr_E
37 0 0 0 # HBT_Clsd_W
38 0 0 0 # HBT_Clsd_C
39 0 0 0 # HBT_Clsd_E
40 0 0 0 # SUMLATE_W
41 0 0 0 # SUMLATE_C
42 0 0 0 # SUMLATE_E
43 0 0 0 # SUMEARLY_W
44 0 0 0 # GFISHER_W
#_yr month fleet obs stderr
1993 7 4 0.0964448 0.566448 #_ GFISHER_C
1994 7 4 0.0869807 0.654554 #_ GFISHER_C
1995 7 4 0.00593058 0.90249 #_ GFISHER_C
1996 7 4 0.0453912 0.713328 #_ GFISHER_C
1997 7 4 0.219603 0.354839 #_ GFISHER_C
2002 7 4 0.360113 0.238958 #_ GFISHER_C
2004 7 4 1.24665 0.223018 #_ GFISHER_C
2005 7 4 0.734932 0.157307 #_ GFISHER_C
2006 7 4 1.40821 0.229239 #_ GFISHER_C
2007 7 4 1.56385 0.292483 #_ GFISHER_C
2008 7 4 1.33252 0.166637 #_ GFISHER_C
2009 7 4 1.94123 0.15459 #_ GFISHER_C
2010 7 4 1.37415 0.128223 #_ GFISHER_C
2011 7 4 1.34608 0.124489 #_ GFISHER_C
2012 7 4 0.789451 0.142157 #_ GFISHER_C
2013 7 4 0.69275 0.149433 #_ GFISHER_C
2014 7 4 0.691182 0.125212 #_ GFISHER_C
2015 7 4 0.736416 0.140101 #_ GFISHER_C
2016 7 4 1.45531 0.0816823 #_ GFISHER_C
2017 7 4 1.47128 0.083089 #_ GFISHER_C
2018 7 4 1.24475 0.121114 #_ GFISHER_C
2019 7 4 1.25085 0.086698 #_ GFISHER_C
2020 7 4 1.47059 0.147668 #_ GFISHER_C
2021 7 4 1.88819 0.0906258 #_ GFISHER_C
2022 7 4 1.57713 0.0854264 #_ GFISHER_C
2023 7 4 0.970008 0.0883405 #_ GFISHER_C
2010 7 5 0.48153 0.322435 #_ GFISHER_E
2011 7 5 0.579732 0.212576 #_ GFISHER_E
2012 7 5 0.443259 0.2203 #_ GFISHER_E
2013 7 5 0.83366 0.224155 #_ GFISHER_E
2014 7 5 0.543567 0.170748 #_ GFISHER_E
2015 7 5 1.29541 0.292623 #_ GFISHER_E
2016 7 5 2.54674 0.147199 #_ GFISHER_E
2017 7 5 1.81275 0.159971 #_ GFISHER_E
2018 7 5 1.50943 0.184421 #_ GFISHER_E
2019 7 5 1.17286 0.176614 #_ GFISHER_E
2020 7 5 0.743855 0.147199 #_ GFISHER_E
2021 7 5 0.657372 0.155063 #_ GFISHER_E
2022 7 5 0.657679 0.174659 #_ GFISHER_E
2023 7 5 0.722163 0.164873 #_ GFISHER_E
2001 7 9 0.28296 0.256093 #_ BLL_W
2002 7 9 0.21888 0.221283 #_ BLL_W
2003 7 9 0.24806 0.280991 #_ BLL_W
2004 7 9 0.30282 0.282282 #_ BLL_W
2006 7 9 0.2343 0.343513 #_ BLL_W
2007 7 9 0.25224 0.342313 #_ BLL_W
2009 7 9 0.46513 0.257825 #_ BLL_W
2010 7 9 0.23182 0.441479 #_ BLL_W
2011 7 9 0.54755 0.24709 #_ BLL_W
2012 7 9 1.05852 0.272956 #_ BLL_W
2013 7 9 1.01483 0.249382 #_ BLL_W
2014 7 9 0.7194 0.302702 #_ BLL_W
2015 7 9 1.81458 0.228812 #_ BLL_W
2016 7 9 1.5098 0.219654 #_ BLL_W
2017 7 9 2.2948 0.164873 #_ BLL_W
2018 7 9 1.32473 0.223037 #_ BLL_W
2019 7 9 1.97225 0.225031 #_ BLL_W
2021 7 9 1.85662 0.228504 #_ BLL_W
2022 7 9 1.64646 0.253569 #_ BLL_W
2023 7 9 2.00423 0.197838 #_ BLL_W
2001 7 10 0.17154 0.772179 #_ BLL_C
2002 7 10 0.11619 0.77447 #_ BLL_C
2003 7 10 0.26883 0.665976 #_ BLL_C
2004 7 10 0.11012 0.967509 #_ BLL_C
2005 7 10 0.09292 0.967232 #_ BLL_C
2006 7 10 0.15915 0.971771 #_ BLL_C
2009 7 10 0.36519 0.670193 #_ BLL_C
2010 7 10 1.32104 0.488412 #_ BLL_C
2011 7 10 2.16142 0.337378 #_ BLL_C
2012 7 10 1.16829 0.666429 #_ BLL_C
2013 7 10 0.52957 0.675642 #_ BLL_C
2014 7 10 2.1998 0.451408 #_ BLL_C
2015 7 10 2.47894 0.411588 #_ BLL_C
2016 7 10 2.68569 0.442542 #_ BLL_C
2017 7 10 0.69921 0.597366 #_ BLL_C
2018 7 10 1.22473 0.542649 #_ BLL_C
2019 7 10 1.97059 0.586218 #_ BLL_C
2021 7 10 0.85143 0.774508 #_ BLL_C
2022 7 10 1.27474 0.66101 #_ BLL_C
2023 7 10 0.15062 0.965776 #_ BLL_C
2001 7 11 0.0988 0.923637 #_ BLL_E
2003 7 11 0.34131 0.716982 #_ BLL_E
2004 7 11 0.55415 0.6069 #_ BLL_E
2005 7 11 0.41107 0.920832 #_ BLL_E
2006 7 11 0.20295 0.91918 #_ BLL_E
2007 7 11 1.35797 0.706172 #_ BLL_E
2009 7 11 0.91578 0.535512 #_ BLL_E
2010 7 11 1.45216 0.47387 #_ BLL_E
2011 7 11 1.45176 0.353813 #_ BLL_E
2012 7 11 0.39133 0.713283 #_ BLL_E
2013 7 11 2.32244 0.917622 #_ BLL_E
2014 7 11 0.28087 0.916618 #_ BLL_E
2016 7 11 1.36269 0.599251 #_ BLL_E
2017 7 11 0.51478 0.709768 #_ BLL_E
2018 7 11 0.4162 0.720225 #_ BLL_E
2019 7 11 0.74593 0.711544 #_ BLL_E
2020 7 11 2.11316 0.50612 #_ BLL_E
2021 7 11 0.62715 0.70801 #_ BLL_E
2022 7 11 2.13825 0.71438 #_ BLL_E
2023 7 11 2.30124 0.524697 #_ BLL_E
1991 7 21 0.11272 0.922067 #_ LARVAL_C
1994 7 21 0.05613 0.926981 #_ LARVAL_C
1995 7 21 0.06012 0.925936 #_ LARVAL_C
1997 7 21 0.053 0.92649 #_ LARVAL_C
1999 7 21 0.3285 0.612592 #_ LARVAL_C
2000 7 21 0.82139 0.538755 #_ LARVAL_C
2001 7 21 0.2503 0.607357 #_ LARVAL_C
2003 7 21 0.44379 0.536642 #_ LARVAL_C
2004 7 21 0.11662 0.927008 #_ LARVAL_C
2006 7 21 0.70261 0.609985 #_ LARVAL_C
2007 7 21 0.87741 0.440891 #_ LARVAL_C
2008 7 21 0.15218 0.926432 #_ LARVAL_C
2009 7 21 0.61121 0.610538 #_ LARVAL_C
2010 7 21 2.07292 0.372028 #_ LARVAL_C
2011 7 21 0.74728 0.612637 #_ LARVAL_C
2012 7 21 0.86381 0.468794 #_ LARVAL_C
2013 7 21 0.96737 0.480335 #_ LARVAL_C
2014 7 21 1.03377 0.484715 #_ LARVAL_C
2015 7 21 0.15263 0.92761 #_ LARVAL_C
2016 7 21 1.32629 0.403469 #_ LARVAL_C
2017 7 21 3.74883 0.25871 #_ LARVAL_C
2018 7 21 1.50812 0.376118 #_ LARVAL_C
2019 7 21 3.6994 0.2815 #_ LARVAL_C
2021 7 21 2.68803 0.303785 #_ LARVAL_C
2022 7 21 1.60559 0.401068 #_ LARVAL_C
1986 7 22 0.17474 0.551526 #_ LARVAL_W
1987 7 22 0.3295 0.553048 #_ LARVAL_W
1989 7 22 0.47153 0.540849 #_ LARVAL_W
1990 7 22 0.47624 0.448544 #_ LARVAL_W
1991 7 22 0.20431 0.617749 #_ LARVAL_W
1992 7 22 0.20263 0.428724 #_ LARVAL_W
1993 7 22 0.23733 0.42718 #_ LARVAL_W
1994 7 22 0.21166 0.552984 #_ LARVAL_W
1995 7 22 0.67829 0.308036 #_ LARVAL_W
1996 7 22 0.49206 0.374984 #_ LARVAL_W
1997 7 22 0.6975 0.294432 #_ LARVAL_W
1999 7 22 0.25493 0.399914 #_ LARVAL_W
2000 7 22 0.86624 0.289272 #_ LARVAL_W
2001 7 22 0.53424 0.423484 #_ LARVAL_W
2002 7 22 0.61551 0.319704 #_ LARVAL_W
2003 7 22 0.93997 0.273996 #_ LARVAL_W
2004 7 22 0.51827 0.327001 #_ LARVAL_W
2006 7 22 1.00874 0.322454 #_ LARVAL_W
2007 7 22 0.78134 0.272105 #_ LARVAL_W
2009 7 22 1.04191 0.265046 #_ LARVAL_W
2010 7 22 0.41386 0.398387 #_ LARVAL_W
2011 7 22 1.23482 0.306713 #_ LARVAL_W
2012 7 22 1.3866 0.265483 #_ LARVAL_W
2013 7 22 0.80359 0.273145 #_ LARVAL_W
2014 7 22 1.24827 0.294338 #_ LARVAL_W
2016 7 22 2.60951 0.244911 #_ LARVAL_W
2017 7 22 0.55151 0.322028 #_ LARVAL_W
2018 7 22 1.22791 0.25435 #_ LARVAL_W
2019 7 22 2.59396 0.217994 #_ LARVAL_W
2021 7 22 2.70025 0.258995 #_ LARVAL_W
2022 7 22 5.4928 0.2156 #_ LARVAL_W
2008 7 23 0.47272 0.100545 #_ FALLLATE_W
2009 7 23 1.59835 0.0918758 #_ FALLLATE_W
2010 7 23 0.74961 0.130019 #_ FALLLATE_W
2011 7 23 0.87343 0.122361 #_ FALLLATE_W
2012 7 23 1.6972 0.122618 #_ FALLLATE_W
2013 7 23 0.71151 0.180529 #_ FALLLATE_W
2014 7 23 0.9774 0.127243 #_ FALLLATE_W
2015 7 23 1.78556 0.117058 #_ FALLLATE_W
2016 7 23 1.18958 0.151339 #_ FALLLATE_W
2017 7 23 0.82426 0.146067 #_ FALLLATE_W
2018 7 23 1.15566 0.125899 #_ FALLLATE_W
2019 7 23 0.8983 0.14715 #_ FALLLATE_W
2020 7 23 0.46152 0.166969 #_ FALLLATE_W
2021 7 23 0.90683 0.137419 #_ FALLLATE_W
2022 7 23 0.98003 0.160874 #_ FALLLATE_W
2023 7 23 0.71805 0.149796 #_ FALLLATE_W
2008 7 24 0.60506 0.330045 #_ FALLLATE_C
2009 7 24 2.34988 0.188795 #_ FALLLATE_C
2010 7 24 0.65684 0.298879 #_ FALLLATE_C
2011 7 24 0.63736 0.334437 #_ FALLLATE_C
2012 7 24 1.34038 0.287289 #_ FALLLATE_C
2013 7 24 0.69239 0.385549 #_ FALLLATE_C
2014 7 24 0.97389 0.289638 #_ FALLLATE_C
2015 7 24 1.25908 0.274006 #_ FALLLATE_C
2016 7 24 0.99257 0.399009 #_ FALLLATE_C
2017 7 24 0.49498 0.339553 #_ FALLLATE_C
2018 7 24 1.4031 0.312475 #_ FALLLATE_C
2019 7 24 0.68105 0.320899 #_ FALLLATE_C
2020 7 24 0.54663 0.352811 #_ FALLLATE_C
2021 7 24 0.64691 0.395098 #_ FALLLATE_C
2022 7 24 0.94228 0.322972 #_ FALLLATE_C
2023 7 24 1.77758 0.323758 #_ FALLLATE_C
2008 7 25 0.65799 0.692109 #_ FALLLATE_E
2009 7 25 0.33529 0.493951 #_ FALLLATE_E
2010 7 25 0.66418 0.40562 #_ FALLLATE_E
2012 7 25 0.86551 0.681005 #_ FALLLATE_E
2013 7 25 0.14692 0.685118 #_ FALLLATE_E
2014 7 25 2.82983 0.335071 #_ FALLLATE_E
2015 7 25 1.03856 0.291478 #_ FALLLATE_E
2016 7 25 1.25309 0.404151 #_ FALLLATE_E
2017 7 25 0.67378 0.34687 #_ FALLLATE_E
2018 7 25 0.2748 0.517991 #_ FALLLATE_E
2019 7 25 0.65644 0.381831 #_ FALLLATE_E
2020 7 25 0.25524 0.615041 #_ FALLLATE_E
2021 7 25 3.5542 0.300918 #_ FALLLATE_E
2022 7 25 1.32541 0.345681 #_ FALLLATE_E
2023 7 25 0.46876 0.416822 #_ FALLLATE_E
1988 7 26 0.42781 0.148852 #_ FALLEARLY_W
1989 7 26 0.85672 0.140129 #_ FALLEARLY_W
1990 7 26 0.90854 0.12329 #_ FALLEARLY_W
1991 7 26 1.02731 0.117365 #_ FALLEARLY_W
1992 7 26 0.31611 0.149904 #_ FALLEARLY_W
1993 7 26 0.57429 0.140385 #_ FALLEARLY_W
1994 7 26 1.62501 0.121016 #_ FALLEARLY_W
1995 7 26 1.74663 0.110373 #_ FALLEARLY_W
1996 7 26 0.86993 0.128162 #_ FALLEARLY_W
1997 7 26 1.29003 0.125099 #_ FALLEARLY_W
1998 7 26 0.59505 0.143222 #_ FALLEARLY_W
1999 7 26 1.37449 0.116137 #_ FALLEARLY_W
2000 7 26 0.90717 0.117691 #_ FALLEARLY_W
2001 7 26 0.68066 0.134065 #_ FALLEARLY_W
2002 7 26 0.64987 0.133365 #_ FALLEARLY_W
2003 7 26 1.15195 0.12063 #_ FALLEARLY_W
2004 7 26 1.79825 0.109075 #_ FALLEARLY_W
2005 7 26 1.27156 0.102451 #_ FALLEARLY_W
2006 7 26 1.08383 0.122964 #_ FALLEARLY_W
2007 7 26 0.84479 0.143006 #_ FALLEARLY_W
2007 7 27 0.324858 0.145248 #_ COMMOBS_E
2008 7 27 0.390135 0.138835 #_ COMMOBS_E
2009 7 27 0.67208 0.141579 #_ COMMOBS_E
2010 7 27 0.683114 0.0989159 #_ COMMOBS_E
2011 7 27 0.695605 0.0731684 #_ COMMOBS_E
2012 7 27 0.574065 0.0531126 #_ COMMOBS_E
2013 7 27 0.611241 0.080857 #_ COMMOBS_E
2014 7 27 0.684806 0.110609 #_ COMMOBS_E
2015 7 27 0.743994 0.188344 #_ COMMOBS_E
2016 7 27 1.6574 0.0847529 #_ COMMOBS_E
2017 7 27 1.22052 0.273493 #_ COMMOBS_E
2018 7 27 1.43229 0.139815 #_ COMMOBS_E
2019 7 27 0.940149 0.202029 #_ COMMOBS_E
2020 7 27 1.53147 0.138481 #_ COMMOBS_E
2021 7 27 1.67623 0.110974 #_ COMMOBS_E
2022 7 27 1.96031 0.0966579 #_ COMMOBS_E
2023 7 27 1.20174 0.0998343 #_ COMMOBS_E
1950 7 34 73946.6 0.2 #_ Shr_W
1951 7 34 73946.6 0.2 #_ Shr_W
1952 7 34 73946.6 0.2 #_ Shr_W
1953 7 34 73946.6 0.2 #_ Shr_W
1954 7 34 73946.6 0.2 #_ Shr_W
1955 7 34 73946.6 0.2 #_ Shr_W
1956 7 34 73946.6 0.2 #_ Shr_W
1957 7 34 73946.6 0.2 #_ Shr_W
1958 7 34 73946.6 0.2 #_ Shr_W
1959 7 34 73946.6 0.2 #_ Shr_W
1960 7 34 78901.1 0.2 #_ Shr_W
1961 7 34 55345.4 0.2 #_ Shr_W
1962 7 34 68218.7 0.2 #_ Shr_W
1963 7 34 83156.6 0.2 #_ Shr_W
1964 7 34 84067.6 0.2 #_ Shr_W
1965 7 34 73990.2 0.2 #_ Shr_W
1966 7 34 71148 0.2 #_ Shr_W
1967 7 34 91692 0.2 #_ Shr_W
1968 7 34 87435.7 0.2 #_ Shr_W
1969 7 34 102062 0.2 #_ Shr_W
1970 7 34 90876.4 0.2 #_ Shr_W
1971 7 34 95168.3 0.2 #_ Shr_W
1972 7 34 116644 0.2 #_ Shr_W
1973 7 34 104073 0.2 #_ Shr_W
1974 7 34 101592 0.2 #_ Shr_W
1975 7 34 88352.8 0.2 #_ Shr_W
1976 7 34 112193 0.2 #_ Shr_W
1977 7 34 120224 0.2 #_ Shr_W
1978 7 34 148165 0.2 #_ Shr_W
1979 7 34 148831 0.2 #_ Shr_W
1980 7 34 106763 0.2 #_ Shr_W
1981 7 34 129325 0.2 #_ Shr_W
1982 7 34 121942 0.2 #_ Shr_W
1983 7 34 111336 0.2 #_ Shr_W
1984 7 34 116137 0.2 #_ Shr_W
1985 7 34 125966 0.2 #_ Shr_W
1986 7 34 147191 0.2 #_ Shr_W
1987 7 34 164966 0.2 #_ Shr_W
1988 7 34 144962 0.2 #_ Shr_W
1989 7 34 147450 0.2 #_ Shr_W
1990 7 34 140942 0.2 #_ Shr_W
1991 7 34 148214 0.2 #_ Shr_W
1992 7 34 146284 0.2 #_ Shr_W
1993 7 34 143148 0.2 #_ Shr_W
1994 7 34 105250 0.2 #_ Shr_W
1995 7 34 88144.8 0.2 #_ Shr_W
1996 7 34 96463.1 0.2 #_ Shr_W
1997 7 34 117574 0.2 #_ Shr_W
1998 7 34 131623 0.2 #_ Shr_W
1999 7 34 138286 0.2 #_ Shr_W
2000 7 34 129580 0.2 #_ Shr_W
2001 7 34 95349.3 0.2 #_ Shr_W
2002 7 34 112875 0.2 #_ Shr_W
2003 7 34 88406.2 0.2 #_ Shr_W
2004 7 34 75277.2 0.2 #_ Shr_W
2005 7 34 60039.3 0.2 #_ Shr_W
2006 7 34 56197.5 0.2 #_ Shr_W
2007 7 34 59153.9 0.2 #_ Shr_W
2008 7 34 50566 0.2 #_ Shr_W
2009 7 34 64080.3 0.2 #_ Shr_W
2010 7 34 44400.4 0.2 #_ Shr_W
2011 7 34 53520.4 0.2 #_ Shr_W
2012 7 34 53423.1 0.2 #_ Shr_W
2013 7 34 59274.6 0.2 #_ Shr_W
2014 7 34 62200.5 0.2 #_ Shr_W
2015 7 34 61825.4 0.2 #_ Shr_W
2016 7 34 61443.2 0.2 #_ Shr_W
2017 7 34 62641.4 0.2 #_ Shr_W
2018 7 34 55443.3 0.2 #_ Shr_W
2019 7 34 53063.1 0.2 #_ Shr_W
2020 7 34 52164.5 0.2 #_ Shr_W
2021 7 34 54073.7 0.2 #_ Shr_W
2022 7 34 33293.3 0.2 #_ Shr_W
2023 7 34 27739.1 0.2 #_ Shr_W
1950 7 35 14643.3 0.2 #_ Shr_C
1951 7 35 14643.3 0.2 #_ Shr_C
1952 7 35 14643.3 0.2 #_ Shr_C
1953 7 35 14643.3 0.2 #_ Shr_C
1954 7 35 14643.3 0.2 #_ Shr_C
1955 7 35 14643.3 0.2 #_ Shr_C
1956 7 35 14643.3 0.2 #_ Shr_C
1957 7 35 14643.3 0.2 #_ Shr_C
1958 7 35 14643.3 0.2 #_ Shr_C
1959 7 35 14643.3 0.2 #_ Shr_C
1960 7 35 16711.5 0.2 #_ Shr_C
1961 7 35 11815 0.2 #_ Shr_C
1962 7 35 12545.5 0.2 #_ Shr_C
1963 7 35 13976.3 0.2 #_ Shr_C
1964 7 35 16871.1 0.2 #_ Shr_C
1965 7 35 15940.2 0.2 #_ Shr_C
1966 7 35 14363.8 0.2 #_ Shr_C
1967 7 35 16480.4 0.2 #_ Shr_C
1968 7 35 22112 0.2 #_ Shr_C
1969 7 35 26456.9 0.2 #_ Shr_C
1970 7 35 16984.5 0.2 #_ Shr_C
1971 7 35 17786.8 0.2 #_ Shr_C
1972 7 35 17897.1 0.2 #_ Shr_C
1973 7 35 14861.6 0.2 #_ Shr_C
1974 7 35 16589.2 0.2 #_ Shr_C
1975 7 35 16152.3 0.2 #_ Shr_C
1976 7 35 18848.8 0.2 #_ Shr_C
1977 7 35 20345.8 0.2 #_ Shr_C
1978 7 35 22129.4 0.2 #_ Shr_C
1979 7 35 26984.1 0.2 #_ Shr_C
1980 7 35 14502.9 0.2 #_ Shr_C
1981 7 35 17663.8 0.2 #_ Shr_C
1982 7 35 27194 0.2 #_ Shr_C
1983 7 35 33061.7 0.2 #_ Shr_C
1984 7 35 32407.9 0.2 #_ Shr_C
1985 7 35 29195.8 0.2 #_ Shr_C
1986 7 35 38284.3 0.2 #_ Shr_C
1987 7 35 38341.2 0.2 #_ Shr_C
1988 7 35 31646.8 0.2 #_ Shr_C
1989 7 35 39078.1 0.2 #_ Shr_C
1990 7 35 47914.9 0.2 #_ Shr_C
1991 7 35 38480.4 0.2 #_ Shr_C
1992 7 35 35375.5 0.2 #_ Shr_C
1993 7 35 25625.8 0.2 #_ Shr_C
1994 7 35 21859.3 0.2 #_ Shr_C
1995 7 35 14437.8 0.2 #_ Shr_C
1996 7 35 18477.2 0.2 #_ Shr_C
1997 7 35 22051.3 0.2 #_ Shr_C
1998 7 35 34642.3 0.2 #_ Shr_C
1999 7 35 34900.3 0.2 #_ Shr_C
2000 7 35 26136 0.2 #_ Shr_C
2001 7 35 20863.6 0.2 #_ Shr_C
2002 7 35 24518.6 0.2 #_ Shr_C
2003 7 35 19651.9 0.2 #_ Shr_C
2004 7 35 14754.9 0.2 #_ Shr_C
2005 7 35 11726.4 0.2 #_ Shr_C
2006 7 35 10212 0.2 #_ Shr_C
2007 7 35 9606.99 0.2 #_ Shr_C
2008 7 35 6224.84 0.2 #_ Shr_C
2009 7 35 7737.24 0.2 #_ Shr_C
2010 7 35 3345.62 0.2 #_ Shr_C
2011 7 35 5711.64 0.2 #_ Shr_C
2012 7 35 5341.23 0.2 #_ Shr_C
2013 7 35 9742.54 0.2 #_ Shr_C
2014 7 35 8589.98 0.2 #_ Shr_C
2015 7 35 9468.57 0.2 #_ Shr_C
2016 7 35 7974.79 0.2 #_ Shr_C
2017 7 35 8020.28 0.2 #_ Shr_C
2018 7 35 8929.21 0.2 #_ Shr_C
2019 7 35 7473.22 0.2 #_ Shr_C
2020 7 35 10667.7 0.2 #_ Shr_C
2021 7 35 8365.84 0.2 #_ Shr_C
2022 7 35 6744.2 0.2 #_ Shr_C
2023 7 35 5626.9 0.2 #_ Shr_C
1950 7 36 14969.9 0.2 #_ Shr_E
1951 7 36 14969.9 0.2 #_ Shr_E
1952 7 36 14969.9 0.2 #_ Shr_E
1953 7 36 14969.9 0.2 #_ Shr_E
1954 7 36 14969.9 0.2 #_ Shr_E
1955 7 36 14969.9 0.2 #_ Shr_E
1956 7 36 14969.9 0.2 #_ Shr_E
1957 7 36 14969.9 0.2 #_ Shr_E
1958 7 36 14969.9 0.2 #_ Shr_E
1959 7 36 14969.9 0.2 #_ Shr_E
1960 7 36 15620.3 0.2 #_ Shr_E
1961 7 36 12266.5 0.2 #_ Shr_E
1962 7 36 15714.4 0.2 #_ Shr_E
1963 7 36 12869.2 0.2 #_ Shr_E
1964 7 36 18051.9 0.2 #_ Shr_E
1965 7 36 15297.1 0.2 #_ Shr_E
1966 7 36 14198.4 0.2 #_ Shr_E
1967 7 36 8436.87 0.2 #_ Shr_E
1968 7 36 10258.5 0.2 #_ Shr_E
1969 7 36 11341.5 0.2 #_ Shr_E
1970 7 36 10386.1 0.2 #_ Shr_E
1971 7 36 9219.5 0.2 #_ Shr_E
1972 7 36 10840.3 0.2 #_ Shr_E
1973 7 36 16177 0.2 #_ Shr_E
1974 7 36 17231 0.2 #_ Shr_E
1975 7 36 14356.8 0.2 #_ Shr_E
1976 7 36 11825 0.2 #_ Shr_E
1977 7 36 13239.9 0.2 #_ Shr_E
1978 7 36 16528.1 0.2 #_ Shr_E
1979 7 36 19787.6 0.2 #_ Shr_E
1980 7 36 12149.5 0.2 #_ Shr_E
1981 7 36 16457.5 0.2 #_ Shr_E
1982 7 36 11690.1 0.2 #_ Shr_E
1983 7 36 14039.1 0.2 #_ Shr_E
1984 7 36 20282.8 0.2 #_ Shr_E
1985 7 36 19432.4 0.2 #_ Shr_E
1986 7 36 16233.2 0.2 #_ Shr_E
1987 7 36 19587.6 0.2 #_ Shr_E
1988 7 36 15343.6 0.2 #_ Shr_E
1989 7 36 15937.7 0.2 #_ Shr_E
1990 7 36 15502.5 0.2 #_ Shr_E
1991 7 36 13689.8 0.2 #_ Shr_E
1992 7 36 17319.8 0.2 #_ Shr_E
1993 7 36 14925.8 0.2 #_ Shr_E
1994 7 36 17936.8 0.2 #_ Shr_E
1995 7 36 21824.4 0.2 #_ Shr_E
1996 7 36 27226.9 0.2 #_ Shr_E
1997 7 36 24448.5 0.2 #_ Shr_E
1998 7 36 28869.5 0.2 #_ Shr_E
1999 7 36 17807.3 0.2 #_ Shr_E
2000 7 36 13583.3 0.2 #_ Shr_E
2001 7 36 16134 0.2 #_ Shr_E
2002 7 36 12049.9 0.2 #_ Shr_E
2003 7 36 11069.3 0.2 #_ Shr_E
2004 7 36 9524.52 0.2 #_ Shr_E
2005 7 36 7343.33 0.2 #_ Shr_E
2006 7 36 5886.93 0.2 #_ Shr_E
2007 7 36 7314.31 0.2 #_ Shr_E
2008 7 36 5381.17 0.2 #_ Shr_E
2009 7 36 5489.18 0.2 #_ Shr_E
2010 7 36 2566.29 0.2 #_ Shr_E
2011 7 36 3408.75 0.2 #_ Shr_E
2012 7 36 3890.54 0.2 #_ Shr_E
2013 7 36 1587.21 0.2 #_ Shr_E
2014 7 36 5496.76 0.2 #_ Shr_E
2015 7 36 4576.79 0.2 #_ Shr_E
2016 7 36 4849.78 0.2 #_ Shr_E
2017 7 36 6159.43 0.2 #_ Shr_E
2018 7 36 7146.91 0.2 #_ Shr_E
2019 7 36 6593.17 0.2 #_ Shr_E
2020 7 36 7805.89 0.2 #_ Shr_E
2021 7 36 6448.08 0.2 #_ Shr_E
2022 7 36 5580.17 0.2 #_ Shr_E
2023 7 36 3534.49 0.2 #_ Shr_E
2009 7 40 0.36361 0.15186 #_ SUMLATE_W
2010 7 40 0.86093 0.147681 #_ SUMLATE_W
2011 7 40 1.19283 0.14654 #_ SUMLATE_W
2012 7 40 0.81785 0.140376 #_ SUMLATE_W
2013 7 40 1.26194 0.164746 #_ SUMLATE_W
2014 7 40 0.77079 0.160707 #_ SUMLATE_W
2015 7 40 1.06421 0.148714 #_ SUMLATE_W
2016 7 40 0.86779 0.149688 #_ SUMLATE_W
2017 7 40 0.83622 0.159422 #_ SUMLATE_W
2018 7 40 1.61682 0.138769 #_ SUMLATE_W
2019 7 40 1.11119 0.154297 #_ SUMLATE_W
2021 7 40 0.70229 0.195555 #_ SUMLATE_W
2022 7 40 0.87569 0.177444 #_ SUMLATE_W
2023 7 40 1.65784 0.164814 #_ SUMLATE_W
2009 7 41 0.46672 0.266327 #_ SUMLATE_C
2010 7 41 1.04846 0.309833 #_ SUMLATE_C
2011 7 41 0.5585 0.404567 #_ SUMLATE_C
2012 7 41 1.09876 0.306415 #_ SUMLATE_C
2013 7 41 1.34962 0.369736 #_ SUMLATE_C
2014 7 41 0.53875 0.375011 #_ SUMLATE_C
2015 7 41 0.87901 0.36181 #_ SUMLATE_C
2016 7 41 1.07544 0.310903 #_ SUMLATE_C
2017 7 41 1.66393 0.244835 #_ SUMLATE_C
2018 7 41 1.45292 0.324091 #_ SUMLATE_C
2019 7 41 0.76875 0.373272 #_ SUMLATE_C
2021 7 41 0.67681 0.469957 #_ SUMLATE_C
2022 7 41 0.94266 0.395089 #_ SUMLATE_C
2023 7 41 1.47967 0.334179 #_ SUMLATE_C
2009 7 42 0.10936 0.764111 #_ SUMLATE_E
2010 7 42 0.04201 0.95845 #_ SUMLATE_E
2011 7 42 1.14828 0.45645 #_ SUMLATE_E
2012 7 42 0.57759 0.407096 #_ SUMLATE_E
2013 7 42 0.16436 0.761846 #_ SUMLATE_E
2014 7 42 0.38791 0.407167 #_ SUMLATE_E
2015 7 42 3.41335 0.31696 #_ SUMLATE_E
2016 7 42 2.06264 0.271802 #_ SUMLATE_E
2017 7 42 1.50911 0.336377 #_ SUMLATE_E
2018 7 42 1.21644 0.31554 #_ SUMLATE_E
2019 7 42 0.53286 0.486301 #_ SUMLATE_E
2021 7 42 0.85875 0.397499 #_ SUMLATE_E
2022 7 42 1.06256 0.404399 #_ SUMLATE_E
2023 7 42 0.91479 0.365823 #_ SUMLATE_E
1984 7 43 0.74713 0.280624 #_ SUMEARLY_W
1985 7 43 1.11016 0.301609 #_ SUMEARLY_W
1986 7 43 0.29356 0.419412 #_ SUMEARLY_W
1987 7 43 0.71006 0.218168 #_ SUMEARLY_W
1988 7 43 0.34651 0.244079 #_ SUMEARLY_W
1989 7 43 0.25619 0.298608 #_ SUMEARLY_W
1990 7 43 2.26208 0.159167 #_ SUMEARLY_W
1991 7 43 1.02087 0.186633 #_ SUMEARLY_W
1992 7 43 0.64442 0.195808 #_ SUMEARLY_W
1993 7 43 0.70395 0.192123 #_ SUMEARLY_W
1994 7 43 1.34549 0.17801 #_ SUMEARLY_W
1995 7 43 1.17612 0.168986 #_ SUMEARLY_W
1996 7 43 1.30854 0.169329 #_ SUMEARLY_W
1997 7 43 0.99397 0.170855 #_ SUMEARLY_W
1998 7 43 0.88587 0.190168 #_ SUMEARLY_W
1999 7 43 0.75858 0.191112 #_ SUMEARLY_W
2000 7 43 1.39109 0.153089 #_ SUMEARLY_W
2001 7 43 0.78658 0.258967 #_ SUMEARLY_W
2002 7 43 1.09421 0.169358 #_ SUMEARLY_W
2003 7 43 0.61355 0.208368 #_ SUMEARLY_W
2004 7 43 1.33104 0.161178 #_ SUMEARLY_W
2005 7 43 1.50193 0.165177 #_ SUMEARLY_W
2006 7 43 1.41881 0.146136 #_ SUMEARLY_W
2007 7 43 1.16578 0.18091 #_ SUMEARLY_W
2008 7 43 1.13354 0.153796 #_ SUMEARLY_W
1993	7	44	0.049	0.439 #_ GFISHER_W
1994	7	44	0.129	0.326 #_ GFISHER_W
1995	7	44	0.191	0.320 #_ GFISHER_W
1996	7	44	0.262	0.146 #_ GFISHER_W
1997	7	44	0.636	0.144 #_ GFISHER_W
2002	7	44	0.555	0.176 #_ GFISHER_W
2004	7	44	0.447	0.248 #_ GFISHER_W
2005	7	44	0.418	0.150 #_ GFISHER_W
2006	7	44	0.181	0.184 #_ GFISHER_W
2007	7	44	0.49	0.138 #_ GFISHER_W
2008	7	44	0.34	0.163 #_ GFISHER_W
2009	7	44	0.554	0.134 #_ GFISHER_W
2010	7	44	1.045	0.158 #_ GFISHER_W
2011	7	44	0.846	0.160 #_ GFISHER_W
2012	7	44	0.921	0.114 #_ GFISHER_W
2013	7	44	1.155	0.134 #_ GFISHER_W
2014	7	44	1.654	0.142 #_ GFISHER_W
2015	7	44	1.405	0.209 #_ GFISHER_W
2016	7	44	1.292	0.120 #_ GFISHER_W
2017	7	44	2.326	0.108 #_ GFISHER_W
2018	7	44	2.859	0.111 #_ GFISHER_W
2019	7	44	1.748	0.097 #_ GFISHER_W
2021	7	44	1.917	0.088 #_ GFISHER_W
2022	7	44	1.413	0.087 #_ GFISHER_W
2023	7	44	2.17	0.089 #_ GFISHER_W
-9999 1 1 1 1 # terminator for survey observations 
#
27 #_N_fleets_with_discard
#_discard_units (1=same_as_catchunits(bio/num); 2=fraction; 3=numbers)
#_discard_errtype:  >0 for DF of T-dist(read CV below); 0 for normal with CV; -1 for normal with se; -2 for lognormal; -3 for trunc normal with CV
# note: only enter units and errtype for fleets with discard 
# note: discard data is the total for an entire season, so input of month here must be to a month in that season
#_Fleet units errtype
1 3 -2 # HL_W
2 3 -2 # HL_C
3 3 -2 # HL_E
6 3 -2 # LL_W
7 3 -2 # LL_E
8 3 -2 # LL_C
12 1 -2 # CBT_C
13 1 -2 # CBT_W
14 1 -2 # CBT_E
15 1 -2 # HBT_W
16 1 -2 # HBT_C
17 1 -2 # HBT_E
18 1 -2 # PRIV_W
19 1 -2 # PRIV_C
20 1 -2 # PRIV_E
28 1 -2 # HL_Clsd_W
29 1 -2 # HL_Clsd_C
30 1 -2 # HL_Clsd_E
31 1 -2 # PRIV_Clsd_W
32 1 -2 # PRIV_Clsd_C
33 1 -2 # PRIV_Clsd_E
34 1 -2 # Shr_W
35 1 -2 # Shr_C
36 1 -2 # Shr_E
37 1 -2 # HBT_Clsd_W
38 1 -2 # HBT_Clsd_C
39 1 -2 # HBT_Clsd_E
#_yr month fleet obs stderr
1996 7 1 756 0.665311 #_ HL_W
1997 7 1 855.973 0.665311 #_ HL_W
1998 7 1 945.513 0.665311 #_ HL_W
1999 7 1 868.229 0.665311 #_ HL_W
2000 7 1 853.132 0.665311 #_ HL_W
2001 7 1 1062.24 0.665311 #_ HL_W
2002 7 1 916.488 0.665311 #_ HL_W
2003 7 1 993.762 0.665311 #_ HL_W
2004 7 1 1095.11 0.665311 #_ HL_W
2005 7 1 946.639 0.665311 #_ HL_W
2006 7 1 1069.06 0.665311 #_ HL_W
2007 7 1 448.309 0.530831 #_ HL_W
2008 7 1 131.783 0.193508 #_ HL_W
2009 7 1 113.185 0.193508 #_ HL_W
2010 7 1 95.304 0.193508 #_ HL_W
2011 7 1 91.6349 0.193508 #_ HL_W
2012 7 1 104.791 0.193508 #_ HL_W
2013 7 1 106.482 0.193508 #_ HL_W
2014 7 1 33.968 0.166881 #_ HL_W
2015 7 1 36.7988 0.166881 #_ HL_W
2016 7 1 35.5954 0.166881 #_ HL_W
2017 7 1 34.8427 0.166881 #_ HL_W
2018 7 1 30.4789 0.166881 #_ HL_W
2019 7 1 32.6423 0.166881 #_ HL_W
2020 7 1 26.7285 0.166881 #_ HL_W
2021 7 1 23.2007 0.166881 #_ HL_W
2022 7 1 25.2119 0.166881 #_ HL_W
2023 7 1 30.9053 0.166881 #_ HL_W
1996 7 2 30.9007 0.350466 #_ HL_C
1997 7 2 30.4326 0.350466 #_ HL_C
1998 7 2 33.2415 0.350466 #_ HL_C
1999 7 2 37.317 0.350466 #_ HL_C
2000 7 2 48.9519 0.350466 #_ HL_C
2001 7 2 55.7315 0.350466 #_ HL_C
2002 7 2 61.4228 0.350466 #_ HL_C
2003 7 2 82.1612 0.350466 #_ HL_C
2004 7 2 77.3284 0.350466 #_ HL_C
2005 7 2 66.2268 0.350466 #_ HL_C
2006 7 2 69.7952 0.350466 #_ HL_C
2007 7 2 80.1691 0.164732 #_ HL_C
2008 7 2 49.3243 0.0991877 #_ HL_C
2009 7 2 52.1092 0.0991877 #_ HL_C
2010 7 2 58.7309 0.0991877 #_ HL_C
2011 7 2 71.9849 0.0991877 #_ HL_C
2012 7 2 80.2943 0.0991877 #_ HL_C
2013 7 2 65.6386 0.0991877 #_ HL_C
2014 7 2 79.7064 0.105791 #_ HL_C
2015 7 2 77.4862 0.105791 #_ HL_C
2016 7 2 83.9828 0.105791 #_ HL_C
2017 7 2 88.2297 0.105791 #_ HL_C
2018 7 2 74.3932 0.105791 #_ HL_C
2019 7 2 73.6787 0.105791 #_ HL_C
2020 7 2 67.7247 0.105791 #_ HL_C
2021 7 2 63.3875 0.105791 #_ HL_C
2022 7 2 58.0473 0.105791 #_ HL_C
2023 7 2 62.8556 0.105791 #_ HL_C
1996 7 3 2.63437 0.507674 #_ HL_E
1997 7 3 1.96354 0.507674 #_ HL_E
1998 7 3 2.21936 0.507674 #_ HL_E
1999 7 3 2.17969 0.507674 #_ HL_E
2000 7 3 2.96754 0.507674 #_ HL_E
2001 7 3 2.62228 0.507674 #_ HL_E
2002 7 3 2.63666 0.507674 #_ HL_E
2003 7 3 2.36221 0.507674 #_ HL_E
2004 7 3 2.29577 0.507674 #_ HL_E
2005 7 3 2.07331 0.507674 #_ HL_E
2006 7 3 2.4539 0.507674 #_ HL_E
2007 7 3 8.03696 0.229968 #_ HL_E
2008 7 3 7.98977 0.104071 #_ HL_E
2009 7 3 12.3929 0.104071 #_ HL_E
2010 7 3 19.0803 0.104071 #_ HL_E
2011 7 3 21.3233 0.104071 #_ HL_E
2012 7 3 20.8893 0.104071 #_ HL_E
2013 7 3 23.8386 0.104071 #_ HL_E
2014 7 3 24.1264 0.147612 #_ HL_E
2015 7 3 25.7601 0.147612 #_ HL_E
2016 7 3 27.8343 0.147612 #_ HL_E
2017 7 3 27.967 0.147612 #_ HL_E
2018 7 3 24.6307 0.147612 #_ HL_E
2019 7 3 24.7025 0.147612 #_ HL_E
2020 7 3 23.4416 0.147612 #_ HL_E
2021 7 3 25.6921 0.147612 #_ HL_E
2022 7 3 23.4788 0.147612 #_ HL_E
2023 7 3 21.8529 0.147612 #_ HL_E
1996 7 6 0.231048 0.490427 #_ LL_W
1997 7 6 0.130032 0.490427 #_ LL_W
1998 7 6 0.132851 0.490427 #_ LL_W
1999 7 6 0.351792 0.490427 #_ LL_W
2000 7 6 0.267503 0.490427 #_ LL_W
2001 7 6 0.16397 0.490427 #_ LL_W
2002 7 6 0.270405 0.490427 #_ LL_W
2003 7 6 0.426547 0.490427 #_ LL_W
2004 7 6 0.600834 0.490427 #_ LL_W
2005 7 6 0.488926 0.490427 #_ LL_W
2006 7 6 0.455902 0.490427 #_ LL_W
2007 7 6 1.26612 0.432038 #_ LL_W
2008 7 6 1.67975 0.432038 #_ LL_W
2009 7 6 2.29809 0.432038 #_ LL_W
2010 7 6 0.800616 0.432038 #_ LL_W
2011 7 6 0.339315 0.432038 #_ LL_W
2012 7 6 0.531407 0.432038 #_ LL_W
2013 7 6 2.05272 0.432038 #_ LL_W
2014 7 6 1.13993 0.432038 #_ LL_W
2015 7 6 1.52196 0.31063 #_ LL_W
2016 7 6 1.98226 0.31063 #_ LL_W
2017 7 6 1.55864 0.31063 #_ LL_W
2018 7 6 1.39971 0.31063 #_ LL_W
2019 7 6 2.59529 0.31063 #_ LL_W
2020 7 6 0.882004 0.31063 #_ LL_W
2021 7 6 0.745806 0.31063 #_ LL_W
2022 7 6 0.0951283 0.31063 #_ LL_W
2023 7 6 0.45499 0.31063 #_ LL_W
1996 7 7 4.69883 0.482978 #_ LL_E
1997 7 7 5.48933 0.482978 #_ LL_E
1998 7 7 5.46196 0.482978 #_ LL_E
1999 7 7 6.06049 0.482978 #_ LL_E
2000 7 7 5.17534 0.482978 #_ LL_E
2001 7 7 5.12299 0.482978 #_ LL_E
2002 7 7 4.33895 0.482978 #_ LL_E
2003 7 7 4.71518 0.482978 #_ LL_E
2004 7 7 4.34402 0.482978 #_ LL_E
2005 7 7 3.06871 0.482978 #_ LL_E
2006 7 7 3.92979 0.482978 #_ LL_E
2007 7 7 4.21563 0.0669923 #_ LL_E
2008 7 7 4.97259 0.0669923 #_ LL_E
2009 7 7 1.67581 0.0669923 #_ LL_E
2010 7 7 9.6905 0.0669923 #_ LL_E
2011 7 7 14.413 0.0669923 #_ LL_E
2012 7 7 8.67473 0.0669923 #_ LL_E
2013 7 7 14.4107 0.0669923 #_ LL_E
2014 7 7 17.8464 0.0669923 #_ LL_E
2015 7 7 13.8974 0.115043 #_ LL_E
2016 7 7 15.9856 0.115043 #_ LL_E
2017 7 7 16.569 0.115043 #_ LL_E
2018 7 7 15.1286 0.115043 #_ LL_E
2019 7 7 17.5101 0.115043 #_ LL_E
2020 7 7 15.5509 0.115043 #_ LL_E
2021 7 7 13.8925 0.115043 #_ LL_E
2022 7 7 11.7101 0.115043 #_ LL_E
2023 7 7 13.9664 0.115043 #_ LL_E
1996 7 8 0.0779312 0.832555 #_ LL_C
1997 7 8 0.0895044 0.832555 #_ LL_C
1998 7 8 0.0641065 0.832555 #_ LL_C
1999 7 8 0.0518038 0.832555 #_ LL_C
2000 7 8 0.0972925 0.832555 #_ LL_C
2001 7 8 0.0899371 0.832555 #_ LL_C
2002 7 8 0.0933719 0.832555 #_ LL_C
2003 7 8 0.109647 0.832555 #_ LL_C
2004 7 8 0.085783 0.832555 #_ LL_C
2005 7 8 0.0833637 0.832555 #_ LL_C
2006 7 8 0.0847018 0.832555 #_ LL_C
2007 7 8 1.56516 0.0669923 #_ LL_C
2008 7 8 1.1722 0.0669923 #_ LL_C
2009 7 8 0.76827 0.0669923 #_ LL_C
2010 7 8 0.681576 0.0669923 #_ LL_C
2011 7 8 0.48225 0.0669923 #_ LL_C
2012 7 8 0.494744 0.0669923 #_ LL_C
2013 7 8 0.704346 0.0669923 #_ LL_C
2014 7 8 0.782734 0.0669923 #_ LL_C
2015 7 8 1.56914 0.115043 #_ LL_C
2016 7 8 1.38301 0.115043 #_ LL_C
2017 7 8 1.06971 0.115043 #_ LL_C
2018 7 8 1.66417 0.115043 #_ LL_C
2019 7 8 0.68158 0.115043 #_ LL_C
2020 7 8 1.00011 0.115043 #_ LL_C
2021 7 8 1.48521 0.115043 #_ LL_C
2022 7 8 1.79767 0.115043 #_ LL_C
2023 7 8 1.34116 0.115043 #_ LL_C
1981 7 12 0.487991 0.638901 #_ CBT_C
1982 7 12 7.73625 0.832555 #_ CBT_C
1984 7 12 3.7841 0.832555 #_ CBT_C
1985 7 12 2.28528 0.832555 #_ CBT_C
1986 7 12 7.32452 0.578148 #_ CBT_C
1987 7 12 42.5981 0.385253 #_ CBT_C
1988 7 12 64.906 0.74408 #_ CBT_C
1989 7 12 35.0921 0.429421 #_ CBT_C
1990 7 12 80.6873 0.385253 #_ CBT_C
1991 7 12 196.019 0.284166 #_ CBT_C
1992 7 12 317.612 0.198042 #_ CBT_C
1993 7 12 260.033 0.429421 #_ CBT_C
1994 7 12 273.364 0.236648 #_ CBT_C
1995 7 12 401.693 0.411896 #_ CBT_C
1996 7 12 486.469 0.284166 #_ CBT_C
1997 7 12 848.271 0.246221 #_ CBT_C
1998 7 12 676.953 0.109669 #_ CBT_C
1999 7 12 858.452 0.0898185 #_ CBT_C
2000 7 12 504.744 0.0798724 #_ CBT_C
2001 7 12 571.538 0.0997513 #_ CBT_C
2002 7 12 555.125 0.0898185 #_ CBT_C
2003 7 12 573.352 0.0898185 #_ CBT_C
2004 7 12 613.631 0.0898185 #_ CBT_C
2005 7 12 571.952 0.0898185 #_ CBT_C
2006 7 12 803.201 0.109669 #_ CBT_C
2007 7 12 685.094 0.109669 #_ CBT_C
2008 7 12 486.489 0.109669 #_ CBT_C
2009 7 12 475.856 0.119571 #_ CBT_C
2010 7 12 226.653 0.149166 #_ CBT_C
2011 7 12 375.945 0.119571 #_ CBT_C
2012 7 12 258.458 0.119571 #_ CBT_C
2013 7 12 402.95 0.207738 #_ CBT_C
2014 7 12 281.547 0.168791 #_ CBT_C
2015 7 12 258.409 0.149166 #_ CBT_C
2016 7 12 416.809 0.188318 #_ CBT_C
2017 7 12 537.942 0.198042 #_ CBT_C
2018 7 12 422.03 0.149166 #_ CBT_C
2019 7 12 497.157 0.246221 #_ CBT_C
2020 7 12 347.532 0.217406 #_ CBT_C
2021 7 12 620.098 0.15899 #_ CBT_C
2022 7 12 573.995 0.265265 #_ CBT_C
2023 7 12 447.022 0.129456 #_ CBT_C
1982 7 13 13.2988 0.819384 #_ CBT_W
1983 7 13 1.55248 0.64028 #_ CBT_W
1986 7 13 2.52061 0.391395 #_ CBT_W
1987 7 13 1.80235 0.733424 #_ CBT_W
1988 7 13 1.21309 0.742577 #_ CBT_W
1989 7 13 4.60387 0.822088 #_ CBT_W
1990 7 13 64.0738 0.608741 #_ CBT_W
1991 7 13 140.526 0.319753 #_ CBT_W
1992 7 13 111.92 0.3572 #_ CBT_W
1993 7 13 67.2059 0.314541 #_ CBT_W
1994 7 13 107.784 0.308723 #_ CBT_W
1995 7 13 89.0247 0.465841 #_ CBT_W
1996 7 13 90.8218 0.444802 #_ CBT_W
1997 7 13 61.4155 0.321437 #_ CBT_W
1998 7 13 48.0226 0.462656 #_ CBT_W
1999 7 13 12.8773 0.503749 #_ CBT_W
2000 7 13 9.98739 0.334726 #_ CBT_W
2001 7 13 15.1011 0.523259 #_ CBT_W
2002 7 13 37.719 0.350245 #_ CBT_W
2003 7 13 59.4226 0.276629 #_ CBT_W
2004 7 13 178.53 0.300229 #_ CBT_W
2005 7 13 196.888 0.309302 #_ CBT_W
2006 7 13 202.335 0.2588 #_ CBT_W
2007 7 13 125.62 0.22401 #_ CBT_W
2008 7 13 68.1965 0.450129 #_ CBT_W
2009 7 13 33.1244 0.478739 #_ CBT_W
2010 7 13 0.869708 0.478739 #_ CBT_W
2011 7 13 7.38518 0.674827 #_ CBT_W
2012 7 13 19.1599 0.405872 #_ CBT_W
2013 7 13 27.7073 0.502892 #_ CBT_W
2014 7 13 4.36352 0.3345 #_ CBT_W
2015 7 13 11.1223 0.259328 #_ CBT_W
2016 7 13 13.0546 0.234936 #_ CBT_W
2017 7 13 9.92093 0.176568 #_ CBT_W
2018 7 13 6.94397 0.210679 #_ CBT_W
2019 7 13 33.9602 0.225791 #_ CBT_W
2020 7 13 7.68574 0.203619 #_ CBT_W
2021 7 13 15.6506 0.151712 #_ CBT_W
2022 7 13 8.50695 0.247212 #_ CBT_W
2023 7 13 14.7147 0.140965 #_ CBT_W
1982 7 14 0.395581 0.832555 #_ CBT_E
1984 7 14 3.59414 0.832555 #_ CBT_E
1985 7 14 1.00698 0.832555 #_ CBT_E
1986 7 14 17.1284 0.429421 #_ CBT_E
1987 7 14 1.64164 0.832555 #_ CBT_E
1992 7 14 1.01823 0.616505 #_ CBT_E
1994 7 14 0.0566836 0.832555 #_ CBT_E
1997 7 14 0.54256 0.832555 #_ CBT_E
1998 7 14 3.07541 0.497557 #_ CBT_E
1999 7 14 1.91758 0.689376 #_ CBT_E
2000 7 14 0.258601 0.660837 #_ CBT_E
2001 7 14 2.7586 0.653576 #_ CBT_E
2003 7 14 2.87815 0.770277 #_ CBT_E
2004 7 14 0.692954 0.770277 #_ CBT_E
2005 7 14 1.56603 0.554513 #_ CBT_E
2006 7 14 17.678 0.497557 #_ CBT_E
2007 7 14 2.23178 0.578148 #_ CBT_E
2008 7 14 16.1064 0.675207 #_ CBT_E
2009 7 14 17.6558 0.593646 #_ CBT_E
2010 7 14 4.04885 0.593646 #_ CBT_E
2011 7 14 1.94759 0.593646 #_ CBT_E
2012 7 14 1.34424 0.763798 #_ CBT_E
2013 7 14 11.1962 0.783095 #_ CBT_E
2014 7 14 9.07875 0.505848 #_ CBT_E
2015 7 14 15.1418 0.601318 #_ CBT_E
2016 7 14 42.2817 0.411896 #_ CBT_E
2017 7 14 160.003 0.638901 #_ CBT_E
2018 7 14 59.0269 0.358197 #_ CBT_E
2019 7 14 25.1604 0.367261 #_ CBT_E
2020 7 14 13.7961 0.367261 #_ CBT_E
2021 7 14 66.7348 0.411896 #_ CBT_E
2022 7 14 43.6907 0.339939 #_ CBT_E
2023 7 14 167.018 0.646264 #_ CBT_E
1982 7 15 7.9545 0.868519 #_ HBT_W
1983 7 15 0.650261 0.639124 #_ HBT_W
1986 7 15 4.338 0.68234 #_ HBT_W
1987 7 15 3.761 0.796428 #_ HBT_W
1988 7 15 14.355 0.890549 #_ HBT_W
1989 7 15 11.382 0.905337 #_ HBT_W
1990 7 15 176.989 0.794583 #_ HBT_W
1991 7 15 135.399 0.662328 #_ HBT_W
1992 7 15 157.824 0.662269 #_ HBT_W
1993 7 15 158.411 0.65404 #_ HBT_W
1994 7 15 393.427 0.644389 #_ HBT_W
1995 7 15 180.04 0.727857 #_ HBT_W
1996 7 15 233.2 0.729009 #_ HBT_W
1997 7 15 118.559 0.655118 #_ HBT_W
1998 7 15 34.5328 0.691853 #_ HBT_W
1999 7 15 6.15376 0.722495 #_ HBT_W
2000 7 15 12.0702 0.644728 #_ HBT_W
2001 7 15 20.247 0.708857 #_ HBT_W
2002 7 15 21.3035 0.638131 #_ HBT_W
2003 7 15 36.9307 0.668041 #_ HBT_W
2004 7 15 53.4573 0.633455 #_ HBT_W
2005 7 15 58.9729 0.637928 #_ HBT_W
2006 7 15 57.3184 0.624875 #_ HBT_W
2007 7 15 47.8862 0.697024 #_ HBT_W
2008 7 15 12.366 0.240906 #_ HBT_W
2009 7 15 12.833 0.0919271 #_ HBT_W
2010 7 15 8.265 0.0550831 #_ HBT_W
2011 7 15 11.294 0.0512002 #_ HBT_W
2012 7 15 7.868 0.0920428 #_ HBT_W
2013 7 15 2.622 0.0499688 #_ HBT_W
2014 7 15 1.582 0.0499688 #_ HBT_W
2015 7 15 4.05 0.0510796 #_ HBT_W
2016 7 15 3.375 0.0516369 #_ HBT_W
2017 7 15 5.491 0.0732118 #_ HBT_W
2018 7 15 5.124 0.0522777 #_ HBT_W
2019 7 15 7.335 0.0584917 #_ HBT_W
2020 7 15 5.723 0.0499688 #_ HBT_W
2021 7 15 32.334 0.0499688 #_ HBT_W
2022 7 15 18.744 0.0499688 #_ HBT_W
2023 7 15 10.425 0.0499688 #_ HBT_W
1981 7 16 0.305208 0.638901 #_ HBT_C
1982 7 16 4.83853 0.832555 #_ HBT_C
1984 7 16 2.36672 0.832555 #_ HBT_C
1985 7 16 1.4293 0.832555 #_ HBT_C
1986 7 16 0.128 0.800132 #_ HBT_C
1987 7 16 0.514 0.705631 #_ HBT_C
1988 7 16 1.393 0.788364 #_ HBT_C
1989 7 16 1.064 0.562953 #_ HBT_C
1990 7 16 5.165 0.549636 #_ HBT_C
1991 7 16 9.473 0.476583 #_ HBT_C
1992 7 16 18.196 0.40512 #_ HBT_C
1993 7 16 6.82 0.572623 #_ HBT_C
1994 7 16 12.572 0.431642 #_ HBT_C
1995 7 16 18.548 0.535418 #_ HBT_C
1996 7 16 19.433 0.474176 #_ HBT_C
1997 7 16 40.6229 0.398863 #_ HBT_C
1998 7 16 26.3204 0.330651 #_ HBT_C
1999 7 16 34.3374 0.339279 #_ HBT_C
2000 7 16 23.8722 0.310072 #_ HBT_C
2001 7 16 22.9305 0.323324 #_ HBT_C
2002 7 16 23.6116 0.330937 #_ HBT_C
2003 7 16 24.2614 0.375422 #_ HBT_C
2004 7 16 22.5895 0.372475 #_ HBT_C
2005 7 16 19.483 0.375772 #_ HBT_C
2006 7 16 30.5056 0.457738 #_ HBT_C
2007 7 16 28.5598 0.484319 #_ HBT_C
2008 7 16 37.173 0.0867811 #_ HBT_C
2009 7 16 46.567 0.0544878 #_ HBT_C
2010 7 16 13.92 0.0625438 #_ HBT_C
2011 7 16 21.762 0.0506315 #_ HBT_C
2012 7 16 17.324 0.0805563 #_ HBT_C
2013 7 16 26.554 0.0499688 #_ HBT_C
2014 7 16 5.732 0.0502675 #_ HBT_C
2015 7 16 19.184 0.0517731 #_ HBT_C
2016 7 16 37.747 0.050559 #_ HBT_C
2017 7 16 52.991 0.0505327 #_ HBT_C
2018 7 16 43.908 0.0510543 #_ HBT_C
2019 7 16 32.609 0.0531891 #_ HBT_C
2020 7 16 28.888 0.0499688 #_ HBT_C
2021 7 16 70.801 0.0499688 #_ HBT_C
2022 7 16 55.692 0.0499688 #_ HBT_C
2023 7 16 24.887 0.0499688 #_ HBT_C
1982 7 17 0.247411 0.832555 #_ HBT_E
1984 7 17 2.2479 0.832555 #_ HBT_E
1985 7 17 0.629802 0.832555 #_ HBT_E
1986 7 17 0.175 0.714126 #_ HBT_E
1987 7 17 0.088 0.925399 #_ HBT_E
1992 7 17 0.006 0.874344 #_ HBT_E
1994 7 17 0.098 1.0344 #_ HBT_E
1997 7 17 0.00450685 0.99787 #_ HBT_E
1998 7 17 0.0371233 0.77384 #_ HBT_E
1999 7 17 1.82884 0.77298 #_ HBT_E
2000 7 17 0.18454 0.791558 #_ HBT_E
2001 7 17 0.392874 0.787844 #_ HBT_E
2003 7 17 0.197759 0.78326 #_ HBT_E
2004 7 17 0.525066 0.627633 #_ HBT_E
2005 7 17 1.06229 0.5721 #_ HBT_E
2006 7 17 0.419312 0.778429 #_ HBT_E
2007 7 17 0.461614 0.771624 #_ HBT_E
2008 7 17 0.676 0.0654694 #_ HBT_E
2009 7 17 1.486 0.0548194 #_ HBT_E
2010 7 17 0.618 0.0973102 #_ HBT_E
2011 7 17 1.963 0.0654034 #_ HBT_E
2012 7 17 0.253 0.0535847 #_ HBT_E
2013 7 17 0.442 0.0499688 #_ HBT_E
2014 7 17 0.286 0.0504606 #_ HBT_E
2015 7 17 0.411 0.0501853 #_ HBT_E
2016 7 17 4.336 0.0499688 #_ HBT_E
2017 7 17 4.803 0.0535709 #_ HBT_E
2018 7 17 5.885 0.0515265 #_ HBT_E
2019 7 17 5.701 0.0513082 #_ HBT_E
2020 7 17 2.593 0.0499688 #_ HBT_E
2021 7 17 3.882 0.0499688 #_ HBT_E
2022 7 17 5.206 0.0499688 #_ HBT_E
2023 7 17 5.747 0.0499688 #_ HBT_E
1981 7 18 30.2935 0.594587 #_ PRIV_W
1982 7 18 6.49068 0.66725 #_ PRIV_W
1985 7 18 438.402 0.711086 #_ PRIV_W
1987 7 18 120.038 0.820721 #_ PRIV_W
1988 7 18 529.273 0.513299 #_ PRIV_W
1989 7 18 371.122 0.513792 #_ PRIV_W
1990 7 18 422.258 0.636932 #_ PRIV_W
1991 7 18 410.625 0.816403 #_ PRIV_W
1992 7 18 450.63 0.325501 #_ PRIV_W
1993 7 18 528.829 0.311529 #_ PRIV_W
1994 7 18 1213.19 0.497428 #_ PRIV_W
1995 7 18 1942.65 0.455769 #_ PRIV_W
1996 7 18 413.058 0.466253 #_ PRIV_W
1997 7 18 488.43 0.478454 #_ PRIV_W
1998 7 18 735.054 0.496462 #_ PRIV_W
1999 7 18 1983.08 0.387993 #_ PRIV_W
2000 7 18 478.639 0.388209 #_ PRIV_W
2001 7 18 448.855 0.47104 #_ PRIV_W
2002 7 18 173.885 0.660413 #_ PRIV_W
2003 7 18 1129.39 0.613145 #_ PRIV_W
2004 7 18 710.292 0.745865 #_ PRIV_W
2005 7 18 1029.97 0.549593 #_ PRIV_W
2006 7 18 1846.48 0.402115 #_ PRIV_W
2007 7 18 937.294 0.358987 #_ PRIV_W
2008 7 18 811.091 0.478899 #_ PRIV_W
2009 7 18 512.69 0.430064 #_ PRIV_W
2010 7 18 53.8421 0.867623 #_ PRIV_W
2011 7 18 497.16 0.549852 #_ PRIV_W
2012 7 18 603.666 0.465076 #_ PRIV_W
2013 7 18 1660.45 0.450114 #_ PRIV_W
2014 7 18 569.94 0.320411 #_ PRIV_W
2015 7 18 698.775 0.319375 #_ PRIV_W
2016 7 18 504.875 0.319517 #_ PRIV_W
2017 7 18 753.863 0.272657 #_ PRIV_W
2018 7 18 588.495 0.272524 #_ PRIV_W
2019 7 18 1333.84 0.24491 #_ PRIV_W
2020 7 18 769.776 0.267348 #_ PRIV_W
2021 7 18 760.003 0.298909 #_ PRIV_W
2022 7 18 480.125 0.305956 #_ PRIV_W
2023 7 18 902.316 0.283408 #_ PRIV_W
1981 7 19 179.403 0.653576 #_ PRIV_C
1982 7 19 13.1688 0.601318 #_ PRIV_C
1983 7 19 4.47002 0.832555 #_ PRIV_C
1985 7 19 0.92455 0.832555 #_ PRIV_C
1986 7 19 13.5282 0.737412 #_ PRIV_C
1987 7 19 113.799 0.358197 #_ PRIV_C
1988 7 19 9.13269 0.446753 #_ PRIV_C
1989 7 19 323.028 0.546531 #_ PRIV_C
1990 7 19 772.205 0.546531 #_ PRIV_C
1991 7 19 1587.53 0.284166 #_ PRIV_C
1992 7 19 1315.58 0.168791 #_ PRIV_C
1993 7 19 1657.18 0.227042 #_ PRIV_C
1994 7 19 940.422 0.236648 #_ PRIV_C
1995 7 19 226.084 0.312233 #_ PRIV_C
1996 7 19 1014.85 0.25576 #_ PRIV_C
1997 7 19 2242.91 0.246221 #_ PRIV_C
1998 7 19 756.893 0.217406 #_ PRIV_C
1999 7 19 2299.24 0.217406 #_ PRIV_C
2000 7 19 1360.72 0.227042 #_ PRIV_C
2001 7 19 1983.52 0.188318 #_ PRIV_C
2002 7 19 3745.66 0.217406 #_ PRIV_C
2003 7 19 2571.12 0.198042 #_ PRIV_C
2004 7 19 3469.43 0.188318 #_ PRIV_C
2005 7 19 2527.75 0.178567 #_ PRIV_C
2006 7 19 3233.19 0.15899 #_ PRIV_C
2007 7 19 4516.82 0.15899 #_ PRIV_C
2008 7 19 2291.59 0.207738 #_ PRIV_C
2009 7 19 1904.93 0.168791 #_ PRIV_C
2010 7 19 1963.08 0.188318 #_ PRIV_C
2011 7 19 1609.64 0.168791 #_ PRIV_C
2012 7 19 1141.05 0.15899 #_ PRIV_C
2013 7 19 3883.52 0.29356 #_ PRIV_C
2014 7 19 1440.84 0.217406 #_ PRIV_C
2015 7 19 1443.62 0.188318 #_ PRIV_C
2016 7 19 2884.99 0.168791 #_ PRIV_C
2017 7 19 4853.39 0.168791 #_ PRIV_C
2018 7 19 2735.71 0.188318 #_ PRIV_C
2019 7 19 3316.1 0.168791 #_ PRIV_C
2020 7 19 2162.31 0.139321 #_ PRIV_C
2021 7 19 2224.83 0.168791 #_ PRIV_C
2022 7 19 3053.69 0.149166 #_ PRIV_C
2023 7 19 2036.08 0.15899 #_ PRIV_C
1981 7 20 76.3567 0.638901 #_ PRIV_E
1984 7 20 82.4051 0.696386 #_ PRIV_E
1985 7 20 41.3243 0.710257 #_ PRIV_E
1986 7 20 11.6876 0.638901 #_ PRIV_E
1987 7 20 3.10334 0.638901 #_ PRIV_E
1988 7 20 35.6872 0.455345 #_ PRIV_E
1989 7 20 7.02185 0.638901 #_ PRIV_E
1990 7 20 21.5403 0.832555 #_ PRIV_E
1991 7 20 78.277 0.403062 #_ PRIV_E
1992 7 20 80.0731 0.420683 #_ PRIV_E
1993 7 20 29.7258 0.446753 #_ PRIV_E
1994 7 20 38.8639 0.546531 #_ PRIV_E
1995 7 20 13.9675 0.689376 #_ PRIV_E
1996 7 20 35.8111 0.463888 #_ PRIV_E
1997 7 20 25.9903 0.832555 #_ PRIV_E
1998 7 20 12.6604 0.546531 #_ PRIV_E
1999 7 20 26.4399 0.438112 #_ PRIV_E
2000 7 20 66.1686 0.624022 #_ PRIV_E
2001 7 20 5.72934 0.832555 #_ PRIV_E
2002 7 20 6.87399 0.832555 #_ PRIV_E
2003 7 20 2.06903 0.646264 #_ PRIV_E
2004 7 20 92.594 0.668047 #_ PRIV_E
2005 7 20 92.9215 0.455345 #_ PRIV_E
2006 7 20 30.9383 0.505848 #_ PRIV_E
2007 7 20 43.2705 0.489216 #_ PRIV_E
2008 7 20 7.2292 0.570322 #_ PRIV_E
2009 7 20 40.0734 0.608937 #_ PRIV_E
2010 7 20 24.0257 0.522275 #_ PRIV_E
2011 7 20 14.6013 0.820456 #_ PRIV_E
2012 7 20 14.2883 0.832555 #_ PRIV_E
2014 7 20 44.0827 0.546531 #_ PRIV_E
2015 7 20 23.2439 0.578148 #_ PRIV_E
2016 7 20 192.957 0.601318 #_ PRIV_E
2017 7 20 127.302 0.330745 #_ PRIV_E
2018 7 20 220.124 0.385253 #_ PRIV_E
2019 7 20 150.713 0.34909 #_ PRIV_E
2020 7 20 55.8874 0.367261 #_ PRIV_E
2021 7 20 212.682 0.514087 #_ PRIV_E
2022 7 20 196.067 0.593646 #_ PRIV_E
2023 7 20 283.178 0.330745 #_ PRIV_E
1996 7 28 405.741 0.05 #_ HL_Clsd_W
1997 7 28 517.006 0.05 #_ HL_Clsd_W
1998 7 28 405.162 0.05 #_ HL_Clsd_W
1999 7 28 436.787 0.05 #_ HL_Clsd_W
2000 7 28 420.384 0.05 #_ HL_Clsd_W
2001 7 28 401.854 0.05 #_ HL_Clsd_W
2002 7 28 429.826 0.05 #_ HL_Clsd_W
2003 7 28 417.277 0.05 #_ HL_Clsd_W
2004 7 28 363.947 0.05 #_ HL_Clsd_W
2005 7 28 361.285 0.05 #_ HL_Clsd_W
2006 7 28 263.23 0.05 #_ HL_Clsd_W
1996 7 29 130.017 0.05 #_ HL_Clsd_C
1997 7 29 109.229 0.05 #_ HL_Clsd_C
1998 7 29 109.699 0.05 #_ HL_Clsd_C
1999 7 29 124.443 0.05 #_ HL_Clsd_C
2000 7 29 102.018 0.05 #_ HL_Clsd_C
2001 7 29 97.9403 0.05 #_ HL_Clsd_C
2002 7 29 92.3799 0.05 #_ HL_Clsd_C
2003 7 29 106.473 0.05 #_ HL_Clsd_C
2004 7 29 79.4394 0.05 #_ HL_Clsd_C
2005 7 29 61.0864 0.05 #_ HL_Clsd_C
2006 7 29 70.2432 0.05 #_ HL_Clsd_C
1996 7 30 25.6725 0.05 #_ HL_Clsd_E
1997 7 30 27.0863 0.05 #_ HL_Clsd_E
1998 7 30 26.4506 0.05 #_ HL_Clsd_E
1999 7 30 30.8404 0.05 #_ HL_Clsd_E
2000 7 30 32.6614 0.05 #_ HL_Clsd_E
2001 7 30 28.3788 0.05 #_ HL_Clsd_E
2002 7 30 23.318 0.05 #_ HL_Clsd_E
2003 7 30 20.9347 0.05 #_ HL_Clsd_E
2004 7 30 16.7703 0.05 #_ HL_Clsd_E
2005 7 30 16.3348 0.05 #_ HL_Clsd_E
2006 7 30 17.9598 0.05 #_ HL_Clsd_E
1998 7 31 56.6145 0.05 #_ PRIV_Clsd_W
1999 7 31 54.3145 0.05 #_ PRIV_Clsd_W
2000 7 31 247.325 0.05 #_ PRIV_Clsd_W
2001 7 31 65.7497 0.05 #_ PRIV_Clsd_W
2002 7 31 613.726 0.05 #_ PRIV_Clsd_W
2003 7 31 622.788 0.05 #_ PRIV_Clsd_W
2004 7 31 2476.64 0.05 #_ PRIV_Clsd_W
2005 7 31 994.555 0.05 #_ PRIV_Clsd_W
2006 7 31 393.903 0.05 #_ PRIV_Clsd_W
2007 7 31 132.917 0.05 #_ PRIV_Clsd_W
2008 7 31 796.528 0.05 #_ PRIV_Clsd_W
2009 7 31 612.734 0.05 #_ PRIV_Clsd_W
2010 7 31 187.964 0.05 #_ PRIV_Clsd_W
2011 7 31 838.075 0.05 #_ PRIV_Clsd_W
2012 7 31 86.3095 0.05 #_ PRIV_Clsd_W
2013 7 31 175.797 0.05 #_ PRIV_Clsd_W
2014 7 31 37.281 0.05 #_ PRIV_Clsd_W
2015 7 31 45.7084 0.05 #_ PRIV_Clsd_W
2016 7 31 23.8185 0.05 #_ PRIV_Clsd_W
2017 7 31 85.8923 0.05 #_ PRIV_Clsd_W
2018 7 31 277.138 0.05 #_ PRIV_Clsd_W
2019 7 31 321.895 0.05 #_ PRIV_Clsd_W
2020 7 31 449.321 0.05 #_ PRIV_Clsd_W
2021 7 31 247.047 0.05 #_ PRIV_Clsd_W
2022 7 31 97.4353 0.05 #_ PRIV_Clsd_W
2023 7 31 146.675 0.05 #_ PRIV_Clsd_W
1997 7 32 25.1188 0.05 #_ PRIV_Clsd_C
1998 7 32 355.949 0.05 #_ PRIV_Clsd_C
1999 7 32 384.751 0.05 #_ PRIV_Clsd_C
2000 7 32 1201.63 0.05 #_ PRIV_Clsd_C
2001 7 32 2389.24 0.05 #_ PRIV_Clsd_C
2002 7 32 2680.2 0.05 #_ PRIV_Clsd_C
2003 7 32 1778.04 0.05 #_ PRIV_Clsd_C
2004 7 32 1035.62 0.05 #_ PRIV_Clsd_C
2005 7 32 1500.3 0.05 #_ PRIV_Clsd_C
2006 7 32 939.923 0.05 #_ PRIV_Clsd_C
2007 7 32 1179.15 0.05 #_ PRIV_Clsd_C
2008 7 32 2064.54 0.05 #_ PRIV_Clsd_C
2009 7 32 1931.69 0.05 #_ PRIV_Clsd_C
2010 7 32 2462.83 0.05 #_ PRIV_Clsd_C
2011 7 32 2119.88 0.05 #_ PRIV_Clsd_C
2012 7 32 2830.26 0.05 #_ PRIV_Clsd_C
2013 7 32 987.871 0.05 #_ PRIV_Clsd_C
2014 7 32 2424.15 0.05 #_ PRIV_Clsd_C
2015 7 32 1714.14 0.05 #_ PRIV_Clsd_C
2016 7 32 2597.6 0.05 #_ PRIV_Clsd_C
2017 7 32 3413.24 0.05 #_ PRIV_Clsd_C
2018 7 32 2289.74 0.05 #_ PRIV_Clsd_C
2019 7 32 2448.59 0.05 #_ PRIV_Clsd_C
2020 7 32 1741.2 0.05 #_ PRIV_Clsd_C
2021 7 32 1541.02 0.05 #_ PRIV_Clsd_C
2022 7 32 2809.91 0.05 #_ PRIV_Clsd_C
2023 7 32 1325.79 0.05 #_ PRIV_Clsd_C
1998 7 33 52.9446 0.05 #_ PRIV_Clsd_E
1999 7 33 23.419 0.05 #_ PRIV_Clsd_E
2000 7 33 1.55567 0.05 #_ PRIV_Clsd_E
2003 7 33 2.91982 0.05 #_ PRIV_Clsd_E
2005 7 33 36.2582 0.05 #_ PRIV_Clsd_E
2006 7 33 24.3781 0.05 #_ PRIV_Clsd_E
2008 7 33 33.2518 0.05 #_ PRIV_Clsd_E
2009 7 33 62.7615 0.05 #_ PRIV_Clsd_E
2010 7 33 105.442 0.05 #_ PRIV_Clsd_E
2011 7 33 1485.98 0.05 #_ PRIV_Clsd_E
2013 7 33 8.5159 0.05 #_ PRIV_Clsd_E
2014 7 33 5.3026 0.05 #_ PRIV_Clsd_E
2015 7 33 0.757245 0.05 #_ PRIV_Clsd_E
2016 7 33 515.204 0.05 #_ PRIV_Clsd_E
2017 7 33 133.425 0.05 #_ PRIV_Clsd_E
2018 7 33 426.915 0.05 #_ PRIV_Clsd_E
2019 7 33 244.439 0.05 #_ PRIV_Clsd_E
2020 7 33 184.041 0.05 #_ PRIV_Clsd_E
2021 7 33 36.2575 0.05 #_ PRIV_Clsd_E
2022 7 33 102.08 0.05 #_ PRIV_Clsd_E
2023 7 33 48.3476 0.05 #_ PRIV_Clsd_E
1983 -7 34 11664.2 0.1 #_ Shr_W
1984 7 -34 11094.8 0.5 #_ Shr_W
1985 7 -34 12380.2 0.5 #_ Shr_W
1986 7 -34 14318.6 0.5 #_ Shr_W
1987 7 -34 16356.4 0.5 #_ Shr_W
1988 7 -34 15074.9 0.5 #_ Shr_W
1989 7 -34 14586 0.5 #_ Shr_W
1990 7 -34 14562.6 0.5 #_ Shr_W
1991 7 -34 14347.1 0.5 #_ Shr_W
1992 7 -34 15164.1 0.5 #_ Shr_W
1993 7 -34 15363.6 0.5 #_ Shr_W
1994 7 -34 11276.2 0.5 #_ Shr_W
1995 7 -34 9863.33 0.5 #_ Shr_W
1996 7 -34 11272.6 0.5 #_ Shr_W
1997 7 -34 13251.1 0.5 #_ Shr_W
1998 7 -34 22193.4 0.5 #_ Shr_W
1999 7 -34 21650.1 0.5 #_ Shr_W
2000 7 -34 21070 0.5 #_ Shr_W
2001 7 -34 15592.4 0.5 #_ Shr_W
2002 7 -34 18822.6 0.5 #_ Shr_W
2003 7 -34 14157.8 0.5 #_ Shr_W
2004 7 -34 12714.2 0.5 #_ Shr_W
2005 7 -34 10298.8 0.5 #_ Shr_W
2006 7 -34 9114.18 0.5 #_ Shr_W
2007 7 -34 10312.6 0.5 #_ Shr_W
2008 7 -34 7790.72 0.5 #_ Shr_W
2009 7 -34 11080.6 0.5 #_ Shr_W
2010 7 -34 6138.58 0.5 #_ Shr_W
2011 7 -34 9400.46 0.5 #_ Shr_W
2012 7 -34 7629.64 0.5 #_ Shr_W
2013 7 -34 4040.86 0.5 #_ Shr_W
2014 7 -34 9446.94 0.5 #_ Shr_W
2015 7 -34 9477.17 0.5 #_ Shr_W
2016 7 -34 9009.69 0.5 #_ Shr_W
2017 7 -34 8669.01 0.5 #_ Shr_W
2018 7 -34 8067.89 0.5 #_ Shr_W
2019 7 -34 7117.81 0.5 #_ Shr_W
2020 7 -34 6617.45 0.5 #_ Shr_W
2021 7 -34 7725.85 0.5 #_ Shr_W
2022 7 -34 4867.1 0.5 #_ Shr_W
2023 -7 -34 4648.86 0.5 #_ Shr_W
1983 -7 35 861.423 0.1 #_ Shr_C
1984 7 -35 1172.02 0.5 #_ Shr_C
1985 7 -35 1087.54 0.5 #_ Shr_C
1986 7 -35 1241.66 0.5 #_ Shr_C
1987 7 -35 1387.34 0.5 #_ Shr_C
1988 7 -35 1260.97 0.5 #_ Shr_C
1989 7 -35 1287.58 0.5 #_ Shr_C
1990 7 -35 1441.69 0.5 #_ Shr_C
1991 7 -35 1292.18 0.5 #_ Shr_C
1992 7 -35 1410.09 0.5 #_ Shr_C
1993 7 -35 1133.61 0.5 #_ Shr_C
1994 7 -35 397.458 0.5 #_ Shr_C
1995 7 -35 373.284 0.5 #_ Shr_C
1996 7 -35 579.141 0.5 #_ Shr_C
1997 7 -35 792.867 0.5 #_ Shr_C
1998 7 -35 1618.65 0.5 #_ Shr_C
1999 7 -35 1633.38 0.5 #_ Shr_C
2000 7 -35 1367.94 0.5 #_ Shr_C
2001 7 -35 1539.98 0.5 #_ Shr_C
2002 7 -35 1564.85 0.5 #_ Shr_C
2003 7 -35 1263.12 0.5 #_ Shr_C
2004 7 -35 942.86 0.5 #_ Shr_C
2005 7 -35 587.795 0.5 #_ Shr_C
2006 7 -35 518.089 0.5 #_ Shr_C
2007 7 -35 238.017 0.5 #_ Shr_C
2008 7 -35 442.839 0.5 #_ Shr_C
2009 7 -35 521.565 0.5 #_ Shr_C
2010 7 -35 260.347 0.5 #_ Shr_C
2011 7 -35 232.999 0.5 #_ Shr_C
2012 7 -35 203.434 0.5 #_ Shr_C
2013 7 -35 796.414 0.5 #_ Shr_C
2014 7 -35 1021.71 0.5 #_ Shr_C
2015 7 -35 663.237 0.5 #_ Shr_C
2016 7 -35 519.427 0.5 #_ Shr_C
2017 7 -35 531.606 0.5 #_ Shr_C
2018 7 -35 586.996 0.5 #_ Shr_C
2019 7 -35 491.851 0.5 #_ Shr_C
2020 7 -35 674.81 0.5 #_ Shr_C
2021 7 -35 566.37 0.5 #_ Shr_C
2022 7 -35 386.734 0.5 #_ Shr_C
2023 -7 -35 424.468 0.5 #_ Shr_C
1983 -7 36 174.812 0.1 #_ Shr_E
1984 7 -36 221.14 0.5 #_ Shr_E
1985 7 -36 234.456 0.5 #_ Shr_E
1986 7 -36 181.489 0.5 #_ Shr_E
1987 7 -36 229.635 0.5 #_ Shr_E
1988 7 -36 182.609 0.5 #_ Shr_E
1989 7 -36 185.504 0.5 #_ Shr_E
1990 7 -36 198.253 0.5 #_ Shr_E
1991 7 -36 157.281 0.5 #_ Shr_E
1992 7 -36 159.532 0.5 #_ Shr_E
1993 7 -36 158.781 0.5 #_ Shr_E
1994 7 -36 207.428 0.5 #_ Shr_E
1995 7 -36 257.754 0.5 #_ Shr_E
1996 7 -36 288.297 0.5 #_ Shr_E
1997 7 -36 258.454 0.5 #_ Shr_E
1998 7 -36 361.226 0.5 #_ Shr_E
1999 7 -36 242.205 0.5 #_ Shr_E
2000 7 -36 195.23 0.5 #_ Shr_E
2001 7 -36 225.587 0.5 #_ Shr_E
2002 7 -36 147.518 0.5 #_ Shr_E
2003 7 -36 127.37 0.5 #_ Shr_E
2004 7 -36 119.479 0.5 #_ Shr_E
2005 7 -36 85.7954 0.5 #_ Shr_E
2006 7 -36 65.282 0.5 #_ Shr_E
2007 7 -36 147.096 0.5 #_ Shr_E
2008 7 -36 72.7836 0.5 #_ Shr_E
2009 7 -36 111.793 0.5 #_ Shr_E
2010 7 -36 53.7947 0.5 #_ Shr_E
2011 7 -36 68.8944 0.5 #_ Shr_E
2012 7 -36 66.727 0.5 #_ Shr_E
2013 7 -36 41.0131 0.5 #_ Shr_E
2014 7 -36 100.525 0.5 #_ Shr_E
2015 7 -36 178.944 0.5 #_ Shr_E
2016 7 -36 183.612 0.5 #_ Shr_E
2017 7 -36 213.362 0.5 #_ Shr_E
2018 7 -36 267.189 0.5 #_ Shr_E
2019 7 -36 232.38 0.5 #_ Shr_E
2020 7 -36 233.697 0.5 #_ Shr_E
2021 7 -36 223.163 0.5 #_ Shr_E
2022 7 -36 195.031 0.5 #_ Shr_E
2023 -7 -36 112.167 0.5 #_ Shr_E
1997 7 37 12.973 0.655118 #_ HBT_Clsd_W
1998 7 37 11.9782 0.691853 #_ HBT_Clsd_W
1999 7 37 3.24424 0.722495 #_ HBT_Clsd_W
2000 7 37 10.7568 0.644728 #_ HBT_Clsd_W
2001 7 37 18.044 0.708857 #_ HBT_Clsd_W
2002 7 37 18.9855 0.638131 #_ HBT_Clsd_W
2003 7 37 32.9123 0.668041 #_ HBT_Clsd_W
2004 7 37 47.6407 0.633455 #_ HBT_Clsd_W
2005 7 37 52.5561 0.637928 #_ HBT_Clsd_W
2006 7 37 51.0816 0.624875 #_ HBT_Clsd_W
2007 7 37 42.6758 0.697024 #_ HBT_Clsd_W
2008 7 37 29.168 0.240906 #_ HBT_Clsd_W
2009 7 37 18.141 0.0919271 #_ HBT_Clsd_W
2010 7 37 10.146 0.0550831 #_ HBT_Clsd_W
2011 7 37 11.798 0.0512002 #_ HBT_Clsd_W
2012 7 37 8.04 0.0920428 #_ HBT_Clsd_W
2013 7 37 7.227 0.0499688 #_ HBT_Clsd_W
2014 7 37 6.985 0.0499688 #_ HBT_Clsd_W
2015 7 37 5.664 0.0510796 #_ HBT_Clsd_W
2016 7 37 6.407 0.0516369 #_ HBT_Clsd_W
2017 7 37 4.787 0.0732118 #_ HBT_Clsd_W
2018 7 37 4.378 0.0522777 #_ HBT_Clsd_W
2019 7 37 3.977 0.0584917 #_ HBT_Clsd_W
2020 7 37 3.916 0.0499688 #_ HBT_Clsd_W
2021 7 37 4.46 0.0499688 #_ HBT_Clsd_W
2022 7 37 2.533 0.0499688 #_ HBT_Clsd_W
2023 7 37 2.224 0.0499688 #_ HBT_Clsd_W
1997 7 38 4.44506 0.398863 #_ HBT_Clsd_C
1998 7 38 9.12959 0.330651 #_ HBT_Clsd_C
1999 7 38 18.1026 0.339279 #_ HBT_Clsd_C
2000 7 38 21.2748 0.310072 #_ HBT_Clsd_C
2001 7 38 20.4355 0.323324 #_ HBT_Clsd_C
2002 7 38 21.0424 0.330937 #_ HBT_Clsd_C
2003 7 38 21.6216 0.375422 #_ HBT_Clsd_C
2004 7 38 20.1315 0.372475 #_ HBT_Clsd_C
2005 7 38 17.363 0.375772 #_ HBT_Clsd_C
2006 7 38 27.1864 0.457738 #_ HBT_Clsd_C
2007 7 38 25.4522 0.484319 #_ HBT_Clsd_C
2008 7 38 56.879 0.0867811 #_ HBT_Clsd_C
2009 7 38 47.634 0.0544878 #_ HBT_Clsd_C
2010 7 38 38.892 0.0625438 #_ HBT_Clsd_C
2011 7 38 60.342 0.0506315 #_ HBT_Clsd_C
2012 7 38 54.252 0.0805563 #_ HBT_Clsd_C
2013 7 38 53.459 0.0499688 #_ HBT_Clsd_C
2014 7 38 54.095 0.0502675 #_ HBT_Clsd_C
2015 7 38 34.162 0.0517731 #_ HBT_Clsd_C
2016 7 38 44.069 0.050559 #_ HBT_Clsd_C
2017 7 38 62.415 0.0505327 #_ HBT_Clsd_C
2018 7 38 51.321 0.0510543 #_ HBT_Clsd_C
2019 7 38 44.819 0.0531891 #_ HBT_Clsd_C
2020 7 38 30.588 0.0499688 #_ HBT_Clsd_C
2021 7 38 51.5 0.0499688 #_ HBT_Clsd_C
2022 7 38 40.326 0.0499688 #_ HBT_Clsd_C
2023 7 38 30.077 0.0499688 #_ HBT_Clsd_C
1997 7 39 0.000493151 0.99787 #_ HBT_Clsd_E
1998 7 39 0.0128767 0.77384 #_ HBT_Clsd_E
1999 7 39 0.964159 0.77298 #_ HBT_Clsd_E
2000 7 39 0.16446 0.791558 #_ HBT_Clsd_E
2001 7 39 0.350126 0.787844 #_ HBT_Clsd_E
2003 7 39 0.176241 0.78326 #_ HBT_Clsd_E
2004 7 39 0.467934 0.627633 #_ HBT_Clsd_E
2005 7 39 0.946707 0.5721 #_ HBT_Clsd_E
2006 7 39 0.373688 0.778429 #_ HBT_Clsd_E
2007 7 39 0.411386 0.771624 #_ HBT_Clsd_E
2008 7 39 3.243 0.0654694 #_ HBT_Clsd_E
2009 7 39 4.355 0.0548194 #_ HBT_Clsd_E
2010 7 39 0.912 0.0973102 #_ HBT_Clsd_E
2011 7 39 4.332 0.0654034 #_ HBT_Clsd_E
2012 7 39 1.846 0.0535847 #_ HBT_Clsd_E
2013 7 39 1.133 0.0499688 #_ HBT_Clsd_E
2014 7 39 1.534 0.0504606 #_ HBT_Clsd_E
2015 7 39 1.078 0.0501853 #_ HBT_Clsd_E
2016 7 39 7.014 0.0499688 #_ HBT_Clsd_E
2017 7 39 10.465 0.0535709 #_ HBT_Clsd_E
2018 7 39 8.372 0.0515265 #_ HBT_Clsd_E
2019 7 39 6.979 0.0513082 #_ HBT_Clsd_E
2020 7 39 3.637 0.0499688 #_ HBT_Clsd_E
2021 7 39 2.918 0.0499688 #_ HBT_Clsd_E
2022 7 39 2.887 0.0499688 #_ HBT_Clsd_E
2023 7 39 2.549 0.0499688 #_ HBT_Clsd_E
-9999 0 0 0.0 0.0 # terminator for discard data 
#
0 #_use meanbodysize_data (0/1)
#_COND_0 #_DF_for_meanbodysize_T-distribution_like
# note:  type=1 for mean length; type=2 for mean body weight 
#_yr month fleet part type obs stderr
#  -9999 0 0 0 0 0 0 # terminator for mean body size data 
#
# set up population length bin structure (note - irrelevant if not using size data and using empirical wtatage
2 # length bin method: 1=use databins; 2=generate from binwidth,min,max below; 3=read vector
2 # binwidth for population size comp 
4 # minimum size in the population (lower edge of first bin and size at age 0.00) 
120 # maximum size in the population (lower edge of last bin) 
1 # use length composition data (0/1)
#_mintailcomp: upper and lower distribution for females and males separately are accumulated until exceeding this level.
#_addtocomp:  after accumulation of tails; this value added to all bins
#_combM+F: males and females treated as combined gender below this bin number 
#_compressbins: accumulate upper tail by this number of bins; acts simultaneous with mintailcomp; set=0 for no forced accumulation
#_Comp_Error:  0=multinomial, 1=dirichlet using Theta*n, 2=dirichlet using beta, 3=MV_Tweedie
#_ParmSelect:  consecutive index for dirichlet or MV_Tweedie
#_minsamplesize: minimum sample size; set to 1 to match 3.24, minimum value is 0.001
#
#_mintailcomp addtocomp combM+F CompressBins CompError ParmSelect minsamplesize
0 0.0001 0 0 1 1 1 #_fleet:1_HL_W
0 0.0001 0 0 1 1 1 #_fleet:2_HL_C
0 0.0001 0 0 1 1 1 #_fleet:3_HL_E
0 0.0001 0 0 0 0 1 #_fleet:4_GFISHER_C
0 0.0001 0 0 0 0 1 #_fleet:5_GFISHER_E
0 0.0001 0 0 1 1 1 #_fleet:6_LL_W
0 0.0001 0 0 1 1 1 #_fleet:7_LL_E
0 0.0001 0 0 0 0 1 #_fleet:8_LL_C
0 0.0001 0 0 0 0 1 #_fleet:9_BLL_W
0 0.0001 0 0 0 0 1 #_fleet:10_BLL_C
0 0.0001 0 0 0 0 1 #_fleet:11_BLL_E
0 0.0001 0 0 1 2 1 #_fleet:12_CBT_C
0 0.0001 0 0 1 3 1 #_fleet:13_CBT_W
0 0.0001 0 0 1 3 1 #_fleet:14_CBT_E
0 0.0001 0 0 1 4 1 #_fleet:15_HBT_W
0 0.0001 0 0 1 4 1 #_fleet:16_HBT_C
0 0.0001 0 0 1 5 1 #_fleet:17_HBT_E
0 0.0001 0 0 1 6 1 #_fleet:18_PRIV_W
0 0.0001 0 0 1 6 1 #_fleet:19_PRIV_C
0 0.0001 0 0 1 6 1 #_fleet:20_PRIV_E
0 0.0001 0 0 0 0 1 #_fleet:21_LARVAL_C
0 0.0001 0 0 0 0 1 #_fleet:22_LARVAL_W
0 0.0001 0 0 0 0 1 #_fleet:23_FALLLATE_W
0 0.0001 0 0 0 0 1 #_fleet:24_FALLLATE_C
0 0.0001 0 0 0 0 1 #_fleet:25_FALLLATE_E
0 0.0001 0 0 1 7 1 #_fleet:26_FALLEARLY_W
0 0.0001 0 0 0 0 1 #_fleet:27_COMMOBS_E
0 0.0001 0 0 0 0 1 #_fleet:28_HL_Clsd_W
0 0.0001 0 0 0 0 1 #_fleet:29_HL_Clsd_C
0 0.0001 0 0 0 0 1 #_fleet:30_HL_Clsd_E
0 0.0001 0 0 0 0 1 #_fleet:31_PRIV_Clsd_W
0 0.0001 0 0 0 0 1 #_fleet:32_PRIV_Clsd_C
0 0.0001 0 0 0 0 1 #_fleet:33_PRIV_Clsd_E
0 0.0001 0 0 0 0 1 #_fleet:34_Shr_W
0 0.0001 0 0 0 0 1 #_fleet:35_Shr_C
0 0.0001 0 0 0 0 1 #_fleet:36_Shr_E
0 0.0001 0 0 0 0 1 #_fleet:37_HBT_Clsd_W
0 0.0001 0 0 0 0 1 #_fleet:38_HBT_Clsd_C
0 0.0001 0 0 0 0 1 #_fleet:39_HBT_Clsd_E
0 0.0001 0 0 0 0 1 #_fleet:40_SUMLATE_W
0 0.0001 0 0 0 0 1 #_fleet:41_SUMLATE_C
0 0.0001 0 0 0 0 1 #_fleet:42_SUMLATE_E
0 0.0001 0 0 0 0 1 #_fleet:43_SUMEARLY_W
0 0.0001 0 0 0 0 1 #_fleet:43_SUMEARLY_W
# sex codes:  0=combined; 1=use female only; 2=use male only; 3=use both as joint sexxlength distribution
# partition codes:  (0=combined; 1=discard; 2=retained
58 #_N_LengthBins; then enter lower edge of each length bin
 6 8 10 12 14 16 18 20 22 24 26 28 30 32 34 36 38 40 42 44 46 48 50 52 54 56 58 60 62 64 66 68 70 72 74 76 78 80 82 84 86 88 90 92 94 96 98 100 102 104 106 108 110 112 114 116 118 120
#_yr month fleet sex part Nsamp datavector(female-male)
 1984 7 1 3 2 49 0 0 0 0 0 0 0 0.005 0.022 0.039 0.053 0.079 0.12 0.105 0.075 0.077 0.08 0.059 0.048 0.041 0.031 0.024 0.021 0.014 0.01 0.009 0.007 0.014 0.014 0.011 0.006 0.008 0.004 0.005 0.003 0.004 0.005 0.004 0.002 0 0 0 0 0 0 0 0 0 0 0 0 0 0 0 0 0 0 0
 1985 7 1 3 2 66 0 0 0 0 0 0 0 0 0 0.002 0.011 0.058 0.141 0.149 0.124 0.104 0.075 0.054 0.045 0.027 0.028 0.027 0.021 0.02 0.018 0.013 0.008 0.007 0.009 0.01 0.005 0.008 0.009 0.007 0.006 0.004 0.003 0.003 0.002 0 0 0 0 0 0 0 0 0 0 0 0 0 0 0 0 0 0 0
 1986 7 1 3 2 42 0 0 0 0 0 0 0 0 0 0 0.002 0.031 0.17 0.156 0.139 0.107 0.078 0.057 0.038 0.042 0.025 0.023 0.018 0.019 0.011 0.013 0.008 0.007 0.009 0.004 0.004 0.007 0.003 0.005 0.004 0.003 0.004 0.004 0.002 0.003 0.002 0 0 0 0 0 0 0 0 0 0 0 0 0 0 0 0 0
 1987 7 1 3 2 40 0 0 0 0 0 0 0 0 0 0 0.001 0.016 0.147 0.189 0.144 0.109 0.079 0.045 0.059 0.038 0.028 0.03 0.021 0.016 0.007 0.01 0.014 0.004 0.01 0.004 0.003 0.009 0.003 0.001 0.001 0.003 0.003 0.003 0.001 0 0 0 0 0 0 0 0 0 0 0 0 0 0 0 0 0.001 0 0
 1988 7 1 3 2 55 0 0 0 0 0 0 0 0 0 0.003 0.003 0.016 0.181 0.156 0.089 0.073 0.118 0.053 0.055 0.025 0.024 0.055 0.021 0.021 0.01 0.015 0.016 0.015 0.012 0.009 0.004 0.003 0.006 0.005 0.002 0.004 0.003 0.003 0 0 0 0 0 0 0 0 0 0 0 0 0 0 0 0 0 0 0 0
 1989 7 1 3 2 54 0 0 0 0 0 0 0 0 0 0.015 0.026 0.043 0.112 0.117 0.094 0.104 0.101 0.082 0.049 0.029 0.036 0.048 0.031 0.019 0.019 0.007 0.018 0.012 0.013 0.002 0.009 0.004 0.002 0.001 0 0 0 0 0 0 0 0 0 0 0 0 0 0 0 0 0 0 0 0 0 0 0 0
 1990 7 1 3 2 211 0 0 0 0 0 0 0 0 0 0.002 0.002 0.01 0.106 0.123 0.113 0.107 0.105 0.077 0.065 0.059 0.055 0.029 0.027 0.022 0.017 0.015 0.013 0.01 0.011 0.006 0.006 0.006 0.003 0.002 0.001 0.002 0.003 0.001 0.001 0 0 0 0 0 0 0 0 0 0 0 0 0 0 0 0 0 0 0
 1991 7 1 3 2 201 0 0 0 0 0 0 0 0 0 0.001 0.002 0.017 0.142 0.171 0.121 0.098 0.075 0.056 0.058 0.041 0.043 0.029 0.02 0.016 0.016 0.011 0.009 0.012 0.008 0.005 0.006 0.005 0.007 0.005 0.004 0.005 0.005 0.003 0.003 0.001 0.002 0 0 0 0 0 0 0 0 0 0 0 0 0 0 0 0 0
 1992 7 1 3 2 164 0 0 0 0 0 0 0 0 0 0 0 0.011 0.15 0.186 0.153 0.122 0.091 0.054 0.047 0.034 0.024 0.015 0.016 0.017 0.015 0.009 0.007 0.011 0.006 0.004 0.009 0.003 0.003 0.004 0.002 0.001 0.001 0.001 0 0.001 0 0 0 0 0 0 0 0 0 0 0 0 0 0 0 0 0 0
 1993 7 1 3 2 165 0 0 0 0 0 0 0 0 0 0 0 0 0.033 0.09 0.11 0.117 0.12 0.109 0.087 0.083 0.055 0.042 0.035 0.025 0.018 0.017 0.011 0.011 0.009 0.006 0.003 0.006 0.002 0.002 0.003 0.002 0.001 0.001 0 0.001 0 0 0 0 0 0 0 0 0 0 0 0 0 0 0 0 0 0
 1994 7 1 3 2 72 0 0 0 0 0 0 0 0 0 0 0 0 0.002 0.058 0.119 0.121 0.129 0.117 0.107 0.069 0.066 0.039 0.031 0.028 0.021 0.021 0.016 0.012 0.009 0.01 0.005 0.007 0.003 0.001 0.002 0.002 0.002 0 0 0 0 0 0 0 0 0 0 0 0 0 0 0 0 0 0 0 0 0
 1995 7 1 3 2 57 0 0 0 0 0 0 0 0 0 0 0 0 0.002 0.052 0.134 0.124 0.119 0.095 0.071 0.056 0.045 0.042 0.045 0.034 0.031 0.028 0.024 0.018 0.018 0.016 0.014 0.011 0.009 0.006 0.003 0.001 0 0 0 0 0 0 0 0 0 0 0 0 0 0 0 0 0 0 0 0 0 0
 1996 7 1 3 2 32 0 0 0 0 0 0 0 0 0 0 0 0 0 0.009 0.08 0.171 0.154 0.121 0.108 0.069 0.051 0.048 0.043 0.03 0.019 0.018 0.009 0.009 0.011 0.011 0.012 0.015 0.004 0.003 0.002 0 0 0 0 0 0 0 0 0 0 0 0 0 0 0 0 0 0 0 0 0 0 0
 1997 7 1 3 2 156 0 0 0 0 0 0 0 0 0 0 0 0 0 0.003 0.092 0.155 0.14 0.099 0.076 0.066 0.058 0.049 0.045 0.034 0.032 0.032 0.019 0.017 0.018 0.016 0.009 0.009 0.008 0.006 0.01 0.002 0.002 0 0 0 0 0 0 0 0 0 0 0 0 0 0 0 0 0 0 0 0 0
 1998 7 1 3 2 219 0 0 0 0 0 0 0 0 0 0 0 0.001 0.002 0.006 0.068 0.139 0.137 0.109 0.086 0.08 0.065 0.056 0.043 0.034 0.031 0.024 0.021 0.024 0.014 0.012 0.01 0.008 0.007 0.005 0.008 0.003 0.002 0.001 0.001 0 0 0 0 0 0 0 0 0 0 0 0 0 0 0 0 0 0 0
 1999 7 1 3 2 177 0 0 0 0 0 0 0 0 0 0 0 0 0 0.001 0.044 0.127 0.136 0.124 0.09 0.07 0.06 0.049 0.045 0.041 0.035 0.032 0.023 0.018 0.017 0.019 0.016 0.015 0.01 0.011 0.007 0.004 0.003 0 0 0 0 0 0 0 0 0 0 0 0 0 0 0 0 0 0 0 0 0
 2000 7 1 3 2 138 0 0 0 0 0 0 0 0 0 0 0 0 0 0.003 0.084 0.153 0.179 0.12 0.098 0.082 0.064 0.032 0.032 0.024 0.015 0.018 0.014 0.012 0.012 0.018 0.013 0.005 0.007 0.006 0.002 0.001 0.001 0 0 0.003 0 0 0 0 0 0 0 0 0 0 0 0 0 0 0 0 0 0
 2001 7 1 3 2 156 0 0 0 0 0 0 0 0 0 0 0 0 0 0.006 0.102 0.17 0.151 0.122 0.098 0.074 0.053 0.036 0.036 0.027 0.022 0.019 0.015 0.009 0.013 0.009 0.01 0.007 0.009 0.004 0.003 0.002 0.001 0 0 0 0 0 0 0 0 0 0 0 0 0 0 0 0 0 0 0 0 0
 2002 7 1 3 2 222 0 0 0 0 0 0 0 0 0 0 0 0 0.002 0.006 0.101 0.151 0.144 0.12 0.088 0.064 0.057 0.049 0.038 0.036 0.026 0.023 0.019 0.018 0.009 0.018 0.01 0.004 0.004 0.004 0.002 0.002 0.001 0.001 0 0 0 0 0 0 0 0 0 0 0 0 0 0 0 0 0 0 0 0
 2003 7 1 3 2 195 0 0 0 0 0 0 0 0 0 0 0 0 0 0.007 0.112 0.161 0.149 0.112 0.098 0.077 0.057 0.043 0.037 0.031 0.025 0.019 0.017 0.015 0.009 0.01 0.007 0.004 0.002 0.003 0.002 0 0.001 0 0 0 0 0 0 0 0 0 0 0 0 0 0 0 0 0 0 0 0 0
 2004 7 1 3 2 113 0 0 0 0 0 0 0 0 0 0 0 0 0 0.004 0.088 0.16 0.145 0.127 0.1 0.079 0.06 0.039 0.037 0.037 0.023 0.019 0.015 0.009 0.022 0.01 0.006 0.007 0.006 0.002 0.002 0.003 0.001 0 0 0 0 0 0 0 0 0 0 0 0 0 0 0 0 0 0 0 0 0
 2005 7 1 3 2 161 0 0 0 0 0 0 0 0 0 0 0 0 0 0.004 0.081 0.147 0.156 0.142 0.088 0.081 0.058 0.053 0.035 0.027 0.024 0.019 0.025 0.013 0.017 0.004 0.008 0.004 0.004 0.002 0.001 0 0.002 0 0 0 0 0 0 0 0 0 0 0 0 0 0 0 0 0 0 0 0 0
 2006 7 1 3 2 169 0 0 0 0 0 0 0 0 0 0 0 0 0 0.005 0.146 0.222 0.174 0.113 0.075 0.05 0.054 0.031 0.022 0.025 0.015 0.016 0.012 0.006 0.01 0.005 0.004 0.005 0.002 0.003 0.001 0.002 0 0 0 0 0 0 0 0 0 0 0 0 0 0 0 0 0 0 0 0 0 0
 2007 7 1 3 1 15 0 0 0 0 0 0 0 0 0.005 0.02 0.036 0.093 0.133 0.159 0.223 0.162 0.058 0.028 0.019 0.011 0.018 0.007 0.008 0.004 0.005 0.002 0.002 0.003 0 0 0.002 0 0 0 0 0 0 0 0 0 0 0 0 0 0 0 0 0 0 0 0 0 0 0 0 0 0 0
 2007 7 1 3 2 76 0 0 0 0 0 0 0 0 0 0 0 0 0.019 0.049 0.098 0.166 0.155 0.108 0.08 0.067 0.053 0.041 0.03 0.029 0.021 0.025 0.015 0.014 0.008 0.003 0.006 0.004 0.003 0.003 0.002 0 0 0 0 0 0 0 0 0 0 0 0 0 0 0 0 0 0 0 0 0 0 0
 -2008 7 1 3 1 7 0 0 0 0 0 0.001 0 0.004 0.006 0.02 0.081 0.152 0.191 0.202 0.226 0.091 0.012 0.002 0.002 0 0 0 0 0 0 0.001 0 0 0.001 0.004 0.003 0 0 0 0 0 0 0.001 0 0 0 0 0 0 0 0 0 0 0 0 0 0 0 0 0 0 0 0
 2008 7 1 3 2 110 0 0 0 0 0 0 0 0 0 0 0 0 0.012 0.034 0.083 0.138 0.141 0.124 0.095 0.072 0.068 0.05 0.046 0.034 0.027 0.018 0.009 0.007 0.008 0.008 0.01 0.004 0.002 0.002 0.002 0.002 0.003 0.001 0 0 0 0 0 0 0 0 0 0 0 0 0 0 0 0 0 0 0 0
 -2009 7 1 3 1 3 0 0 0 0 0 0 0 0 0.029 0.029 0.2 0.371 0.343 0.029 0 0 0 0 0 0 0 0 0 0 0 0 0 0 0 0 0 0 0 0 0 0 0 0 0 0 0 0 0 0 0 0 0 0 0 0 0 0 0 0 0 0 0 0
 2009 7 1 3 2 101 0 0 0 0 0 0 0 0 0 0 0 0 0.01 0.025 0.051 0.097 0.114 0.108 0.09 0.096 0.084 0.063 0.064 0.048 0.042 0.029 0.019 0.018 0.012 0.011 0.006 0.003 0.002 0.001 0.002 0 0 0 0.001 0 0 0 0 0 0 0 0 0 0 0 0 0 0 0 0 0 0 0
 -2010 7 1 3 1 3 0 0 0 0 0 0 0 0.008 0.033 0.029 0.07 0.172 0.328 0.258 0.066 0.004 0 0 0 0 0 0 0 0.004 0 0 0 0 0 0 0 0 0.016 0.008 0 0 0.004 0 0 0 0 0 0 0 0 0 0 0 0 0 0 0 0 0 0 0 0 0
 2010 7 1 3 2 127 0 0 0 0 0 0 0 0 0 0 0 0 0.01 0.029 0.046 0.07 0.096 0.091 0.082 0.077 0.081 0.091 0.077 0.06 0.051 0.038 0.036 0.024 0.016 0.008 0.007 0.004 0.001 0 0.001 0 0 0 0 0 0 0 0 0 0 0 0 0 0 0 0 0 0 0 0 0 0 0
 -2011 7 1 3 1 8 0 0 0 0 0 0 0 0 0.015 0.02 0.038 0.064 0.117 0.058 0.021 0.037 0.055 0.059 0.062 0.055 0.056 0.045 0.04 0.032 0.025 0.014 0.015 0.027 0.023 0.033 0.021 0.03 0.014 0.006 0.011 0.004 0.002 0.001 0 0 0 0 0 0 0 0 0 0 0 0 0 0 0 0 0 0 0 0
 2011 7 1 3 2 141 0 0 0 0 0 0 0 0 0 0 0 0 0.011 0.024 0.036 0.048 0.057 0.072 0.064 0.076 0.067 0.067 0.084 0.071 0.071 0.058 0.048 0.048 0.033 0.025 0.016 0.008 0.009 0.003 0 0.001 0 0 0 0 0 0 0 0 0 0 0 0 0 0 0 0 0 0 0 0 0 0
 2012 7 1 3 1 26 0 0 0 0 0 0 0 0.002 0.002 0.011 0.058 0.103 0.137 0.051 0.049 0.037 0.041 0.042 0.033 0.044 0.038 0.054 0.057 0.055 0.034 0.029 0.017 0.016 0.019 0.022 0.013 0.013 0.011 0.005 0.003 0.003 0 0 0 0 0 0 0 0 0 0 0 0 0 0 0 0 0 0 0 0 0 0
 2012 7 1 3 2 277 0 0 0 0 0 0 0 0 0 0 0 0.002 0.02 0.057 0.074 0.078 0.083 0.075 0.075 0.07 0.067 0.063 0.057 0.05 0.044 0.038 0.035 0.028 0.021 0.018 0.017 0.014 0.005 0.003 0.002 0.001 0 0 0 0 0 0 0 0 0 0 0 0 0 0 0 0 0 0 0 0 0 0
 -2013 7 1 3 1 7 0 0 0 0 0 0 0 0 0 0.003 0.025 0.087 0.21 0.281 0.093 0.016 0.005 0.003 0.005 0 0.003 0.014 0.025 0.03 0.025 0.055 0.033 0.019 0.014 0.011 0.011 0.022 0.005 0 0 0 0.003 0 0 0 0.003 0 0 0 0 0 0 0 0 0 0 0 0 0 0 0 0 0
 2013 7 1 3 2 304 0 0 0 0 0 0 0 0 0 0 0 0 0.012 0.041 0.064 0.076 0.094 0.092 0.089 0.09 0.078 0.068 0.058 0.047 0.039 0.033 0.028 0.024 0.021 0.016 0.012 0.009 0.004 0.001 0 0 0 0 0 0 0 0 0 0 0 0 0 0 0 0 0 0 0 0 0 0 0 0
 2014 7 1 3 1 13 0 0 0 0 0 0 0 0 0 0.011 0.04 0.254 0.279 0.158 0.052 0.013 0.007 0.005 0.018 0.017 0.01 0.013 0.017 0.022 0.021 0.001 0.005 0.01 0.018 0.014 0.015 0 0 0 0 0 0 0 0 0 0 0 0 0 0 0 0 0 0 0 0 0 0 0 0 0 0 0
 2014 7 1 3 2 311 0 0 0 0 0 0 0 0 0 0 0 0 0.008 0.033 0.055 0.077 0.091 0.092 0.096 0.088 0.082 0.071 0.064 0.052 0.045 0.034 0.027 0.025 0.017 0.017 0.011 0.008 0.003 0.002 0 0 0 0 0 0 0 0 0 0 0 0 0 0 0 0 0 0 0 0 0 0 0 0
 2015 7 1 3 1 25 0 0 0 0 0 0 0 0.014 0.006 0.011 0.039 0.098 0.105 0.042 0.031 0.044 0.064 0.07 0.051 0.041 0.038 0.037 0.035 0.04 0.027 0.014 0.02 0.014 0.018 0.031 0.028 0.031 0.016 0.014 0.004 0.015 0 0 0 0 0 0 0 0 0 0 0 0 0 0 0 0 0 0 0 0 0 0
 2015 7 1 3 2 283 0 0 0 0 0 0 0 0 0 0 0 0 0.009 0.029 0.053 0.069 0.081 0.096 0.098 0.095 0.092 0.078 0.066 0.058 0.044 0.033 0.025 0.021 0.016 0.013 0.01 0.007 0.003 0.002 0 0 0 0 0 0 0 0 0 0 0 0 0 0 0 0 0 0 0 0 0 0 0 0
 2016 7 1 3 1 21 0 0 0 0 0 0 0 0 0.007 0.03 0.095 0.315 0.132 0.144 0.021 0 0.001 0.018 0.003 0.041 0.018 0 0.007 0.014 0.007 0.003 0.007 0.003 0.015 0.024 0.045 0.025 0.017 0 0.004 0 0 0 0 0 0 0 0 0 0 0 0 0 0 0 0 0 0 0 0 0 0 0
 2016 7 1 3 2 293 0 0 0 0 0 0 0 0 0 0 0 0 0.009 0.031 0.055 0.078 0.089 0.1 0.095 0.091 0.081 0.072 0.062 0.053 0.047 0.034 0.025 0.024 0.014 0.013 0.009 0.007 0.003 0.003 0.001 0 0 0 0 0 0 0 0 0 0 0 0 0 0 0 0 0 0 0 0 0 0 0
 2017 7 1 3 1 10 0 0 0 0 0 0 0 0 0 0.012 0.066 0.286 0.33 0.145 0.019 0.01 0.003 0.006 0.007 0.007 0.008 0.01 0.004 0.007 0.011 0.003 0.003 0.014 0 0.007 0 0.006 0.012 0 0.012 0 0.006 0.006 0 0 0 0 0 0 0 0 0 0 0 0 0 0 0 0 0 0 0 0
 2017 7 1 3 2 274 0 0 0 0 0 0 0 0 0 0 0 0 0.009 0.033 0.05 0.063 0.076 0.084 0.087 0.088 0.079 0.08 0.065 0.058 0.054 0.044 0.035 0.033 0.023 0.015 0.01 0.006 0.002 0.002 0 0 0 0 0 0 0 0 0 0 0 0 0 0 0 0 0 0 0 0 0 0 0 0
 -2018 7 1 3 1 6 0 0 0 0 0 0 0 0.003 0.024 0.024 0.115 0.243 0.29 0.027 0.003 0.01 0.017 0.021 0.034 0.02 0.003 0.007 0.003 0.014 0.014 0.017 0.003 0.003 0.027 0.02 0.003 0.003 0.014 0.01 0.003 0.007 0.003 0.003 0.003 0 0 0.003 0 0 0 0 0 0 0 0 0 0 0 0 0 0 0 0
 2018 7 1 3 2 248 0 0 0 0 0 0 0 0 0 0 0 0 0.006 0.029 0.042 0.059 0.069 0.085 0.087 0.084 0.079 0.078 0.073 0.061 0.059 0.049 0.038 0.034 0.023 0.02 0.012 0.007 0.005 0.001 0 0 0 0 0 0 0 0 0 0 0 0 0 0 0 0 0 0 0 0 0 0 0 0
 -2019 7 1 3 1 7 0 0 0 0 0 0 0 0 0.024 0.036 0.147 0.32 0.272 0.041 0 0 0.045 0.004 0 0.004 0 0 0.004 0.004 0.041 0 0.016 0.008 0.012 0.012 0 0.004 0 0.004 0 0 0 0 0 0 0 0 0 0 0 0 0 0 0 0 0 0 0 0 0 0 0 0
 2019 7 1 3 2 210 0 0 0 0 0 0 0 0 0 0 0 0 0.012 0.034 0.052 0.067 0.08 0.083 0.085 0.084 0.081 0.071 0.063 0.054 0.048 0.044 0.035 0.027 0.026 0.02 0.015 0.009 0.004 0.002 0 0 0 0 0 0 0 0 0 0 0 0 0 0 0 0 0 0 0 0 0 0 0 0
 -2020 7 1 3 1 5 0 0 0 0 0 0 0 0 0 0.01 0.078 0.309 0.146 0 0 0.152 0 0 0 0.152 0 0 0.152 0 0 0 0 0 0 0 0 0 0 0 0 0 0 0 0 0 0 0 0 0 0 0 0 0 0 0 0 0 0 0 0 0 0 0
 2020 7 1 3 2 112 0 0 0 0 0 0 0 0 0 0 0 0 0.019 0.051 0.069 0.074 0.077 0.085 0.083 0.088 0.083 0.074 0.064 0.055 0.043 0.036 0.027 0.024 0.017 0.012 0.01 0.006 0.003 0 0 0 0 0 0 0 0 0 0 0 0 0 0 0 0 0 0 0 0 0 0 0 0 0
 -2021 7 1 3 1 3 0 0 0 0 0 0 0 0 0.011 0.011 0.101 0.37 0.416 0.079 0.011 0 0 0 0 0 0 0 0 0 0 0 0 0 0 0 0 0 0 0 0 0 0 0 0 0 0 0 0 0 0 0 0 0 0 0 0 0 0 0 0 0 0 0
 2021 7 1 3 2 110 0 0 0 0 0 0 0 0 0 0 0 0 0.013 0.034 0.056 0.073 0.079 0.08 0.082 0.088 0.075 0.068 0.065 0.052 0.051 0.048 0.038 0.026 0.023 0.02 0.011 0.007 0.003 0 0.002 0.001 0 0 0 0 0 0 0 0 0 0 0 0 0 0 0 0 0 0 0 0 0 0
 2022 7 1 3 1 10 0 0 0 0.008 0 0 0 0.003 0.003 0.024 0.134 0.309 0.272 0.07 0.003 0.024 0.008 0 0 0.016 0.008 0 0 0 0 0 0 0.003 0 0.008 0.039 0.016 0.047 0.008 0 0 0 0 0 0 0 0 0 0 0 0 0 0 0 0 0 0 0 0 0 0 0 0
 2022 7 1 3 2 164 0 0 0 0 0 0 0 0 0 0 0 0 0.017 0.044 0.059 0.074 0.082 0.087 0.088 0.083 0.084 0.069 0.056 0.047 0.042 0.036 0.031 0.029 0.024 0.017 0.012 0.007 0.005 0.003 0 0 0 0 0 0 0 0 0 0 0 0 0 0 0 0 0 0 0 0 0 0 0 0
 -2023 7 1 3 1 9 0 0 0 0 0 0 0 0.005 0.014 0.009 0.09 0.225 0.359 0.257 0.011 0 0 0.016 0 0.007 0.007 0 0 0 0 0 0 0 0 0 0 0 0 0 0 0 0 0 0 0 0 0 0 0 0 0 0 0 0 0 0 0 0 0 0 0 0 0
 2023 7 1 3 2 252 0 0 0 0 0 0 0 0 0 0 0 0 0.015 0.038 0.054 0.067 0.079 0.084 0.088 0.084 0.074 0.064 0.061 0.05 0.045 0.039 0.035 0.028 0.026 0.022 0.017 0.013 0.008 0.004 0.002 0.001 0 0 0 0 0 0 0 0 0 0 0 0 0 0 0 0 0 0 0 0 0 0
 1984 7 2 3 2 18 0 0 0 0 0 0 0 0 0.008 0.03 0.04 0.041 0.057 0.072 0.121 0.161 0.108 0.101 0.056 0.042 0.02 0.026 0.017 0.015 0.019 0.005 0.007 0.006 0.009 0.011 0.001 0.006 0.002 0.005 0 0.003 0.001 0.004 0.002 0.003 0 0 0 0 0 0 0 0 0 0 0 0 0 0 0 0 0 0
 1985 7 2 3 2 14 0 0 0 0 0 0 0 0 0 0 0 0 0.002 0.026 0.026 0.133 0.144 0.072 0.099 0.119 0.055 0.051 0.036 0.018 0.021 0.033 0.02 0.021 0.01 0.008 0.004 0.01 0.006 0.008 0.025 0.013 0.015 0.012 0.008 0.002 0 0 0 0 0 0 0 0 0 0 0 0 0 0 0 0 0 0
 -1986 7 2 3 2 17 0 0 0.042 0.037 0.004 0.011 0.012 0.009 0.005 0.012 0.069 0.263 0.213 0.105 0.055 0.039 0.041 0.016 0.01 0.002 0.014 0.008 0.009 0.008 0.005 0.005 0.001 0 0.003 0 0 0 0 0 0 0 0 0 0 0 0 0 0 0 0 0 0 0 0 0 0 0 0 0 0 0 0 0
 1987 7 2 3 2 16 0 0 0 0 0 0 0.002 0 0.003 0.005 0.038 0.215 0.206 0.162 0.072 0.067 0.069 0.043 0.029 0.029 0.008 0.008 0.009 0.005 0.008 0.006 0.005 0.003 0.002 0.005 0.002 0.002 0 0 0 0 0.002 0 0 0 0 0 0 0 0 0 0 0 0 0 0 0 0 0 0 0 0 0
 1988 7 2 3 2 11 0 0 0 0 0 0 0 0 0.004 0.004 0.018 0.093 0.143 0.137 0.093 0.057 0.036 0.055 0.066 0.015 0.031 0.04 0.04 0.049 0.015 0.015 0.024 0.01 0.019 0.01 0.003 0.013 0.004 0 0.004 0 0 0 0 0 0 0 0 0 0 0 0 0 0 0 0 0 0 0 0 0 0 0
 1989 7 2 3 2 24 0 0 0 0 0 0 0 0.005 0.027 0.042 0.042 0.058 0.093 0.074 0.09 0.098 0.071 0.047 0.06 0.044 0.056 0.057 0.044 0.021 0.019 0.005 0.005 0.002 0.003 0.008 0.005 0.005 0.005 0.003 0.002 0.002 0.003 0.003 0.003 0 0.002 0 0 0 0 0 0 0 0 0 0 0 0 0 0 0 0 0
 1990 7 2 3 2 47 0 0 0 0 0 0 0 0 0 0 0 0.024 0.11 0.133 0.115 0.125 0.092 0.058 0.053 0.047 0.057 0.036 0.028 0.019 0.02 0.015 0.011 0.015 0.009 0.006 0.003 0.004 0.002 0.003 0.003 0.004 0 0 0 0.002 0.001 0 0 0 0 0 0 0 0 0 0 0 0 0 0 0 0 0
 1991 7 2 3 2 45 0 0 0 0 0 0 0 0 0 0 0.002 0.013 0.173 0.181 0.126 0.091 0.083 0.077 0.074 0.047 0.033 0.013 0.019 0.007 0.003 0.007 0.006 0.005 0.01 0.007 0.002 0.004 0.004 0.004 0.004 0.001 0 0 0 0 0 0 0 0 0 0 0 0 0 0 0 0 0 0 0 0 0 0
 1992 7 2 3 2 23 0 0 0 0 0 0 0 0 0 0 0 0.044 0.157 0.226 0.181 0.136 0.097 0.063 0.022 0.022 0.013 0.009 0.002 0.005 0.004 0.003 0.002 0.005 0.004 0.001 0.002 0 0 0.002 0 0 0 0 0 0 0 0 0 0 0 0 0 0 0 0 0 0 0 0 0 0 0 0
 1993 7 2 3 2 43 0 0 0 0 0 0 0 0 0 0 0.001 0.004 0.086 0.124 0.143 0.15 0.127 0.101 0.069 0.049 0.028 0.023 0.02 0.015 0.011 0.009 0.008 0.006 0.006 0.006 0.004 0.004 0.003 0 0.002 0 0 0 0 0 0 0 0 0 0 0 0 0 0 0 0 0 0 0 0 0 0 0
 1994 7 2 3 2 100 0 0 0 0 0 0 0 0 0 0 0 0 0.006 0.084 0.2 0.206 0.149 0.086 0.061 0.037 0.04 0.031 0.023 0.018 0.012 0.011 0.008 0.007 0.005 0.004 0.003 0.003 0.003 0 0 0 0 0 0 0 0 0 0 0 0 0 0 0 0 0 0 0 0 0 0 0 0 0
 1995 7 2 3 2 80 0 0 0 0 0 0 0 0 0 0 0 0.001 0.006 0.104 0.132 0.109 0.098 0.078 0.088 0.068 0.05 0.045 0.034 0.033 0.027 0.022 0.02 0.015 0.012 0.01 0.01 0.008 0.005 0.009 0.007 0.002 0.001 0.002 0 0 0.002 0 0 0 0 0 0 0 0 0 0 0 0 0 0 0 0 0
 1996 7 2 3 2 50 0 0 0 0 0 0 0 0 0 0 0 0 0 0.018 0.143 0.197 0.155 0.087 0.073 0.055 0.045 0.034 0.035 0.027 0.023 0.023 0.02 0.016 0.009 0.009 0.009 0.005 0.003 0.004 0.003 0.001 0 0.002 0.001 0 0 0 0 0 0 0 0 0 0 0 0 0 0 0 0 0 0 0
 1997 7 2 3 2 66 0 0 0 0 0 0 0 0 0 0 0 0 0 0.001 0.086 0.174 0.142 0.116 0.097 0.069 0.061 0.051 0.043 0.032 0.027 0.017 0.018 0.011 0.009 0.013 0.009 0.008 0.005 0.005 0.002 0.003 0 0 0 0 0 0 0 0 0 0 0 0 0 0 0 0 0 0 0 0 0 0
 1998 7 2 3 2 81 0 0 0 0 0 0 0 0 0 0 0 0 0 0.01 0.166 0.237 0.17 0.109 0.081 0.052 0.035 0.027 0.018 0.015 0.015 0.006 0.008 0.007 0.01 0.006 0.007 0.004 0.003 0.003 0.002 0.002 0.003 0.002 0.002 0 0 0 0 0 0 0 0 0 0 0 0 0 0 0 0 0 0 0
 1999 7 2 3 2 110 0 0 0 0 0 0 0 0 0 0 0 0 0 0.006 0.087 0.154 0.133 0.127 0.11 0.081 0.062 0.048 0.038 0.037 0.022 0.015 0.015 0.011 0.011 0.01 0.011 0.006 0.004 0.002 0.002 0.002 0 0.001 0 0 0 0 0 0 0 0 0 0 0 0 0 0 0 0 0 0 0 0
 2000 7 2 3 2 174 0 0 0 0 0 0 0 0 0 0 0 0 0 0.008 0.088 0.157 0.133 0.116 0.094 0.074 0.056 0.056 0.044 0.035 0.028 0.024 0.022 0.018 0.014 0.011 0.007 0.006 0.003 0.002 0.002 0.001 0.001 0 0 0 0 0 0 0 0 0 0 0 0 0 0 0 0 0 0 0 0 0
 2001 7 2 3 2 184 0 0 0 0 0 0 0 0 0 0 0 0 0 0.006 0.1 0.145 0.126 0.115 0.1 0.077 0.066 0.053 0.039 0.028 0.029 0.022 0.022 0.013 0.013 0.012 0.01 0.008 0.005 0.004 0.002 0.002 0.002 0.001 0 0 0 0 0 0 0 0 0 0 0 0 0 0 0 0 0 0 0 0
 2002 7 2 3 2 175 0 0 0 0 0 0 0 0 0 0 0 0 0 0.006 0.105 0.163 0.175 0.136 0.095 0.061 0.042 0.037 0.031 0.029 0.023 0.019 0.016 0.014 0.008 0.01 0.009 0.007 0.006 0.002 0.003 0.002 0 0 0 0 0 0 0 0 0 0 0 0 0 0 0 0 0 0 0 0 0 0
 2003 7 2 3 2 177 0 0 0 0 0 0 0 0 0 0 0 0 0 0.015 0.119 0.192 0.163 0.125 0.083 0.068 0.05 0.041 0.031 0.022 0.017 0.012 0.011 0.011 0.009 0.01 0.005 0.004 0.006 0.003 0.002 0 0 0.001 0 0 0 0 0 0 0 0 0 0 0 0 0 0 0 0 0 0 0 0
 2004 7 2 3 2 183 0 0 0 0 0 0 0 0 0 0 0 0 0 0.012 0.116 0.181 0.164 0.126 0.089 0.072 0.054 0.046 0.025 0.021 0.022 0.017 0.014 0.009 0.006 0.007 0.003 0.003 0.004 0.002 0.002 0.002 0 0 0 0 0 0 0 0 0 0 0 0 0 0 0 0 0 0 0 0 0 0
 2005 7 2 3 2 142 0 0 0 0 0 0 0 0 0 0 0 0 0 0.013 0.129 0.2 0.151 0.117 0.097 0.072 0.05 0.039 0.027 0.022 0.017 0.013 0.011 0.009 0.007 0.005 0.004 0.003 0.003 0 0.002 0.002 0.002 0.001 0 0 0 0 0 0 0 0 0 0 0 0 0 0 0 0 0 0 0 0
 2006 7 2 3 2 106 0 0 0 0 0 0 0 0 0 0 0 0 0 0.012 0.169 0.219 0.163 0.105 0.071 0.049 0.038 0.028 0.024 0.019 0.018 0.017 0.01 0.011 0.011 0.009 0.007 0.003 0.004 0.004 0.002 0.002 0 0 0 0 0 0 0 0 0 0 0 0 0 0 0 0 0 0 0 0 0 0
 2007 7 2 3 1 38 0 0 0 0 0 0 0 0.006 0.009 0.039 0.098 0.206 0.229 0.095 0.046 0.027 0.032 0.032 0.036 0.028 0.032 0.032 0.013 0.017 0.01 0.003 0.002 0.004 0 0.002 0 0 0 0 0 0 0 0 0 0 0 0 0 0 0 0 0 0 0 0 0 0 0 0 0 0 0 0
 2007 7 2 3 2 174 0 0 0 0 0 0 0 0 0 0 0 0.005 0.076 0.131 0.165 0.156 0.146 0.099 0.07 0.049 0.031 0.021 0.013 0.008 0.006 0.005 0.004 0.003 0.003 0 0.003 0.002 0.002 0.001 0 0 0 0 0 0 0 0 0 0 0 0 0 0 0 0 0 0 0 0 0 0 0 0
 2008 7 2 3 1 10 0 0 0 0 0 0 0 0 0 0.01 0.046 0.173 0.189 0.082 0.061 0.179 0.117 0.031 0.02 0.015 0.01 0 0.015 0.005 0.01 0.02 0.005 0 0 0.005 0.005 0 0 0 0 0 0 0 0 0 0 0 0 0 0 0 0 0 0 0 0 0 0 0 0 0 0 0
 2008 7 2 3 2 169 0 0 0 0 0 0 0 0 0 0 0 0.002 0.034 0.068 0.102 0.129 0.131 0.119 0.097 0.075 0.057 0.044 0.031 0.025 0.019 0.019 0.009 0.011 0.007 0.007 0.005 0.003 0.003 0 0 0 0 0 0 0 0 0 0 0 0 0 0 0 0 0 0 0 0 0 0 0 0 0
 2009 7 2 3 1 14 0 0 0 0 0 0 0 0 0 0.008 0 0.002 0.038 0.033 0.053 0.097 0.079 0.088 0.094 0.074 0.065 0.064 0.055 0.032 0.059 0.039 0.021 0.027 0.024 0.023 0.011 0.005 0.002 0.005 0.002 0.002 0 0 0 0 0 0 0 0 0 0 0 0 0 0 0 0 0 0 0 0 0 0
 2009 7 2 3 2 143 0 0 0 0 0 0 0 0 0 0 0 0.006 0.041 0.095 0.109 0.119 0.126 0.107 0.077 0.069 0.061 0.045 0.037 0.022 0.021 0.016 0.011 0.01 0.008 0.007 0.005 0.003 0.003 0 0.001 0 0 0 0 0 0 0 0 0 0 0 0 0 0 0 0 0 0 0 0 0 0 0
 2010 7 2 3 1 14 0 0 0 0 0 0 0 0.004 0 0.002 0.024 0.038 0.078 0.08 0.098 0.076 0.049 0.051 0.104 0.107 0.058 0.071 0.051 0.029 0.018 0.007 0.013 0.009 0.002 0.009 0.004 0 0.004 0.009 0.002 0 0 0.002 0 0 0 0 0 0 0 0 0 0 0 0 0 0 0 0 0 0 0 0
 2010 7 2 3 2 152 0 0 0 0 0 0 0 0 0 0 0 0.001 0.031 0.079 0.111 0.123 0.115 0.108 0.09 0.067 0.06 0.048 0.035 0.027 0.023 0.016 0.017 0.01 0.01 0.007 0.006 0.006 0.003 0.004 0.002 0 0 0 0 0 0 0 0 0 0 0 0 0 0 0 0 0 0 0 0 0 0 0
 2011 7 2 3 1 28 0 0 0 0 0 0 0 0.005 0.003 0.012 0.044 0.151 0.145 0.089 0.035 0.038 0.038 0.051 0.053 0.039 0.038 0.035 0.036 0.032 0.026 0.021 0.024 0.024 0.021 0.008 0.011 0.008 0 0.008 0.003 0.002 0 0 0 0 0.002 0 0 0 0 0 0 0 0 0 0 0 0 0 0 0 0 0
 2011 7 2 3 2 299 0 0 0 0 0 0 0 0 0 0 0 0.001 0.023 0.052 0.083 0.097 0.101 0.106 0.099 0.081 0.071 0.06 0.049 0.039 0.034 0.025 0.019 0.016 0.015 0.011 0.006 0.004 0.003 0.001 0 0 0 0 0 0 0 0 0 0 0 0 0 0 0 0 0 0 0 0 0 0 0 0
 2012 7 2 3 1 69 0 0 0 0 0 0 0 0.003 0.007 0.032 0.058 0.112 0.091 0.042 0.05 0.081 0.071 0.045 0.052 0.052 0.048 0.039 0.042 0.029 0.023 0.016 0.014 0.01 0.018 0.014 0.012 0.011 0.01 0.005 0.006 0 0.003 0.001 0 0 0 0 0 0 0 0 0 0 0 0 0 0 0 0 0 0 0 0
 2012 7 2 3 2 420 0 0 0 0 0 0 0 0 0 0 0 0.003 0.023 0.059 0.098 0.102 0.09 0.086 0.078 0.075 0.07 0.06 0.052 0.039 0.037 0.028 0.023 0.019 0.014 0.013 0.01 0.008 0.004 0.004 0.001 0 0 0 0 0 0 0 0 0 0 0 0 0 0 0 0 0 0 0 0 0 0 0
 2013 7 2 3 1 42 0 0 0 0 0.001 0 0.001 0.001 0.016 0.054 0.142 0.185 0.177 0.033 0.022 0.064 0.042 0.047 0.043 0.031 0.031 0.02 0.016 0.017 0.006 0.01 0.008 0.009 0.012 0.006 0.001 0.001 0 0.001 0.001 0 0.001 0 0 0 0 0 0 0 0 0 0 0 0 0 0 0 0 0 0 0 0 0
 2013 7 2 3 2 494 0 0 0 0 0 0 0 0 0 0 0 0.003 0.033 0.08 0.104 0.114 0.104 0.081 0.071 0.063 0.057 0.048 0.039 0.034 0.027 0.023 0.021 0.019 0.015 0.016 0.015 0.012 0.009 0.005 0.002 0.002 0 0 0 0 0 0 0 0 0 0 0 0 0 0 0 0 0 0 0 0 0 0
 2014 7 2 3 1 19 0 0 0 0 0 0 0.004 0.015 0.027 0.042 0.128 0.229 0.209 0.06 0.032 0.017 0.02 0.014 0.02 0.008 0.011 0.011 0.014 0.009 0.013 0.014 0.008 0.009 0.013 0.023 0.015 0.013 0.012 0.005 0 0.003 0.003 0 0 0 0 0 0 0 0 0 0 0 0 0 0 0 0 0 0 0 0 0
 2014 7 2 3 2 377 0 0 0 0 0 0 0 0 0 0 0 0.001 0.021 0.076 0.109 0.112 0.096 0.087 0.07 0.058 0.047 0.041 0.034 0.033 0.029 0.027 0.021 0.02 0.021 0.02 0.02 0.018 0.015 0.01 0.007 0.002 0.001 0 0 0 0 0 0 0 0 0 0 0 0 0 0 0 0 0 0 0 0 0
 2015 7 2 3 1 54 0 0 0 0 0 0 0 0.004 0.015 0.052 0.131 0.271 0.245 0.019 0.01 0.008 0.012 0.014 0.011 0.01 0.008 0.011 0.013 0.007 0.006 0.014 0.01 0.013 0.015 0.014 0.018 0.009 0.018 0.015 0.011 0.007 0.006 0 0 0.002 0 0 0 0 0 0 0 0 0 0 0 0 0 0 0 0 0 0
 2015 7 2 3 2 447 0 0 0 0 0 0 0 0 0 0 0 0.002 0.033 0.087 0.121 0.114 0.1 0.074 0.067 0.053 0.05 0.039 0.034 0.027 0.025 0.021 0.018 0.016 0.017 0.02 0.019 0.019 0.015 0.013 0.008 0.004 0.002 0 0 0 0 0 0 0 0 0 0 0 0 0 0 0 0 0 0 0 0 0
 2016 7 2 3 1 35 0 0 0 0 0 0 0 0 0.003 0.034 0.13 0.329 0.334 0.087 0.03 0.021 0.008 0.002 0 0.001 0.002 0 0.002 0.001 0.001 0 0.002 0 0 0 0 0 0.001 0 0.002 0.001 0 0 0 0 0 0 0 0 0 0 0 0 0 0 0 0 0 0 0 0 0 0
 2016 7 2 3 2 510 0 0 0 0 0 0 0 0 0 0 0 0.006 0.046 0.09 0.115 0.115 0.107 0.088 0.071 0.055 0.045 0.037 0.03 0.025 0.021 0.019 0.015 0.014 0.013 0.015 0.014 0.016 0.012 0.011 0.008 0.005 0.004 0.001 0 0 0 0 0 0 0 0 0 0 0 0 0 0 0 0 0 0 0 0
 2017 7 2 3 1 17 0 0 0 0 0 0 0.001 0 0.009 0.032 0.047 0.131 0.145 0.034 0.055 0.15 0.138 0.114 0.057 0.02 0.016 0.014 0.005 0.006 0.003 0.003 0.005 0.002 0.001 0 0 0.002 0.002 0.002 0.001 0.001 0 0 0 0 0 0 0 0 0 0 0 0 0 0 0 0 0 0 0 0 0 0
 2017 7 2 3 2 457 0 0 0 0 0 0 0 0 0 0 0 0.002 0.029 0.077 0.117 0.123 0.115 0.104 0.086 0.069 0.051 0.04 0.028 0.024 0.02 0.016 0.014 0.013 0.011 0.01 0.008 0.011 0.009 0.007 0.006 0.005 0.003 0 0 0 0 0 0 0 0 0 0 0 0 0 0 0 0 0 0 0 0 0
 2018 7 2 3 1 14 0 0 0 0 0 0 0 0 0.007 0.002 0.035 0.069 0.139 0.1 0.051 0.071 0.056 0.036 0.063 0.046 0.019 0.005 0.004 0.007 0.008 0.006 0.006 0 0.019 0.019 0.031 0.025 0.068 0.05 0.006 0.012 0.025 0 0.012 0 0 0 0 0 0 0 0 0 0 0 0 0 0 0 0 0 0 0
 2018 7 2 3 2 446 0 0 0 0 0 0 0 0 0 0 0 0.003 0.032 0.075 0.099 0.1 0.098 0.095 0.092 0.082 0.066 0.054 0.04 0.032 0.024 0.02 0.016 0.014 0.013 0.008 0.008 0.007 0.006 0.005 0.004 0.003 0.002 0.002 0 0 0 0 0 0 0 0 0 0 0 0 0 0 0 0 0 0 0 0
 2019 7 2 3 1 11 0 0 0 0 0 0 0.002 0.019 0.023 0.051 0.088 0.108 0.138 0.123 0.038 0.021 0.032 0.049 0.034 0.029 0.032 0.034 0.019 0.039 0.012 0.022 0.037 0.024 0.015 0.002 0 0.007 0.002 0 0 0 0 0 0 0 0 0 0 0 0 0 0 0 0 0 0 0 0 0 0 0 0 0
 2019 7 2 3 2 523 0 0 0 0 0 0 0 0 0 0 0 0.001 0.019 0.055 0.093 0.104 0.087 0.074 0.074 0.075 0.066 0.056 0.05 0.046 0.036 0.029 0.026 0.023 0.017 0.014 0.011 0.009 0.008 0.006 0.006 0.005 0.003 0.003 0 0 0 0 0 0 0 0 0 0 0 0 0 0 0 0 0 0 0 0
 -2020 7 2 3 1 5 0 0 0 0 0 0 0.006 0.006 0.034 0.062 0.174 0.39 0.111 0.004 0.002 0 0 0 0 0 0 0 0.104 0 0 0 0 0 0 0 0 0 0.104 0 0 0 0 0 0 0 0 0 0 0 0 0 0 0 0 0 0 0 0 0 0 0 0 0
 2020 7 2 3 2 340 0 0 0 0 0 0 0 0 0 0 0 0.002 0.032 0.063 0.084 0.089 0.085 0.077 0.067 0.064 0.062 0.056 0.048 0.042 0.036 0.035 0.033 0.031 0.021 0.02 0.014 0.013 0.008 0.006 0.003 0.003 0.003 0.002 0 0.001 0 0 0 0 0 0 0 0 0 0 0 0 0 0 0 0 0 0
 2021 7 2 3 1 19 0 0 0 0 0 0 0 0.006 0.009 0.055 0.206 0.415 0.291 0.007 0.003 0 0 0.003 0 0 0 0 0 0 0 0 0 0 0 0 0 0.003 0 0 0 0 0 0 0 0 0 0 0 0 0 0 0 0 0 0 0 0 0 0 0 0 0 0
 2021 7 2 3 2 311 0 0 0 0 0 0 0 0 0 0 0 0.004 0.041 0.089 0.096 0.089 0.075 0.06 0.061 0.056 0.046 0.04 0.036 0.034 0.032 0.03 0.03 0.035 0.029 0.025 0.02 0.019 0.018 0.012 0.01 0.005 0.004 0 0 0 0 0 0 0 0 0 0 0 0 0 0 0 0 0 0 0 0 0
 2022 7 2 3 1 12 0 0 0 0 0 0 0 0 0.011 0.037 0.158 0.337 0.423 0.011 0.01 0.001 0 0 0.006 0 0 0 0 0 0 0 0 0 0.003 0 0 0.003 0 0 0 0 0 0 0 0 0 0 0 0 0 0 0 0 0 0 0 0 0 0 0 0 0 0
 2022 7 2 3 2 363 0 0 0 0 0 0 0 0 0 0 0 0.002 0.035 0.082 0.091 0.091 0.081 0.067 0.056 0.049 0.042 0.03 0.03 0.029 0.028 0.027 0.026 0.023 0.029 0.031 0.033 0.03 0.027 0.025 0.018 0.009 0.005 0.002 0.001 0 0 0 0 0 0 0 0 0 0 0 0 0 0 0 0 0 0 0
 2023 7 2 3 1 12 0 0 0 0 0 0 0.001 0 0.009 0.064 0.183 0.373 0.309 0.045 0.001 0.002 0.001 0.001 0.002 0 0 0 0.002 0.001 0 0 0 0 0.001 0 0 0 0.001 0 0 0.001 0 0 0 0 0 0 0 0 0 0 0 0 0 0 0 0 0 0 0 0 0 0
 2023 7 2 3 2 394 0 0 0 0 0 0 0 0 0 0 0 0.002 0.047 0.087 0.091 0.094 0.091 0.09 0.076 0.065 0.049 0.039 0.031 0.028 0.026 0.02 0.02 0.019 0.016 0.018 0.014 0.018 0.017 0.014 0.012 0.009 0.004 0.002 0 0 0 0 0 0 0 0 0 0 0 0 0 0 0 0 0 0 0 0
 1984 7 3 3 2 23 0 0 0 0 0 0 0 0 0 0 0 0 0 0 0 0.003 0.014 0.029 0.046 0.086 0.13 0.134 0.12 0.104 0.099 0.088 0.056 0.029 0.018 0.006 0.006 0.002 0 0.004 0 0 0 0.002 0.003 0.005 0.006 0.003 0.005 0.001 0 0 0 0 0 0 0 0 0 0 0 0 0 0
 1985 7 3 3 2 48 0 0 0 0 0 0 0 0 0 0 0 0 0.001 0 0 0.002 0.006 0.012 0.012 0.015 0.031 0.048 0.046 0.077 0.076 0.095 0.098 0.096 0.086 0.079 0.06 0.035 0.028 0.01 0.006 0.006 0.001 0.003 0.013 0.009 0.013 0.012 0.01 0.004 0.002 0.004 0 0 0 0 0 0 0 0 0 0 0 0
 1986 7 3 3 2 31 0 0 0 0 0 0 0 0 0 0 0.013 0.072 0.05 0.013 0.008 0.022 0.018 0.033 0.028 0.015 0.018 0.033 0.037 0.028 0.054 0.028 0.051 0.046 0.082 0.062 0.066 0.068 0.037 0.013 0.016 0.013 0.003 0.014 0.031 0.011 0.008 0.003 0 0.003 0.005 0 0 0 0 0 0 0 0 0 0 0 0 0
 1987 7 3 3 2 32 0 0 0 0 0 0 0 0 0 0 0 0 0 0.005 0.016 0.009 0.039 0.032 0.045 0.031 0.036 0.051 0.036 0.042 0.068 0.054 0.022 0.07 0.031 0.042 0.039 0.056 0.049 0.023 0.031 0.017 0.029 0.031 0.012 0.02 0.016 0.009 0.012 0.005 0 0 0 0 0 0 0.008 0.008 0 0.008 0 0 0 0
 1988 7 3 3 2 11 0 0 0 0 0 0 0 0 0 0 0 0.026 0.117 0.078 0.039 0.032 0.052 0.059 0.052 0.033 0.039 0.04 0 0 0.013 0 0.013 0.026 0.046 0.013 0.052 0.006 0.026 0.013 0.033 0.04 0 0.066 0.02 0.026 0 0.026 0 0.013 0 0 0 0 0 0 0 0 0 0 0 0 0 0
 -1989 7 3 3 2 2 0 0 0 0 0 0 0 0 0 0 0.013 0 0.013 0.038 0.038 0.051 0.115 0.038 0.051 0.154 0.128 0.064 0.038 0.013 0.013 0.064 0.013 0.013 0.026 0.013 0.013 0.013 0.013 0 0 0.013 0.026 0.013 0 0.013 0 0 0 0 0 0 0 0 0 0 0 0 0 0 0 0 0 0
 1990 7 3 3 2 21 0 0 0 0 0 0 0 0 0 0 0 0.01 0.031 0.107 0.128 0.112 0.141 0.102 0.068 0.008 0.034 0.023 0.026 0.026 0.021 0 0.018 0.026 0.01 0.021 0.008 0.01 0.005 0.003 0.008 0.005 0.003 0 0.013 0.016 0.008 0 0.008 0 0 0 0 0 0 0 0 0 0 0 0 0 0 0
 -1991 7 3 3 2 6 0 0 0 0 0 0 0 0 0 0 0 0 0.027 0 0 0 0 0 0.081 0.162 0.027 0.081 0.108 0.027 0.081 0.081 0.108 0.027 0.027 0.054 0.081 0 0 0 0 0 0 0 0 0 0 0.027 0 0 0 0 0 0 0 0 0 0 0 0 0 0 0 0
 1992 7 3 3 2 14 0 0 0 0 0 0 0 0 0 0 0 0 0.068 0.045 0.061 0.076 0.056 0.087 0.128 0.053 0.082 0.03 0.06 0.018 0.041 0.049 0.026 0.026 0.015 0.029 0 0 0.023 0.008 0.008 0 0 0.011 0 0 0 0 0 0 0 0 0 0 0 0 0 0 0 0 0 0 0 0
 1993 7 3 3 2 14 0 0 0 0 0 0 0 0 0 0 0 0 0 0 0 0 0.03 0.019 0.011 0.091 0.011 0.124 0.129 0.118 0.132 0.074 0.14 0.011 0.038 0.03 0 0 0 0 0 0 0.019 0 0 0 0.022 0 0 0 0 0 0 0 0 0 0 0 0 0 0 0 0 0
 1994 7 3 3 2 16 0 0 0 0 0 0 0 0 0 0 0 0 0 0 0 0.091 0.07 0.219 0.091 0.079 0.028 0.03 0.052 0.107 0.006 0 0.012 0.063 0.022 0.006 0.006 0 0 0.006 0.006 0 0.018 0.028 0.006 0.045 0 0.006 0 0 0 0 0 0 0 0 0 0 0 0 0 0 0 0
 -1995 7 3 3 2 10 0 0 0 0 0 0 0.107 0.054 0.188 0.134 0 0.027 0 0.012 0.012 0.012 0.006 0.018 0.012 0 0.039 0.054 0.027 0.092 0.054 0.039 0 0.039 0.012 0 0 0 0 0.027 0 0 0.006 0.012 0.006 0.006 0 0 0 0 0.006 0 0 0 0 0 0 0 0 0 0 0 0 0
 1996 7 3 3 2 12 0 0 0 0 0 0 0 0 0 0 0 0 0 0 0.045 0.045 0.09 0.136 0.035 0.113 0.051 0.143 0.051 0.077 0.071 0.028 0.038 0.012 0.016 0.032 0 0.016 0 0 0 0 0 0 0 0 0 0 0 0 0 0 0 0 0 0 0 0 0 0 0 0 0 0
 1997 7 3 3 2 17 0 0 0 0 0 0 0 0 0 0 0 0 0 0.003 0.022 0.014 0.081 0.143 0.168 0.095 0.073 0.12 0.067 0.017 0.045 0.042 0.011 0.014 0.022 0.039 0.003 0 0.006 0.011 0 0.003 0 0 0 0 0 0 0 0 0 0 0 0 0 0 0 0 0 0 0 0 0 0
 1998 7 3 3 2 20 0 0 0 0 0 0 0 0 0 0 0 0 0 0.005 0.025 0.088 0.088 0.061 0.117 0.032 0.025 0.021 0.087 0.025 0.013 0.013 0.005 0.08 0.007 0.076 0.078 0.011 0.139 0.004 0 0 0.002 0 0 0 0 0 0 0 0 0 0 0 0 0 0 0 0 0 0 0 0 0
 1999 7 3 3 2 42 0 0 0 0 0 0 0 0 0 0 0 0 0 0 0.031 0.085 0.112 0.09 0.092 0.106 0.091 0.079 0.071 0.06 0.055 0.042 0.011 0.039 0.02 0.003 0.003 0.002 0.001 0.001 0 0 0 0.005 0 0 0 0 0 0 0 0 0 0 0 0 0 0 0 0 0 0 0 0
 2000 7 3 3 2 17 0 0 0 0 0 0 0 0 0 0 0 0 0 0 0 0.007 0.013 0.046 0.05 0.091 0.097 0.074 0.101 0.121 0.071 0.071 0.043 0.04 0.02 0.027 0.013 0.027 0.007 0.006 0.024 0 0.014 0.007 0.024 0.007 0 0 0 0 0 0 0 0 0 0 0 0 0 0 0 0 0 0
 2001 7 3 3 2 18 0 0 0 0 0 0 0 0 0 0 0 0 0 0 0.025 0.025 0.025 0.041 0.048 0.057 0.115 0.089 0.054 0.077 0.096 0.086 0.067 0.086 0.038 0.045 0.016 0.01 0 0 0 0 0 0 0 0 0 0 0 0 0 0 0 0 0 0 0 0 0 0 0 0 0 0
 2002 7 3 3 2 24 0 0 0 0 0 0 0 0 0 0 0 0 0 0 0 0.011 0.016 0.057 0.08 0.068 0.057 0.069 0.064 0.053 0.038 0.094 0.086 0.057 0.071 0.048 0.063 0.038 0.023 0.004 0.004 0 0 0 0 0 0 0 0 0 0 0 0 0 0 0 0 0 0 0 0 0 0 0
 2003 7 3 3 2 22 0 0 0 0 0 0 0 0 0 0 0 0 0 0 0.012 0.097 0.127 0.152 0.097 0.083 0.068 0.09 0.088 0.053 0.041 0.014 0.013 0.014 0.03 0.002 0.005 0.003 0.006 0.003 0 0.003 0 0 0 0 0 0 0 0 0 0 0 0 0 0 0 0 0 0 0 0 0 0
 2004 7 3 3 2 16 0 0 0 0 0 0 0 0 0 0 0 0 0 0 0.004 0.04 0.1 0.064 0.06 0.136 0.124 0.088 0.076 0.067 0.055 0.051 0.036 0.055 0.012 0.008 0 0.004 0.004 0 0 0.012 0 0.004 0 0 0 0 0 0 0 0 0 0 0 0 0 0 0 0 0 0 0 0
 2005 7 3 3 2 24 0 0 0 0 0 0 0 0 0 0 0 0 0 0 0 0.009 0.007 0.087 0.107 0.071 0.069 0.073 0.104 0.062 0.055 0.078 0.053 0.06 0.056 0.033 0.044 0.024 0 0.007 0 0 0 0 0 0 0 0 0 0 0 0 0 0 0 0 0 0 0 0 0 0 0 0
 2006 7 3 3 2 29 0 0 0 0 0 0 0 0 0 0 0 0 0 0 0.012 0.049 0.063 0.106 0.114 0.081 0.085 0.062 0.079 0.046 0.041 0.035 0.044 0.019 0.038 0.052 0.012 0.019 0.016 0 0.007 0 0 0 0 0.01 0.006 0.003 0 0 0 0 0 0 0 0 0 0 0 0 0 0 0 0
 2007 7 3 3 1 24 0 0 0 0 0 0 0 0 0 0.004 0 0 0.005 0.016 0.035 0.044 0.057 0.088 0.099 0.118 0.125 0.09 0.075 0.059 0.051 0.026 0.036 0.025 0.027 0.011 0.004 0.003 0.003 0 0 0 0 0 0 0 0 0 0 0 0 0 0 0 0 0 0 0 0 0 0 0 0 0
 2007 7 3 3 2 20 0 0 0 0 0 0 0 0 0 0 0 0 0.027 0.05 0.06 0.087 0.096 0.098 0.12 0.09 0.052 0.116 0.033 0.053 0.033 0.011 0.005 0.028 0.005 0.028 0 0.003 0 0 0 0.003 0 0 0 0 0 0 0 0 0 0 0 0 0 0 0 0 0 0 0 0 0 0
 2008 7 3 3 1 13 0 0 0 0 0 0 0 0 0 0 0 0 0.002 0.002 0.009 0.007 0.08 0.098 0.053 0.056 0.076 0.151 0.048 0.096 0.1 0.095 0.033 0.036 0.039 0.007 0.004 0.004 0 0.004 0 0 0.002 0 0 0 0 0 0 0 0 0 0 0 0 0 0 0 0 0 0 0 0 0
 2008 7 3 3 2 25 0 0 0 0 0 0 0 0 0 0 0 0 0 0.022 0.013 0.021 0.028 0.044 0.065 0.114 0.099 0.063 0.108 0.084 0.095 0.063 0.048 0.069 0.045 0.006 0.009 0.006 0 0 0 0 0 0 0 0 0 0 0 0 0 0 0 0 0 0 0 0 0 0 0 0 0 0
 2009 7 3 3 1 12 0 0 0 0 0 0 0 0 0 0 0.003 0 0 0.032 0.054 0.075 0.075 0.085 0.099 0.045 0.069 0.069 0.055 0.085 0.056 0.055 0.04 0.034 0.011 0.021 0.011 0.011 0 0.003 0.011 0.003 0 0 0.003 0 0 0 0 0 0 0 0 0 0 0 0 0 0 0 0 0 0 0
 2009 7 3 3 2 39 0 0 0 0 0 0 0 0 0 0 0 0.01 0.03 0.024 0.037 0.087 0.075 0.064 0.073 0.072 0.047 0.074 0.069 0.08 0.075 0.046 0.044 0.024 0.021 0.019 0.01 0.018 0 0 0.002 0 0 0 0 0 0 0 0 0 0 0 0 0 0 0 0 0 0 0 0 0 0 0
 2010 7 3 3 1 16 0 0 0 0 0 0 0 0 0 0.004 0.092 0.099 0.009 0.015 0.016 0.024 0.034 0.071 0.09 0.092 0.046 0.033 0.057 0.067 0.055 0.039 0.033 0.042 0.029 0.017 0.02 0.009 0.005 0.002 0 0 0 0 0 0 0 0 0 0 0 0 0 0 0 0 0 0 0 0 0 0 0 0
 2010 7 3 3 2 67 0 0 0 0 0 0 0 0 0.002 0 0 0 0.002 0.008 0.016 0.018 0.035 0.056 0.073 0.084 0.093 0.075 0.084 0.067 0.081 0.065 0.061 0.052 0.041 0.03 0.021 0.016 0.012 0.004 0.002 0 0 0 0 0 0 0 0 0 0 0 0 0 0 0 0 0 0 0 0 0 0 0
 2011 7 3 3 1 25 0 0 0 0 0 0 0 0 0 0 0.001 0.001 0 0.003 0.004 0.013 0.024 0.032 0.057 0.051 0.055 0.133 0.134 0.074 0.118 0.067 0.045 0.041 0.031 0.034 0.02 0.02 0.02 0.011 0.007 0.001 0 0 0 0 0 0 0 0 0 0 0 0 0 0 0 0 0 0 0 0 0 0
 2011 7 3 3 2 99 0 0 0 0 0 0 0 0 0 0 0 0 0 0.002 0.012 0.021 0.026 0.026 0.039 0.052 0.071 0.083 0.1 0.064 0.068 0.09 0.057 0.081 0.052 0.046 0.043 0.022 0.031 0.009 0.005 0 0 0 0 0 0 0 0 0 0 0 0 0 0 0 0 0 0 0 0 0 0 0
 2012 7 3 3 1 62 0 0 0 0 0 0 0 0 0 0 0 0.001 0.008 0.007 0.006 0.017 0.027 0.051 0.066 0.065 0.086 0.079 0.075 0.082 0.062 0.075 0.055 0.056 0.05 0.034 0.027 0.026 0.015 0.008 0.003 0.006 0.005 0.001 0 0 0 0 0 0 0 0 0 0 0 0 0 0 0 0 0 0 0 0
 2012 7 3 3 2 149 0 0 0 0 0 0 0 0 0 0 0 0 0.003 0.004 0.006 0.007 0.009 0.017 0.039 0.05 0.038 0.048 0.071 0.07 0.094 0.101 0.07 0.095 0.074 0.066 0.056 0.035 0.025 0.01 0.006 0.002 0 0.003 0 0 0 0 0 0 0 0 0 0 0 0 0 0 0 0 0 0 0 0
 2013 7 3 3 1 17 0 0 0 0 0 0 0 0 0 0.007 0.007 0.017 0.007 0.008 0.012 0.02 0.032 0.076 0.098 0.107 0.099 0.087 0.059 0.076 0.047 0.062 0.057 0.041 0.03 0.021 0.007 0.015 0.007 0 0 0 0 0 0 0 0 0 0 0 0 0 0 0 0 0 0 0 0 0 0 0 0 0
 2013 7 3 3 2 153 0 0 0 0 0 0 0 0 0 0 0 0 0 0.001 0.006 0.008 0.01 0.016 0.029 0.044 0.07 0.062 0.068 0.071 0.068 0.067 0.075 0.084 0.074 0.08 0.068 0.041 0.02 0.018 0.01 0.005 0.001 0 0 0 0 0 0 0 0 0 0 0 0 0 0 0 0 0 0 0 0 0
 2014 7 3 3 1 22 0 0 0 0 0 0 0 0 0 0 0.018 0.009 0.033 0.038 0.048 0.044 0.055 0.064 0.019 0.037 0.044 0.065 0.061 0.071 0.043 0.072 0.07 0.035 0.044 0.022 0.025 0.027 0.018 0.022 0.013 0 0.003 0 0 0 0 0 0 0 0 0 0 0 0 0 0 0 0 0 0 0 0 0
 2014 7 3 3 2 159 0 0 0 0 0 0 0 0 0 0 0 0 0 0 0.009 0.024 0.035 0.039 0.047 0.059 0.067 0.067 0.08 0.072 0.062 0.054 0.044 0.049 0.045 0.041 0.057 0.054 0.041 0.029 0.014 0.007 0.002 0.002 0 0 0 0 0 0 0 0 0 0 0 0 0 0 0 0 0 0 0 0
 2015 7 3 3 1 32 0 0 0 0 0 0 0 0.039 0.02 0.082 0.078 0.063 0.025 0.024 0.013 0.02 0.029 0.024 0.034 0.02 0.051 0.073 0.035 0.04 0.025 0.023 0.026 0.026 0.023 0.008 0.013 0.024 0.014 0.037 0.038 0.048 0.022 0.001 0 0 0 0 0 0 0 0 0 0 0 0 0 0 0 0 0 0 0 0
 2015 7 3 3 2 127 0 0 0 0 0 0 0 0 0 0 0 0 0.005 0.009 0.014 0.016 0.028 0.035 0.067 0.075 0.073 0.081 0.054 0.053 0.052 0.065 0.051 0.049 0.039 0.037 0.037 0.044 0.047 0.028 0.023 0.013 0.003 0.002 0 0 0 0 0 0 0 0 0 0 0 0 0 0 0 0 0 0 0 0
 2016 7 3 3 1 39 0 0 0 0 0 0 0 0.001 0.009 0.043 0.102 0.183 0.166 0.107 0.098 0.068 0.042 0.039 0.023 0.015 0.016 0.012 0.003 0.011 0.01 0.009 0.011 0 0.004 0.003 0.003 0.005 0.003 0.002 0.002 0.007 0.002 0.001 0 0 0 0 0 0 0 0 0 0 0 0 0 0 0 0 0 0 0 0
 2016 7 3 3 2 125 0 0 0 0 0 0 0 0 0 0 0 0 0.01 0.034 0.055 0.048 0.047 0.068 0.053 0.054 0.055 0.061 0.034 0.049 0.049 0.066 0.038 0.042 0.037 0.028 0.045 0.031 0.027 0.02 0.025 0.015 0.005 0.002 0 0 0 0 0 0 0 0 0 0 0 0 0 0 0 0 0 0 0 0
 2017 7 3 3 1 14 0 0 0 0 0 0 0 0 0 0 0.002 0.017 0.058 0.153 0.201 0.164 0.134 0.111 0.066 0.035 0.018 0.01 0.006 0.003 0 0.002 0 0.004 0 0.004 0.002 0 0.006 0.002 0 0 0 0 0 0 0 0 0 0 0 0 0 0 0 0 0 0 0 0 0 0 0 0
 2017 7 3 3 2 141 0 0 0 0 0 0 0 0 0 0 0 0 0.003 0.027 0.054 0.081 0.097 0.093 0.1 0.09 0.071 0.05 0.046 0.038 0.043 0.033 0.025 0.028 0.022 0.019 0.02 0.013 0.015 0.013 0.009 0.004 0.005 0 0 0 0 0 0 0 0 0 0 0 0 0 0 0 0 0 0 0 0 0
 -2018 7 3 3 1 9 0 0 0 0 0 0 0 0 0 0 0 0 0.002 0.022 0.019 0.134 0.144 0.215 0.172 0.111 0.066 0.032 0.023 0.022 0.007 0.002 0.011 0.011 0 0 0.002 0 0 0 0.002 0 0 0 0 0 0 0 0 0 0 0 0 0 0 0 0 0 0 0 0 0 0 0
 2018 7 3 3 2 107 0 0 0 0 0 0 0 0 0 0 0 0 0.002 0.002 0.012 0.03 0.048 0.091 0.097 0.114 0.116 0.122 0.072 0.07 0.052 0.044 0.026 0.018 0.016 0.009 0.008 0.011 0.016 0.007 0.005 0.004 0.004 0 0 0 0.002 0 0 0 0 0 0 0 0 0 0 0 0 0 0 0 0 0
 -2019 7 3 3 1 4 0 0 0 0 0 0 0 0 0 0 0 0 0 0 0.064 0.109 0.102 0.115 0.096 0.077 0.094 0.083 0.101 0.038 0.038 0.038 0.006 0.013 0.019 0 0 0.006 0 0 0 0 0 0 0 0 0 0 0 0 0 0 0 0 0 0 0 0 0 0 0 0 0 0
 2019 7 3 3 2 130 0 0 0 0 0 0 0 0 0 0 0 0 0 0.003 0.007 0.016 0.022 0.038 0.047 0.071 0.073 0.099 0.085 0.1 0.092 0.078 0.07 0.05 0.046 0.027 0.023 0.015 0.01 0.007 0.008 0.005 0.001 0.002 0.002 0 0 0 0 0 0 0 0 0 0 0 0 0 0 0 0 0 0 0
 -2020 7 3 3 1 2 0 0 0 0 0 0 0 0 0.022 0 0.087 0.087 0.022 0 0.087 0.022 0.043 0.087 0.217 0.152 0.043 0.065 0.022 0.022 0.022 0 0 0 0 0 0 0 0 0 0 0 0 0 0 0 0 0 0 0 0 0 0 0 0 0 0 0 0 0 0 0 0 0
 2020 7 3 3 2 122 0 0 0 0 0 0 0 0 0 0 0 0 0.003 0.004 0.013 0.02 0.049 0.056 0.06 0.062 0.071 0.064 0.059 0.069 0.07 0.069 0.074 0.069 0.056 0.057 0.027 0.026 0.009 0.007 0.002 0.003 0 0.001 0 0 0 0 0 0 0 0 0 0 0 0 0 0 0 0 0 0 0 0
 -2021 7 3 3 1 5 0 0 0 0 0 0 0 0 0 0 0 0 0.004 0.077 0.24 0.088 0.019 0.174 0.106 0.018 0.096 0.097 0.011 0.005 0.005 0.012 0.007 0.005 0.01 0.007 0.005 0.006 0.002 0.001 0 0 0.004 0 0 0 0 0 0 0 0 0 0 0 0 0 0 0 0 0 0 0 0 0
 2021 7 3 3 2 65 0 0 0 0 0 0 0 0 0 0 0 0 0 0.006 0.009 0.027 0.036 0.05 0.074 0.082 0.072 0.075 0.062 0.082 0.05 0.048 0.06 0.057 0.038 0.039 0.04 0.036 0.027 0.014 0.006 0.003 0.002 0 0 0 0 0 0 0 0 0 0 0 0 0 0 0 0 0 0 0 0 0
 2022 7 3 3 1 11 0 0 0 0 0 0 0 0 0 0 0 0.011 0.022 0.022 0.047 0.126 0.093 0.119 0.057 0.048 0.014 0.06 0.073 0.008 0.026 0.049 0.015 0.035 0.02 0.016 0.037 0.01 0.029 0.016 0.019 0.011 0.006 0 0.011 0 0 0 0 0 0 0 0 0 0 0 0 0 0 0 0 0 0 0
 2022 7 3 3 2 214 0 0 0 0 0 0 0 0 0 0 0 0.001 0.001 0.004 0.007 0.021 0.035 0.055 0.057 0.055 0.065 0.056 0.057 0.048 0.054 0.046 0.055 0.063 0.054 0.054 0.051 0.05 0.041 0.029 0.016 0.014 0.006 0.002 0.001 0 0.001 0 0 0 0 0 0 0 0 0 0 0 0 0 0 0 0 0
 2023 7 3 3 1 13 0 0 0 0 0 0 0 0 0 0.005 0 0.009 0.028 0.024 0.057 0.107 0.097 0.088 0.147 0.074 0.044 0.049 0.02 0.015 0.005 0.025 0.015 0.015 0.025 0.039 0.01 0.029 0.025 0.01 0.029 0.01 0 0 0 0 0 0 0 0 0 0 0 0 0 0 0 0 0 0 0 0 0 0
 2023 7 3 3 2 237 0 0 0 0 0 0 0 0 0 0 0 0 0 0.004 0.009 0.016 0.037 0.05 0.063 0.06 0.07 0.064 0.054 0.056 0.048 0.041 0.044 0.039 0.044 0.05 0.051 0.048 0.045 0.04 0.032 0.018 0.009 0.004 0.002 0.002 0 0 0 0 0 0 0 0 0 0 0 0 0 0 0 0 0 0
 1984 7 6 3 2 22 0 0 0 0 0 0 0 0 0 0.003 0.01 0.029 0.051 0.066 0.044 0.057 0.08 0.062 0.04 0.021 0.024 0.034 0.027 0.019 0.014 0.015 0.015 0.017 0.009 0.015 0.011 0.021 0.017 0.029 0.052 0.065 0.069 0.041 0.031 0.01 0.002 0 0 0 0 0 0 0 0 0 0 0 0 0 0 0 0 0
 1985 7 6 3 2 40 0 0 0 0 0 0 0 0 0 0 0.003 0.02 0.022 0.021 0.042 0.042 0.028 0.037 0.036 0.036 0.04 0.037 0.042 0.035 0.04 0.034 0.041 0.038 0.027 0.017 0.024 0.016 0.019 0.034 0.047 0.055 0.062 0.05 0.026 0.015 0.01 0.003 0 0 0 0 0 0 0 0 0 0 0 0 0 0 0 0
 1986 7 6 3 2 18 0 0 0 0 0 0 0 0 0 0 0 0.001 0.015 0.014 0.009 0.081 0.01 0.01 0.087 0.163 0.086 0.008 0.082 0.008 0.008 0.081 0.007 0.086 0.005 0.006 0.006 0.004 0.004 0.081 0.01 0.008 0.015 0.011 0.009 0.081 0.002 0.002 0 0 0 0 0 0 0 0 0 0 0 0 0 0 0 0
 -1987 7 6 3 2 7 0 0 0 0 0 0 0 0 0 0.021 0 0.021 0 0.021 0.043 0 0.085 0.021 0 0.021 0 0.043 0.043 0.043 0.043 0.021 0.043 0.085 0.043 0.021 0 0.043 0 0.043 0.021 0.043 0.128 0.064 0.043 0 0 0 0 0 0 0 0 0 0 0 0 0 0 0 0 0 0 0
 -1988 7 6 3 2 9 0 0 0 0 0 0 0 0 0 0 0 0 0.156 0.033 0.033 0.017 0.039 0.056 0.111 0.067 0.039 0.078 0.044 0.072 0.028 0.028 0.039 0.033 0.017 0.006 0.017 0.017 0 0.017 0.017 0.017 0.011 0.006 0.006 0 0 0 0 0 0 0 0 0 0 0 0 0 0 0 0 0 0 0
 1989 7 6 3 2 18 0 0 0 0 0 0 0 0 0 0 0 0 0.087 0.082 0.032 0.045 0.079 0.082 0.067 0.025 0.022 0.104 0.047 0.062 0.015 0.025 0.067 0.035 0.037 0.002 0.017 0.03 0.007 0.017 0 0.002 0.002 0.007 0.002 0 0 0 0 0 0 0 0 0 0 0 0 0 0 0 0 0 0 0
 -1990 7 6 3 2 8 0 0 0 0 0 0 0 0 0 0.002 0.001 0.035 0.027 0.024 0.019 0.02 0.012 0.015 0.006 0.003 0.006 0.002 0.001 0.002 0.004 0.11 0.058 0.056 0.002 0.107 0.054 0.107 0.002 0.054 0.053 0.002 0.001 0.001 0 0.108 0.107 0 0 0 0 0 0 0 0 0 0 0 0 0 0 0 0 0
 -1991 7 6 3 2 8 0 0 0 0 0 0 0 0 0 0 0 0 0.064 0.055 0.073 0.028 0.018 0.055 0 0.037 0.046 0.055 0.018 0.037 0.037 0.018 0.037 0.028 0.037 0.064 0.037 0.018 0.046 0.018 0 0.009 0.046 0.037 0.055 0.018 0.009 0 0 0 0 0 0 0 0 0 0 0 0 0 0 0 0 0
 -1992 7 6 3 2 5 0 0 0 0 0 0 0 0 0 0 0 0 0.009 0.031 0.011 0.013 0.007 0.013 0.004 0.009 0.007 0.002 0.043 0.043 0.002 0.088 0.074 0.029 0 0.128 0.128 0.043 0.029 0.071 0.214 0 0 0 0 0 0 0.002 0 0 0 0 0 0 0 0 0 0 0 0 0 0 0 0
 -1993 7 6 3 2 3 0 0 0 0 0 0 0 0 0 0 0 0 0 0 0.059 0.059 0.196 0.098 0.039 0.059 0.02 0.02 0.039 0.02 0 0 0 0 0.039 0.02 0.02 0.039 0.02 0.02 0 0.039 0.137 0 0 0.039 0 0 0 0 0 0.02 0 0 0 0 0 0 0 0 0 0 0 0
 -1995 7 6 3 2 2 0 0 0 0 0 0 0 0 0 0 0 0 0 0 0 0 0 0.028 0.042 0.014 0.014 0.028 0.028 0.111 0.167 0.181 0.097 0.042 0.056 0.056 0.028 0.028 0.028 0 0.014 0 0.014 0.014 0.014 0 0 0 0 0 0 0 0 0 0 0 0 0 0 0 0 0 0 0
 -1998 7 6 3 2 6 0 0 0 0 0 0 0 0 0 0 0 0 0 0 0.004 0.016 0.032 0.04 0.024 0.004 0.016 0.028 0.032 0.024 0.047 0.079 0.075 0.067 0.063 0.079 0.075 0.059 0.059 0.095 0.036 0.012 0.016 0.016 0 0 0 0.004 0 0 0 0 0 0 0 0 0 0 0 0 0 0 0 0
 -1999 7 6 3 2 5 0 0 0 0 0 0 0 0 0 0 0 0 0 0 0 0.007 0.009 0.022 0.009 0.004 0.001 0.003 0.034 0.034 0.013 0.1 0.134 0.127 0.174 0.108 0.06 0.04 0.047 0.027 0 0.02 0.02 0.007 0 0 0 0 0 0 0 0 0 0 0 0 0 0 0 0 0 0 0 0
 2000 7 6 3 2 17 0 0 0 0 0 0 0 0 0 0 0 0 0 0 0.018 0.022 0.022 0.014 0.004 0.002 0.013 0.025 0.031 0.051 0.039 0.044 0.038 0.056 0.067 0.106 0.097 0.092 0.067 0.055 0.033 0.04 0.034 0.018 0.014 0.002 0 0 0 0 0 0 0 0 0 0 0 0 0 0 0 0 0 0
 -2001 7 6 3 2 8 0 0 0 0 0 0 0 0 0 0 0 0 0 0 0 0 0 0.006 0.017 0.006 0.033 0.022 0.039 0.028 0.056 0.072 0.044 0.05 0.028 0.05 0.039 0.028 0.133 0.1 0.111 0.056 0.044 0.017 0.006 0.006 0 0.006 0.006 0 0 0 0 0 0 0 0 0 0 0 0 0 0 0
 2002 7 6 3 2 24 0 0 0 0 0 0 0 0 0 0 0 0 0 0 0.005 0.006 0.029 0.047 0.08 0.073 0.054 0.05 0.043 0.04 0.03 0.016 0.035 0.036 0.03 0.045 0.074 0.063 0.071 0.046 0.063 0.029 0.019 0.009 0.01 0 0 0 0 0 0 0 0 0 0 0 0 0 0 0 0 0 0 0
 2003 7 6 3 2 13 0 0 0 0 0 0 0 0 0 0 0 0 0 0 0 0 0 0 0 0 0.006 0.017 0.009 0.011 0.033 0.036 0.067 0.058 0.037 0.07 0.1 0.118 0.093 0.095 0.083 0.055 0.069 0.008 0.023 0.011 0 0 0 0 0 0 0 0 0 0 0 0 0 0 0 0 0 0
 2004 7 6 3 2 17 0 0 0 0 0 0 0 0 0 0 0 0 0 0 0 0 0 0 0.007 0.007 0.01 0.027 0.042 0.028 0.01 0.03 0.039 0.078 0.073 0.094 0.097 0.112 0.098 0.09 0.066 0.045 0.028 0.01 0.007 0.003 0 0 0 0 0 0 0 0 0 0 0 0 0 0 0 0 0 0
 -2005 7 6 3 2 8 0 0 0 0 0 0 0 0 0 0 0 0 0 0.002 0 0.005 0.009 0.018 0.005 0.008 0.017 0.012 0.029 0.032 0.027 0.025 0.04 0.065 0.169 0.065 0.182 0.065 0.093 0.04 0.035 0.04 0.01 0.008 0 0 0 0 0 0 0 0 0 0 0 0 0 0 0 0 0 0 0 0
 2006 7 6 3 2 14 0 0 0 0 0 0 0 0 0 0 0 0 0 0 0 0 0.006 0.01 0.015 0.021 0.027 0.034 0.019 0.063 0.044 0.07 0.078 0.068 0.065 0.085 0.106 0.072 0.04 0.04 0.034 0.038 0.023 0.021 0.011 0.002 0.004 0 0.004 0 0 0 0 0 0 0 0 0 0 0 0 0 0 0
 2007 7 6 3 2 14 0 0 0 0 0 0 0 0 0 0 0 0 0 0 0.004 0.002 0.006 0.007 0.003 0.013 0.034 0.056 0.086 0.085 0.08 0.077 0.078 0.061 0.038 0.021 0.051 0.1 0.04 0.059 0.044 0.033 0.014 0.002 0.004 0 0 0 0 0 0 0 0 0 0 0 0 0 0 0 0 0 0 0
 2008 7 6 3 2 18 0 0 0 0 0 0 0 0 0 0 0 0 0 0.022 0.031 0.014 0.013 0.051 0.021 0.048 0.019 0.058 0.034 0.039 0.056 0.04 0.063 0.059 0.097 0.056 0.04 0.038 0.032 0.038 0.021 0.017 0.039 0.031 0.004 0.002 0 0.01 0 0.01 0 0 0 0 0 0 0 0 0 0 0 0 0 0
 2009 7 6 3 2 16 0 0 0 0 0 0 0 0 0 0 0 0 0 0.009 0.011 0.028 0.03 0.045 0.017 0.047 0.041 0.098 0.041 0.022 0.049 0.088 0.045 0.037 0.043 0.062 0.065 0.039 0.052 0.034 0.028 0.026 0.011 0.026 0.009 0 0 0 0 0 0 0 0 0 0 0 0 0 0 0 0 0 0 0
 -2010 7 6 3 1 3 0 0 0 0 0 0 0 0 0 0 0 0.022 0 0 0 0.022 0 0 0.022 0.022 0 0 0.022 0 0.022 0 0.065 0.043 0.087 0.065 0.217 0.043 0.174 0.022 0 0.043 0.022 0 0.043 0.022 0 0.022 0 0 0 0 0 0 0 0 0 0 0 0 0 0 0 0
 -2010 7 6 3 2 5 0 0 0 0 0 0 0 0 0 0 0 0 0 0 0.028 0.046 0.046 0.028 0.037 0.074 0.037 0.083 0.028 0.111 0.028 0.009 0.243 0.055 0.055 0.037 0 0 0 0.037 0 0.009 0.009 0 0 0 0 0 0 0 0 0 0 0 0 0 0 0 0 0 0 0 0 0
 -2012 7 6 3 1 2 0 0 0 0 0 0 0 0 0 0 0 0 0 0 0 0 0 0 0 0 0.333 0 0 0.333 0 0 0 0 0 0.333 0 0 0 0 0 0 0 0 0 0 0 0 0 0 0 0 0 0 0 0 0 0 0 0 0 0 0 0
 2012 7 6 3 2 10 0 0 0 0 0 0 0 0 0 0 0 0 0 0 0.014 0.041 0.014 0.014 0.048 0.062 0.055 0.069 0.039 0.034 0.041 0.055 0.073 0.078 0.057 0.091 0.068 0.036 0.016 0.031 0.029 0.011 0.011 0.004 0.009 0 0 0 0 0 0 0 0 0 0 0 0 0 0 0 0 0 0 0
 -2013 7 6 3 1 2 0 0 0 0 0 0 0 0 0 0 0 0 0 0 0 0 0 0 0 0 0.015 0.031 0.046 0.015 0 0.015 0.046 0 0.046 0.062 0.092 0.185 0.077 0.138 0.077 0.123 0.015 0.015 0 0 0 0 0 0 0 0 0 0 0 0 0 0 0 0 0 0 0 0
 2013 7 6 3 2 10 0 0 0 0 0 0 0 0 0 0 0 0 0 0.01 0.03 0.03 0.009 0.034 0.028 0.027 0.071 0.024 0.065 0.059 0.034 0.024 0.044 0.077 0.047 0.125 0.061 0.053 0.054 0.026 0.009 0.021 0.013 0.017 0.009 0 0 0 0 0 0 0 0 0 0 0 0 0 0 0 0 0 0 0
 -2014 7 6 3 2 8 0 0 0 0 0 0 0 0 0 0 0 0 0 0 0 0 0 0 0 0 0 0 0 0 0 0 0.138 0.049 0.14 0.009 0.248 0.238 0.056 0.052 0.003 0.051 0.006 0.004 0.001 0.001 0.003 0 0 0 0 0 0 0 0 0 0 0 0 0 0 0 0 0
 2015 7 6 3 2 16 0 0 0 0 0 0 0 0 0 0 0 0 0.003 0.003 0.001 0.001 0.008 0.006 0.006 0.013 0.014 0.004 0.01 0.013 0.014 0.018 0.019 0.026 0.046 0.033 0.05 0.042 0.038 0.208 0.208 0.181 0.015 0.008 0.007 0.003 0.003 0 0 0 0 0 0 0 0 0 0 0 0 0 0 0 0 0
 -2016 7 6 3 1 6 0 0 0 0 0 0 0 0 0 0 0 0 0 0 0 0 0 0 0 0 0.005 0 0 0.005 0.014 0.005 0.017 0.043 0.072 0.077 0.077 0.142 0.149 0.125 0.108 0.08 0.048 0.014 0.014 0.005 0 0 0 0 0 0 0 0 0 0 0 0 0 0 0 0 0 0
 2016 7 6 3 2 15 0 0 0 0 0 0 0 0 0 0 0 0 0 0.024 0.024 0.072 0.003 0.031 0.079 0.1 0.076 0.003 0.038 0.031 0.031 0.062 0.01 0.014 0.017 0.024 0.041 0.09 0.097 0.048 0.017 0.017 0.024 0.007 0.007 0.007 0 0.003 0 0 0 0 0 0 0 0 0 0 0 0 0 0 0 0
 -2017 7 6 3 1 2 0 0 0 0 0 0 0 0 0 0 0 0 0 0 0 0 0 0 0 0 0 0 0 0 0 0 0.008 0 0.056 0.04 0.089 0.177 0.234 0.177 0.073 0.073 0.04 0.024 0 0.008 0 0 0 0 0 0 0 0 0 0 0 0 0 0 0 0 0 0
 2017 7 6 3 2 19 0 0 0 0 0 0 0 0 0 0 0 0 0 0.005 0 0 0 0 0 0.005 0.081 0.009 0.009 0.014 0.014 0.028 0.028 0.023 0.061 0.042 0.084 0.089 0.122 0.175 0.07 0.037 0.037 0.014 0.033 0.019 0 0 0 0 0 0 0 0 0 0 0 0 0 0 0 0 0 0
 2018 7 6 3 2 22 0 0 0 0 0 0 0 0 0 0 0 0 0 0 0 0 0 0.002 0 0 0.002 0 0.026 0.007 0 0.017 0.015 0.037 0.06 0.094 0.119 0.151 0.18 0.097 0.079 0.052 0.025 0.02 0.002 0.01 0 0.002 0 0 0 0 0 0 0 0 0 0 0 0 0 0 0 0
 2019 7 6 3 2 42 0 0 0 0 0 0 0 0 0 0 0 0 0.001 0 0.003 0.003 0.008 0.002 0.008 0.013 0.008 0.009 0.011 0.02 0.015 0.04 0.038 0.052 0.062 0.088 0.102 0.126 0.103 0.111 0.061 0.05 0.031 0.016 0.007 0.006 0.003 0.001 0 0 0 0 0 0 0 0 0 0 0 0 0 0 0 0
 -2020 7 6 3 2 8 0 0 0 0 0 0 0 0 0 0 0 0 0 0 0 0 0 0 0.015 0.015 0.015 0.03 0 0.03 0.045 0.022 0.052 0.045 0.052 0.112 0.104 0.142 0.119 0.112 0.045 0.015 0.022 0 0 0.007 0 0 0 0 0 0 0 0 0 0 0 0 0 0 0 0 0 0
 2021 7 6 3 2 10 0 0 0 0 0 0 0 0 0 0 0 0 0 0 0 0 0 0 0.005 0 0 0.002 0.007 0.007 0.014 0.017 0.014 0.03 0.036 0.122 0.15 0.135 0.128 0.096 0.091 0.079 0.034 0.018 0.005 0.005 0.005 0.002 0 0 0 0 0 0 0 0 0 0 0 0 0 0 0 0
 -2022 7 6 3 1 3 0 0 0 0 0 0 0 0 0 0 0 0 0 0 0 0 0 0 0 0.036 0 0 0 0 0.036 0 0 0 0.036 0.036 0.071 0 0.107 0.286 0.179 0.036 0.071 0.071 0.036 0 0 0 0 0 0 0 0 0 0 0 0 0 0 0 0 0 0 0
 2022 7 6 3 2 18 0 0 0 0 0 0 0 0 0 0 0 0 0 0.002 0.003 0 0.004 0.006 0.007 0.006 0.005 0.012 0.011 0.011 0.019 0.021 0.037 0.027 0.039 0.065 0.1 0.122 0.142 0.119 0.104 0.064 0.03 0.019 0.015 0.005 0.004 0 0 0 0 0 0 0 0 0 0 0 0 0 0 0 0 0
 2023 7 6 3 2 19 0 0 0 0 0 0 0 0 0 0 0 0 0 0 0 0 0 0.001 0.001 0 0.001 0.004 0.004 0.003 0.017 0.014 0.018 0.033 0.062 0.097 0.093 0.1 0.12 0.131 0.1 0.086 0.057 0.033 0.014 0.011 0.002 0 0 0 0 0 0 0 0 0 0 0 0 0 0 0 0 0
 1984 7 7 3 2 32 0 0 0 0 0 0 0 0 0 0 0 0 0 0 0 0 0 0 0.016 0.031 0.033 0.054 0.097 0.122 0.117 0.108 0.082 0.062 0.029 0.021 0.009 0.005 0.01 0.008 0.002 0.008 0.014 0.021 0.042 0.045 0.033 0.012 0.008 0.013 0 0 0 0 0 0 0 0 0 0 0 0 0 0
 1985 7 7 3 2 38 0 0 0 0 0 0 0 0 0 0 0 0 0 0 0 0 0 0 0.011 0.003 0.016 0.017 0.035 0.062 0.078 0.111 0.097 0.098 0.11 0.083 0.068 0.024 0.025 0.033 0.005 0.002 0.022 0.01 0.005 0.041 0.021 0.014 0.007 0.001 0.001 0 0 0 0 0 0 0 0 0 0 0 0 0
 1986 7 7 3 2 102 0 0 0 0 0 0 0 0 0 0 0 0 0 0 0.003 0.004 0.008 0.014 0.019 0.028 0.03 0.041 0.038 0.03 0.053 0.065 0.044 0.082 0.062 0.074 0.083 0.067 0.061 0.043 0.026 0.024 0.012 0.016 0.015 0.014 0.011 0.013 0.01 0.004 0.003 0 0 0 0 0 0 0 0 0 0 0 0 0
 1987 7 7 3 2 41 0 0 0 0 0 0 0 0 0 0 0 0 0 0 0 0.002 0.01 0.013 0.027 0.008 0.015 0.025 0.036 0.048 0.068 0.038 0.054 0.066 0.05 0.054 0.066 0.058 0.056 0.044 0.042 0.018 0.037 0.036 0.024 0.034 0.027 0.017 0.007 0.012 0.005 0.003 0 0 0 0 0 0 0 0 0 0 0 0
 1988 7 7 3 2 20 0 0 0 0 0 0 0 0 0 0 0 0 0 0.004 0 0 0.009 0.026 0.057 0.033 0.044 0.064 0.065 0.046 0.046 0.076 0.052 0.025 0.049 0.009 0.025 0.024 0.024 0.016 0.036 0.035 0.07 0.064 0.052 0.036 0.009 0.004 0 0 0 0 0 0 0 0 0 0 0 0 0 0 0 0
 -1989 7 7 3 2 6 0 0 0 0 0 0 0 0 0 0 0 0 0 0 0 0 0 0 0.049 0.025 0.075 0.025 0.025 0.025 0.049 0.025 0.051 0.1 0 0.1 0 0.051 0 0 0.1 0 0.102 0.051 0 0.025 0.051 0.051 0.025 0 0 0 0 0 0 0 0 0 0 0 0 0 0 0
 1990 7 7 3 2 44 0 0 0 0 0 0 0 0 0 0 0 0 0 0 0.015 0.066 0.081 0.031 0.017 0.012 0.012 0.021 0.034 0.042 0.065 0.029 0.053 0.073 0.035 0.024 0.048 0.025 0.028 0.037 0.027 0.029 0.037 0.038 0.034 0.012 0.012 0.017 0.012 0.017 0 0.004 0.008 0.004 0 0 0 0 0 0 0 0 0 0
 1991 7 7 3 2 25 0 0 0 0 0 0 0 0 0 0 0 0 0 0 0 0 0.009 0.017 0.035 0.009 0.124 0.079 0.044 0.017 0.036 0.027 0.036 0.088 0.036 0.097 0.027 0.027 0.045 0.009 0.009 0.009 0.073 0.037 0.009 0.046 0.009 0.009 0 0 0.017 0.017 0 0 0 0 0 0 0 0 0 0 0 0
 1992 7 7 3 2 27 0 0 0 0 0 0 0 0 0 0 0 0 0 0 0 0 0.154 0.135 0.068 0.014 0.033 0.018 0.066 0.061 0.045 0.009 0.03 0.027 0.04 0.068 0.045 0.037 0.016 0.014 0.012 0.005 0.023 0.018 0.009 0 0.026 0 0.016 0 0.012 0 0 0 0 0 0 0 0 0 0 0 0 0
 1993 7 7 3 2 35 0 0 0 0 0 0 0 0 0 0 0 0 0 0.01 0 0 0.005 0.01 0.016 0.036 0.015 0.067 0.082 0.098 0.165 0.067 0.083 0.067 0.067 0.083 0.015 0.01 0.005 0.005 0.01 0.026 0.01 0.026 0.01 0 0.005 0 0 0 0 0 0 0.005 0 0 0 0 0 0 0 0 0 0
 1994 7 7 3 2 23 0 0 0 0 0 0 0 0 0 0 0 0 0 0 0 0 0 0 0.031 0 0 0.055 0.103 0.048 0.081 0.033 0.048 0.127 0.016 0.141 0.031 0.008 0.031 0.055 0.047 0 0.025 0.016 0.016 0.048 0.033 0.008 0 0 0 0 0 0 0 0 0 0 0 0 0 0 0 0
 1995 7 7 3 2 32 0 0 0 0 0 0 0 0 0 0 0 0 0 0.003 0 0 0 0 0.025 0.04 0.016 0.067 0.139 0.091 0.065 0.026 0.072 0.036 0.014 0.038 0.024 0.037 0.025 0.061 0.014 0.024 0.036 0.012 0.096 0.012 0.002 0.025 0 0 0 0 0 0 0 0 0 0 0 0 0 0 0 0
 1996 7 7 3 2 21 0 0 0 0 0 0 0 0 0 0 0 0 0 0 0 0 0 0.025 0.025 0.038 0.025 0.113 0.088 0.127 0.177 0.051 0.051 0.114 0.013 0 0.039 0.064 0 0.013 0 0.013 0 0.013 0 0 0 0.013 0 0 0 0 0 0 0 0 0 0 0 0 0 0 0 0
 1997 7 7 3 2 11 0 0 0 0 0 0 0 0 0 0 0 0 0 0 0 0 0.045 0 0 0 0.03 0.015 0 0.06 0.03 0 0.045 0.045 0.119 0.104 0.015 0.045 0.03 0.089 0.134 0.089 0.015 0.03 0.03 0.015 0.015 0 0 0 0 0 0 0 0 0 0 0 0 0 0 0 0 0
 1998 7 7 3 2 25 0 0 0 0 0 0 0 0 0 0 0 0 0 0 0 0 0.009 0.014 0.031 0.033 0.056 0.054 0.061 0.082 0.089 0.085 0.083 0.056 0.038 0.036 0.057 0.062 0.038 0.036 0.009 0.014 0.007 0.014 0.009 0.007 0.007 0.007 0.007 0 0 0 0 0 0 0 0 0 0 0 0 0 0 0
 1999 7 7 3 2 56 0 0 0 0 0 0 0 0 0 0 0 0 0 0.004 0 0.003 0.01 0.027 0.041 0.109 0.082 0.083 0.097 0.079 0.058 0.062 0.058 0.031 0.038 0.017 0.017 0.01 0.01 0.021 0.018 0.021 0.024 0.021 0.032 0.01 0.01 0.004 0 0 0 0 0 0 0 0 0 0 0 0 0 0 0 0
 2000 7 7 3 2 46 0 0 0 0 0 0 0 0 0 0 0 0 0 0 0 0.003 0.003 0.004 0.01 0.013 0.043 0.067 0.062 0.081 0.124 0.151 0.11 0.099 0.047 0.046 0.022 0.024 0.008 0.02 0.014 0.013 0.004 0 0.004 0.008 0.008 0.004 0.004 0 0 0 0 0 0 0 0 0 0 0 0 0 0 0
 2001 7 7 3 2 40 0 0 0 0 0 0 0 0 0 0 0 0 0 0 0 0 0 0 0 0 0.033 0.076 0.066 0.049 0.097 0.088 0.12 0.089 0.098 0.077 0.08 0.048 0.021 0.01 0.016 0 0.01 0 0.01 0 0.005 0 0 0 0.006 0 0 0 0 0 0 0 0 0 0 0 0 0
 2002 7 7 3 2 48 0 0 0 0 0 0 0 0 0 0 0 0 0 0 0.002 0.005 0.01 0.012 0.024 0.031 0.024 0.044 0.034 0.059 0.047 0.044 0.061 0.084 0.097 0.057 0.1 0.071 0.049 0.042 0.019 0.017 0.019 0.007 0.014 0.015 0.009 0 0 0 0 0 0 0 0 0 0 0 0 0 0 0 0 0
 2003 7 7 3 2 45 0 0 0 0 0 0 0 0 0 0 0 0 0 0 0 0 0.007 0.036 0.057 0.077 0.097 0.106 0.116 0.098 0.081 0.045 0.042 0.036 0.029 0.046 0.028 0.023 0.026 0.005 0.008 0.018 0 0 0.009 0.009 0.005 0 0 0 0 0 0 0 0 0 0 0 0 0 0 0 0 0
 2004 7 7 3 2 49 0 0 0 0 0 0 0 0 0 0 0 0 0 0 0 0.003 0 0.018 0.066 0.055 0.081 0.092 0.107 0.105 0.093 0.125 0.086 0.069 0.03 0.027 0.008 0.012 0.005 0.002 0.003 0.004 0 0.002 0.004 0.002 0 0 0 0 0 0 0 0 0 0 0 0 0 0 0 0 0 0
 2005 7 7 3 2 69 0 0 0 0 0 0 0 0 0 0 0 0 0 0 0 0 0.016 0.022 0.04 0.053 0.058 0.088 0.084 0.083 0.096 0.101 0.088 0.098 0.081 0.036 0.02 0.006 0.002 0.002 0.004 0.004 0.007 0.002 0.005 0 0 0 0 0 0.002 0 0 0 0 0 0 0 0 0 0 0 0 0
 2006 7 7 3 2 43 0 0 0 0 0 0 0 0 0 0 0 0 0 0.005 0.003 0.007 0.016 0.025 0.041 0.035 0.055 0.065 0.08 0.082 0.096 0.056 0.092 0.086 0.076 0.067 0.039 0.003 0.041 0 0.007 0.003 0.01 0.007 0 0 0 0 0 0 0 0 0 0 0 0 0 0 0 0 0 0 0 0
 2007 7 7 3 1 13 0 0 0 0 0 0 0 0 0 0 0 0 0.002 0 0.005 0.012 0.007 0.024 0.041 0.038 0.062 0.086 0.098 0.105 0.089 0.067 0.077 0.069 0.029 0.045 0.033 0.041 0.024 0.014 0.005 0.012 0.005 0.002 0.005 0 0 0.002 0 0 0 0 0 0 0 0 0 0 0 0 0 0 0 0
 2007 7 7 3 2 17 0 0 0 0 0 0 0 0 0 0 0 0 0 0 0 0 0.009 0.042 0.017 0.026 0.009 0.068 0.093 0.102 0.06 0.119 0.127 0.144 0.051 0.059 0.025 0.017 0.017 0 0.009 0 0 0 0.009 0 0 0 0 0 0 0 0 0 0 0 0 0 0 0 0 0 0 0
 -2008 7 7 3 1 2 0 0 0 0 0 0 0 0 0 0 0 0 0 0.056 0 0 0.083 0 0.056 0.056 0.028 0.083 0.111 0 0.139 0.083 0.111 0.083 0.056 0 0 0.028 0 0 0 0 0 0 0 0.028 0 0 0 0 0 0 0 0 0 0 0 0 0 0 0 0 0 0
 2008 7 7 3 2 33 0 0 0 0 0 0 0 0 0 0 0 0 0 0.004 0.004 0.004 0.007 0.04 0.015 0.026 0.052 0.059 0.088 0.132 0.134 0.146 0.116 0.058 0.033 0.022 0.029 0.018 0 0.004 0.007 0 0 0 0 0 0 0 0 0 0 0 0 0 0 0 0 0 0 0 0 0 0 0
 2009 7 7 3 1 22 0 0 0 0 0 0 0 0 0.031 0 0 0 0 0.001 0.003 0.006 0.011 0.018 0.036 0.036 0.039 0.115 0.093 0.095 0.1 0.088 0.082 0.083 0.039 0.036 0.034 0.025 0.008 0.009 0.004 0.002 0.003 0 0.001 0 0 0 0 0 0 0 0 0 0 0 0 0 0 0 0 0 0 0
 2009 7 7 3 2 12 0 0 0 0 0 0 0 0 0 0 0 0 0 0 0.02 0.024 0.057 0.069 0.037 0.073 0.142 0.077 0.086 0.037 0.057 0.069 0.06 0.065 0.057 0.048 0.004 0.012 0.004 0 0 0 0 0 0 0 0 0 0 0 0 0 0 0 0 0 0 0 0 0 0 0 0 0
 2010 7 7 3 1 44 0 0 0 0 0 0 0 0 0 0.001 0 0 0 0.003 0.004 0.01 0.022 0.033 0.053 0.063 0.072 0.066 0.071 0.09 0.09 0.076 0.07 0.069 0.063 0.042 0.03 0.027 0.019 0.011 0.006 0.004 0.003 0 0 0 0 0 0 0 0 0 0 0 0 0 0 0 0 0 0 0 0 0
 2010 7 7 3 2 101 0 0 0 0 0 0 0 0 0 0 0 0 0 0 0 0.006 0.013 0.024 0.047 0.066 0.06 0.068 0.081 0.085 0.082 0.083 0.083 0.087 0.066 0.056 0.029 0.023 0.019 0.01 0.007 0.003 0 0.002 0 0 0 0 0 0 0 0 0 0 0 0 0 0 0 0 0 0 0 0
 2011 7 7 3 1 70 0 0 0 0 0 0 0 0 0 0 0 0 0.001 0 0.002 0.003 0.01 0.018 0.025 0.045 0.054 0.07 0.089 0.085 0.099 0.086 0.072 0.079 0.061 0.055 0.048 0.035 0.027 0.017 0.009 0.005 0 0.001 0 0 0 0 0 0 0 0 0 0 0 0 0 0 0 0 0 0 0 0
 2011 7 7 3 2 71 0 0 0 0 0 0 0 0 0 0 0 0 0.003 0.002 0 0.002 0.009 0.007 0.03 0.044 0.066 0.056 0.1 0.099 0.084 0.103 0.06 0.074 0.061 0.071 0.043 0.044 0.017 0.007 0.013 0.004 0.002 0 0 0 0 0 0 0 0 0 0 0 0 0 0 0 0 0 0 0 0 0
 2012 7 7 3 1 30 0 0 0 0 0 0 0 0 0 0 0 0 0 0.001 0 0.002 0.004 0.008 0.011 0.019 0.026 0.034 0.045 0.057 0.084 0.088 0.08 0.098 0.1 0.087 0.058 0.059 0.054 0.03 0.024 0.013 0.01 0.003 0.001 0.002 0 0 0 0 0 0 0 0 0 0 0 0 0 0 0 0 0 0
 2012 7 7 3 2 36 0 0 0 0 0 0 0 0 0 0 0 0 0 0 0 0 0.003 0.003 0.008 0.038 0.049 0.036 0.066 0.095 0.08 0.136 0.095 0.1 0.065 0.08 0.017 0.066 0.05 0.008 0.003 0 0.003 0 0 0 0 0 0 0 0 0 0 0 0 0 0 0 0 0 0 0 0 0
 2013 7 7 3 1 51 0 0 0 0 0 0 0 0 0 0 0 0 0 0 0.007 0.01 0.015 0.025 0.027 0.033 0.034 0.044 0.045 0.056 0.062 0.06 0.055 0.074 0.081 0.084 0.078 0.06 0.057 0.046 0.026 0.012 0.007 0.002 0 0 0 0 0 0 0 0 0 0 0 0 0 0 0 0 0 0 0 0
 2013 7 7 3 2 74 0 0 0 0 0 0 0 0 0 0 0 0.004 0 0 0 0.012 0.009 0.025 0.028 0.035 0.045 0.072 0.039 0.063 0.054 0.051 0.057 0.086 0.061 0.076 0.058 0.076 0.045 0.051 0.029 0.008 0.009 0 0 0 0 0 0 0 0.004 0 0 0 0 0 0 0 0 0 0 0 0 0
 2014 7 7 3 1 16 0 0 0 0 0 0 0 0 0 0 0 0.001 0.001 0.002 0 0.012 0.005 0.02 0.019 0.034 0.067 0.048 0.047 0.076 0.043 0.061 0.051 0.07 0.08 0.074 0.077 0.064 0.059 0.05 0.022 0.013 0.003 0.002 0 0 0.001 0 0 0 0 0 0 0 0 0 0 0 0 0 0 0 0 0
 2014 7 7 3 2 74 0 0 0 0 0 0 0 0 0 0 0 0 0 0 0.002 0.007 0.008 0.025 0.034 0.052 0.053 0.06 0.068 0.075 0.056 0.056 0.053 0.054 0.058 0.057 0.067 0.061 0.053 0.046 0.031 0.017 0.003 0.003 0 0 0 0 0 0 0 0 0 0 0 0 0 0 0 0 0 0 0 0
 2015 7 7 3 1 18 0 0 0 0 0 0 0 0 0 0 0 0 0.001 0.001 0.005 0.016 0.022 0.014 0.021 0.022 0.047 0.072 0.064 0.038 0.067 0.052 0.071 0.063 0.03 0.082 0.024 0.052 0.031 0.053 0.049 0.061 0.026 0.011 0.002 0.002 0 0.001 0 0 0 0 0 0 0 0 0 0 0 0 0 0 0 0
 2015 7 7 3 2 102 0 0 0 0 0 0 0 0 0 0 0 0 0 0 0 0.005 0.013 0.01 0.016 0.039 0.045 0.088 0.083 0.068 0.066 0.077 0.061 0.057 0.06 0.051 0.05 0.057 0.043 0.049 0.033 0.017 0.003 0 0.003 0 0 0.004 0 0 0 0 0 0 0 0 0 0 0 0 0 0 0 0
 2016 7 7 3 1 40 0 0 0 0 0 0 0 0 0 0 0 0.002 0.008 0.025 0.028 0.03 0.03 0.03 0.042 0.04 0.037 0.048 0.056 0.059 0.055 0.054 0.049 0.052 0.061 0.048 0.047 0.047 0.048 0.039 0.031 0.019 0.01 0.003 0 0 0 0 0 0 0 0 0 0 0 0 0 0 0 0 0 0 0 0
 2016 7 7 3 2 112 0 0 0 0 0 0 0 0 0 0 0.001 0.001 0.002 0.008 0.018 0.021 0.038 0.041 0.04 0.043 0.049 0.068 0.06 0.079 0.046 0.065 0.076 0.049 0.063 0.036 0.04 0.04 0.043 0.027 0.018 0.012 0.009 0.002 0.001 0 0 0 0 0 0.001 0 0 0 0 0 0 0 0 0 0 0 0 0
 2017 7 7 3 1 12 0 0 0 0 0 0 0 0 0 0 0 0 0.004 0.021 0.031 0.06 0.07 0.087 0.087 0.077 0.043 0.06 0.071 0.032 0.033 0.051 0.035 0.049 0.023 0.019 0.049 0.012 0.019 0.012 0.024 0.013 0.009 0.009 0 0 0 0 0 0 0 0 0 0 0 0 0 0 0 0 0 0 0 0
 2017 7 7 3 2 81 0 0 0 0 0 0 0 0 0 0 0 0 0 0 0.008 0.024 0.036 0.056 0.036 0.06 0.08 0.06 0.064 0.061 0.061 0.04 0.035 0.046 0.051 0.04 0.047 0.053 0.049 0.035 0.022 0.022 0.008 0 0.004 0 0 0 0.002 0 0 0 0 0 0 0 0 0 0 0 0 0 0 0
 -2018 7 7 3 1 5 0 0 0 0 0 0 0 0 0 0 0 0.003 0.003 0.003 0.012 0.006 0.014 0.049 0.115 0.138 0.118 0.118 0.098 0.059 0.033 0.029 0.024 0.027 0.03 0.02 0.025 0.019 0.015 0.017 0.011 0.008 0.003 0 0 0.003 0 0 0 0 0 0 0 0 0 0 0 0 0 0 0 0 0 0
 2018 7 7 3 2 80 0 0 0 0 0 0 0 0 0 0 0 0 0 0 0.002 0.011 0.008 0.026 0.042 0.06 0.099 0.111 0.121 0.074 0.075 0.036 0.044 0.031 0.036 0.032 0.039 0.042 0.014 0.023 0.03 0.018 0.011 0.01 0.001 0 0 0 0 0.001 0 0 0 0 0 0 0 0 0 0 0 0 0 0
 -2019 7 7 3 1 4 0 0 0 0 0 0 0 0 0 0 0 0.038 0 0 0.077 0.038 0.038 0.154 0.192 0.385 0 0.038 0.038 0 0 0 0 0 0 0 0 0 0 0 0 0 0 0 0 0 0 0 0 0 0 0 0 0 0 0 0 0 0 0 0 0 0 0
 2019 7 7 3 2 97 0 0 0 0 0 0 0 0 0 0 0 0 0.001 0 0.005 0.009 0.017 0.023 0.049 0.051 0.091 0.086 0.093 0.099 0.078 0.079 0.057 0.035 0.035 0.041 0.026 0.016 0.02 0.033 0.013 0.019 0.015 0.002 0.001 0.001 0.001 0 0.003 0 0 0 0 0 0 0 0 0 0 0 0 0 0 0
 2020 7 7 3 2 45 0 0 0 0 0 0 0 0 0 0 0 0 0 0 0.006 0.011 0.011 0.022 0.04 0.055 0.077 0.071 0.043 0.094 0.085 0.075 0.065 0.093 0.088 0.051 0.025 0.039 0.014 0.011 0.003 0.011 0.009 0 0 0 0 0 0 0 0 0 0 0 0 0 0 0 0 0 0 0 0 0
 -2021 7 7 3 1 4 0 0 0 0 0 0 0 0 0 0 0.02 0 0.024 0 0.024 0.041 0.041 0.048 0.161 0.104 0.048 0.034 0.03 0.048 0.011 0.034 0.03 0.063 0.045 0.034 0.022 0.048 0.034 0.019 0.019 0.007 0.004 0.007 0 0 0 0 0 0 0 0 0 0 0 0 0 0 0 0 0 0 0 0
 2021 7 7 3 2 49 0 0 0 0 0 0 0 0 0 0 0 0 0 0 0 0.011 0.011 0.01 0.023 0.02 0.03 0.037 0.056 0.076 0.067 0.054 0.067 0.078 0.06 0.107 0.067 0.065 0.063 0.049 0.025 0.015 0.009 0 0 0 0 0 0 0 0 0 0 0 0 0 0 0 0 0 0 0 0 0
 2022 7 7 3 1 18 0 0 0 0 0 0 0 0.004 0 0 0 0.004 0.008 0.02 0.014 0.034 0.016 0.067 0.027 0.031 0.048 0.022 0.024 0.066 0.035 0.061 0.062 0.123 0.087 0.048 0.047 0.038 0.059 0.024 0.015 0.011 0 0.002 0 0 0 0.004 0 0 0 0 0 0 0 0 0 0 0 0 0 0 0 0
 2022 7 7 3 2 162 0 0 0 0 0 0 0 0 0 0 0 0 0 0.002 0.003 0.003 0.011 0.022 0.032 0.03 0.034 0.046 0.047 0.047 0.057 0.074 0.069 0.08 0.065 0.072 0.072 0.071 0.064 0.043 0.034 0.011 0.006 0.003 0.002 0 0 0 0 0 0 0 0 0 0 0 0 0 0 0 0 0 0 0
 2023 7 7 3 1 14 0 0 0 0 0 0 0 0 0 0.003 0 0.078 0.003 0.017 0.184 0.245 0.038 0.137 0.042 0.038 0.045 0.017 0.017 0.003 0.014 0.01 0 0.017 0.024 0.01 0.01 0.01 0.003 0.014 0.01 0.003 0 0 0 0 0 0 0 0 0 0 0 0 0 0 0 0 0 0 0 0 0 0
 2023 7 7 3 2 142 0 0 0 0 0 0 0 0 0 0 0 0 0 0 0.004 0.005 0.013 0.037 0.037 0.039 0.052 0.037 0.055 0.05 0.058 0.05 0.058 0.059 0.062 0.061 0.071 0.068 0.065 0.043 0.042 0.016 0.01 0.005 0.001 0.001 0 0 0 0 0 0 0 0 0 0 0 0 0 0 0 0 0 0
 -1984 7 8 3 2 4 0 0 0 0 0 0 0 0 0 0 0 0 0 0 0 0.068 0.059 0.034 0.025 0.008 0.017 0 0.025 0.008 0.034 0.025 0.034 0.008 0.025 0.051 0.042 0.068 0.025 0.153 0.068 0.085 0.076 0.042 0.017 0 0 0 0 0 0 0 0 0 0 0 0 0 0 0 0 0 0 0
 -1985 7 8 3 2 2 0 0 0 0 0 0 0 0 0 0 0 0 0 0 0 0.063 0.063 0 0.188 0.063 0.125 0.188 0 0.063 0 0 0 0 0.063 0.063 0.125 0 0 0 0 0 0 0 0 0 0 0 0 0 0 0 0 0 0 0 0 0 0 0 0 0 0 0
 -1988 7 8 3 2 2 0 0 0 0 0 0 0 0 0 0 0 0 0 0 0 0 0 0.083 0.083 0.167 0 0 0.167 0 0 0 0 0 0.167 0 0.083 0.167 0 0.083 0 0 0 0 0 0 0 0 0 0 0 0 0 0 0 0 0 0 0 0 0 0 0 0
 -1990 7 8 3 2 6 0 0 0 0 0 0 0 0 0 0 0 0 0 0.032 0.077 0.064 0.064 0.032 0.059 0.032 0.014 0.014 0.014 0 0.041 0.041 0.068 0.041 0.095 0.068 0.014 0 0 0.064 0 0.064 0.095 0 0 0 0.014 0 0 0 0 0 0 0 0 0 0 0 0 0 0 0 0 0
 -1991 7 8 3 2 5 0 0 0 0 0 0 0 0 0 0 0 0 0 0.02 0 0.02 0.02 0 0.039 0.039 0.02 0.098 0.118 0.039 0.039 0.059 0.118 0.176 0.078 0.059 0.02 0.02 0 0 0 0 0.02 0 0 0 0 0 0 0 0 0 0 0 0 0 0 0 0 0 0 0 0 0
 -1992 7 8 3 2 2 0 0 0 0 0 0 0 0 0 0 0 0 0.046 0.092 0.061 0.008 0.023 0.015 0 0.008 0 0 0 0 0 0 0 0.008 0 0 0 0 0 0 0.37 0 0 0 0 0 0 0 0 0 0.37 0 0 0 0 0 0 0 0 0 0 0 0 0
 -1994 7 8 3 2 2 0 0 0 0 0 0 0 0 0 0 0 0 0 0 0 0.056 0.056 0 0.056 0 0 0.056 0.111 0.056 0 0.111 0 0.056 0.278 0.056 0.111 0 0 0 0 0 0 0 0 0 0 0 0 0 0 0 0 0 0 0 0 0 0 0 0 0 0 0
 -2001 7 8 3 2 2 0 0 0 0 0 0 0 0 0 0 0 0 0 0 0 0 0 0 0.043 0 0.043 0.043 0.13 0.13 0.13 0.13 0.13 0.087 0.043 0.043 0 0 0.043 0 0 0 0 0 0 0 0 0 0 0 0 0 0 0 0 0 0 0 0 0 0 0 0 0
 -2002 7 8 3 2 2 0 0 0 0 0 0 0 0 0 0 0 0 0 0 0 0 0 0.025 0.1 0.025 0.05 0 0.025 0 0 0 0.05 0.05 0.05 0.05 0.05 0.075 0.1 0.175 0.1 0.025 0.025 0 0.025 0 0 0 0 0 0 0 0 0 0 0 0 0 0 0 0 0 0 0
 -2003 7 8 3 2 3 0 0 0 0 0 0 0 0 0 0 0 0 0 0 0 0 0 0.033 0.026 0 0.086 0.026 0.026 0 0.026 0.026 0.06 0.052 0.067 0.119 0.052 0.134 0.2 0.033 0 0.033 0 0 0 0 0 0 0 0 0 0 0 0 0 0 0 0 0 0 0 0 0 0
 -2005 7 8 3 2 3 0 0 0 0 0 0 0 0 0 0 0 0 0 0.015 0.045 0.061 0.061 0.121 0.076 0.061 0.121 0.061 0.121 0.076 0.061 0.076 0.03 0.015 0 0 0 0 0 0 0 0 0 0 0 0 0 0 0 0 0 0 0 0 0 0 0 0 0 0 0 0 0 0
 -2007 7 8 3 1 13 0 0 0 0 0 0 0 0 0 0 0 0 0.002 0 0.005 0.012 0.007 0.024 0.041 0.038 0.062 0.086 0.098 0.105 0.089 0.067 0.077 0.069 0.029 0.045 0.033 0.041 0.024 0.014 0.005 0.012 0.005 0.002 0.005 0 0 0.002 0 0 0 0 0 0 0 0 0 0 0 0 0 0 0 0
 -2007 7 8 3 2 5 0 0 0 0 0 0 0 0 0 0 0 0 0.032 0.054 0.032 0.118 0.065 0.043 0.043 0.065 0.043 0.097 0.086 0.054 0.054 0.043 0.032 0.032 0.032 0 0.011 0.022 0.022 0.022 0 0 0 0 0 0 0 0 0 0 0 0 0 0 0 0 0 0 0 0 0 0 0 0
 -2008 7 8 3 1 2 0 0 0 0 0 0 0 0 0 0 0 0 0 0.056 0 0 0.083 0 0.056 0.056 0.028 0.083 0.111 0 0.139 0.083 0.111 0.083 0.056 0 0 0.028 0 0 0 0 0 0 0 0.028 0 0 0 0 0 0 0 0 0 0 0 0 0 0 0 0 0 0
 -2008 7 8 3 2 8 0 0 0 0 0 0 0 0 0 0 0 0 0 0 0.006 0.018 0.037 0.022 0.049 0.096 0.101 0.156 0.101 0.057 0.049 0.045 0.037 0.025 0.031 0.026 0.006 0.014 0.02 0.006 0.014 0.039 0.018 0.02 0 0.002 0.002 0 0 0 0 0 0 0 0 0 0 0 0 0 0 0 0 0
 -2009 7 8 3 1 22 0 0 0 0 0 0 0 0 0.052 0 0 0 0 0 0.002 0.004 0.008 0.013 0.026 0.027 0.029 0.143 0.098 0.099 0.103 0.094 0.09 0.09 0.029 0.027 0.025 0.019 0.006 0.007 0.003 0.001 0.002 0 0 0 0 0 0 0 0 0 0 0 0 0 0 0 0 0 0 0 0 0
 -2009 7 8 3 2 3 0 0 0 0 0 0 0 0 0 0 0 0 0 0 0 0 0 0.004 0.004 0.018 0.025 0.021 0.004 0.004 0 0 0.452 0.004 0 0.448 0 0.011 0.004 0 0 0 0 0 0 0 0 0.004 0 0 0 0 0 0 0 0 0 0 0 0 0 0 0 0
 -2010 7 8 3 1 44 0 0 0 0 0 0 0 0 0 0.001 0 0 0 0.003 0.004 0.011 0.022 0.034 0.053 0.063 0.072 0.067 0.071 0.087 0.088 0.074 0.07 0.069 0.063 0.044 0.03 0.027 0.019 0.012 0.007 0.004 0.003 0 0 0 0 0 0 0 0 0 0 0 0 0 0 0 0 0 0 0 0 0
 -2011 7 8 3 1 70 0 0 0 0 0 0 0 0 0 0 0 0 0.002 0 0.002 0.004 0.009 0.019 0.029 0.046 0.043 0.059 0.1 0.077 0.094 0.086 0.07 0.083 0.059 0.056 0.05 0.036 0.038 0.018 0.009 0.007 0 0.002 0 0 0 0 0 0 0 0 0 0 0 0 0 0 0 0 0 0 0 0
 -2011 7 8 3 2 2 0 0 0 0 0 0 0 0 0 0 0 0 0 0 0 0 0 0 0.043 0.043 0.087 0.087 0.087 0.087 0.043 0.043 0.174 0.174 0.043 0.043 0 0 0.043 0 0 0 0 0 0 0 0 0 0 0 0 0 0 0 0 0 0 0 0 0 0 0 0 0
 -2012 7 8 3 1 30 0 0 0 0 0 0 0 0 0 0 0 0 0 0 0 0.002 0.002 0.007 0.011 0.02 0.029 0.037 0.047 0.059 0.086 0.097 0.083 0.106 0.098 0.084 0.061 0.058 0.048 0.024 0.019 0.01 0.008 0.002 0.001 0.002 0 0 0 0 0 0 0 0 0 0 0 0 0 0 0 0 0 0
 -2012 7 8 3 2 2 0 0 0 0 0 0 0 0 0 0 0 0.027 0 0.162 0.135 0.081 0.162 0.081 0.081 0.054 0 0.081 0.027 0.054 0 0.027 0.027 0 0 0 0 0 0 0 0 0 0 0 0 0 0 0 0 0 0 0 0 0 0 0 0 0 0 0 0 0 0 0
 -2013 7 8 3 1 51 0 0 0 0 0 0 0 0 0 0 0 0 0 0 0.006 0.009 0.015 0.024 0.026 0.032 0.033 0.043 0.045 0.057 0.062 0.061 0.056 0.075 0.082 0.085 0.078 0.061 0.057 0.046 0.026 0.012 0.007 0.002 0 0 0 0 0 0 0 0 0 0 0 0 0 0 0 0 0 0 0 0
 -2014 7 8 3 1 16 0 0 0 0 0 0 0 0 0 0 0 0 0 0.004 0 0.016 0.006 0.026 0.022 0.035 0.074 0.063 0.056 0.082 0.039 0.053 0.047 0.067 0.073 0.069 0.074 0.058 0.055 0.041 0.024 0.013 0.002 0.001 0 0 0 0 0 0 0 0 0 0 0 0 0 0 0 0 0 0 0 0
 -2015 7 8 3 1 18 0 0 0 0 0 0 0 0 0 0 0 0 0.001 0.001 0.004 0.017 0.023 0.012 0.021 0.02 0.043 0.073 0.063 0.037 0.069 0.049 0.075 0.062 0.029 0.087 0.021 0.052 0.028 0.053 0.05 0.066 0.026 0.01 0.002 0.002 0 0.001 0 0 0 0 0 0 0 0 0 0 0 0 0 0 0 0
 -2015 7 8 3 2 3 0 0 0 0 0 0 0 0 0 0 0 0 0 0 0 0 0 0 0 0 0 0.036 0.071 0.036 0.107 0.036 0.071 0 0.143 0.179 0.107 0 0.071 0.036 0.036 0.036 0.036 0 0 0 0 0 0 0 0 0 0 0 0 0 0 0 0 0 0 0 0 0
 -2016 7 8 3 1 40 0 0 0 0 0 0 0 0 0 0 0 0.002 0.009 0.025 0.028 0.031 0.031 0.03 0.042 0.04 0.037 0.048 0.056 0.059 0.055 0.054 0.049 0.052 0.06 0.048 0.047 0.047 0.048 0.039 0.031 0.019 0.01 0.003 0 0 0 0 0 0 0 0 0 0 0 0 0 0 0 0 0 0 0 0
 -2016 7 8 3 2 3 0 0 0 0 0 0 0 0 0 0 0 0 0 0 0 0 0 0 0 0 0 0 0 0 0 0.111 0 0.01 0.121 0.141 0.086 0.131 0.066 0.167 0 0.111 0 0.056 0 0 0 0 0 0 0 0 0 0 0 0 0 0 0 0 0 0 0 0
 -2017 7 8 3 1 12 0 0 0 0 0 0 0 0 0 0 0 0 0.005 0.017 0.029 0.057 0.069 0.096 0.096 0.09 0.051 0.064 0.063 0.038 0.039 0.047 0.035 0.043 0.027 0.022 0.037 0.014 0.016 0.014 0.014 0.009 0.004 0.004 0 0 0 0 0 0 0 0 0 0 0 0 0 0 0 0 0 0 0 0
 -2017 7 8 3 2 8 0 0 0 0 0 0 0 0 0 0 0 0 0 0 0 0 0.1 0.067 0 0.067 0.033 0.133 0 0.033 0.1 0.067 0.033 0.033 0 0 0.033 0.033 0.1 0.033 0.033 0.067 0.033 0 0 0 0 0 0 0 0 0 0 0 0 0 0 0 0 0 0 0 0 0
 -2018 7 8 3 1 5 0 0 0 0 0 0 0 0 0 0 0 0.006 0.006 0.006 0.019 0.004 0.009 0.048 0.127 0.158 0.125 0.117 0.123 0.055 0.03 0.023 0.016 0.018 0.02 0.013 0.02 0.016 0.01 0.011 0.007 0.005 0.002 0 0 0.002 0 0 0 0 0 0 0 0 0 0 0 0 0 0 0 0 0 0
 -2018 7 8 3 2 15 0 0 0 0 0 0 0 0 0 0 0 0 0 0.005 0 0 0.005 0.016 0.027 0.066 0.066 0.11 0.027 0.016 0.027 0.033 0.016 0.016 0.07 0.054 0.038 0.081 0.129 0.032 0.048 0.043 0.049 0.011 0.005 0.005 0 0 0 0 0 0 0 0 0 0 0 0 0 0 0 0 0 0
 -2019 7 8 3 1 4 0 0 0 0 0 0 0 0 0 0 0 0.038 0 0 0.077 0.038 0.038 0.154 0.192 0.385 0 0.038 0.038 0 0 0 0 0 0 0 0 0 0 0 0 0 0 0 0 0 0 0 0 0 0 0 0 0 0 0 0 0 0 0 0 0 0 0
 -2019 7 8 3 2 7 0 0 0 0 0 0 0 0 0 0 0 0 0 0 0 0.005 0 0.005 0.021 0.037 0.091 0.064 0.016 0.058 0.043 0.011 0.047 0.087 0.107 0.138 0.107 0.016 0.093 0.005 0.031 0 0.005 0.005 0 0.005 0 0 0 0 0 0 0 0 0 0 0 0 0 0 0 0 0 0
 -2020 7 8 3 2 7 0 0 0 0 0 0 0 0 0 0 0 0 0 0 0 0 0 0.021 0 0 0.042 0 0.063 0.027 0.042 0.085 0.154 0.148 0.09 0.075 0.085 0.032 0.006 0.027 0.032 0.038 0.006 0.006 0.021 0 0 0 0 0 0 0 0 0 0 0 0 0 0 0 0 0 0 0
 -2021 7 8 3 1 4 0 0 0 0 0 0 0 0 0 0 0.012 0 0.017 0 0.017 0.025 0.025 0.035 0.111 0.079 0.035 0.044 0.039 0.064 0.015 0.044 0.039 0.084 0.059 0.044 0.029 0.064 0.044 0.025 0.025 0.01 0.005 0.01 0 0 0 0 0 0 0 0 0 0 0 0 0 0 0 0 0 0 0 0
 -2021 7 8 3 2 3 0 0 0 0 0 0 0 0 0 0 0 0 0 0 0 0.022 0.022 0.045 0 0.034 0.045 0.034 0.09 0.056 0.079 0.022 0.101 0.079 0.022 0.079 0.09 0.079 0.045 0.022 0.011 0 0.022 0 0 0 0 0 0 0 0 0 0 0 0 0 0 0 0 0 0 0 0 0
 -2022 7 8 3 1 18 0 0 0 0 0 0 0 0.002 0 0 0 0.006 0.004 0.017 0.013 0.026 0.016 0.056 0.025 0.027 0.034 0.016 0.019 0.064 0.037 0.071 0.067 0.114 0.069 0.05 0.062 0.051 0.068 0.039 0.024 0.018 0 0.003 0 0 0 0.002 0 0 0 0 0 0 0 0 0 0 0 0 0 0 0 0
 -2022 7 8 3 2 10 0 0 0 0 0 0 0 0 0 0 0 0 0 0 0 0 0.013 0.013 0.034 0.021 0.008 0.034 0.059 0.025 0.038 0.03 0.051 0.076 0.051 0.08 0.055 0.051 0.072 0.11 0.046 0.068 0.021 0.025 0.017 0 0.004 0 0 0 0 0 0 0 0 0 0 0 0 0 0 0 0 0
 -2023 7 8 3 1 14 0 0 0 0 0 0 0 0 0 0.003 0 0.082 0.003 0.017 0.189 0.255 0.036 0.138 0.04 0.036 0.043 0.017 0.017 0.003 0.013 0.01 0 0.017 0.023 0.01 0.01 0.01 0.003 0.013 0.01 0.003 0 0 0 0 0 0 0 0 0 0 0 0 0 0 0 0 0 0 0 0 0 0
 -2023 7 8 3 2 19 0 0 0 0 0 0 0 0 0 0 0 0 0 0.003 0 0.024 0.003 0.01 0.017 0.031 0.021 0.034 0.031 0.031 0.024 0.014 0.021 0.045 0.055 0.059 0.093 0.11 0.114 0.121 0.069 0.041 0.014 0 0.003 0.003 0.003 0.003 0 0 0 0 0 0 0 0 0 0 0 0 0 0 0 0
 -1981 7 12 3 2 8 0 0 0 0 0 0 0 0.032 0 0.032 0.048 0.032 0.113 0.161 0.113 0.177 0.081 0.081 0.048 0.032 0.048 0 0 0 0 0 0 0 0 0 0 0 0 0 0 0 0 0 0 0 0 0 0 0 0 0 0 0 0 0 0 0 0 0 0 0 0 0
 -1982 7 12 3 2 8 0 0 0 0 0.02 0.02 0.04 0.02 0.02 0.02 0.04 0.18 0.46 0.1 0 0 0.02 0 0 0 0 0.02 0.02 0 0 0 0 0 0 0.02 0 0 0 0 0 0 0 0 0 0 0 0 0 0 0 0 0 0 0 0 0 0 0 0 0 0 0 0
 1983 7 12 3 2 24 0 0 0 0 0 0 0 0.005 0.014 0.078 0.134 0.126 0.073 0.095 0.064 0.1 0.055 0.03 0.048 0.03 0.062 0.01 0.024 0.015 0.019 0.005 0.005 0 0 0 0 0 0.005 0 0 0 0 0 0 0 0 0 0 0 0 0 0 0 0 0 0 0 0 0 0 0 0 0
 -1985 7 12 3 2 8 0 0 0 0 0 0 0 0 0 0 0 0 0.028 0.306 0.222 0.056 0.194 0 0.028 0.083 0.028 0 0 0 0 0.028 0.028 0 0 0 0 0 0 0 0 0 0 0 0 0 0 0 0 0 0 0 0 0 0 0 0 0 0 0 0 0 0 0
 1986 7 12 3 2 27 0 0 0 0 0 0 0 0 0.002 0 0.011 0.011 0.042 0.093 0.105 0.085 0.125 0.08 0.102 0.07 0.061 0.063 0.015 0.03 0 0.007 0.015 0.015 0 0.03 0.004 0.015 0 0 0 0 0.017 0 0 0 0 0 0 0 0 0 0 0 0 0 0 0 0 0 0 0 0 0
 1987 7 12 3 2 79 0 0 0 0 0 0 0 0.007 0.017 0.038 0.096 0.034 0.082 0.09 0.107 0.102 0.114 0.036 0.056 0.039 0.016 0.018 0.03 0.025 0.024 0.019 0.014 0.004 0.004 0.01 0.007 0.001 0.01 0 0 0 0 0 0.001 0 0 0 0 0 0 0 0 0 0 0 0 0 0 0 0 0 0 0
 1988 7 12 3 2 46 0 0 0 0 0 0 0 0 0.025 0.02 0.023 0.054 0.171 0.081 0.056 0.063 0.139 0.077 0.047 0.135 0.044 0.037 0.002 0.012 0 0 0 0.013 0 0 0 0.002 0 0 0 0 0 0 0 0 0 0 0 0 0 0 0 0 0 0 0 0 0 0 0 0 0 0
 1989 7 12 3 2 37 0 0 0 0 0 0 0 0 0 0 0.007 0.028 0.106 0.234 0.092 0.092 0.113 0.092 0.035 0.078 0.035 0.021 0.014 0.007 0.007 0 0 0.007 0.007 0 0 0.007 0 0 0.007 0 0 0 0.007 0 0 0 0 0 0 0 0 0 0 0 0 0 0 0 0 0 0 0
 1990 7 12 3 2 27 0 0 0 0 0 0 0 0 0 0.007 0.013 0.007 0.1 0.253 0.187 0.127 0.08 0.067 0.053 0.02 0.013 0.02 0.007 0 0.013 0.007 0.007 0 0 0.007 0 0 0.007 0 0.007 0 0 0 0 0 0 0 0 0 0 0 0 0 0 0 0 0 0 0 0 0 0 0
 1991 7 12 3 2 144 0 0 0 0 0 0 0 0 0 0 0.005 0.013 0.062 0.161 0.137 0.14 0.095 0.087 0.06 0.057 0.058 0.029 0.039 0.01 0.013 0.002 0.005 0.006 0.002 0.005 0.005 0.01 0.002 0 0 0 0 0 0 0 0 0 0 0 0 0 0 0 0 0 0 0 0 0 0 0 0 0
 1992 7 12 3 2 234 0 0 0 0 0 0 0 0 0 0 0 0.012 0.095 0.154 0.155 0.133 0.097 0.085 0.059 0.041 0.028 0.025 0.022 0.018 0.011 0.011 0.012 0.013 0.009 0.002 0.004 0.004 0.002 0.004 0.001 0 0 0 0 0 0 0 0 0 0 0 0 0 0 0 0 0 0 0 0 0 0 0
 1993 7 12 3 2 183 0 0 0 0 0 0 0 0 0 0.002 0.002 0.008 0.05 0.141 0.13 0.114 0.107 0.076 0.062 0.048 0.043 0.048 0.04 0.029 0.016 0.011 0.012 0.015 0.004 0.019 0.012 0.004 0.002 0.003 0.002 0.002 0.001 0.001 0 0 0 0 0 0 0 0 0 0 0 0 0 0 0 0 0 0 0 0
 1994 7 12 3 2 168 0 0 0 0 0 0 0 0 0.001 0.002 0 0.002 0.028 0.075 0.126 0.074 0.103 0.096 0.084 0.076 0.057 0.046 0.028 0.031 0.031 0.032 0.026 0.017 0.015 0.015 0.015 0.005 0.007 0 0.003 0.001 0 0.002 0 0 0 0 0 0 0 0 0 0 0 0 0 0 0 0 0 0 0 0
 1995 7 12 3 2 97 0 0 0 0 0 0 0 0 0 0 0.008 0.006 0.014 0.043 0.113 0.119 0.108 0.06 0.058 0.074 0.048 0.051 0.035 0.035 0.028 0.036 0.019 0.009 0.024 0.029 0.015 0.026 0.011 0.016 0.006 0.001 0.003 0.001 0.001 0 0.001 0.001 0 0 0 0 0 0 0 0 0 0 0 0 0 0 0 0
 1996 7 12 3 2 81 0 0 0 0 0 0 0 0 0 0 0 0.004 0.002 0.026 0.127 0.128 0.111 0.116 0.088 0.101 0.059 0.039 0.028 0.027 0.033 0.014 0.02 0.004 0.006 0.013 0.008 0.014 0.012 0.006 0.008 0 0 0 0.006 0 0 0 0 0 0 0 0 0 0 0 0 0 0 0 0 0 0 0
 1997 7 12 3 2 212 0 0 0 0 0 0 0 0.001 0 0 0 0.002 0.002 0.023 0.212 0.266 0.178 0.094 0.053 0.027 0.029 0.019 0.017 0.016 0.015 0.009 0.003 0.005 0.009 0.004 0.005 0.002 0.002 0.003 0 0.002 0 0 0 0 0 0 0 0 0 0 0 0 0 0 0 0 0 0 0 0 0 0
 1998 7 12 3 2 352 0 0 0 0 0 0 0 0 0 0 0 0 0 0.009 0.092 0.203 0.225 0.157 0.101 0.071 0.047 0.023 0.017 0.014 0.008 0.005 0.004 0.006 0.004 0.002 0.002 0.004 0 0 0.001 0 0 0 0 0 0 0 0 0 0 0 0 0 0 0 0 0 0 0 0 0 0 0
 1999 7 12 3 2 678 0 0 0 0 0 0 0 0 0 0 0 0 0 0.003 0.051 0.155 0.19 0.156 0.119 0.087 0.066 0.049 0.037 0.028 0.019 0.012 0.008 0.005 0.003 0.002 0.003 0.002 0 0 0 0 0 0 0 0 0 0 0 0 0 0 0 0 0 0 0 0 0 0 0 0 0 0
 2000 7 12 3 2 703 0 0 0 0 0 0 0 0 0 0 0 0 0.001 0.002 0.021 0.159 0.231 0.182 0.115 0.081 0.053 0.043 0.03 0.022 0.014 0.011 0.009 0.006 0.005 0.005 0.003 0.003 0 0 0 0 0 0 0 0 0 0 0 0 0 0 0 0 0 0 0 0 0 0 0 0 0 0
 2001 7 12 3 2 512 0 0 0 0 0 0 0 0 0 0 0 0 0.002 0 0.015 0.162 0.211 0.143 0.108 0.079 0.063 0.051 0.04 0.028 0.024 0.015 0.012 0.01 0.008 0.007 0.005 0.004 0.003 0.002 0 0 0 0 0 0 0 0 0 0 0 0 0 0 0 0 0 0 0 0 0 0 0 0
 2002 7 12 3 2 1326 0 0 0 0 0 0 0 0 0 0 0 0 0 0 0.011 0.121 0.207 0.188 0.153 0.097 0.059 0.039 0.026 0.019 0.016 0.014 0.011 0.01 0.007 0.006 0.004 0.003 0.003 0.002 0.001 0 0 0 0 0 0 0 0 0 0 0 0 0 0 0 0 0 0 0 0 0 0 0
 2003 7 12 3 2 4482 0 0 0 0 0 0 0 0 0 0 0 0 0 0 0.009 0.127 0.217 0.175 0.132 0.086 0.063 0.044 0.036 0.024 0.019 0.014 0.012 0.008 0.007 0.006 0.006 0.004 0.003 0.003 0.002 0 0 0 0 0 0 0 0 0 0 0 0 0 0 0 0 0 0 0 0 0 0 0
 2004 7 12 3 2 3435 0 0 0 0 0 0 0 0 0 0 0 0 0 0.001 0.009 0.113 0.208 0.181 0.133 0.091 0.064 0.048 0.035 0.025 0.021 0.013 0.012 0.011 0.007 0.006 0.005 0.005 0.005 0.003 0.001 0 0 0 0 0 0 0 0 0 0 0 0 0 0 0 0 0 0 0 0 0 0 0
 2005 7 12 3 2 4806 0 0 0 0 0 0 0 0 0 0 0 0 0 0.001 0.017 0.15 0.223 0.178 0.124 0.082 0.055 0.041 0.029 0.02 0.018 0.014 0.009 0.009 0.006 0.005 0.006 0.003 0.001 0.001 0.002 0 0 0 0 0 0 0 0 0 0 0 0 0 0 0 0 0 0 0 0 0 0 0
 2006 7 12 3 2 2723 0 0 0 0 0 0 0 0 0 0 0 0 0 0 0.014 0.182 0.258 0.172 0.1 0.074 0.047 0.035 0.027 0.017 0.015 0.01 0.008 0.008 0.008 0.004 0.004 0.004 0.002 0.002 0.001 0 0.001 0 0 0 0 0 0 0 0 0 0 0 0 0 0 0 0 0 0 0 0 0
 2007 7 12 3 2 544 0 0 0 0 0 0 0 0 0 0 0 0 0 0 0.01 0.119 0.237 0.193 0.153 0.098 0.059 0.044 0.023 0.018 0.01 0.007 0.009 0.004 0.004 0.002 0.002 0.003 0 0 0 0 0 0 0 0 0 0 0 0 0 0 0 0 0 0 0 0 0 0 0 0 0 0
 2008 7 12 3 2 417 0 0 0 0 0 0 0 0 0 0 0 0 0 0 0.004 0.056 0.156 0.165 0.147 0.115 0.101 0.072 0.054 0.035 0.029 0.022 0.012 0.01 0.007 0.003 0.004 0.002 0.002 0.002 0 0 0 0 0 0 0 0 0 0 0 0 0 0 0 0 0 0 0 0 0 0 0 0
 2009 7 12 3 1 15 0 0 0 0 0 0 0 0 0 0.003 0 0.021 0.087 0.122 0.231 0.178 0.129 0.098 0.052 0.031 0.014 0.014 0.003 0.007 0 0.003 0 0 0 0 0.003 0 0 0 0 0 0 0 0 0 0 0 0 0 0 0 0 0 0 0 0 0 0 0 0 0 0 0
 2009 7 12 3 2 393 0 0 0 0 0 0 0 0 0 0 0 0 0.001 0.003 0.002 0.035 0.074 0.104 0.111 0.096 0.072 0.072 0.072 0.055 0.047 0.059 0.043 0.043 0.038 0.026 0.016 0.013 0.008 0.003 0.002 0.001 0.002 0 0 0.001 0 0 0 0 0 0 0 0 0 0 0 0 0 0 0 0 0 0
 2010 7 12 3 1 36 0 0 0 0 0 0 0 0 0 0.001 0 0.005 0.013 0.028 0.088 0.128 0.147 0.16 0.121 0.094 0.068 0.053 0.042 0.013 0.013 0.011 0.009 0.002 0.002 0 0 0 0 0 0 0 0 0 0 0 0 0 0 0 0 0 0 0 0 0 0 0 0 0 0 0 0 0
 2010 7 12 3 2 1432 0 0 0 0 0 0 0 0 0 0 0 0 0.001 0.001 0.002 0.02 0.061 0.08 0.096 0.091 0.083 0.092 0.088 0.078 0.061 0.048 0.049 0.039 0.029 0.025 0.022 0.014 0.007 0.005 0.002 0.001 0 0 0 0 0 0 0 0 0 0 0 0 0 0 0 0 0 0 0 0 0 0
 2011 7 12 3 1 17 0 0 0 0 0 0 0 0 0 0 0.005 0.005 0.034 0.034 0.053 0.106 0.149 0.125 0.13 0.13 0.082 0.034 0.043 0.029 0.019 0.01 0 0.005 0 0.005 0 0.005 0 0 0 0 0 0 0 0 0 0 0 0 0 0 0 0 0 0 0 0 0 0 0 0 0 0
 2011 7 12 3 2 882 0 0 0 0 0 0 0 0 0 0 0 0 0 0 0 0.012 0.042 0.07 0.064 0.086 0.077 0.073 0.082 0.07 0.069 0.066 0.062 0.051 0.045 0.041 0.031 0.02 0.017 0.011 0.005 0.003 0 0 0 0 0 0 0 0 0 0 0 0 0 0 0 0 0 0 0 0 0 0
 2012 7 12 3 1 13 0 0 0 0 0 0 0 0 0.007 0.007 0 0.007 0.014 0.087 0.087 0.152 0.08 0.123 0.094 0.072 0.058 0.058 0.065 0.014 0.036 0.014 0.014 0.007 0 0 0 0 0 0 0 0 0 0 0 0 0 0 0 0 0 0 0 0 0 0 0 0 0 0 0 0 0 0
 2012 7 12 3 2 1365 0 0 0 0 0 0 0 0 0 0 0 0 0 0 0 0.01 0.034 0.049 0.07 0.068 0.067 0.072 0.069 0.069 0.077 0.059 0.056 0.059 0.051 0.043 0.04 0.035 0.022 0.021 0.014 0.007 0.003 0.003 0 0 0 0 0 0 0 0 0 0 0 0 0 0 0 0 0 0 0 0
 2013 7 12 3 1 17 0 0 0 0 0 0 0 0 0.003 0 0.017 0.031 0.065 0.096 0.168 0.124 0.103 0.12 0.069 0.055 0.055 0.027 0.014 0.024 0.01 0.007 0.007 0 0 0 0 0 0 0 0 0 0 0 0.003 0 0 0 0 0 0 0 0 0 0 0 0 0 0 0 0 0 0 0
 2013 7 12 3 2 1695 0 0 0 0 0 0 0 0 0 0 0 0 0 0 0 0.015 0.051 0.049 0.061 0.061 0.069 0.064 0.071 0.06 0.061 0.052 0.051 0.061 0.043 0.056 0.043 0.048 0.033 0.024 0.016 0.009 0.002 0 0 0 0 0 0 0 0 0 0 0 0 0 0 0 0 0 0 0 0 0
 2014 7 12 3 2 808 0 0 0 0 0 0 0 0 0 0 0 0 0 0 0 0.012 0.052 0.058 0.074 0.067 0.066 0.06 0.058 0.047 0.042 0.038 0.043 0.041 0.043 0.056 0.058 0.059 0.047 0.04 0.019 0.01 0.006 0.001 0 0 0 0 0 0 0 0 0 0 0 0 0 0 0 0 0 0 0 0
 2015 7 12 3 1 14 0 0 0 0 0 0 0 0 0.009 0.027 0.027 0.018 0.082 0.2 0.2 0.155 0.118 0.082 0.027 0.027 0.018 0 0.009 0 0 0 0 0 0 0 0 0 0 0 0 0 0 0 0 0 0 0 0 0 0 0 0 0 0 0 0 0 0 0 0 0 0 0
 2015 7 12 3 2 497 0 0 0 0 0 0 0 0 0 0 0 0 0 0 0 0.017 0.06 0.082 0.096 0.092 0.083 0.068 0.059 0.064 0.049 0.049 0.036 0.039 0.038 0.026 0.031 0.031 0.021 0.018 0.015 0.015 0.006 0.003 0.001 0 0 0 0 0 0 0 0 0 0 0 0 0 0 0 0 0 0 0
 2016 7 12 3 1 45 0 0 0 0 0 0 0 0 0.006 0.015 0.034 0.047 0.122 0.123 0.128 0.198 0.09 0.08 0.063 0.042 0.011 0.007 0.008 0.019 0.005 0 0 0 0 0 0 0.002 0 0 0 0 0 0 0 0 0 0 0 0 0 0 0 0 0 0 0 0 0 0 0 0 0 0
 2016 7 12 3 2 437 0 0 0 0 0 0 0 0 0 0 0 0 0 0 0.001 0.009 0.056 0.067 0.066 0.074 0.067 0.066 0.064 0.053 0.052 0.056 0.043 0.038 0.045 0.037 0.034 0.033 0.039 0.031 0.026 0.015 0.012 0.006 0.003 0.001 0 0 0 0 0 0 0 0 0 0 0 0 0 0 0 0 0 0
 2017 7 12 3 1 25 0 0 0 0 0 0 0 0.003 0.016 0.013 0.015 0.017 0.039 0.089 0.14 0.175 0.159 0.063 0.093 0.051 0.027 0.022 0.043 0.008 0.01 0.003 0 0 0 0 0 0.014 0 0 0 0 0 0 0 0 0 0 0 0 0 0 0 0 0 0 0 0 0 0 0 0 0 0
 2017 7 12 3 2 320 0 0 0 0 0 0 0 0 0 0 0 0 0 0 0 0.03 0.082 0.097 0.1 0.086 0.071 0.064 0.044 0.05 0.045 0.052 0.036 0.038 0.035 0.033 0.025 0.022 0.026 0.02 0.014 0.01 0.009 0.006 0.003 0 0.002 0 0 0 0 0 0 0 0 0 0 0 0 0 0 0 0 0
 2018 7 12 3 1 33 0 0 0 0 0 0 0 0.004 0.004 0 0.007 0.081 0.092 0.142 0.23 0.161 0.053 0.06 0.069 0.033 0.04 0.004 0.011 0 0.004 0 0.007 0 0 0 0 0 0 0 0 0 0 0 0 0 0 0 0 0 0 0 0 0 0 0 0 0 0 0 0 0 0 0
 2018 7 12 3 2 393 0 0 0 0 0 0 0 0 0 0 0 0 0 0 0 0.016 0.055 0.076 0.1 0.108 0.099 0.083 0.063 0.049 0.049 0.037 0.034 0.035 0.029 0.032 0.028 0.023 0.021 0.017 0.014 0.011 0.007 0.007 0.003 0 0.001 0 0 0 0 0 0 0 0 0 0 0 0 0 0 0 0 0
 2019 7 12 3 1 52 0 0 0 0 0 0 0 0 0.004 0.002 0.014 0.035 0.07 0.165 0.168 0.184 0.081 0.059 0.06 0.038 0.026 0.017 0.015 0.016 0.015 0.004 0.011 0.004 0.005 0.004 0.004 0 0 0 0 0 0 0 0 0 0 0 0 0 0 0 0 0 0 0 0 0 0 0 0 0 0 0
 2019 7 12 3 2 696 0 0 0 0 0 0 0 0 0 0 0 0 0 0.001 0.004 0.025 0.065 0.075 0.08 0.084 0.075 0.069 0.077 0.07 0.074 0.061 0.045 0.037 0.032 0.023 0.019 0.019 0.012 0.012 0.012 0.008 0.007 0.006 0.003 0.003 0 0 0 0 0 0 0 0 0 0 0 0 0 0 0 0 0 0
 2020 7 12 3 1 14 0 0 0 0 0 0 0 0 0.005 0.014 0.043 0.072 0.158 0.279 0.267 0.076 0.011 0.021 0.023 0.025 0.002 0 0 0 0.005 0 0 0 0 0 0 0 0 0 0 0 0 0 0 0 0 0 0 0 0 0 0 0 0 0 0 0 0 0 0 0 0 0
 2020 7 12 3 2 493 0 0 0 0 0 0 0 0 0 0 0 0 0 0 0.002 0.045 0.072 0.113 0.119 0.103 0.09 0.069 0.06 0.058 0.044 0.034 0.036 0.028 0.031 0.018 0.019 0.014 0.012 0.008 0.008 0.007 0.003 0.002 0 0.001 0.001 0 0 0 0 0 0 0 0 0 0 0 0 0 0 0 0 0
 2021 7 12 3 1 42 0 0 0 0 0 0 0 0.002 0.014 0.028 0.06 0.091 0.199 0.188 0.201 0.127 0.049 0.014 0.016 0.002 0.005 0.002 0 0 0 0 0.002 0 0.002 0 0 0 0 0 0 0 0 0 0 0 0 0 0 0 0 0 0 0 0 0 0 0 0 0 0 0 0 0
 2021 7 12 3 2 722 0 0 0 0 0 0 0 0 0 0 0 0 0 0 0.005 0.065 0.115 0.105 0.124 0.096 0.074 0.065 0.057 0.043 0.036 0.037 0.031 0.023 0.02 0.024 0.015 0.015 0.012 0.013 0.008 0.006 0.002 0.002 0.001 0.001 0 0 0 0 0 0 0 0 0 0 0 0 0 0 0 0 0 0
 2022 7 12 3 1 58 0 0 0 0 0 0 0 0.004 0.007 0.01 0.022 0.048 0.15 0.184 0.282 0.242 0.026 0.014 0.002 0.004 0.002 0 0 0 0.001 0 0 0 0 0 0 0 0 0 0 0 0 0 0 0 0 0 0 0 0 0 0 0 0 0 0 0 0 0 0 0 0 0
 2022 7 12 3 2 390 0 0 0 0 0 0 0 0 0 0 0 0 0 0 0.011 0.078 0.135 0.135 0.112 0.09 0.055 0.05 0.036 0.035 0.033 0.023 0.015 0.016 0.017 0.016 0.018 0.023 0.02 0.02 0.019 0.014 0.009 0.006 0.004 0.003 0.003 0 0 0 0 0 0 0 0 0 0 0 0 0 0 0 0 0
 2023 7 12 3 1 79 0 0 0 0 0 0 0.002 0 0.01 0.008 0.031 0.03 0.104 0.137 0.221 0.277 0.083 0.035 0.032 0.015 0.005 0.002 0 0 0.002 0.002 0 0 0 0 0 0 0 0 0 0 0 0 0 0 0 0 0 0 0 0 0 0 0 0 0 0 0 0 0 0 0 0
 2023 7 12 3 2 512 0 0 0 0 0 0 0 0 0 0 0 0 0 0 0.003 0.042 0.111 0.136 0.123 0.127 0.089 0.077 0.056 0.043 0.03 0.023 0.022 0.013 0.012 0.01 0.01 0.008 0.009 0.012 0.013 0.008 0.008 0.005 0.005 0.002 0.003 0 0 0 0 0 0 0 0 0 0 0 0 0 0 0 0 0
 1983 7 13 3 2 68 0 0 0 0 0 0 0 0.009 0.073 0.087 0.194 0.187 0.031 0.177 0.073 0.052 0.045 0.021 0.007 0.005 0 0.002 0.007 0 0 0.005 0.007 0.002 0.005 0 0 0.002 0 0 0 0 0.002 0.002 0 0 0.002 0 0 0 0 0 0 0 0 0 0 0 0 0 0 0 0 0
 1984 7 13 3 2 29 0 0 0 0 0 0 0 0 0 0.009 0.033 0.037 0.065 0.028 0.014 0.182 0.178 0.145 0.056 0.042 0.042 0.023 0.009 0.023 0.019 0.009 0 0.023 0 0 0 0.023 0 0.005 0 0 0 0 0 0.005 0 0 0 0 0 0.014 0.009 0.005 0 0 0 0 0 0 0 0 0 0
 -1985 7 13 3 2 8 0 0 0 0 0 0 0 0 0 0.025 0 0.15 0.2 0.05 0.248 0.025 0.075 0.025 0 0.05 0 0 0 0 0 0 0 0.049 0 0 0 0.025 0 0.025 0.049 0 0 0 0 0 0 0 0 0 0 0 0 0 0 0 0 0 0 0 0 0 0 0
 1986 7 13 3 2 39 0 0 0 0 0 0 0 0.006 0.028 0.088 0.141 0.141 0.144 0.147 0.119 0.045 0.034 0.051 0.014 0.003 0.003 0 0.003 0 0.003 0.003 0 0.003 0.003 0.006 0 0 0 0.003 0 0.008 0.003 0.003 0 0 0 0 0 0 0 0 0 0 0 0 0 0 0 0 0 0 0 0
 1987 7 13 3 2 31 0 0 0 0 0 0 0 0.004 0 0.073 0.101 0.138 0.113 0.163 0.131 0.107 0.03 0.044 0.012 0.004 0.012 0.012 0.017 0.004 0.004 0.004 0 0 0.004 0 0.004 0.011 0.004 0.004 0 0 0 0 0 0 0 0 0 0 0 0 0 0 0 0 0 0 0 0 0 0 0 0
 1990 7 13 3 2 19 0 0 0 0 0 0 0 0 0 0 0 0.06 0.145 0.265 0.241 0.133 0.072 0.024 0.012 0.012 0.012 0.012 0 0 0 0.012 0 0 0 0 0 0 0 0 0 0 0 0 0 0 0 0 0 0 0 0 0 0 0 0 0 0 0 0 0 0 0 0
 1991 7 13 3 2 63 0 0 0 0 0 0 0 0 0 0 0 0.018 0.185 0.207 0.174 0.079 0.082 0.046 0.018 0.021 0.007 0.011 0.018 0.018 0.018 0.011 0.011 0 0.007 0.011 0.004 0.011 0.011 0.011 0.011 0.007 0 0.004 0 0.004 0 0 0 0 0 0 0 0 0 0 0 0 0 0 0 0 0 0
 1992 7 13 3 2 68 0 0 0 0 0 0 0 0 0 0 0.004 0.025 0.174 0.195 0.178 0.083 0.046 0.079 0.017 0.033 0.021 0.021 0.012 0.021 0.008 0.012 0.004 0.004 0.004 0.017 0.012 0.008 0 0.004 0.004 0.008 0 0.004 0 0 0 0 0 0 0 0 0 0 0 0 0 0 0 0 0 0 0 0
 1993 7 13 3 2 33 0 0 0 0 0 0 0 0 0 0 0 0.022 0.145 0.197 0.164 0.109 0.056 0.04 0.042 0.035 0.017 0.018 0.01 0.016 0.015 0.016 0.022 0.016 0.015 0 0.015 0 0.007 0.007 0.007 0 0.007 0 0 0 0 0 0 0 0 0 0 0 0 0 0 0 0 0 0 0 0 0
 1994 7 13 3 2 31 0 0 0 0 0 0 0 0 0 0 0.004 0.004 0.032 0.089 0.084 0.169 0.123 0.105 0.08 0.035 0.018 0.014 0.007 0.032 0.008 0.028 0.035 0.014 0.011 0.025 0.021 0.008 0.015 0.014 0.014 0 0.007 0 0.007 0 0 0 0 0 0 0 0 0 0 0 0 0 0 0 0 0 0 0
 1995 7 13 3 2 25 0 0 0 0 0 0 0 0 0 0 0 0 0 0.017 0.141 0.18 0.149 0.12 0.083 0.104 0.031 0.021 0.025 0.006 0 0.008 0.011 0.015 0.006 0.006 0.008 0.027 0.011 0.012 0.012 0.006 0 0 0 0 0 0 0 0 0 0 0 0 0 0 0 0 0 0 0 0 0 0
 1996 7 13 3 2 29 0 0 0 0 0 0 0 0 0 0 0 0 0 0.008 0.051 0.079 0.207 0.144 0.065 0.115 0.078 0.034 0.055 0.034 0.026 0.011 0.035 0.01 0.018 0.001 0.003 0.001 0.018 0 0.008 0 0 0 0 0 0 0 0 0 0 0 0 0 0 0 0 0 0 0 0 0 0 0
 1997 7 13 3 2 35 0 0 0 0 0 0 0 0 0 0 0 0 0.01 0.001 0.039 0.016 0.119 0.105 0.072 0.071 0.066 0.089 0.075 0.123 0.094 0.061 0 0.001 0 0.025 0.01 0.001 0.01 0.001 0 0 0.01 0 0.001 0 0 0 0 0 0 0 0 0 0 0 0 0 0 0 0 0 0 0
 1998 7 13 3 2 37 0 0 0 0 0 0 0 0 0 0 0 0 0 0.003 0.045 0.1 0.112 0.131 0.159 0.086 0.086 0.062 0.035 0.027 0.03 0.005 0.014 0.03 0.031 0.01 0.014 0.015 0 0 0.005 0 0 0 0 0 0 0 0 0 0 0 0 0 0 0 0 0 0 0 0 0 0 0
 1999 7 13 3 2 24 0 0 0 0 0 0 0 0 0 0 0 0 0 0.002 0.013 0.023 0.031 0.073 0.011 0.055 0.184 0.179 0.026 0.09 0.088 0 0.022 0.024 0.004 0.055 0 0.002 0.024 0.024 0.022 0.026 0 0.002 0 0.022 0 0 0 0 0 0 0 0 0 0 0 0 0 0 0 0 0 0
 2000 7 13 3 2 29 0 0 0 0 0 0 0 0 0 0 0 0 0 0 0.008 0.055 0.2 0.135 0.077 0.055 0.073 0.071 0.036 0.042 0.021 0.011 0.052 0.032 0.014 0.025 0.014 0.011 0.007 0.022 0 0.007 0.007 0.007 0 0.007 0.007 0.007 0 0 0 0 0 0 0 0 0 0 0 0 0 0 0 0
 2001 7 13 3 2 24 0 0 0 0 0 0 0 0 0 0 0 0 0 0.008 0.067 0.2 0.225 0.125 0.125 0.083 0.075 0.033 0.008 0.017 0.017 0 0.008 0 0 0 0 0 0.008 0 0 0 0 0 0 0 0 0 0 0 0 0 0 0 0 0 0 0 0 0 0 0 0 0
 2002 7 13 3 2 73 0 0 0 0 0 0 0 0 0 0 0 0 0 0.003 0.008 0.077 0.162 0.13 0.1 0.071 0.075 0.059 0.051 0.031 0.019 0.02 0.037 0.021 0.019 0.025 0.026 0.024 0.021 0.005 0.008 0.002 0.005 0 0 0 0 0 0 0 0 0 0 0 0 0 0 0 0 0 0 0 0 0
 2003 7 13 3 2 87 0 0 0 0 0 0 0 0 0 0 0 0 0 0 0.019 0.121 0.117 0.119 0.091 0.062 0.058 0.059 0.031 0.021 0.024 0.016 0.024 0.023 0.029 0.034 0.038 0.038 0.035 0.018 0.009 0.004 0.004 0.004 0 0 0 0 0 0 0 0 0 0 0 0 0 0 0 0 0 0 0 0
 2004 7 13 3 2 93 0 0 0 0 0 0 0 0 0 0 0 0 0 0.003 0.032 0.22 0.219 0.128 0.092 0.074 0.044 0.04 0.02 0.019 0.02 0.004 0.005 0.008 0.018 0.014 0.018 0.012 0.004 0 0.004 0.002 0 0 0 0 0 0 0 0 0 0 0 0 0 0 0 0 0 0 0 0 0 0
 2005 7 13 3 2 95 0 0 0 0 0 0 0 0 0 0 0 0 0 0 0.015 0.137 0.178 0.136 0.111 0.077 0.06 0.038 0.032 0.025 0.026 0.011 0.013 0.017 0.012 0.016 0.019 0.016 0.013 0.016 0.015 0.006 0.006 0.004 0 0 0 0 0 0 0 0 0 0 0 0 0 0 0 0 0 0 0 0
 2006 7 13 3 2 111 0 0 0 0 0 0 0 0 0 0 0 0 0 0 0.016 0.155 0.224 0.169 0.119 0.068 0.057 0.039 0.026 0.016 0.016 0.011 0.011 0.009 0.01 0.008 0.005 0.008 0.008 0.005 0.005 0.004 0.004 0.005 0.001 0.002 0 0 0 0 0 0 0 0 0 0 0 0 0 0 0 0 0 0
 2007 7 13 3 2 138 0 0 0 0 0 0 0 0 0 0 0 0 0 0 0.008 0.069 0.163 0.157 0.147 0.152 0.101 0.046 0.043 0.032 0.021 0.018 0.007 0.005 0.007 0.006 0.004 0.005 0.002 0 0.002 0.003 0 0 0 0 0 0 0 0 0 0 0 0 0 0 0 0 0 0 0 0 0 0
 2008 7 13 3 2 84 0 0 0 0 0 0 0 0 0 0 0 0 0 0.003 0.004 0.012 0.02 0.04 0.061 0.104 0.099 0.107 0.095 0.1 0.075 0.082 0.081 0.047 0.02 0.016 0.02 0.006 0.003 0 0.003 0.001 0 0 0 0 0 0 0 0 0 0 0 0 0 0 0 0 0 0 0 0 0 0
 2009 7 13 3 2 92 0 0 0 0 0 0 0 0 0 0 0 0 0 0 0 0.009 0.01 0.011 0.03 0.051 0.06 0.071 0.093 0.106 0.093 0.08 0.096 0.103 0.065 0.063 0.018 0.019 0.005 0.003 0.003 0.005 0.002 0.001 0 0 0 0 0 0 0 0 0 0 0 0 0 0 0 0 0 0 0 0
 2010 7 13 3 2 19 0 0 0 0 0 0 0 0.007 0.007 0 0.007 0 0 0 0 0.015 0.037 0.044 0 0.037 0.074 0.074 0.096 0.074 0.119 0.119 0.148 0.03 0.044 0.015 0.022 0.015 0.015 0 0 0 0 0 0 0 0 0 0 0 0 0 0 0 0 0 0 0 0 0 0 0 0 0
 2011 7 13 3 2 57 0 0 0 0 0 0 0 0 0 0.004 0 0 0.004 0.004 0.011 0.011 0.019 0.03 0.027 0.023 0.026 0.042 0.031 0.08 0.059 0.068 0.089 0.083 0.125 0.117 0.06 0.043 0.032 0.008 0 0.002 0 0 0 0 0 0 0 0 0 0 0 0 0 0 0 0 0 0 0 0 0 0
 2012 7 13 3 2 77 0 0 0 0 0 0 0 0 0 0 0 0 0 0 0 0.003 0.006 0.011 0.015 0.018 0.027 0.03 0.025 0.04 0.043 0.066 0.083 0.089 0.116 0.148 0.129 0.062 0.043 0.019 0.009 0.009 0.002 0.003 0.001 0.002 0 0 0 0 0 0 0 0 0 0 0 0 0 0 0 0 0 0
 2013 7 13 3 2 80 0 0 0 0 0 0 0 0 0 0 0 0 0 0.002 0.005 0.005 0.012 0.013 0.031 0.032 0.045 0.071 0.076 0.065 0.071 0.095 0.078 0.076 0.09 0.073 0.07 0.034 0.033 0.013 0.004 0.004 0 0.002 0.001 0 0 0 0 0 0.001 0 0 0 0 0 0 0 0 0 0 0 0 0
 2014 7 13 3 2 61 0 0 0 0 0 0 0 0 0 0 0 0 0 0 0.015 0.026 0.018 0.052 0.05 0.085 0.048 0.073 0.068 0.057 0.051 0.044 0.07 0.058 0.049 0.068 0.065 0.052 0.036 0.012 0 0 0 0.001 0 0 0 0 0 0 0 0 0 0 0 0 0 0 0 0 0 0 0 0
 2015 7 13 3 2 113 0 0 0 0 0 0 0 0 0 0 0 0 0 0 0.014 0.021 0.03 0.022 0.034 0.026 0.058 0.044 0.056 0.078 0.068 0.074 0.087 0.095 0.071 0.065 0.062 0.046 0.025 0.014 0.007 0.001 0.002 0 0 0 0 0 0 0 0 0 0 0 0 0 0 0 0 0 0 0 0 0
 2016 7 13 3 2 89 0 0 0 0 0 0 0 0 0 0 0 0 0 0 0.009 0.011 0.021 0.018 0.017 0.029 0.043 0.044 0.076 0.065 0.064 0.083 0.095 0.07 0.096 0.07 0.074 0.049 0.033 0.016 0.009 0.009 0.002 0 0 0 0 0 0 0 0 0 0 0 0 0 0 0 0 0 0 0 0 0
 2017 7 13 3 2 132 0 0 0 0 0 0 0 0 0 0 0 0 0 0 0.006 0.005 0.011 0.021 0.045 0.045 0.042 0.062 0.056 0.061 0.069 0.061 0.082 0.084 0.078 0.082 0.064 0.058 0.031 0.022 0.01 0.002 0 0 0.002 0 0 0 0 0 0 0 0 0 0 0 0 0 0 0 0 0 0 0
 2018 7 13 3 2 176 0 0 0 0 0 0 0 0 0 0 0 0 0 0 0.014 0.015 0.025 0.034 0.037 0.041 0.032 0.042 0.047 0.027 0.045 0.031 0.053 0.064 0.081 0.086 0.083 0.074 0.068 0.045 0.026 0.015 0.008 0.003 0.002 0.001 0 0 0 0 0 0 0 0 0 0 0 0 0 0 0 0 0 0
 2019 7 13 3 2 104 0 0 0 0 0 0 0 0 0 0 0 0 0 0 0.004 0.029 0.024 0.03 0.041 0.051 0.042 0.058 0.05 0.051 0.067 0.054 0.072 0.058 0.054 0.068 0.087 0.07 0.034 0.02 0.012 0.009 0.006 0.002 0.005 0.001 0 0 0 0 0 0 0 0 0 0 0 0 0 0 0 0 0 0
 2020 7 13 3 2 111 0 0 0 0 0 0 0 0 0 0 0 0 0 0 0.003 0.014 0.013 0.016 0.024 0.035 0.042 0.03 0.052 0.056 0.069 0.055 0.079 0.075 0.088 0.087 0.077 0.069 0.045 0.03 0.021 0.014 0.003 0.003 0 0 0 0 0 0 0 0 0 0 0 0 0 0 0 0 0 0 0 0
 2021 7 13 3 2 139 0 0 0 0 0 0 0 0 0 0 0 0.002 0.001 0 0.005 0.02 0.018 0.045 0.029 0.034 0.059 0.052 0.065 0.05 0.059 0.084 0.063 0.069 0.059 0.065 0.058 0.048 0.035 0.037 0.018 0.011 0.005 0 0.003 0.002 0 0.002 0 0 0 0 0 0 0 0 0 0 0 0 0 0 0 0
 2022 7 13 3 2 133 0 0 0 0 0 0 0 0 0 0 0 0 0 0 0.002 0.014 0.034 0.071 0.05 0.052 0.053 0.054 0.074 0.069 0.065 0.051 0.057 0.052 0.044 0.051 0.057 0.034 0.042 0.018 0.018 0.016 0.009 0.009 0.001 0 0.003 0 0 0 0 0 0 0 0 0 0 0 0 0 0 0 0 0
 2023 7 13 3 2 148 0 0 0 0 0 0 0 0 0 0 0 0 0 0 0.005 0.021 0.047 0.059 0.051 0.08 0.071 0.057 0.048 0.036 0.044 0.056 0.057 0.053 0.054 0.065 0.054 0.045 0.038 0.015 0.02 0.012 0.008 0.002 0 0 0 0 0 0 0 0 0 0 0 0 0 0 0 0 0 0 0 0
 -1998 7 14 3 2 11 0 0 0 0 0 0 0 0 0 0 0.067 0.067 0.133 0.067 0.233 0 0.167 0.167 0.1 0 0 0 0 0 0 0 0 0 0 0 0 0 0 0 0 0 0 0 0 0 0 0 0 0 0 0 0 0 0 0 0 0 0 0 0 0 0 0
 -2003 7 14 3 2 8 0 0 0 0 0 0 0 0 0 0 0 0 0 0 0.043 0.087 0.043 0.304 0.174 0.087 0.152 0.022 0.065 0 0.022 0 0 0 0 0 0 0 0 0 0 0 0 0 0 0 0 0 0 0 0 0 0 0 0 0 0 0 0 0 0 0 0 0
 -2009 7 14 3 1 2 0 0 0 0 0 0 0 0 0 0 0 0 0 0 0.037 0.074 0.037 0.111 0.185 0.148 0.111 0.037 0.148 0.037 0.037 0 0.037 0 0 0 0 0 0 0 0 0 0 0 0 0 0 0 0 0 0 0 0 0 0 0 0 0 0 0 0 0 0 0
 -2010 7 14 3 1 4 0 0 0 0 0 0 0 0 0 0 0 0 0 0 0.015 0 0.046 0.062 0.062 0.123 0.108 0.123 0.138 0.062 0.077 0.062 0.031 0.015 0.031 0.015 0.015 0 0 0.015 0 0 0 0 0 0 0 0 0 0 0 0 0 0 0 0 0 0 0 0 0 0 0 0
 2010 7 14 3 2 117 0 0 0 0 0 0 0 0 0 0 0 0 0 0 0 0.008 0.031 0.039 0.047 0.078 0.078 0.132 0.109 0.054 0.016 0.116 0.039 0.085 0.062 0.031 0.039 0.016 0.008 0.016 0 0 0 0 0 0 0 0 0 0 0 0 0 0 0 0 0 0 0 0 0 0 0 0
 -2012 7 14 3 1 2 0 0 0 0 0 0 0 0 0 0 0 0 0.118 0.029 0.059 0 0.059 0.029 0.029 0.059 0.088 0 0.088 0.147 0.029 0.029 0.059 0.029 0 0.029 0 0.029 0.029 0.059 0 0 0 0 0 0 0 0 0 0 0 0 0 0 0 0 0 0 0 0 0 0 0 0
 2012 7 14 3 2 16 0 0 0 0 0 0 0 0 0 0 0 0 0 0 0 0.033 0.067 0.067 0.067 0.033 0.067 0.133 0.033 0.033 0.1 0 0.067 0 0.033 0.067 0.033 0.067 0.033 0.067 0 0 0 0 0 0 0 0 0 0 0 0 0 0 0 0 0 0 0 0 0 0 0 0
 -2013 7 14 3 1 3 0 0 0 0 0 0 0 0 0 0 0 0 0 0.042 0 0.083 0.042 0 0.042 0.083 0 0.125 0.083 0.042 0.083 0.083 0.042 0.083 0.083 0 0.042 0.042 0 0 0 0 0 0 0 0 0 0 0 0 0 0 0 0 0 0 0 0 0 0 0 0 0 0
 2013 7 14 3 2 23 0 0 0 0 0 0 0 0 0 0 0 0 0 0 0 0 0 0.022 0.065 0.043 0.087 0.043 0.065 0.109 0.109 0.043 0.087 0.065 0.087 0.022 0.043 0.065 0.043 0 0 0 0 0 0 0 0 0 0 0 0 0 0 0 0 0 0 0 0 0 0 0 0 0
 2014 7 14 3 2 34 0 0 0 0 0 0 0 0 0 0 0 0 0 0 0 0.035 0.053 0.044 0.044 0.044 0.018 0.035 0.071 0.062 0.071 0.08 0.124 0.035 0.044 0.062 0.053 0.062 0.044 0.009 0.009 0 0 0 0 0 0 0 0 0 0 0 0 0 0 0 0 0 0 0 0 0 0 0
 2015 7 14 3 1 13 0 0 0 0 0 0 0 0 0 0 0 0.004 0 0.023 0.023 0.015 0.027 0.038 0.034 0.054 0.096 0.096 0.111 0.073 0.1 0.088 0.061 0.069 0.057 0.015 0.004 0.008 0 0.004 0 0 0 0 0 0 0 0 0 0 0 0 0 0 0 0 0 0 0 0 0 0 0 0
 2015 7 14 3 2 26 0 0 0 0 0 0 0 0 0 0 0 0 0 0 0 0 0 0 0 0.029 0.074 0.074 0.097 0.126 0.131 0.12 0.097 0.086 0.069 0.046 0.011 0.017 0 0.011 0.006 0.006 0 0 0 0 0 0 0 0 0 0 0 0 0 0 0 0 0 0 0 0 0 0
 -2016 7 14 3 1 6 0 0 0 0 0 0 0 0 0 0.018 0.046 0.119 0.128 0.083 0.202 0.119 0.11 0.092 0.028 0.018 0 0 0 0 0 0 0.009 0.009 0 0.009 0.009 0 0 0 0 0 0 0 0 0 0 0 0 0 0 0 0 0 0 0 0 0 0 0 0 0 0 0
 2016 7 14 3 2 22 0 0 0 0 0 0 0 0 0 0 0 0 0 0 0 0.058 0.261 0.174 0.116 0.101 0.029 0.029 0.029 0.014 0.014 0.029 0.029 0.014 0.014 0.029 0.029 0.014 0 0 0.014 0 0 0 0 0 0 0 0 0 0 0 0 0 0 0 0 0 0 0 0 0 0 0
 2017 7 14 3 1 11 0 0 0 0 0 0 0 0 0 0 0 0.007 0.004 0.022 0.077 0.118 0.151 0.159 0.125 0.096 0.07 0.037 0.052 0.022 0.018 0.011 0.007 0.011 0.004 0.004 0 0.004 0 0 0 0 0 0 0 0 0 0 0 0 0 0 0 0 0 0 0 0 0 0 0 0 0 0
 2017 7 14 3 2 33 0 0 0 0 0 0 0 0 0 0 0 0.013 0 0 0 0.053 0.067 0.193 0.147 0.12 0.1 0.08 0.1 0.04 0.027 0.013 0.007 0 0 0 0.007 0.013 0.007 0.007 0.007 0 0 0 0 0 0 0 0 0 0 0 0 0 0 0 0 0 0 0 0 0 0 0
 2018 7 14 3 1 15 0 0 0 0 0 0 0 0 0 0 0.003 0.006 0 0.016 0.032 0.048 0.089 0.079 0.114 0.086 0.127 0.149 0.089 0.06 0.054 0.022 0.006 0.003 0.006 0.003 0.003 0 0.003 0 0 0 0 0 0 0 0 0 0 0 0 0 0 0 0 0 0 0 0 0 0 0 0 0
 2018 7 14 3 2 57 0 0 0 0 0 0 0 0 0 0 0 0 0 0 0 0.01 0.04 0.07 0.109 0.096 0.126 0.136 0.132 0.089 0.079 0.033 0.013 0.02 0.007 0.003 0.007 0.003 0.007 0.003 0.007 0.01 0 0 0 0 0 0 0 0 0 0 0 0 0 0 0 0 0 0 0 0 0 0
 2019 7 14 3 1 15 0 0 0 0 0 0 0 0 0.003 0.003 0.003 0.003 0.012 0.012 0.023 0.038 0.07 0.067 0.101 0.075 0.087 0.078 0.078 0.087 0.055 0.061 0.049 0.026 0.032 0.009 0.006 0.014 0 0.003 0.003 0 0 0 0 0.003 0 0 0 0 0 0 0 0 0 0 0 0 0 0 0 0 0 0
 2019 7 14 3 2 68 0 0 0 0 0 0 0 0 0 0 0 0 0 0 0 0.018 0.051 0.066 0.073 0.073 0.073 0.066 0.085 0.097 0.082 0.079 0.073 0.051 0.045 0.012 0.024 0.012 0 0.012 0.006 0 0 0 0 0.003 0 0 0 0 0 0 0 0 0 0 0 0 0 0 0 0 0 0
 -2020 7 14 3 1 2 0 0 0 0 0 0 0 0 0.047 0 0 0 0 0.023 0.116 0.186 0.209 0.023 0.093 0.093 0 0.023 0 0 0.047 0.023 0.047 0 0.023 0.023 0.023 0 0 0 0 0 0 0 0 0 0 0 0 0 0 0 0 0 0 0 0 0 0 0 0 0 0 0
 2020 7 14 3 2 12 0 0 0 0 0 0 0 0 0 0 0 0 0 0 0 0 0.179 0.119 0.075 0.075 0.075 0.045 0.015 0.045 0.119 0.06 0.075 0.03 0.015 0.045 0 0 0.015 0.015 0 0 0 0 0 0 0 0 0 0 0 0 0 0 0 0 0 0 0 0 0 0 0 0
 2021 7 14 3 1 19 0 0 0 0 0 0 0 0 0 0.006 0.009 0.013 0.016 0.025 0.05 0.081 0.081 0.084 0.109 0.091 0.081 0.075 0.059 0.034 0.038 0.034 0.025 0.019 0.025 0.013 0.016 0.006 0.003 0.003 0.003 0 0 0 0 0 0 0 0 0 0 0 0 0 0 0 0 0 0 0 0 0 0 0
 2021 7 14 3 2 78 0 0 0 0 0 0 0 0 0 0 0 0 0 0 0 0.01 0.044 0.049 0.068 0.058 0.068 0.066 0.075 0.056 0.073 0.08 0.049 0.068 0.073 0.044 0.054 0.029 0.024 0.012 0 0 0 0 0 0 0 0 0 0 0 0 0 0 0 0 0 0 0 0 0 0 0 0
 2022 7 14 3 1 17 0 0 0 0.003 0 0 0.003 0 0 0.003 0.003 0.006 0.008 0.008 0.019 0.03 0.058 0.088 0.086 0.116 0.086 0.055 0.069 0.052 0.052 0.025 0.019 0.036 0.022 0.036 0.017 0.028 0.017 0.022 0.019 0.006 0.006 0 0.003 0 0 0 0 0 0 0 0 0 0 0 0 0 0 0 0 0 0 0
 2022 7 14 3 2 64 0 0 0 0 0 0 0 0 0 0 0 0 0 0 0 0.003 0.013 0.032 0.038 0.057 0.029 0.035 0.067 0.041 0.044 0.041 0.057 0.048 0.054 0.086 0.076 0.092 0.076 0.054 0.035 0.013 0.01 0 0 0 0 0 0 0 0 0 0 0 0 0 0 0 0 0 0 0 0 0
 2023 7 14 3 1 14 0 0 0 0 0 0 0 0 0 0 0.003 0.027 0.06 0.036 0.073 0.085 0.094 0.109 0.066 0.057 0.051 0.06 0.048 0.027 0.021 0.015 0.024 0.03 0.024 0.018 0.021 0.021 0.009 0.006 0.009 0.003 0 0 0 0 0 0 0 0 0 0 0 0 0 0 0 0 0 0 0 0 0 0
 2023 7 14 3 2 74 0 0 0 0 0 0 0 0 0 0 0 0 0 0 0 0 0.033 0.046 0.03 0.049 0.068 0.06 0.079 0.065 0.03 0.043 0.038 0.052 0.035 0.049 0.054 0.087 0.041 0.079 0.043 0.008 0.003 0.003 0.003 0.003 0 0 0 0 0 0 0 0 0 0 0 0 0 0 0 0 0 0
 1982 7 15 3 2 16 0 0 0 0.007 0 0 0 0 0.022 0.067 0.172 0.291 0.201 0.045 0.052 0.037 0.015 0.007 0.015 0.045 0.007 0 0 0.007 0 0 0 0 0 0 0.007 0 0 0 0 0 0 0 0 0 0 0 0 0 0 0 0 0 0 0 0 0 0 0 0 0 0 0
 1983 7 15 3 2 55 0 0 0 0 0 0 0 0 0.024 0.007 0.156 0.192 0.091 0.276 0.089 0.072 0.075 0.007 0 0.002 0 0 0 0 0.002 0 0 0 0 0 0 0 0.002 0 0 0 0.002 0 0 0 0 0 0 0 0 0 0 0 0 0 0 0 0 0 0 0 0 0
 1985 7 15 3 2 17 0 0 0 0 0 0 0 0 0 0 0.274 0.145 0.161 0.161 0.129 0.032 0 0.081 0 0 0 0 0 0.016 0 0 0 0 0 0 0 0 0 0 0 0 0 0 0 0 0 0 0 0 0 0 0 0 0 0 0 0 0 0 0 0 0 0
 1986 7 15 3 2 413 0 0 0 0 0 0.002 0.014 0.044 0.109 0.158 0.149 0.144 0.116 0.074 0.047 0.035 0.026 0.017 0.013 0.009 0.007 0.007 0.006 0.005 0.002 0.002 0.002 0.001 0.002 0.001 0.001 0.001 0 0 0 0 0 0 0 0 0 0 0 0 0 0 0 0 0 0 0 0 0 0 0 0 0 0
 1987 7 15 3 2 392 0 0 0 0 0 0 0.006 0.03 0.064 0.128 0.156 0.175 0.145 0.096 0.063 0.033 0.025 0.018 0.016 0.007 0.007 0.005 0.004 0.003 0.002 0.003 0.002 0.002 0.001 0.001 0.001 0 0.001 0.001 0 0 0 0 0 0 0 0 0 0 0 0 0 0 0 0 0 0 0 0 0 0 0 0
 1988 7 15 3 2 299 0 0 0 0 0 0 0.002 0.012 0.051 0.094 0.127 0.144 0.134 0.104 0.088 0.061 0.043 0.029 0.022 0.013 0.008 0.006 0.008 0.006 0.004 0.003 0.003 0.003 0.005 0.006 0.006 0.004 0.004 0.003 0.002 0.002 0.001 0.001 0 0 0 0 0 0 0 0 0 0 0 0 0 0 0 0 0 0 0 0
 1989 7 15 3 2 287 0 0 0 0 0 0 0.003 0.008 0.033 0.102 0.12 0.165 0.157 0.123 0.101 0.054 0.04 0.029 0.02 0.011 0.006 0.005 0.004 0.001 0.001 0 0 0.001 0.002 0.002 0.002 0.002 0 0 0 0 0 0 0 0 0 0 0 0 0 0 0 0 0 0 0 0 0 0 0 0 0 0
 1990 7 15 3 2 247 0 0 0 0 0 0 0 0.001 0.005 0.021 0.042 0.127 0.219 0.182 0.13 0.087 0.066 0.029 0.022 0.016 0.018 0.008 0.006 0.003 0.003 0.002 0.002 0.002 0.001 0 0.002 0 0 0 0 0 0 0 0 0 0 0 0 0 0 0 0 0 0 0 0 0 0 0 0 0 0 0
 1991 7 15 3 2 217 0 0 0 0 0 0 0 0 0.005 0.011 0.015 0.066 0.245 0.239 0.144 0.086 0.059 0.052 0.022 0.017 0.008 0.005 0.006 0.003 0.002 0.002 0.001 0.001 0.003 0.002 0.002 0 0.001 0 0 0 0 0 0 0 0 0 0 0 0 0 0 0 0 0 0 0 0 0 0 0 0 0
 1992 7 15 3 2 329 0 0 0 0 0 0 0 0 0 0 0.001 0.011 0.092 0.191 0.238 0.146 0.104 0.068 0.034 0.026 0.02 0.01 0.009 0.009 0.007 0.004 0.005 0.005 0.003 0.004 0.003 0.003 0.003 0.002 0.001 0 0 0 0 0 0 0 0 0 0 0 0 0 0 0 0 0 0 0 0 0 0 0
 1993 7 15 3 2 336 0 0 0 0 0 0 0 0 0 0 0.001 0.015 0.129 0.19 0.167 0.117 0.092 0.063 0.042 0.035 0.029 0.019 0.017 0.01 0.013 0.013 0.011 0.007 0.006 0.007 0.004 0.003 0.004 0.001 0 0 0 0 0 0 0 0 0 0 0 0 0 0 0 0 0 0 0 0 0 0 0 0
 1994 7 15 3 2 306 0 0 0 0 0 0 0 0 0 0 0 0.004 0.051 0.183 0.221 0.151 0.121 0.067 0.037 0.034 0.025 0.019 0.016 0.012 0.01 0.008 0.007 0.006 0.005 0.006 0.004 0.004 0.004 0.002 0 0 0 0 0 0 0 0 0 0 0 0 0 0 0 0 0 0 0 0 0 0 0 0
 1995 7 15 3 2 357 0 0 0 0 0 0 0 0 0 0 0 0 0.001 0.028 0.14 0.205 0.187 0.123 0.076 0.057 0.038 0.022 0.02 0.013 0.015 0.01 0.009 0.007 0.006 0.008 0.009 0.008 0.007 0.005 0.002 0.002 0.001 0 0 0 0 0 0 0 0 0 0 0 0 0 0 0 0 0 0 0 0 0
 1996 7 15 3 2 241 0 0 0 0 0 0 0 0 0 0 0 0 0.002 0.008 0.107 0.197 0.188 0.125 0.087 0.075 0.051 0.036 0.025 0.02 0.015 0.009 0.007 0.007 0.005 0.005 0.005 0.005 0.006 0.005 0.004 0.002 0 0.001 0 0 0 0 0 0 0 0 0 0 0 0 0 0 0 0 0 0 0 0
 1997 7 15 3 2 231 0 0 0 0 0 0 0 0 0 0 0 0 0 0.007 0.123 0.18 0.147 0.11 0.083 0.07 0.057 0.046 0.04 0.032 0.026 0.016 0.013 0.013 0.01 0.009 0.004 0.004 0.004 0.003 0 0.002 0.001 0 0 0 0 0 0 0 0 0 0 0 0 0 0 0 0 0 0 0 0 0
 1998 7 15 3 2 342 0 0 0 0 0 0 0 0 0 0 0 0 0.001 0.019 0.148 0.176 0.171 0.115 0.076 0.058 0.04 0.028 0.033 0.022 0.017 0.01 0.011 0.011 0.008 0.01 0.009 0.007 0.005 0.004 0.006 0.004 0.003 0.002 0 0.002 0.001 0 0 0 0 0 0 0 0 0 0 0 0 0 0 0 0 0
 1999 7 15 3 2 221 0 0 0 0 0 0 0 0 0 0 0 0 0 0.002 0.066 0.142 0.138 0.101 0.102 0.08 0.083 0.041 0.042 0.032 0.02 0.014 0.019 0.014 0.01 0.014 0.015 0.007 0.018 0.01 0.013 0.007 0.004 0.002 0 0.002 0 0 0 0 0 0 0 0 0 0 0 0 0 0 0 0 0 0
 2000 7 15 3 2 150 0 0 0 0 0 0 0 0 0 0 0 0 0 0 0.014 0.069 0.221 0.114 0.081 0.089 0.063 0.06 0.045 0.03 0.028 0.035 0.025 0.012 0.025 0.016 0.019 0.011 0.023 0.008 0.006 0.004 0 0.002 0 0 0 0 0 0 0 0 0 0 0 0 0 0 0 0 0 0 0 0
 2001 7 15 3 2 187 0 0 0 0 0 0 0 0 0 0 0 0 0.003 0.014 0.036 0.134 0.195 0.154 0.109 0.096 0.063 0.04 0.049 0.026 0.014 0.014 0.007 0.015 0.007 0.008 0.004 0.001 0.003 0.005 0 0.001 0 0 0 0 0 0 0 0 0 0 0 0 0 0 0 0 0 0 0 0 0 0
 2002 7 15 3 2 210 0 0 0 0 0 0 0 0 0 0 0 0 0 0.001 0.013 0.067 0.15 0.165 0.11 0.102 0.072 0.064 0.042 0.048 0.035 0.02 0.019 0.019 0.018 0.005 0.011 0.005 0.013 0.007 0.002 0.006 0 0.001 0 0.002 0 0 0 0 0 0 0 0 0 0 0 0 0 0 0 0 0 0
 2003 7 15 3 2 183 0 0 0 0 0 0 0 0 0 0 0 0 0 0.003 0.008 0.053 0.187 0.161 0.155 0.106 0.077 0.065 0.039 0.023 0.018 0.018 0.014 0 0.009 0.012 0.005 0.006 0.013 0.015 0.003 0.004 0.005 0.001 0 0 0 0 0 0 0 0 0 0 0 0 0 0 0 0 0 0 0 0
 2004 7 15 3 2 86 0 0 0 0 0 0 0 0 0 0 0 0 0.001 0.002 0.052 0.162 0.224 0.187 0.098 0.056 0.046 0.036 0.027 0.025 0.015 0.01 0.006 0.006 0.01 0.004 0.011 0.004 0.005 0.002 0.001 0.004 0.002 0 0.001 0.002 0 0 0 0 0 0 0 0 0 0 0 0 0 0 0 0 0 0
 2005 7 15 3 2 91 0 0 0 0 0 0 0 0 0 0 0 0 0 0 0.024 0.168 0.245 0.161 0.105 0.052 0.041 0.045 0.029 0.027 0.017 0.017 0.015 0.009 0.01 0.005 0.007 0.004 0.005 0.004 0.004 0.002 0.002 0.001 0 0.001 0 0 0 0 0 0 0 0 0 0 0 0 0 0 0 0 0 0
 2006 7 15 3 2 71 0 0 0 0 0 0 0 0 0 0 0 0 0.002 0.003 0.033 0.169 0.291 0.163 0.102 0.044 0.03 0.03 0.024 0.017 0.014 0.012 0.014 0.005 0.002 0.011 0 0.003 0.006 0.002 0.002 0.005 0.009 0.006 0.002 0.002 0 0 0 0 0 0 0 0 0 0 0 0 0 0 0 0 0 0
 2007 7 15 3 2 65 0 0 0 0 0 0 0 0 0 0 0 0 0 0 0.002 0.059 0.216 0.201 0.178 0.123 0.075 0.048 0.029 0.015 0.017 0.008 0.006 0.002 0 0.005 0.002 0.005 0.002 0 0.002 0.004 0.002 0 0 0 0 0 0 0 0 0 0 0 0 0 0 0 0 0 0 0 0 0
 2008 7 15 3 2 37 0 0 0 0 0 0 0 0 0 0 0 0 0 0 0 0.017 0.164 0.103 0.139 0.109 0.116 0.103 0.068 0.044 0.04 0.015 0.025 0.024 0.014 0.01 0 0.004 0 0.003 0 0 0 0 0 0 0 0 0 0 0 0 0 0 0 0 0 0 0 0 0 0 0 0
 2009 7 15 3 2 63 0 0 0 0 0 0 0 0 0 0.002 0.002 0.002 0.003 0.002 0.009 0.022 0.103 0.08 0.082 0.054 0.075 0.073 0.069 0.064 0.061 0.074 0.055 0.038 0.032 0.026 0.018 0.007 0.009 0.006 0.002 0.012 0.009 0.005 0.002 0.002 0.002 0 0 0 0 0 0 0 0 0 0 0 0 0 0 0 0 0
 2010 7 15 3 2 40 0 0 0 0 0 0 0 0 0 0 0 0 0 0 0 0.004 0.068 0.087 0.088 0.083 0.099 0.085 0.072 0.07 0.045 0.067 0.055 0.055 0.045 0.034 0.019 0.013 0.004 0.001 0.005 0.001 0 0 0 0 0 0 0 0 0 0 0 0 0 0 0 0 0 0 0 0 0 0
 2011 7 15 3 2 53 0 0 0 0 0 0 0 0 0 0 0 0 0 0 0 0.003 0.037 0.075 0.068 0.06 0.067 0.08 0.084 0.072 0.074 0.08 0.074 0.057 0.047 0.033 0.025 0.02 0.02 0.015 0.008 0 0.001 0 0 0 0 0 0 0 0 0 0 0 0 0 0 0 0 0 0 0 0 0
 2012 7 15 3 2 35 0 0 0 0 0 0 0 0 0 0 0 0 0 0 0 0.031 0.125 0.11 0.063 0 0.048 0.033 0.049 0.019 0.021 0.036 0.004 0.006 0.021 0.02 0.066 0.064 0.141 0.078 0.016 0 0.031 0 0 0.016 0 0 0 0 0 0 0 0 0 0 0 0 0 0 0 0 0 0
 2013 7 15 3 2 120 0 0 0 0 0 0 0 0 0 0 0 0 0 0.002 0 0.006 0.023 0.039 0.041 0.059 0.079 0.091 0.109 0.109 0.109 0.093 0.082 0.053 0.036 0.024 0.017 0.009 0.008 0.004 0.002 0.001 0 0 0.001 0 0 0 0 0 0 0 0 0 0 0 0 0 0 0 0 0 0 0
 2014 7 15 3 2 142 0 0 0 0 0 0 0 0 0 0 0 0 0 0 0 0.001 0.008 0.015 0.023 0.04 0.05 0.091 0.108 0.109 0.126 0.117 0.091 0.066 0.042 0.033 0.024 0.019 0.014 0.009 0.004 0.002 0.001 0 0 0 0 0 0 0 0 0 0 0 0 0 0 0 0 0 0 0 0 0
 2015 7 15 3 2 193 0 0 0 0 0 0 0 0 0 0 0 0 0 0 0 0 0.007 0.016 0.031 0.049 0.072 0.082 0.117 0.111 0.117 0.106 0.09 0.063 0.048 0.032 0.026 0.016 0.008 0.003 0 0.001 0 0 0 0 0 0 0 0 0 0 0 0 0 0 0 0 0 0 0 0 0 0
 2016 7 15 3 2 149 0 0 0 0 0 0 0 0 0 0 0.003 0.002 0 0 0 0.001 0.008 0.018 0.033 0.058 0.081 0.112 0.133 0.126 0.115 0.09 0.065 0.05 0.03 0.028 0.021 0.011 0.008 0.004 0 0 0 0 0 0 0 0 0 0 0 0 0 0 0 0 0 0 0 0 0 0 0 0
 2017 7 15 3 2 130 0 0 0 0 0 0 0 0 0 0 0 0 0 0 0.006 0.017 0.035 0.039 0.044 0.054 0.072 0.104 0.108 0.115 0.096 0.074 0.075 0.056 0.047 0.027 0.011 0.01 0.002 0.001 0 0.002 0.001 0.001 0 0 0 0 0 0 0 0 0 0 0 0 0 0 0 0 0 0 0 0
 2018 7 15 3 2 201 0 0 0 0 0 0 0 0 0 0 0 0 0 0 0.005 0.011 0.016 0.024 0.045 0.054 0.071 0.101 0.106 0.097 0.089 0.086 0.077 0.067 0.057 0.039 0.022 0.01 0.008 0.004 0.005 0.003 0.002 0.001 0.001 0 0 0 0 0 0 0 0 0 0 0 0 0 0 0 0 0 0 0
 2019 7 15 3 2 204 0 0 0 0 0 0 0 0 0 0 0 0 0 0 0.004 0.005 0.018 0.033 0.038 0.063 0.076 0.103 0.092 0.093 0.095 0.092 0.078 0.054 0.052 0.04 0.03 0.017 0.007 0.004 0.005 0 0 0.001 0 0 0 0 0 0 0 0 0 0 0 0 0 0 0 0 0 0 0 0
 2020 7 15 3 2 13 0 0 0 0 0 0 0 0 0 0 0 0 0 0 0.029 0.022 0.022 0.058 0.08 0.051 0.094 0.087 0.101 0.051 0.109 0.101 0.065 0.065 0.007 0.036 0.014 0 0 0.007 0 0 0 0 0 0 0 0 0 0 0 0 0 0 0 0 0 0 0 0 0 0 0 0
 2021 7 15 3 2 44 0 0 0 0 0 0 0 0 0 0 0 0 0 0 0.001 0.015 0.036 0.082 0.079 0.078 0.075 0.08 0.064 0.072 0.073 0.04 0.033 0.035 0.047 0.035 0.047 0.035 0.037 0.018 0.009 0.007 0.001 0 0 0 0 0 0 0 0 0 0 0 0 0 0 0 0 0 0 0 0 0
 2022 7 15 3 2 78 0 0 0 0 0 0 0 0 0 0 0 0 0 0.001 0.009 0.012 0.054 0.072 0.092 0.095 0.098 0.113 0.092 0.082 0.057 0.048 0.047 0.038 0.031 0.025 0.009 0.011 0.006 0.002 0.002 0 0.001 0 0 0 0 0 0 0 0 0 0 0 0 0 0 0 0 0 0 0 0 0
 2023 7 15 3 2 108 0 0 0 0 0 0 0 0 0 0 0 0 0 0.002 0.004 0.024 0.053 0.057 0.074 0.073 0.098 0.11 0.128 0.112 0.087 0.072 0.06 0.023 0.009 0.006 0.003 0.001 0.002 0.001 0 0 0 0 0 0 0 0 0 0 0 0 0 0 0 0 0 0 0 0 0 0 0 0
 1981 7 16 3 2 12 0 0 0 0 0 0 0 0 0.063 0.031 0.031 0.031 0 0.094 0.125 0.156 0.125 0.094 0.156 0.031 0.031 0 0.031 0 0 0 0 0 0 0 0 0 0 0 0 0 0 0 0 0 0 0 0 0 0 0 0 0 0 0 0 0 0 0 0 0 0 0
 1982 7 16 3 2 46 0 0 0 0 0 0 0.018 0 0.07 0.07 0.018 0.035 0.053 0.053 0 0.018 0.018 0.035 0 0.018 0.579 0 0 0 0.018 0 0 0 0 0 0 0 0 0 0 0 0 0 0 0 0 0 0 0 0 0 0 0 0 0 0 0 0 0 0 0 0 0
 1983 7 16 3 2 43 0 0 0 0 0 0 0 0.035 0.018 0.035 0.071 0.15 0.195 0.15 0.124 0.071 0.035 0.053 0.027 0.009 0 0.018 0.009 0 0 0 0 0 0 0 0 0 0 0 0 0 0 0 0 0 0 0 0 0 0 0 0 0 0 0 0 0 0 0 0 0 0 0
 -1984 7 16 3 2 7 0 0 0 0 0 0 0 0 0.1 0 0 0.1 0.1 0.3 0 0.1 0.1 0.2 0 0 0 0 0 0 0 0 0 0 0 0 0 0 0 0 0 0 0 0 0 0 0 0 0 0 0 0 0 0 0 0 0 0 0 0 0 0 0 0
 1985 7 16 3 2 12 0 0 0 0 0 0 0 0.071 0 0.071 0 0.071 0 0.071 0.071 0 0 0.071 0.071 0.071 0.071 0.071 0.071 0.143 0.071 0 0 0 0 0 0 0 0 0 0 0 0 0 0 0 0 0 0 0 0 0 0 0 0 0 0 0 0 0 0 0 0 0
 1986 7 16 3 2 64 0 0 0 0 0 0 0 0 0.028 0.057 0.099 0.113 0.142 0.057 0.092 0.064 0.085 0.064 0.043 0.057 0.021 0.028 0.007 0 0.007 0.007 0.014 0 0 0 0.007 0.007 0 0 0 0 0 0 0 0 0 0 0 0 0 0 0 0 0 0 0 0 0 0 0 0 0 0
 1987 7 16 3 2 99 0 0 0 0 0 0 0 0.016 0.016 0.058 0.084 0.11 0.136 0.105 0.079 0.073 0.058 0.047 0.047 0.021 0.01 0.031 0.042 0.01 0 0 0.016 0 0 0 0 0.005 0.01 0.005 0.005 0 0 0 0 0 0 0.01 0 0 0.005 0 0 0 0 0 0 0 0 0 0 0 0 0
 1988 7 16 3 2 93 0 0 0 0 0 0 0 0 0.005 0 0.067 0.129 0.155 0.129 0.093 0.082 0.093 0.041 0.036 0.046 0.021 0.015 0.015 0.026 0.01 0.021 0 0.005 0 0 0 0.005 0 0.005 0 0 0 0 0 0 0 0 0 0 0 0 0 0 0 0 0 0 0 0 0 0 0 0
 1989 7 16 3 2 122 0 0 0 0 0 0 0 0.021 0.018 0.082 0.086 0.146 0.111 0.046 0.068 0.054 0.057 0.071 0.061 0.05 0.025 0.032 0.011 0.018 0.007 0.011 0 0.007 0.011 0.004 0 0.004 0 0 0 0 0 0 0 0 0 0 0 0 0 0 0 0 0 0 0 0 0 0 0 0 0 0
 1990 7 16 3 2 114 0 0 0 0 0 0 0 0 0.003 0.003 0.009 0.03 0.218 0.161 0.206 0.097 0.082 0.039 0.027 0.03 0.012 0.021 0.018 0.021 0.006 0.009 0 0.003 0 0 0 0.003 0 0 0 0 0 0 0 0 0 0 0 0 0 0 0 0 0 0 0 0 0 0 0 0 0 0
 1991 7 16 3 2 153 0 0 0 0 0 0 0 0 0 0.004 0.006 0.048 0.211 0.149 0.14 0.087 0.068 0.052 0.048 0.056 0.031 0.029 0.029 0.008 0.012 0.002 0.004 0.006 0.006 0.002 0.002 0 0 0 0 0 0 0 0 0 0 0 0 0 0 0 0 0 0 0 0 0 0 0 0 0 0 0
 1992 7 16 3 2 206 0 0 0 0 0 0 0 0 0.003 0.004 0.001 0.047 0.145 0.15 0.174 0.13 0.112 0.077 0.029 0.035 0.018 0.019 0.01 0.01 0.009 0.006 0.006 0.006 0.003 0.004 0 0.001 0 0 0 0 0 0 0 0 0 0 0 0 0 0 0 0 0 0 0 0 0 0 0 0 0 0
 1993 7 16 3 2 137 0 0 0 0 0 0 0 0 0 0.002 0.005 0.033 0.149 0.207 0.149 0.112 0.056 0.051 0.056 0.042 0.042 0.04 0.007 0.019 0.014 0 0.005 0.007 0.005 0.002 0 0 0 0 0 0 0 0 0 0 0 0 0 0 0 0 0 0 0 0 0 0 0 0 0 0 0 0
 1994 7 16 3 2 116 0 0 0 0 0 0 0.001 0.003 0 0 0 0 0.032 0.202 0.227 0.141 0.078 0.079 0.059 0.053 0.036 0.021 0.011 0.01 0.014 0.003 0.011 0.003 0.003 0.003 0 0.004 0.004 0 0 0 0.001 0 0 0 0 0 0 0 0 0 0 0 0 0 0 0 0 0 0 0 0 0
 1995 7 16 3 2 119 0 0 0 0 0 0 0 0 0 0 0 0.002 0.009 0.051 0.186 0.219 0.126 0.133 0.049 0.035 0.042 0.018 0.033 0.022 0.02 0.009 0.004 0.004 0.009 0.004 0.004 0.002 0.004 0.007 0 0 0 0.004 0.002 0 0 0 0 0 0 0 0 0 0 0 0 0 0 0 0 0 0 0
 1996 7 16 3 2 122 0 0 0 0 0 0 0 0 0.002 0 0 0 0.01 0.061 0.196 0.169 0.155 0.102 0.058 0.079 0.035 0.029 0.025 0.012 0.015 0.012 0.004 0.012 0.006 0.01 0.004 0.002 0.002 0.002 0 0.002 0 0 0 0 0 0 0 0 0 0 0 0 0 0 0 0 0 0 0 0 0 0
 1997 7 16 3 2 167 0 0 0 0 0 0 0 0 0 0 0 0 0.003 0.063 0.335 0.235 0.126 0.066 0.037 0.034 0.025 0.01 0.012 0.012 0.012 0.009 0.007 0.003 0 0.003 0.003 0 0 0 0 0 0 0 0 0 0 0 0 0 0 0 0 0 0 0 0 0 0 0 0 0 0 0
 1998 7 16 3 2 264 0 0 0 0 0 0 0 0 0 0 0 0 0 0.013 0.217 0.256 0.218 0.133 0.064 0.035 0.023 0.009 0.008 0.003 0.004 0.004 0.002 0.002 0.001 0.002 0 0 0 0 0 0 0 0 0 0 0 0 0 0 0 0 0 0 0 0 0 0 0 0 0 0 0 0
 1999 7 16 3 2 133 0 0 0 0 0 0 0 0 0 0.001 0 0 0 0.001 0.087 0.19 0.227 0.174 0.091 0.059 0.051 0.031 0.024 0.017 0.021 0.008 0.001 0.006 0.005 0.002 0 0.001 0 0.001 0 0 0 0 0 0 0 0 0 0 0 0 0 0 0 0 0 0 0 0 0 0 0 0
 2000 7 16 3 2 137 0 0 0 0 0 0 0 0 0 0 0 0 0 0 0.032 0.198 0.265 0.178 0.087 0.064 0.051 0.023 0.027 0.013 0.018 0.011 0.006 0.002 0.006 0.007 0.003 0.005 0.002 0 0 0 0 0 0 0 0 0 0 0 0 0 0 0 0 0 0 0 0 0 0 0 0 0
 2001 7 16 3 2 89 0 0 0 0 0 0 0 0 0 0 0 0.002 0 0 0.008 0.16 0.31 0.122 0.079 0.087 0.072 0.046 0.041 0.014 0.014 0.011 0.005 0.005 0.005 0.005 0.008 0.002 0.003 0 0.003 0.002 0 0 0 0 0 0 0 0 0 0 0 0 0 0 0 0 0 0 0 0 0 0
 2002 7 16 3 2 131 0 0 0 0 0 0 0 0 0.002 0.002 0 0 0 0 0.008 0.144 0.32 0.208 0.1 0.095 0.05 0.019 0.01 0.006 0.007 0.006 0.009 0.005 0.002 0 0.003 0 0 0 0 0 0 0 0 0 0 0 0 0 0 0 0 0 0 0 0 0 0 0 0 0 0 0
 2003 7 16 3 2 134 0 0 0 0 0 0 0 0 0 0 0 0 0 0 0.005 0.157 0.298 0.17 0.121 0.057 0.05 0.039 0.026 0.021 0.017 0.012 0.007 0.004 0.005 0.002 0.002 0.005 0 0 0 0 0 0 0 0 0 0 0 0 0 0 0 0 0 0 0 0 0 0 0 0 0 0
 2004 7 16 3 2 106 0 0 0 0 0 0 0 0 0 0 0 0 0 0 0.004 0.126 0.263 0.221 0.152 0.074 0.053 0.03 0.032 0.009 0.016 0.004 0.004 0 0.007 0.002 0.002 0.002 0.002 0.002 0 0 0 0 0 0 0 0 0 0 0 0 0 0 0 0 0 0 0 0 0 0 0 0
 2005 7 16 3 1 80 0 0 0 0 0 0 0.002 0.015 0.039 0.063 0.121 0.203 0.191 0.152 0.116 0.083 0.014 0 0 0 0 0 0 0 0 0 0 0 0 0 0 0 0 0 0 0 0 0 0 0 0 0 0 0 0 0 0 0 0 0 0 0 0 0 0 0 0 0
 2005 7 16 3 2 46 0 0 0 0 0 0 0 0 0 0 0 0 0 0 0.033 0.179 0.279 0.169 0.116 0.06 0.043 0.023 0.023 0.02 0.017 0.007 0.007 0.007 0 0.007 0.007 0 0 0 0.003 0 0 0 0 0 0 0 0 0 0 0 0 0 0 0 0 0 0 0 0 0 0 0
 2006 7 16 3 1 78 0 0 0 0 0 0 0.002 0.024 0.054 0.097 0.123 0.164 0.186 0.166 0.12 0.056 0.007 0 0 0 0 0 0 0 0 0 0 0 0 0 0 0 0 0 0 0 0 0 0 0 0 0 0 0 0 0 0 0 0 0 0 0 0 0 0 0 0 0
 2006 7 16 3 2 80 0 0 0 0 0 0 0 0 0 0 0 0 0 0 0.032 0.303 0.303 0.157 0.079 0.043 0.032 0.017 0.006 0.009 0.006 0.002 0 0.006 0.002 0 0 0.002 0 0 0 0 0 0 0 0 0 0 0 0 0 0 0 0 0 0 0 0 0 0 0 0 0 0
 2007 7 16 3 1 74 0 0 0 0 0 0 0.001 0.006 0.029 0.052 0.091 0.159 0.168 0.181 0.18 0.105 0.021 0.001 0.002 0 0 0 0 0 0 0 0 0 0 0 0 0 0 0 0 0 0 0 0 0 0 0 0 0 0 0 0 0 0 0 0 0 0 0 0 0 0 0
 2007 7 16 3 2 113 0 0 0 0 0 0 0 0 0 0.002 0 0 0 0.002 0.015 0.177 0.319 0.201 0.138 0.064 0.03 0.02 0.009 0.006 0.006 0.003 0 0.002 0.002 0 0 0 0 0 0 0 0 0 0 0 0 0 0 0 0 0 0 0 0 0 0 0 0 0 0 0 0 0
 2008 7 16 3 2 232 0 0 0 0 0 0 0 0 0 0.001 0 0.002 0.001 0 0.007 0.13 0.25 0.205 0.144 0.1 0.063 0.036 0.024 0.014 0.008 0.002 0.005 0 0.004 0 0 0 0 0 0 0 0 0 0 0 0 0 0 0 0 0 0 0 0 0 0 0 0 0 0 0 0 0
 2009 7 16 3 1 28 0 0 0 0 0 0 0 0 0.008 0 0.054 0.101 0.208 0.213 0.218 0.141 0.05 0.004 0 0.004 0 0 0 0 0 0 0 0 0 0 0 0 0 0 0 0 0 0 0 0 0 0 0 0 0 0 0 0 0 0 0 0 0 0 0 0 0 0
 2009 7 16 3 2 278 0 0 0 0 0 0 0 0 0 0 0.003 0.004 0.011 0.008 0.012 0.071 0.191 0.176 0.119 0.104 0.085 0.049 0.045 0.034 0.023 0.012 0.016 0.012 0.009 0.004 0.006 0.003 0.003 0 0 0 0 0 0 0 0 0 0 0 0 0 0 0 0 0 0 0 0 0 0 0 0 0
 2010 7 16 3 1 33 0 0 0 0 0 0 0 0 0 0.003 0.041 0.061 0.087 0.153 0.244 0.26 0.103 0.028 0.013 0 0.006 0 0 0 0 0 0 0 0 0 0 0 0 0 0 0 0 0 0 0 0 0 0 0 0 0 0 0 0 0 0 0 0 0 0 0 0 0
 2010 7 16 3 2 246 0 0 0 0 0 0 0 0 0 0 0 0.001 0 0 0 0.038 0.145 0.147 0.143 0.129 0.096 0.062 0.062 0.046 0.039 0.016 0.023 0.014 0.013 0.012 0.003 0.004 0.002 0.001 0.001 0.001 0 0 0 0 0 0 0 0 0 0 0 0 0 0 0 0 0 0 0 0 0 0
 2011 7 16 3 1 54 0 0 0 0 0 0 0 0 0 0 0 0 0.066 0.135 0.235 0.308 0.103 0.07 0.027 0.027 0 0.018 0.009 0 0 0 0 0 0 0 0 0 0 0 0 0 0 0 0 0 0 0 0 0 0 0 0 0 0 0 0 0 0 0 0 0 0 0
 2011 7 16 3 2 209 0 0 0 0 0 0 0 0.002 0 0 0 0 0 0 0 0.023 0.096 0.105 0.127 0.111 0.094 0.085 0.063 0.066 0.036 0.04 0.037 0.03 0.032 0.016 0.019 0.007 0.004 0.002 0.004 0 0 0 0.001 0 0 0 0 0 0 0 0 0 0 0 0 0 0 0 0 0 0 0
 2012 7 16 3 1 53 0 0 0 0 0 0 0 0.009 0.008 0.037 0.027 0.056 0.131 0.147 0.174 0.273 0.083 0.028 0 0 0.009 0 0.019 0 0 0 0 0 0 0 0 0 0 0 0 0 0 0 0 0 0 0 0 0 0 0 0 0 0 0 0 0 0 0 0 0 0 0
 2012 7 16 3 2 143 0 0 0 0 0 0 0 0 0.004 0.009 0 0 0 0 0 0.038 0.114 0.114 0.094 0.082 0.092 0.064 0.051 0.061 0.054 0.037 0.039 0.023 0.025 0.018 0.025 0.018 0.009 0.007 0.006 0.01 0.001 0.003 0.001 0 0 0 0 0 0 0 0 0 0 0 0 0 0 0 0 0 0 0
 2013 7 16 3 1 44 0 0 0 0 0 0 0 0 0 0.007 0.019 0.064 0.125 0.219 0.227 0.244 0.007 0.008 0.016 0.008 0.016 0.016 0.008 0 0.008 0 0 0.008 0 0 0 0 0 0 0 0 0 0 0 0 0 0 0 0 0 0 0 0 0 0 0 0 0 0 0 0 0 0
 2013 7 16 3 2 260 0 0 0 0 0 0 0 0 0 0 0 0 0 0 0.001 0.029 0.1 0.108 0.125 0.097 0.086 0.081 0.052 0.051 0.039 0.05 0.032 0.024 0.027 0.023 0.026 0.009 0.016 0.007 0.01 0.001 0.001 0 0 0 0 0 0 0 0 0 0 0 0 0 0 0 0 0 0 0 0 0
 2014 7 16 3 2 307 0 0 0 0 0 0 0 0 0 0 0 0 0 0 0.003 0.025 0.111 0.125 0.093 0.082 0.066 0.064 0.055 0.048 0.049 0.034 0.033 0.034 0.031 0.027 0.03 0.029 0.021 0.019 0.012 0.006 0.003 0 0 0 0 0 0 0 0 0 0 0 0 0 0 0 0 0 0 0 0 0
 2015 7 16 3 1 104 0 0 0 0 0 0 0 0 0.032 0.032 0.071 0.011 0.179 0.218 0.273 0.173 0.011 0 0 0 0 0 0 0 0 0 0 0 0 0 0 0 0 0 0 0 0 0 0 0 0 0 0 0 0 0 0 0 0 0 0 0 0 0 0 0 0 0
 2015 7 16 3 2 158 0 0 0 0 0 0 0 0 0 0 0 0 0 0 0.001 0.026 0.093 0.105 0.112 0.091 0.074 0.07 0.062 0.065 0.053 0.039 0.035 0.026 0.029 0.022 0.022 0.018 0.013 0.014 0.014 0.008 0.003 0.002 0 0 0 0 0 0 0 0 0 0 0 0 0 0 0 0 0 0 0 0
 2016 7 16 3 1 103 0 0 0 0 0 0 0 0.018 0.054 0.157 0.096 0.166 0.174 0.153 0.145 0.032 0.005 0 0 0 0 0 0 0 0 0 0 0 0 0 0 0 0 0 0 0 0 0 0 0 0 0 0 0 0 0 0 0 0 0 0 0 0 0 0 0 0 0
 2016 7 16 3 2 52 0 0 0 0 0 0 0 0 0 0 0 0 0 0 0.004 0.024 0.102 0.131 0.109 0.109 0.079 0.057 0.058 0.062 0.054 0.035 0.033 0.026 0.015 0.019 0.018 0.004 0.008 0.019 0.007 0.014 0.006 0.004 0.001 0 0 0 0 0 0 0 0 0 0 0 0 0 0 0 0 0 0 0
 2017 7 16 3 1 85 0 0 0 0 0 0 0 0 0.006 0.019 0.041 0.019 0.045 0.275 0.237 0.351 0.006 0 0 0 0 0 0 0 0 0 0 0 0 0 0 0 0 0 0 0 0 0 0 0 0 0 0 0 0 0 0 0 0 0 0 0 0 0 0 0 0 0
 2017 7 16 3 2 101 0 0 0 0 0 0 0 0 0 0 0 0 0 0 0.002 0.066 0.173 0.157 0.121 0.093 0.088 0.068 0.047 0.045 0.037 0.029 0.016 0.016 0.008 0.007 0.006 0.006 0.005 0.005 0.002 0 0 0.003 0 0 0 0 0 0 0 0 0 0 0 0 0 0 0 0 0 0 0 0
 2018 7 16 3 1 74 0 0 0 0 0 0 0 0.004 0.019 0.027 0.051 0.05 0.193 0.334 0.196 0.096 0.028 0 0 0 0 0.004 0 0 0 0 0 0 0 0 0 0 0 0 0 0 0 0 0 0 0 0 0 0 0 0 0 0 0 0 0 0 0 0 0 0 0 0
 2018 7 16 3 2 111 0 0 0 0 0 0 0 0 0 0 0 0 0 0 0.004 0.058 0.144 0.152 0.133 0.117 0.087 0.076 0.044 0.032 0.03 0.026 0.018 0.018 0.009 0.009 0.013 0.006 0.003 0.006 0.003 0.002 0.004 0.004 0.002 0 0 0 0 0 0 0 0 0 0 0 0 0 0 0 0 0 0 0
 2019 7 16 3 1 88 0 0 0 0 0 0 0 0 0.011 0.016 0.074 0.055 0.109 0.229 0.249 0.236 0.021 0 0 0 0 0 0 0 0 0 0 0 0 0 0 0 0 0 0 0 0 0 0 0 0 0 0 0 0 0 0 0 0 0 0 0 0 0 0 0 0 0
 2019 7 16 3 2 146 0 0 0 0 0 0 0 0 0 0 0.001 0 0 0.002 0.009 0.084 0.161 0.141 0.123 0.097 0.08 0.073 0.06 0.039 0.027 0.022 0.021 0.017 0.012 0.007 0.007 0.004 0.007 0.002 0.002 0.001 0.002 0.002 0 0.001 0 0 0 0 0 0 0 0 0 0 0 0 0 0 0 0 0 0
 2020 7 16 3 1 10 0 0 0 0 0 0 0 0 0 0 0.5 0 0 0 0.5 0 0 0 0 0 0 0 0 0 0 0 0 0 0 0 0 0 0 0 0 0 0 0 0 0 0 0 0 0 0 0 0 0 0 0 0 0 0 0 0 0 0 0
 2020 7 16 3 2 19 0 0 0 0 0 0 0 0 0 0 0 0 0 0 0.018 0.167 0.311 0.185 0.113 0.095 0.05 0.027 0.014 0.005 0.005 0.005 0.005 0 0 0 0 0 0 0 0 0 0 0 0 0 0 0 0.005 0 0 0 0 0 0 0 0 0 0 0 0 0 0 0
 2021 7 16 3 1 54 0 0 0 0 0 0.003 0 0.006 0.022 0.038 0.048 0.127 0.211 0.258 0.181 0.056 0.031 0.003 0 0.005 0.003 0.004 0 0 0 0 0.003 0 0 0 0 0 0 0 0 0 0 0 0 0 0 0 0 0 0 0 0 0 0 0 0 0 0 0 0 0 0 0
 2021 7 16 3 2 71 0 0 0 0 0 0 0 0 0 0 0 0.002 0 0 0.002 0.082 0.179 0.19 0.136 0.079 0.093 0.065 0.03 0.023 0.023 0.016 0.011 0.013 0.002 0.009 0.007 0.014 0.002 0.007 0.004 0 0 0.005 0.002 0.004 0 0 0 0 0 0 0 0 0 0 0 0 0 0 0 0 0 0
 2022 7 16 3 1 104 0 0 0 0 0 0 0.005 0 0.02 0.017 0.061 0.116 0.164 0.248 0.188 0.082 0.02 0.014 0.019 0.017 0.005 0.005 0.003 0.009 0 0 0.005 0 0 0.005 0 0 0 0 0 0 0 0 0 0 0 0 0 0 0 0 0 0 0 0 0 0 0 0 0 0 0 0
 2022 7 16 3 2 88 0 0 0 0 0 0 0 0 0 0 0 0 0 0.002 0.008 0.115 0.203 0.136 0.133 0.1 0.055 0.033 0.032 0.022 0.022 0.032 0.02 0.01 0.017 0.012 0.01 0.007 0.008 0.005 0.003 0.002 0.007 0.005 0.002 0.002 0.002 0 0 0 0 0 0 0 0 0 0 0 0 0 0 0 0 0
 2023 7 16 3 1 109 0 0 0 0 0 0 0 0 0.011 0.044 0.011 0.025 0.087 0.248 0.321 0.248 0.005 0 0 0 0 0 0 0 0 0 0 0 0 0 0 0 0 0 0 0 0 0 0 0 0 0 0 0 0 0 0 0 0 0 0 0 0 0 0 0 0 0
 2023 7 16 3 2 99 0 0 0 0 0 0 0 0 0 0 0 0 0 0 0.003 0.07 0.143 0.154 0.113 0.09 0.086 0.086 0.042 0.035 0.027 0.03 0.02 0.02 0.015 0.023 0.012 0.012 0.005 0.003 0.003 0.007 0 0 0.002 0 0 0 0 0 0 0 0 0 0 0 0 0 0 0 0 0 0 0
 -1983 7 17 3 2 29 0 0 0 0 0 0 0 0 0 0 0 0 0 0 0.024 0.071 0.048 0.119 0.167 0.19 0.143 0.095 0.071 0 0 0 0.024 0 0 0 0 0 0 0 0 0 0 0 0.024 0 0 0.024 0 0 0 0 0 0 0 0 0 0 0 0 0 0 0 0
 -1994 7 17 3 2 28 0 0 0 0 0 0 0 0.002 0.004 0 0.002 0.002 0.092 0.187 0.183 0.104 0.082 0.062 0.03 0.034 0.018 0.022 0.02 0.038 0.02 0.016 0.016 0.018 0.012 0.012 0.004 0.01 0.004 0.002 0.002 0 0 0 0 0 0 0 0 0 0 0 0 0 0 0 0 0 0 0 0 0 0 0
 -1999 7 17 3 2 6 0 0 0 0 0 0 0 0 0 0 0 0 0 0 0.044 0.044 0.222 0.111 0.2 0.2 0.022 0.089 0.044 0 0.022 0 0 0 0 0 0 0 0 0 0 0 0 0 0 0 0 0 0 0 0 0 0 0 0 0 0 0 0 0 0 0 0 0
 -2005 7 17 3 1 82 0 0 0 0 0 0 0.491 0.491 0 0 0 0 0 0.001 0.003 0.003 0.005 0.005 0 0 0 0 0 0 0 0 0 0 0 0 0 0 0 0 0 0 0 0 0 0 0 0 0 0 0 0 0 0 0 0 0 0 0 0 0 0 0 0
 2006 7 17 3 1 110 0 0 0 0 0 0 0 0 0 0 0.002 0.003 0.002 0.237 0.365 0.368 0.019 0.005 0 0 0 0 0 0 0 0 0 0 0 0 0 0 0 0 0 0 0 0 0 0 0 0 0 0 0 0 0 0 0 0 0 0 0 0 0 0 0 0
 2006 7 17 3 2 31 0 0 0 0 0 0 0 0 0 0 0 0 0 0 0 0.073 0.171 0.098 0.073 0.122 0.049 0.122 0.098 0.049 0 0.049 0.073 0 0.024 0 0 0 0 0 0 0 0 0 0 0 0 0 0 0 0 0 0 0 0 0 0 0 0 0 0 0 0 0
 2007 7 17 3 1 91 0 0 0 0 0 0 0 0 0 0 0 0 0.043 0.304 0.174 0.261 0 0.087 0.043 0.043 0.043 0 0 0 0 0 0 0 0 0 0 0 0 0 0 0 0 0 0 0 0 0 0 0 0 0 0 0 0 0 0 0 0 0 0 0 0 0
 2008 7 17 3 2 49 0 0 0 0 0 0 0 0 0 0 0 0 0 0 0 0 0.041 0.041 0.265 0.163 0.163 0.082 0.041 0.02 0.02 0 0.061 0.02 0.02 0.041 0.02 0 0 0 0 0 0 0 0 0 0 0 0 0 0 0 0 0 0 0 0 0 0 0 0 0 0 0
 2009 7 17 3 1 44 0 0 0 0 0 0 0 0 0 0.019 0.004 0 0.077 0.177 0.177 0.452 0.035 0.02 0.008 0.023 0 0 0 0.004 0 0 0 0.004 0 0 0 0 0 0 0 0 0 0 0 0 0 0 0 0 0 0 0 0 0 0 0 0 0 0 0 0 0 0
 2009 7 17 3 2 322 0 0 0 0 0 0 0 0 0.003 0 0 0 0 0.006 0 0.011 0.087 0.101 0.054 0.062 0.082 0.093 0.107 0.101 0.096 0.045 0.042 0.037 0.028 0.02 0.011 0.008 0.006 0 0 0 0 0 0 0 0 0 0 0 0 0 0 0 0 0 0 0 0 0 0 0 0 0
 2010 7 17 3 1 61 0 0 0 0 0 0 0 0 0 0 0 0.152 0.254 0.203 0.152 0.17 0.017 0 0.051 0 0 0 0 0 0 0 0 0 0 0 0 0 0 0 0 0 0 0 0 0 0 0 0 0 0 0 0 0 0 0 0 0 0 0 0 0 0 0
 2010 7 17 3 2 298 0 0 0 0 0 0 0 0 0 0 0 0 0 0 0.003 0.01 0.035 0.064 0.07 0.112 0.125 0.086 0.093 0.054 0.07 0.07 0.048 0.051 0.01 0.026 0.019 0.022 0.016 0.01 0.003 0.003 0 0 0 0 0 0 0 0 0 0 0 0 0 0 0 0 0 0 0 0 0 0
 2011 7 17 3 1 65 0 0 0 0 0 0 0 0 0 0 0 0 0.005 0.052 0.083 0.426 0.117 0.093 0.083 0.052 0.052 0.01 0 0.026 0 0 0 0 0 0 0 0 0 0 0 0 0 0 0 0 0 0 0 0 0 0 0 0 0 0 0 0 0 0 0 0 0 0
 2011 7 17 3 2 366 0 0 0 0 0 0 0 0 0 0 0 0 0 0 0 0.013 0.063 0.074 0.111 0.143 0.106 0.122 0.108 0.063 0.053 0.05 0.034 0.013 0.021 0.008 0.003 0.003 0.005 0.003 0.003 0 0 0 0 0 0 0 0 0 0 0 0 0 0 0 0 0 0 0 0 0 0 0
 2012 7 17 3 1 56 0 0 0 0 0 0 0 0 0 0 0 0 0 0.333 0.333 0.333 0 0 0 0 0 0 0 0 0 0 0 0 0 0 0 0 0 0 0 0 0 0 0 0 0 0 0 0 0 0 0 0 0 0 0 0 0 0 0 0 0 0
 2012 7 17 3 2 166 0 0 0 0 0 0 0 0 0 0 0.005 0 0 0 0 0.005 0.021 0.036 0.083 0.073 0.063 0.099 0.094 0.052 0.115 0.052 0.063 0.073 0.047 0.036 0.031 0.016 0.01 0.01 0.01 0.005 0 0 0 0 0 0 0 0 0 0 0 0 0 0 0 0 0 0 0 0 0 0
 2013 7 17 3 1 60 0 0 0 0 0 0 0 0 0 0 0.033 0.037 0.264 0.33 0.165 0.136 0.033 0 0 0 0 0 0 0 0 0 0 0 0 0 0 0 0 0 0 0 0 0 0 0 0 0 0 0 0 0 0 0 0 0 0 0 0 0 0 0 0 0
 2013 7 17 3 2 148 0 0 0 0 0 0 0 0 0 0 0 0 0 0 0.031 0.037 0.055 0.129 0.061 0.067 0.074 0.08 0.086 0.074 0.043 0.055 0.043 0.031 0.031 0.043 0.031 0.018 0 0.012 0 0 0 0 0 0 0 0 0 0 0 0 0 0 0 0 0 0 0 0 0 0 0 0
 -2014 7 17 3 2 6 0 0 0 0 0 0 0 0 0 0 0 0 0 0 0 0 0.035 0.093 0.128 0.058 0.012 0.058 0.047 0.012 0.058 0.058 0.023 0.116 0.035 0.07 0.07 0.035 0.047 0.023 0.023 0 0 0 0 0 0 0 0 0 0 0 0 0 0 0 0 0 0 0 0 0 0 0
 2015 7 17 3 1 80 0 0 0 0 0 0 0 0 0 0 0 0 0 0.286 0.571 0.143 0 0 0 0 0 0 0 0 0 0 0 0 0 0 0 0 0 0 0 0 0 0 0 0 0 0 0 0 0 0 0 0 0 0 0 0 0 0 0 0 0 0
 2015 7 17 3 2 11 0 0 0 0 0 0 0 0 0 0 0 0 0 0 0 0.005 0.027 0.07 0.059 0.086 0.037 0.053 0.091 0.032 0.08 0.043 0.064 0.027 0.048 0.027 0.037 0.027 0.048 0.043 0.059 0.027 0.005 0 0.005 0 0 0 0 0 0 0 0 0 0 0 0 0 0 0 0 0 0 0
 2016 7 17 3 1 127 0 0 0 0 0 0 0.018 0.009 0.009 0.018 0.082 0.104 0.164 0.193 0.171 0.156 0.054 0.022 0 0 0 0 0 0 0 0 0 0 0 0 0 0 0 0 0 0 0 0 0 0 0 0 0 0 0 0 0 0 0 0 0 0 0 0 0 0 0 0
 2016 7 17 3 2 15 0 0 0 0 0 0 0 0 0 0 0 0 0 0 0 0.1 0.183 0.1 0.083 0.1 0.033 0.033 0.033 0.083 0.033 0.017 0.067 0 0.017 0.017 0 0.033 0.017 0.033 0 0.017 0 0 0 0 0 0 0 0 0 0 0 0 0 0 0 0 0 0 0 0 0 0
 2017 7 17 3 1 131 0 0 0 0 0 0 0 0 0 0 0 0.005 0.033 0.043 0.245 0.361 0.114 0.087 0.034 0.039 0.024 0.016 0 0 0 0 0 0 0 0 0 0 0 0 0 0 0 0 0 0 0 0 0 0 0 0 0 0 0 0 0 0 0 0 0 0 0 0
 2017 7 17 3 2 29 0 0 0 0 0 0 0 0 0 0 0 0 0 0 0.005 0.066 0.207 0.225 0.164 0.113 0.089 0.033 0.042 0 0.005 0.014 0.009 0 0.009 0.005 0 0 0.005 0 0.005 0 0.005 0 0 0 0 0 0 0 0 0 0 0 0 0 0 0 0 0 0 0 0 0
 2018 7 17 3 1 145 0 0 0 0 0 0 0 0.012 0.012 0.115 0.081 0.052 0.131 0.112 0.066 0.087 0.054 0.052 0.061 0.036 0.028 0.028 0.024 0.012 0.012 0.004 0 0 0.004 0.008 0 0 0.004 0 0.004 0 0 0 0 0 0 0 0 0 0 0 0 0 0 0 0 0 0 0 0 0 0 0
 2018 7 17 3 2 45 0 0 0 0 0 0 0 0 0 0 0 0 0 0 0.004 0.027 0.08 0.095 0.118 0.152 0.091 0.095 0.091 0.08 0.027 0.015 0.019 0.015 0.027 0.015 0.008 0.023 0.011 0 0.004 0.004 0 0 0 0 0 0 0 0 0 0 0 0 0 0 0 0 0 0 0 0 0 0
 2019 7 17 3 1 138 0 0 0 0 0 0 0 0.012 0.012 0.053 0.089 0.101 0.144 0.075 0.046 0.101 0.014 0.063 0.074 0.071 0.045 0.033 0.015 0.022 0.022 0.004 0 0 0.004 0 0 0 0 0 0 0 0 0 0 0 0 0 0 0 0 0 0 0 0 0 0 0 0 0 0 0 0 0
 2019 7 17 3 2 33 0 0 0 0 0 0 0 0 0 0 0 0 0 0.005 0 0 0.047 0.033 0.051 0.07 0.112 0.103 0.093 0.084 0.093 0.098 0.07 0.014 0.028 0.033 0.023 0.028 0.009 0 0.005 0 0 0 0 0 0 0 0 0 0 0 0 0 0 0 0 0 0 0 0 0 0 0
 2021 7 17 3 1 111 0 0 0 0 0 0 0 0 0 0 0.053 0.053 0.211 0.211 0.158 0.053 0.263 0 0 0 0 0 0 0 0 0 0 0 0 0 0 0 0 0 0 0 0 0 0 0 0 0 0 0 0 0 0 0 0 0 0 0 0 0 0 0 0 0
 2021 7 17 3 2 21 0 0 0 0 0 0 0 0 0 0 0 0 0 0 0 0.008 0.046 0.115 0.13 0.069 0.069 0.069 0.084 0.046 0.053 0.023 0.046 0.061 0.053 0.046 0.015 0 0.031 0.023 0 0.015 0 0 0 0 0 0 0 0 0 0 0 0 0 0 0 0 0 0 0 0 0 0
 2022 7 17 3 1 132 0 0 0 0 0 0 0 0 0 0 0 0 0 0.08 0 0.28 0.4 0.16 0 0 0.04 0 0 0 0.04 0 0 0 0 0 0 0 0 0 0 0 0 0 0 0 0 0 0 0 0 0 0 0 0 0 0 0 0 0 0 0 0 0
 2022 7 17 3 2 36 0 0 0 0 0 0 0 0 0 0 0 0 0 0 0 0.006 0.041 0.089 0.095 0.052 0.041 0.058 0.05 0.043 0.03 0.045 0.054 0.048 0.028 0.048 0.056 0.045 0.074 0.048 0.022 0.019 0.002 0.002 0 0.002 0 0 0 0 0 0 0 0 0 0 0 0 0 0 0 0 0 0
 2023 7 17 3 1 93 0 0 0 0 0 0 0 0 0 0 0 0 0 0.017 0.103 0.207 0.19 0.19 0.069 0.121 0.086 0 0 0 0 0.017 0 0 0 0 0 0 0 0 0 0 0 0 0 0 0 0 0 0 0 0 0 0 0 0 0 0 0 0 0 0 0 0
 2023 7 17 3 2 35 0 0 0 0 0 0 0 0 0 0 0 0 0 0 0 0.017 0.053 0.069 0.1 0.064 0.055 0.064 0.055 0.038 0.05 0.029 0.043 0.029 0.036 0.043 0.053 0.076 0.033 0.045 0.026 0.005 0.007 0.005 0.005 0 0 0 0 0 0 0 0 0 0 0 0 0 0 0 0 0 0 0
 -1981 7 18 3 2 4 0 0 0 0 0 0 0 0 0.114 0.057 0.086 0 0.286 0.086 0.057 0.114 0.086 0 0 0.029 0 0.029 0 0.029 0 0 0 0.029 0 0 0 0 0 0 0 0 0 0 0 0 0 0 0 0 0 0 0 0 0 0 0 0 0 0 0 0 0 0
 1982 7 18 3 2 33 0 0 0.007 0 0.013 0.026 0.046 0.046 0.052 0.052 0.078 0.118 0.105 0.033 0.072 0.052 0.046 0.039 0.026 0.02 0.039 0 0.059 0.013 0 0 0.013 0.007 0.013 0 0 0.02 0 0.007 0 0 0 0 0 0 0 0 0 0 0 0 0 0 0 0 0 0 0 0 0 0 0 0
 1983 7 18 3 2 101 0 0 0 0 0 0.007 0.018 0.051 0.05 0.036 0.117 0.129 0.214 0.103 0.072 0.042 0.028 0.074 0.027 0.007 0.001 0.001 0.001 0.001 0.006 0 0 0 0 0 0 0 0.006 0 0.006 0 0 0 0 0 0 0 0 0 0 0 0 0 0 0 0 0 0 0 0 0 0 0
 1984 7 18 3 2 100 0 0 0.005 0.001 0.005 0.009 0.025 0.072 0.063 0.028 0.066 0.139 0.166 0.076 0.088 0.062 0.043 0.027 0.02 0.015 0.005 0.01 0.009 0.005 0.004 0.011 0.004 0.001 0.011 0.001 0 0.001 0.011 0.001 0.001 0.003 0.011 0 0 0 0 0 0 0 0 0 0 0 0 0 0 0 0 0 0 0 0 0
 1985 7 18 3 2 105 0 0 0 0 0.001 0.005 0.012 0.043 0.056 0.102 0.16 0.183 0.161 0.077 0.104 0.027 0.017 0.008 0.003 0.004 0.001 0.011 0.001 0.001 0.005 0.003 0.004 0.003 0.005 0.003 0 0 0 0 0 0 0 0 0 0 0 0 0 0 0 0 0 0 0 0 0 0 0 0 0 0 0 0
 1986 7 18 3 2 88 0 0 0 0 0 0.006 0.026 0.055 0.063 0.078 0.112 0.143 0.13 0.094 0.083 0.055 0.031 0.012 0.017 0.019 0.006 0.016 0.014 0.009 0.004 0.006 0 0.005 0 0.002 0 0.002 0 0.005 0 0.002 0.004 0 0 0 0 0 0 0 0 0 0 0 0 0 0 0 0 0 0 0 0 0
 1987 7 18 3 2 94 0 0 0 0 0 0.005 0.051 0.116 0.109 0.107 0.126 0.053 0.088 0.091 0.065 0.04 0.042 0.014 0.019 0.005 0.014 0.007 0.014 0.005 0.005 0.005 0 0.005 0.005 0.005 0 0.005 0.002 0 0 0 0 0 0 0 0 0 0 0 0 0 0 0 0 0 0 0 0 0 0 0 0 0
 1988 7 18 3 2 113 0 0 0 0.002 0 0.002 0.01 0.032 0.049 0.061 0.098 0.149 0.138 0.113 0.097 0.062 0.048 0.017 0.035 0.014 0.014 0.008 0.002 0.003 0.002 0.004 0.012 0.005 0.003 0.002 0.012 0 0 0 0 0.004 0.002 0 0 0.002 0 0 0 0 0 0 0 0 0 0 0 0 0 0 0 0 0 0
 1989 7 18 3 2 83 0 0 0 0 0 0.007 0.021 0.013 0.043 0.04 0.048 0.068 0.105 0.107 0.152 0.08 0.077 0.024 0.033 0.021 0.02 0.036 0.008 0.008 0.004 0.008 0.028 0 0.008 0.008 0.008 0.008 0 0.008 0.008 0 0 0 0 0 0 0 0 0 0 0 0 0 0 0 0 0 0 0 0 0 0 0
 1990 7 18 3 2 90 0 0 0 0 0 0.003 0.012 0.028 0.04 0.077 0.089 0.113 0.113 0.126 0.083 0.11 0.067 0.025 0.006 0.021 0.021 0.009 0.021 0.015 0.006 0.003 0 0.006 0.003 0 0 0 0 0 0 0 0 0 0 0 0 0 0 0 0 0 0 0 0 0 0 0 0 0 0 0 0 0
 1991 7 18 3 2 102 0 0 0 0 0 0 0.007 0.007 0.023 0.016 0.036 0.065 0.205 0.223 0.14 0.077 0.054 0.032 0.02 0.011 0.014 0.011 0.007 0.014 0.011 0 0.005 0.007 0.005 0.007 0.005 0.002 0 0 0 0 0 0 0 0 0 0 0 0 0 0 0 0 0 0 0 0 0 0 0 0 0 0
 1992 7 18 3 2 160 0 0 0 0 0 0 0 0 0 0.006 0.005 0.051 0.125 0.171 0.13 0.12 0.106 0.057 0.038 0.05 0.029 0.036 0.03 0.007 0.011 0.003 0.012 0.002 0 0.003 0 0 0 0 0 0.006 0.002 0 0 0 0 0 0 0 0 0 0 0 0 0 0 0 0 0 0 0 0 0
 1993 7 18 3 2 182 0 0 0 0 0 0 0 0 0.003 0.003 0.003 0.035 0.121 0.113 0.115 0.128 0.075 0.051 0.026 0.036 0.046 0.049 0.069 0.042 0.007 0.027 0.013 0.012 0.012 0.011 0.001 0.001 0.001 0 0 0 0 0 0 0 0 0 0 0 0 0 0 0 0 0 0 0 0 0 0 0 0 0
 1994 7 18 3 2 245 0 0 0 0 0 0.001 0.001 0.001 0.003 0.002 0.005 0.016 0.066 0.127 0.139 0.115 0.126 0.07 0.054 0.036 0.056 0.026 0.025 0.02 0.017 0.022 0.01 0.013 0.013 0.013 0.015 0.001 0.003 0.004 0 0 0 0 0 0 0 0 0 0 0 0 0 0 0 0 0 0 0 0 0 0 0 0
 1995 7 18 3 2 408 0 0 0 0 0 0 0 0 0 0.001 0.001 0.005 0.014 0.091 0.167 0.125 0.13 0.117 0.065 0.051 0.037 0.021 0.039 0.01 0.017 0.021 0.021 0.011 0.01 0.025 0.005 0.003 0.009 0.001 0.001 0 0 0 0 0 0 0 0 0 0 0 0 0 0 0 0 0 0 0 0 0 0 0
 1996 7 18 3 2 330 0 0 0 0 0 0 0 0 0 0 0.002 0.003 0.005 0.033 0.076 0.107 0.148 0.148 0.122 0.092 0.046 0.043 0.047 0.026 0.021 0.02 0.008 0.01 0.008 0.008 0.002 0.004 0.008 0.008 0.002 0 0 0 0 0 0 0 0 0 0 0 0 0 0 0 0 0 0 0 0 0 0 0
 1997 7 18 3 2 297 0 0 0 0 0 0 0 0 0 0 0 0.002 0.008 0.023 0.102 0.134 0.155 0.126 0.087 0.079 0.072 0.044 0.047 0.022 0.022 0.012 0.014 0.015 0.008 0.007 0.005 0.003 0.008 0.003 0.002 0.002 0 0 0 0 0 0 0 0 0 0 0 0 0 0 0 0 0 0 0 0 0 0
 1998 7 18 3 2 260 0 0 0 0 0 0 0 0 0 0 0.004 0.009 0.008 0.035 0.13 0.117 0.103 0.103 0.087 0.074 0.06 0.036 0.044 0.025 0.024 0.023 0.019 0.019 0.015 0.018 0.011 0.007 0.005 0.005 0.007 0.003 0.004 0 0 0.003 0 0 0 0 0 0 0 0 0 0 0 0 0 0 0 0 0 0
 1999 7 18 3 2 185 0 0 0 0 0 0 0 0 0.001 0 0.005 0.005 0.009 0.021 0.119 0.14 0.131 0.094 0.094 0.059 0.059 0.044 0.028 0.04 0.016 0.018 0.011 0.007 0.013 0.009 0.012 0.025 0.011 0.009 0.008 0.006 0.001 0 0.002 0.001 0 0.002 0 0 0 0 0 0 0 0 0 0 0 0 0 0 0 0
 2000 7 18 3 2 219 0 0 0 0 0 0 0 0.003 0.003 0.003 0.003 0 0.005 0.025 0.125 0.174 0.159 0.121 0.09 0.058 0.068 0.044 0.023 0.016 0.016 0.017 0.006 0.003 0.004 0.008 0.007 0.006 0.001 0.002 0.005 0.001 0 0 0 0.001 0 0 0 0 0 0 0 0 0 0 0 0 0 0 0 0 0 0
 2001 7 18 3 2 189 0 0 0 0 0 0 0 0.001 0 0 0 0.001 0.004 0.008 0.081 0.226 0.183 0.157 0.095 0.061 0.044 0.032 0.022 0.012 0.01 0.008 0.008 0.01 0.002 0.005 0.006 0.004 0.012 0 0.006 0.002 0 0 0 0 0 0 0 0 0 0 0 0 0 0 0 0 0 0 0 0 0 0
 2002 7 18 3 2 247 0 0 0 0 0 0 0 0 0 0 0 0 0.002 0.014 0.061 0.128 0.178 0.137 0.105 0.086 0.062 0.059 0.037 0.032 0.017 0.019 0.015 0.008 0.013 0.007 0.005 0.005 0.004 0.001 0 0.002 0.001 0 0 0 0 0 0 0 0 0 0 0 0 0 0 0 0 0 0 0 0 0
 2003 7 18 3 2 269 0 0 0 0 0 0 0 0.002 0 0 0.002 0.002 0 0.014 0.132 0.183 0.176 0.12 0.089 0.059 0.044 0.033 0.028 0.016 0.013 0.018 0.012 0.009 0.01 0.008 0.007 0.007 0.003 0.003 0.004 0.002 0.002 0 0 0 0 0 0 0 0 0 0 0 0 0 0 0 0 0 0 0 0 0
 2004 7 18 3 2 270 0 0 0 0 0 0 0 0 0.007 0.005 0.004 0.003 0.008 0.016 0.103 0.142 0.19 0.153 0.087 0.079 0.053 0.048 0.022 0.021 0.012 0.007 0.011 0.007 0.004 0.007 0.004 0 0.003 0.002 0 0.001 0 0 0 0 0 0 0 0 0 0 0 0 0 0 0 0 0 0 0 0 0 0
 2005 7 18 3 2 354 0 0 0 0 0 0 0 0 0.002 0.006 0.004 0.001 0.003 0.016 0.106 0.152 0.183 0.125 0.092 0.054 0.047 0.043 0.026 0.027 0.019 0.019 0.015 0.013 0.008 0.009 0.005 0.006 0.004 0.002 0.004 0.002 0.002 0.002 0 0 0 0 0 0 0 0 0 0 0 0 0 0 0 0 0 0 0 0
 2006 7 18 3 2 409 0 0 0 0 0 0 0 0 0 0 0 0.002 0.002 0.011 0.086 0.157 0.183 0.151 0.108 0.079 0.051 0.033 0.026 0.022 0.02 0.013 0.01 0.004 0.008 0.007 0.006 0.003 0.005 0.004 0.002 0.002 0.003 0 0 0 0 0 0 0 0 0 0 0 0 0 0 0 0 0 0 0 0 0
 2007 7 18 3 2 266 0 0 0 0 0 0 0 0 0 0.004 0.003 0.003 0.012 0.009 0.042 0.095 0.124 0.149 0.124 0.132 0.08 0.063 0.034 0.034 0.03 0.013 0.009 0.01 0.006 0.009 0.006 0.005 0.002 0 0 0 0 0 0 0 0 0 0 0 0 0 0 0 0 0 0 0 0 0 0 0 0 0
 2008 7 18 3 2 210 0 0 0 0 0 0 0.004 0.003 0.005 0.003 0.001 0.002 0.002 0.005 0.031 0.061 0.07 0.117 0.119 0.102 0.091 0.099 0.066 0.042 0.042 0.042 0.031 0.025 0.015 0.01 0.002 0.003 0.003 0 0.002 0 0 0 0 0 0 0 0.001 0 0 0 0 0 0 0 0 0 0 0 0 0 0 0
 2009 7 18 3 2 247 0 0 0 0 0 0.001 0.001 0 0 0 0 0.001 0 0.004 0.016 0.025 0.042 0.066 0.079 0.069 0.077 0.085 0.095 0.082 0.074 0.067 0.051 0.05 0.029 0.032 0.022 0.013 0.009 0.001 0 0 0 0.001 0 0 0 0 0 0 0 0 0 0 0 0 0 0 0 0 0 0 0 0
 2010 7 18 3 2 140 0 0 0 0 0 0 0 0 0 0 0.001 0.001 0 0 0.01 0.03 0.046 0.041 0.064 0.062 0.086 0.085 0.096 0.112 0.077 0.053 0.057 0.054 0.035 0.03 0.019 0.018 0.009 0.009 0.002 0.001 0.001 0 0 0 0 0 0 0 0 0 0 0 0 0 0 0 0 0 0 0 0 0
 2011 7 18 3 2 190 0 0 0 0 0 0 0 0 0.007 0.007 0.002 0 0 0.004 0.029 0.034 0.066 0.051 0.056 0.069 0.074 0.063 0.063 0.068 0.095 0.071 0.063 0.047 0.041 0.04 0.016 0.013 0.012 0.003 0 0.004 0 0 0 0 0 0 0 0 0 0 0 0 0 0 0 0 0 0 0 0 0 0
 2012 7 18 3 2 178 0 0 0 0 0 0 0 0 0 0.001 0.001 0.002 0 0.012 0.021 0.043 0.055 0.079 0.063 0.049 0.066 0.07 0.056 0.064 0.056 0.063 0.052 0.056 0.056 0.041 0.03 0.021 0.021 0.008 0.007 0.003 0.003 0 0 0 0 0 0 0 0 0 0 0 0 0 0 0 0 0 0 0 0 0
 2013 7 18 3 2 234 0 0 0 0 0 0 0 0 0.002 0 0.003 0.002 0.003 0.003 0.016 0.049 0.072 0.083 0.073 0.077 0.079 0.055 0.063 0.07 0.053 0.047 0.037 0.038 0.043 0.036 0.032 0.027 0.016 0.014 0.005 0.001 0 0 0 0 0 0 0 0 0 0 0 0 0 0 0 0 0 0 0 0 0 0
 2014 7 18 3 2 238 0 0 0 0 0 0 0 0 0.002 0.004 0.002 0.005 0.002 0.005 0.021 0.024 0.033 0.051 0.072 0.07 0.077 0.074 0.088 0.067 0.056 0.05 0.049 0.048 0.047 0.044 0.034 0.028 0.023 0.012 0.004 0.003 0.001 0.002 0 0 0 0 0 0 0 0 0 0 0 0 0 0 0 0 0 0 0 0
 2015 7 18 3 2 322 0 0 0 0 0 0 0 0 0.002 0 0 0 0 0.005 0.017 0.031 0.044 0.055 0.073 0.086 0.065 0.071 0.071 0.06 0.057 0.072 0.062 0.04 0.041 0.038 0.04 0.028 0.019 0.011 0.006 0.002 0 0.001 0 0 0 0 0 0 0 0 0 0 0 0 0 0 0 0 0 0 0 0
 2016 7 18 3 2 229 0 0 0 0 0 0 0 0 0.003 0.003 0.003 0.005 0.005 0.004 0.026 0.035 0.035 0.043 0.041 0.053 0.059 0.065 0.072 0.063 0.081 0.065 0.067 0.045 0.054 0.047 0.045 0.033 0.02 0.011 0.007 0.005 0.002 0.003 0 0 0 0 0 0 0 0 0 0 0 0 0 0 0 0 0 0 0 0
 2017 7 18 3 2 341 0 0 0 0 0 0 0 0 0 0.002 0.001 0.001 0 0.003 0.017 0.041 0.04 0.056 0.06 0.065 0.06 0.056 0.059 0.067 0.08 0.064 0.06 0.053 0.059 0.053 0.039 0.023 0.018 0.007 0.008 0.003 0.002 0.002 0 0 0 0 0 0 0 0 0 0 0 0 0 0 0 0 0 0 0 0
 2018 7 18 3 2 405 0 0 0 0 0 0 0 0 0 0 0 0.001 0.002 0.004 0.021 0.032 0.041 0.063 0.079 0.065 0.068 0.072 0.063 0.059 0.059 0.057 0.065 0.054 0.041 0.046 0.03 0.028 0.015 0.01 0.008 0.008 0.004 0 0 0 0 0 0 0 0 0 0 0 0 0 0 0 0 0 0 0 0 0
 2019 7 18 3 2 455 0 0 0 0 0 0 0 0 0 0 0.001 0 0 0.001 0.013 0.03 0.055 0.072 0.07 0.064 0.064 0.077 0.082 0.063 0.08 0.057 0.044 0.041 0.044 0.04 0.032 0.027 0.016 0.013 0.007 0.004 0.002 0 0 0 0 0 0 0 0 0 0 0 0 0 0 0 0 0 0 0 0 0
 2020 7 18 3 2 399 0 0 0 0 0 0 0 0.004 0.002 0 0.002 0.002 0.002 0.004 0.014 0.027 0.045 0.055 0.058 0.061 0.062 0.072 0.07 0.074 0.073 0.052 0.06 0.042 0.036 0.042 0.04 0.032 0.029 0.018 0.011 0.007 0.002 0.001 0 0 0 0 0 0 0 0 0 0 0 0 0 0 0 0 0 0 0 0
 2021 7 18 3 2 415 0 0 0 0 0 0 0 0.002 0.002 0.002 0.002 0.003 0.002 0.002 0.013 0.028 0.057 0.065 0.075 0.077 0.065 0.071 0.058 0.047 0.055 0.057 0.05 0.049 0.034 0.039 0.026 0.035 0.03 0.02 0.015 0.01 0.007 0.003 0 0.001 0 0 0 0 0 0 0 0 0 0 0 0 0 0 0 0 0 0
 2022 7 18 3 2 414 0 0 0 0 0 0 0 0.002 0.001 0.001 0 0 0 0.004 0.009 0.027 0.06 0.067 0.087 0.078 0.081 0.062 0.063 0.054 0.052 0.039 0.04 0.045 0.041 0.037 0.032 0.026 0.03 0.025 0.018 0.01 0.003 0.002 0 0 0 0 0 0 0 0 0 0 0 0 0 0 0 0 0 0 0 0
 2023 7 18 3 2 513 0 0 0 0 0 0 0.001 0.005 0.004 0.003 0.003 0.002 0.002 0.002 0.012 0.035 0.063 0.074 0.087 0.091 0.083 0.085 0.058 0.052 0.045 0.037 0.035 0.03 0.03 0.039 0.029 0.026 0.023 0.018 0.012 0.006 0.002 0.001 0 0 0 0 0 0 0 0 0 0 0 0 0 0 0 0 0 0 0 0
 1981 7 19 3 2 15 0 0 0 0 0 0 0.017 0 0 0.076 0.135 0.056 0.163 0.121 0.09 0.056 0.067 0.07 0.076 0.037 0 0 0.017 0.017 0 0 0 0 0 0 0 0 0 0 0 0.003 0 0 0 0 0 0 0 0 0 0 0 0 0 0 0 0 0 0 0 0 0 0
 1982 7 19 3 2 17 0 0 0 0 0 0 0 0 0.033 0.049 0.148 0.115 0.098 0.098 0.131 0.033 0.016 0.033 0.098 0.033 0.016 0.033 0 0.016 0 0.016 0.016 0.016 0 0 0 0 0 0 0 0 0 0 0 0 0 0 0 0 0 0 0 0 0 0 0 0 0 0 0 0 0 0
 1987 7 19 3 2 60 0 0 0 0 0 0 0 0 0.034 0.055 0.086 0.064 0.086 0.072 0.109 0.12 0.084 0.067 0.025 0.004 0.017 0.07 0.045 0.016 0.004 0.017 0.004 0.008 0 0 0 0 0 0.004 0 0.009 0 0 0 0 0 0 0 0 0 0 0 0 0 0 0 0 0 0 0 0 0 0
 1990 7 19 3 2 16 0 0 0 0 0 0 0 0 0 0.02 0.061 0.122 0.184 0.082 0.163 0.082 0.041 0.061 0.041 0 0.041 0.02 0 0 0.02 0 0.02 0.041 0 0 0 0 0 0 0 0 0 0 0 0 0 0 0 0 0 0 0 0 0 0 0 0 0 0 0 0 0 0
 1991 7 19 3 2 38 0 0 0 0 0 0 0 0 0 0 0 0.021 0.109 0.141 0.208 0.188 0.141 0.052 0.047 0.026 0.01 0.016 0.021 0 0 0.005 0 0 0 0 0.01 0 0 0 0 0.005 0 0 0 0 0 0 0 0 0 0 0 0 0 0 0 0 0 0 0 0 0 0
 1992 7 19 3 2 88 0 0 0 0 0 0 0 0.002 0 0.002 0.005 0.015 0.097 0.124 0.19 0.137 0.117 0.075 0.051 0.031 0.031 0.042 0.031 0.011 0.015 0.002 0.009 0.007 0.002 0 0 0 0.002 0.002 0 0 0 0 0 0 0 0 0 0 0 0 0 0 0 0 0 0 0 0 0 0 0 0
 1993 7 19 3 2 44 0 0 0 0 0 0 0 0 0 0 0.019 0.019 0.058 0.101 0.111 0.13 0.159 0.149 0.043 0.019 0.019 0.038 0.038 0 0.034 0.014 0.01 0.014 0.01 0.005 0.005 0 0.005 0 0 0 0 0 0 0 0 0 0 0 0 0 0 0 0 0 0 0 0 0 0 0 0 0
 1994 7 19 3 2 43 0 0 0 0 0 0 0 0 0 0.005 0.005 0.016 0.022 0.033 0.11 0.165 0.126 0.143 0.044 0.038 0.06 0.066 0.016 0.022 0.038 0.016 0.027 0.011 0 0.016 0 0.005 0.005 0 0 0 0 0 0 0.005 0 0 0 0 0 0 0 0 0 0 0 0 0 0 0 0 0 0
 1995 7 19 3 2 35 0 0 0 0 0 0 0 0 0 0 0 0 0.019 0.019 0.143 0.143 0.152 0.105 0.095 0.095 0.048 0.01 0.019 0 0.038 0.019 0 0.01 0.01 0.01 0.019 0.029 0 0 0.019 0 0 0 0 0 0 0 0 0 0 0 0 0 0 0 0 0 0 0 0 0 0 0
 1996 7 19 3 2 28 0 0 0 0 0 0 0 0.011 0 0 0 0.021 0 0 0.064 0.149 0.117 0.117 0.128 0.074 0.074 0.053 0.032 0.021 0.032 0.021 0.021 0.021 0.011 0 0 0 0 0.011 0 0 0 0 0 0 0 0 0.021 0 0 0 0 0 0 0 0 0 0 0 0 0 0 0
 1997 7 19 3 2 43 0 0 0 0 0 0 0 0 0 0 0 0 0 0.011 0.038 0.081 0.141 0.114 0.086 0.141 0.065 0.022 0.076 0.054 0.027 0.016 0.016 0.022 0 0.016 0.011 0.022 0 0.011 0.011 0.011 0 0.011 0 0 0 0 0 0 0 0 0 0 0 0 0 0 0 0 0 0 0 0
 1998 7 19 3 2 33 0 0 0 0 0 0 0 0 0 0 0 0 0 0.016 0.031 0.094 0.126 0.236 0.173 0.055 0.055 0.039 0.024 0.016 0.024 0 0.008 0.008 0 0.024 0.016 0.008 0.016 0.016 0.016 0 0 0 0 0 0 0 0 0 0 0 0 0 0 0 0 0 0 0 0 0 0 0
 1999 7 19 3 2 156 0 0 0 0 0 0 0 0 0.028 0.023 0.019 0 0 0.002 0.021 0.071 0.1 0.099 0.132 0.107 0.101 0.086 0.054 0.051 0.03 0.014 0.009 0.013 0.005 0.007 0.006 0.004 0.008 0 0.002 0 0.002 0.001 0 0 0 0 0 0 0 0 0 0 0 0 0 0 0 0 0 0 0 0
 2000 7 19 3 2 103 0 0 0 0 0 0 0 0 0 0 0 0.002 0.004 0.001 0.018 0.084 0.188 0.147 0.13 0.102 0.075 0.058 0.042 0.056 0.012 0.017 0.011 0.014 0.004 0.012 0.004 0.004 0 0.012 0 0 0.001 0 0 0 0 0 0 0 0 0 0 0 0 0 0 0 0 0 0 0 0 0
 2001 7 19 3 2 116 0 0 0 0 0 0 0 0 0 0 0 0.007 0.014 0.048 0.023 0.054 0.138 0.13 0.08 0.069 0.09 0.042 0.031 0.087 0.037 0.031 0.011 0.027 0.026 0.024 0.012 0.005 0.007 0.003 0 0 0.001 0 0 0 0 0 0 0 0 0 0 0 0 0 0 0 0 0 0 0 0 0
 2002 7 19 3 2 142 0 0 0 0 0 0 0 0 0 0 0 0 0 0 0.014 0.071 0.124 0.145 0.162 0.106 0.079 0.057 0.038 0.026 0.021 0.041 0.014 0.022 0.013 0.015 0.012 0.02 0.004 0.003 0.003 0.003 0.001 0 0 0 0 0 0 0 0 0 0 0 0 0 0 0 0 0 0 0 0 0
 2003 7 19 3 2 165 0 0 0 0 0 0 0 0 0 0 0 0 0 0.001 0.005 0.094 0.146 0.188 0.175 0.103 0.071 0.045 0.032 0.019 0.027 0.023 0.013 0.008 0.012 0.005 0.006 0.012 0 0.006 0 0.003 0.002 0 0 0 0.001 0 0 0 0 0 0 0 0 0 0 0 0 0 0 0 0 0
 2004 7 19 3 2 184 0 0 0 0 0 0 0 0 0 0 0 0 0 0.006 0.019 0.066 0.161 0.125 0.137 0.114 0.095 0.108 0.046 0.024 0.028 0.017 0.022 0.007 0.004 0.004 0.005 0.001 0.006 0.002 0.001 0.002 0 0 0.001 0 0 0 0 0 0 0 0 0 0 0 0 0 0 0 0 0 0 0
 2005 7 19 3 2 124 0 0 0 0 0 0 0 0 0 0 0 0 0.001 0 0.001 0.143 0.158 0.123 0.109 0.12 0.041 0.067 0.037 0.031 0.026 0.048 0.012 0.025 0.015 0.028 0.004 0.002 0 0.004 0.004 0 0 0.001 0 0.001 0 0 0 0 0 0 0 0 0 0 0 0 0 0 0 0 0 0
 2006 7 19 3 2 131 0 0 0 0 0 0 0 0 0 0 0 0 0.006 0 0.04 0.135 0.219 0.154 0.119 0.06 0.086 0.023 0.049 0.022 0.014 0.003 0.018 0.014 0.008 0.007 0.007 0.002 0.003 0.007 0.001 0 0 0 0 0 0 0 0 0 0 0 0 0 0 0 0 0 0 0 0 0 0 0
 2007 7 19 3 2 106 0 0 0 0 0 0 0 0 0 0 0 0 0.005 0.001 0.017 0.08 0.21 0.218 0.14 0.102 0.069 0.049 0.034 0.021 0.021 0.015 0.005 0.008 0.001 0.001 0 0 0 0.001 0.002 0.001 0 0.001 0 0 0 0 0.001 0 0 0 0 0 0 0 0 0 0 0 0 0 0 0
 2008 7 19 3 2 75 0 0 0 0 0 0 0 0 0 0 0 0 0 0 0.013 0.043 0.077 0.14 0.139 0.108 0.147 0.087 0.058 0.05 0.039 0.028 0.024 0.012 0.01 0.002 0.01 0.005 0.006 0 0.002 0 0 0 0 0 0 0 0 0 0 0 0 0 0 0 0 0 0 0 0 0 0 0
 2009 7 19 3 2 77 0 0 0 0 0 0 0 0 0 0 0 0 0 0 0.002 0.022 0.131 0.12 0.107 0.14 0.202 0.11 0.045 0.03 0.032 0.01 0.008 0.012 0.008 0.009 0.002 0.002 0.004 0 0.001 0 0 0 0 0.001 0 0 0 0 0 0 0 0 0 0 0 0 0 0 0 0 0 0
 2010 7 19 3 2 71 0 0 0 0 0 0 0 0 0 0 0 0 0.002 0 0.002 0.012 0.067 0.068 0.094 0.097 0.112 0.085 0.097 0.099 0.053 0.055 0.038 0.047 0.014 0.029 0.014 0.009 0 0.006 0 0 0 0 0 0 0 0 0 0 0 0 0 0 0 0 0 0 0 0 0 0 0 0
 2011 7 19 3 2 127 0 0 0 0 0 0 0 0 0 0 0 0.003 0 0 0 0.007 0.025 0.064 0.045 0.075 0.09 0.082 0.048 0.062 0.089 0.087 0.063 0.041 0.067 0.052 0.032 0.013 0.027 0.017 0.009 0 0 0 0 0 0.003 0 0 0 0 0 0 0 0 0 0 0 0 0 0 0 0 0
 2012 7 19 3 2 162 0 0 0 0 0 0 0 0 0.005 0 0 0 0 0 0 0 0.023 0.032 0.039 0.062 0.052 0.072 0.081 0.095 0.066 0.082 0.058 0.045 0.053 0.075 0.051 0.05 0.022 0.012 0.01 0.004 0.002 0.004 0 0.003 0.003 0 0 0 0 0 0 0 0 0 0 0 0 0 0 0 0 0
 2013 7 19 3 2 175 0 0 0 0 0 0 0 0 0 0 0 0.001 0 0 0.001 0.026 0.067 0.075 0.059 0.058 0.063 0.062 0.058 0.033 0.045 0.043 0.063 0.028 0.054 0.046 0.044 0.048 0.036 0.037 0.019 0.007 0.017 0.003 0.003 0.003 0.001 0.001 0 0 0 0 0 0 0 0 0 0 0 0 0 0 0 0
 2014 7 19 3 2 686 0 0 0 0 0 0 0 0 0 0 0 0 0 0 0 0.015 0.038 0.075 0.082 0.087 0.077 0.063 0.059 0.049 0.055 0.051 0.043 0.039 0.046 0.046 0.041 0.039 0.036 0.027 0.014 0.008 0.006 0.002 0 0 0 0 0 0 0 0 0 0 0 0 0 0 0 0 0 0 0 0
 2015 7 19 3 2 449 0 0 0 0 0 0 0 0 0.002 0 0.001 0 0.002 0.003 0.002 0.018 0.068 0.094 0.099 0.092 0.082 0.066 0.057 0.052 0.045 0.036 0.023 0.028 0.025 0.028 0.035 0.034 0.029 0.028 0.022 0.017 0.008 0.002 0 0.001 0 0 0 0 0 0 0 0 0 0 0 0 0 0 0 0 0 0
 2016 7 19 3 2 673 0 0 0 0 0 0 0 0 0 0 0 0 0 0 0 0.021 0.063 0.084 0.085 0.084 0.079 0.066 0.065 0.047 0.052 0.057 0.033 0.032 0.033 0.032 0.03 0.028 0.025 0.024 0.022 0.016 0.012 0.006 0.002 0 0 0 0 0 0 0 0 0 0 0 0 0 0 0 0 0 0 0
 2017 7 19 3 2 574 0 0 0 0 0 0 0 0 0 0 0 0 0 0 0.001 0.023 0.056 0.106 0.113 0.103 0.071 0.076 0.06 0.054 0.05 0.047 0.034 0.031 0.028 0.022 0.019 0.019 0.018 0.018 0.017 0.014 0.012 0.005 0.002 0 0 0 0 0 0 0 0 0 0 0 0 0 0 0 0 0 0 0
 2018 7 19 3 2 446 0 0 0 0 0 0 0 0 0 0 0 0.001 0 0 0.003 0.017 0.05 0.102 0.117 0.106 0.101 0.095 0.07 0.059 0.049 0.036 0.032 0.029 0.023 0.014 0.016 0.011 0.015 0.014 0.008 0.011 0.009 0.007 0.002 0 0 0 0 0 0 0 0 0 0 0 0 0 0 0 0 0 0 0
 2019 7 19 3 2 697 0 0 0 0 0 0 0 0 0 0 0 0 0 0 0.002 0.018 0.047 0.09 0.097 0.099 0.082 0.089 0.07 0.07 0.056 0.042 0.043 0.035 0.029 0.023 0.022 0.016 0.018 0.011 0.012 0.011 0.006 0.004 0.003 0.003 0 0 0 0 0 0 0 0 0 0 0 0 0 0 0 0 0 0
 2020 7 19 3 2 493 0 0 0 0 0 0 0 0 0 0 0 0 0 0.001 0 0.018 0.065 0.109 0.106 0.107 0.085 0.075 0.078 0.059 0.058 0.042 0.028 0.035 0.025 0.025 0.019 0.016 0.009 0.014 0.009 0.006 0.003 0.003 0 0.001 0 0 0 0 0 0 0 0 0 0 0 0 0 0 0 0 0 0
 2021 7 19 3 2 362 0 0 0 0 0 0 0 0 0 0 0 0 0 0 0.002 0.03 0.088 0.098 0.113 0.096 0.063 0.075 0.044 0.057 0.047 0.04 0.027 0.032 0.023 0.025 0.028 0.028 0.019 0.015 0.01 0.015 0.007 0.005 0.006 0.003 0.002 0.002 0 0 0 0 0 0 0 0 0 0 0 0 0 0 0 0
 2022 7 19 3 2 332 0 0 0 0 0 0 0 0 0 0 0 0 0 0 0.004 0.072 0.119 0.121 0.125 0.114 0.095 0.041 0.06 0.025 0.018 0.02 0.016 0.018 0.013 0.008 0.017 0.013 0.034 0.021 0.015 0.009 0.009 0.006 0.003 0.001 0.002 0.002 0 0 0 0 0 0 0 0 0 0 0 0 0 0 0 0
 2023 7 19 3 2 341 0 0 0 0 0 0 0 0 0 0 0 0 0 0 0.002 0.035 0.099 0.136 0.144 0.119 0.079 0.087 0.048 0.039 0.029 0.026 0.026 0.014 0.015 0.019 0.01 0.012 0.013 0.011 0.008 0.007 0.006 0.007 0.003 0.005 0 0.001 0 0 0 0 0 0 0 0 0 0 0 0 0 0 0 0
 2017 7 20 3 2 96 0 0 0 0 0 0 0 0 0 0 0 0 0 0 0.002 0.032 0.078 0.141 0.163 0.183 0.122 0.12 0.046 0.022 0.024 0.005 0.002 0.015 0.005 0.015 0.005 0 0.005 0.002 0.005 0.005 0 0.002 0 0 0 0 0 0 0 0 0 0 0 0 0 0 0 0 0 0 0 0
 2018 7 20 3 2 24 0 0 0 0 0 0 0 0 0 0 0 0 0 0 0 0.015 0.044 0 0.074 0.147 0.088 0.132 0.191 0.088 0.074 0.044 0.029 0.015 0.015 0 0.029 0 0 0 0.015 0 0 0 0 0 0 0 0 0 0 0 0 0 0 0 0 0 0 0 0 0 0 0
 2019 7 20 3 2 21 0 0 0 0 0 0 0 0 0 0 0 0 0 0 0 0 0.045 0.045 0.076 0.061 0.061 0.182 0.061 0.061 0.106 0.106 0.091 0.076 0.015 0.015 0 0 0 0 0 0 0 0 0 0 0 0 0 0 0 0 0 0 0 0 0 0 0 0 0 0 0 0
 2020 7 20 3 2 20 0 0 0 0 0 0 0 0 0 0 0 0 0 0 0 0 0.035 0.053 0.14 0.053 0.053 0.123 0.088 0.053 0.053 0.14 0.053 0.07 0.035 0.053 0 0 0 0 0 0 0 0 0 0 0 0 0 0 0 0 0 0 0 0 0 0 0 0 0 0 0 0
 2021 7 20 3 2 16 0 0 0 0 0 0 0 0 0 0 0 0 0 0 0 0 0.05 0 0.125 0.125 0.15 0.1 0.075 0.125 0.075 0.025 0 0.05 0.05 0.05 0 0 0 0 0 0 0 0 0 0 0 0 0 0 0 0 0 0 0 0 0 0 0 0 0 0 0 0
 2022 7 20 3 2 16 0 0 0 0 0 0 0 0 0 0 0 0 0 0 0 0.016 0.016 0 0.078 0.031 0.047 0.063 0.078 0.078 0.047 0.109 0.078 0.063 0.063 0.109 0.016 0.016 0.047 0.031 0 0 0 0.016 0 0 0 0 0 0 0 0 0 0 0 0 0 0 0 0 0 0 0 0
 2023 7 20 3 2 19 0 0 0 0 0 0 0 0 0 0 0 0 0 0 0 0 0.014 0.027 0.041 0.082 0.027 0.096 0.041 0.055 0.041 0.027 0.027 0.027 0.014 0.096 0.055 0.082 0.082 0.041 0.068 0.014 0.027 0.014 0 0 0 0 0 0 0 0 0 0 0 0 0 0 0 0 0 0 0 0
 2005 -7 38 3 1 69 0 0 0 0 0 0 0.001 0.004 0.006 0.024 0.056 0.086 0.113 0.122 0.123 0.114 0.096 0.075 0.047 0.035 0.029 0.016 0.012 0.009 0.007 0.005 0.005 0.003 0.003 0.001 0.002 0.001 0.001 0.001 0.001 0 0 0 0 0 0 0 0 0 0 0 0 0 0 0 0 0 0 0 0 0 0 0
 2006 7 -38 3 1 78 0 0 0 0 0 0 0 0.005 0.012 0.039 0.087 0.128 0.166 0.175 0.171 0.11 0.049 0.017 0.01 0.004 0.006 0 0.006 0.002 0.003 0.002 0 0 0.004 0 0 0 0 0 0 0 0 0 0 0 0 0 0 0 0 0 0 0 0 0 0 0 0 0 0 0 0 0
 2007 7 -38 3 1 74 0 0 0 0 0 0 0 0.002 0.007 0.019 0.069 0.13 0.119 0.14 0.145 0.141 0.102 0.059 0.03 0.021 0.006 0.003 0.002 0 0 0 0 0 0 0 0 0 0 0 0 0 0 0 0 0 0 0 0 0 0 0 0 0 0 0 0 0 0 0 0 0 0 0
 2009 7 -38 3 1 28 0 0 0 0 0 0 0 0.003 0.006 0 0.016 0.067 0.132 0.208 0.168 0.107 0.079 0.063 0.062 0.03 0.04 0.008 0.003 0 0 0.003 0 0.003 0 0 0 0.003 0 0 0 0 0 0 0 0 0 0 0 0 0 0 0 0 0 0 0 0 0 0 0 0 0 0
 2010 7 -38 3 1 33 0 0 0 0 0 0 0 0 0.005 0.017 0.014 0.029 0.139 0.117 0.172 0.138 0.122 0.078 0.029 0.023 0.026 0.023 0.017 0 0.008 0.023 0 0.008 0.006 0 0 0 0 0.006 0 0 0 0 0 0 0 0 0 0 0 0 0 0 0 0 0 0 0 0 0 0 0 0
 2011 7 -38 3 1 54 0 0 0 0 0 0 0 0 0 0.006 0.008 0.03 0.037 0.053 0.105 0.093 0.132 0.088 0.1 0.093 0.078 0.039 0.031 0.031 0.027 0.007 0.008 0.012 0.006 0.003 0.002 0.003 0.005 0 0.003 0 0 0 0 0 0 0 0 0 0 0 0 0 0 0 0 0 0 0 0 0 0 0
 2012 7 -38 3 1 53 0 0 0 0 0 0 0.001 0.001 0 0.005 0.011 0.025 0.064 0.111 0.139 0.115 0.114 0.089 0.079 0.072 0.04 0.037 0.019 0.012 0.012 0.011 0.008 0.009 0.005 0.007 0.006 0 0.003 0.001 0.003 0 0 0 0 0 0 0 0 0 0 0 0 0 0 0 0 0 0 0 0 0 0 0
 2013 7 -38 3 1 44 0 0 0 0 0 0 0 0 0 0.01 0.028 0.054 0.076 0.095 0.115 0.151 0.111 0.093 0.057 0.054 0.051 0.027 0.028 0.011 0.008 0.004 0.011 0.006 0.003 0.003 0.003 0 0.002 0 0 0 0 0 0 0 0 0 0 0 0 0 0 0 0 0 0 0 0 0 0 0 0 0
 2015 7 -38 3 1 104 0 0 0 0 0 0.002 0.002 0.004 0.002 0.016 0.029 0.054 0.1 0.114 0.134 0.115 0.088 0.084 0.065 0.049 0.029 0.029 0.022 0.011 0.01 0.008 0.012 0.001 0.013 0.001 0.003 0.001 0 0 0 0 0 0 0 0 0 0 0 0 0 0 0 0 0 0 0 0 0 0 0 0 0 0
 2016 7 -38 3 1 103 0 0 0 0 0 0 0.001 0.004 0.007 0.023 0.078 0.099 0.113 0.121 0.134 0.095 0.06 0.07 0.037 0.032 0.024 0.017 0.017 0.015 0.014 0.001 0.011 0.011 0.005 0.004 0 0 0.003 0 0.002 0 0 0 0 0 0 0 0 0 0 0 0 0 0 0 0 0 0 0 0 0 0 0
 2017 7 -38 3 1 85 0 0 0 0 0 0 0 0.005 0.002 0.023 0.065 0.114 0.121 0.101 0.112 0.116 0.099 0.084 0.042 0.038 0.019 0.012 0.011 0.006 0.009 0.002 0.005 0.001 0.002 0 0.005 0.002 0 0.002 0.001 0 0.001 0 0 0 0 0 0 0 0 0 0 0 0 0 0 0 0 0 0 0 0 0
 2018 7 -38 3 1 74 0 0 0 0 0 0 0 0.007 0.011 0.027 0.032 0.102 0.171 0.093 0.094 0.103 0.086 0.079 0.062 0.041 0.032 0.019 0.014 0.002 0.005 0.005 0.002 0.001 0 0 0.002 0 0 0 0.008 0 0 0 0 0 0.001 0 0 0 0 0 0 0 0 0 0 0 0 0 0 0 0 0
 2019 7 -38 3 1 88 0 0 0 0 0 0 0 0.003 0.004 0.011 0.033 0.046 0.095 0.135 0.136 0.142 0.108 0.112 0.063 0.024 0.031 0.009 0.011 0.009 0.001 0.012 0.008 0.002 0.002 0.001 0.001 0 0 0 0 0 0 0 0 0 0 0 0 0 0 0 0 0 0 0 0 0 0 0 0 0 0 0
 2020 7 -38 3 1 10 0 0 0 0 0 0 0 0 0 0.006 0 0.011 0.057 0.091 0.19 0.118 0.164 0.121 0.039 0.052 0.061 0.039 0.006 0.011 0.011 0.011 0.011 0 0 0 0 0 0 0 0 0 0 0 0 0 0 0 0 0 0 0 0 0 0 0 0 0 0 0 0 0 0 0
 2021 7 -38 3 1 54 0 0 0 0 0 0 0 0.004 0.023 0.067 0.11 0.13 0.115 0.132 0.063 0.044 0.045 0.081 0.011 0 0.087 0.007 0.004 0.058 0.011 0.004 0.004 0 0 0 0 0 0 0 0 0 0 0 0 0 0 0 0 0 0 0 0 0 0 0 0 0 0 0 0 0 0 0
 2022 7 -38 3 1 104 0 0 0 0 0 0 0 0.004 0.004 0.031 0.107 0.121 0.174 0.172 0.071 0.079 0.079 0.055 0.028 0.026 0.01 0.008 0.006 0 0 0.004 0.006 0 0 0 0.007 0.003 0 0.005 0 0 0 0 0 0 0 0 0 0 0 0 0 0 0 0 0 0 0 0 0 0 0 0
 2023 -7 -38 3 1 109 0 0 0 0 0 0 0.003 0.005 0.008 0.027 0.042 0.088 0.072 0.102 0.112 0.123 0.142 0.102 0.057 0.038 0.027 0.014 0.009 0.005 0.007 0.002 0 0.005 0 0 0.002 0.003 0.003 0 0.003 0 0 0 0 0 0 0 0 0 0 0 0 0 0 0 0 0 0 0 0 0 0 0
 2005 -7 39 3 1 95 0 0 0 0 0 0.001 0 0.001 0.003 0.01 0.005 0.014 0.041 0.052 0.055 0.056 0.076 0.084 0.107 0.073 0.091 0.069 0.049 0.037 0.05 0.037 0.016 0.027 0.013 0.008 0.007 0.007 0.009 0.002 0.001 0 0 0 0 0 0 0 0 0 0 0 0 0 0 0 0 0 0 0 0 0 0 0
 2006 7 -39 3 1 110 0 0 0 0 0 0 0 0.011 0.043 0.119 0.065 0.108 0.119 0.136 0.175 0.099 0.087 0.001 0.012 0.011 0 0 0.011 0 0 0 0 0 0 0 0 0 0 0 0 0 0 0 0 0 0 0 0 0 0 0 0 0 0 0 0 0 0 0 0 0 0 0
 2007 7 -39 3 1 91 0 0 0 0 0 0 0 0 0 0 0 0 0 0.2 0 0.002 0.2 0.003 0.003 0.005 0.003 0.002 0.001 0 0.385 0.193 0.001 0 0 0 0 0 0 0 0 0 0 0 0 0 0 0 0 0 0 0 0 0 0 0 0 0 0 0 0 0 0 0
 2009 7 -39 3 1 44 0 0 0 0 0 0 0 0 0 0 0 0 0 0.007 0.007 0.007 0.086 0.106 0.126 0.099 0.06 0.066 0.093 0.06 0.053 0.04 0.013 0.033 0.04 0.046 0.026 0.013 0.013 0 0 0.007 0 0 0 0 0 0 0 0 0 0 0 0 0 0 0 0 0 0 0 0 0 0
 2010 7 -39 3 1 61 0 0 0 0 0 0 0 0 0 0 0 0 0.004 0.004 0.008 0.011 0.027 0.073 0.084 0.084 0.115 0.061 0.073 0.092 0.076 0.061 0.038 0.061 0.027 0.034 0.031 0.011 0 0.019 0.008 0 0 0 0 0 0 0 0 0 0 0 0 0 0 0 0 0 0 0 0 0 0 0
 2011 7 -39 3 1 65 0 0 0 0 0 0 0 0 0 0 0 0 0.009 0.004 0.019 0.03 0.038 0.064 0.155 0.106 0.098 0.062 0.06 0.074 0.057 0.055 0.04 0.034 0.015 0.03 0.015 0.015 0.013 0.002 0 0.002 0.002 0 0 0 0 0 0 0 0 0 0 0 0 0 0 0 0 0 0 0 0 0
 2012 7 -39 3 1 56 0 0 0 0 0 0 0 0 0 0 0 0 0 0 0 0.011 0.022 0.032 0.118 0.129 0.151 0.097 0.097 0.086 0.054 0.075 0.043 0.022 0.032 0.011 0 0.011 0.011 0 0 0 0 0 0 0 0 0 0 0 0 0 0 0 0 0 0 0 0 0 0 0 0 0
 2013 7 -39 3 1 60 0 0 0 0 0 0 0 0 0 0 0 0 0 0 0 0.019 0.019 0.019 0.038 0.077 0.154 0.077 0.019 0.154 0.077 0.019 0.038 0.096 0.058 0.038 0.038 0.019 0.019 0.019 0 0 0 0 0 0 0 0 0 0 0 0 0 0 0 0 0 0 0 0 0 0 0 0
 2015 7 -39 3 1 80 0 0 0 0 0 0 0 0 0 0 0 0.071 0 0.071 0.071 0 0.143 0.071 0.357 0 0.071 0 0 0 0 0.143 0 0 0 0 0 0 0 0 0 0 0 0 0 0 0 0 0 0 0 0 0 0 0 0 0 0 0 0 0 0 0 0
 2016 7 -39 3 1 127 0 0 0 0 0 0 0 0 0 0.003 0.003 0.031 0.082 0.189 0.165 0.17 0.115 0.071 0.029 0.041 0.025 0.025 0.015 0.003 0.015 0.006 0.003 0 0.003 0 0.003 0 0 0 0 0 0 0 0 0 0 0 0 0 0 0 0 0 0 0 0 0 0 0 0 0 0 0
 2017 7 -39 3 1 131 0 0 0 0 0 0 0 0 0 0.015 0 0 0 0.066 0.091 0.126 0.093 0.115 0.167 0.111 0.029 0.059 0.03 0.051 0.013 0 0.007 0.007 0.013 0 0 0.007 0 0 0 0 0 0 0 0 0 0 0 0 0 0 0 0 0 0 0 0 0 0 0 0 0 0
 2018 7 -39 3 1 145 0 0 0 0 0 0 0 0 0 0 0 0 0.004 0.006 0.03 0.056 0.11 0.209 0.089 0.153 0.102 0.059 0.067 0.024 0.039 0.023 0 0.008 0.004 0.008 0 0.004 0.004 0 0 0 0 0 0 0 0 0 0 0 0 0 0 0 0 0 0 0 0 0 0 0 0 0
 2019 7 -39 3 1 138 0 0 0 0 0 0.007 0 0 0 0 0 0 0 0.026 0.02 0.048 0.035 0.086 0.121 0.085 0.103 0.077 0.074 0.074 0.07 0.053 0.057 0.02 0.02 0.008 0.003 0 0.01 0.003 0 0 0 0 0 0 0 0 0 0 0 0 0 0 0 0 0 0 0 0 0 0 0 0
 2021 7 -39 3 1 111 0 0 0 0 0 0 0 0 0 0 0 0 0.333 0 0 0 0 0 0 0 0.333 0.333 0 0 0 0 0 0 0 0 0 0 0 0 0 0 0 0 0 0 0 0 0 0 0 0 0 0 0 0 0 0 0 0 0 0 0 0
 2022 7 -39 3 1 132 0 0 0 0 0 0 0 0 0 0 0 0 0 0 0 0.067 0.067 0.111 0.044 0.111 0.044 0.089 0.089 0.044 0.022 0 0.022 0.156 0.022 0 0.022 0.022 0.067 0 0 0 0 0 0 0 0 0 0 0 0 0 0 0 0 0 0 0 0 0 0 0 0 0
 2023 -7 -39 3 1 93 0 0 0 0 0 0 0 0 0 0 0 0 0.01 0.034 0.049 0.083 0.102 0.088 0.151 0.141 0.083 0.054 0.054 0.034 0.01 0.01 0.02 0.01 0.015 0.015 0.005 0.02 0 0.01 0.005 0 0 0 0 0 0 0 0 0 0 0 0 0 0 0 0 0 0 0 0 0 0 0
 1987 -7 43 3 0 62.18 0.068072 0.021705 0.08274 0.167113 0.199707 0.193926 0.120649 0.055982 0.033236 0.023481 0.016419 0 0 0 0 0 0 0 0 0 0 0 0 0 0 0 0 0 0 0 0 0 0 0 0 0 0 0 0 0 0 0 0 0 0 0 0 0 0 0 0 0 0 0 0 0 0 0
 1988 7 -43 3 0 37 0 0.008 0.038 0.121 0.326 0.295 0.099 0.045 0.046 0.023 0 0 0 0 0 0 0 0 0 0 0 0 0 0 0 0 0 0 0 0 0 0 0 0 0 0 0 0 0 0 0 0 0 0 0 0 0 0 0 0 0 0 0 0 0 0 0 0
 1989 7 -43 3 0 25 0.034 0.011 0.114 0.216 0.295 0.171 0.08 0.011 0.023 0.045 0 0 0 0 0 0 0 0 0 0 0 0 0 0 0 0 0 0 0 0 0 0 0 0 0 0 0 0 0 0 0 0 0 0 0 0 0 0 0 0 0 0 0 0 0 0 0 0
 1990 7 -43 3 0 79 0.002 0 0.047 0.191 0.3 0.258 0.127 0.037 0.01 0.016 0.007 0.003 0 0.002 0 0 0 0 0 0 0 0 0 0 0 0 0 0 0 0 0 0 0 0 0 0.002 0 0 0 0 0 0 0 0 0 0 0 0 0 0 0 0 0 0 0 0 0 0
 1991 7 -43 3 0 61 0.038 0.008 0.041 0.115 0.126 0.134 0.214 0.137 0.079 0.055 0.03 0.008 0.006 0.003 0.006 0 0 0 0 0 0 0 0 0 0 0 0 0 0 0 0 0 0 0 0 0 0 0 0 0 0 0 0 0 0 0 0 0 0 0 0 0 0 0 0 0 0 0
 1992 7 -43 3 0 57 0.008 0.044 0.132 0.212 0.18 0.184 0.104 0.056 0.02 0.004 0.024 0.012 0.008 0.008 0 0 0 0 0 0 0 0 0 0 0 0 0 0 0 0 0 0 0 0 0 0.004 0 0 0 0 0 0 0 0 0 0 0 0 0 0 0 0 0 0 0 0 0 0
 1993 7 -43 3 0 57 0.009 0.02 0.151 0.27 0.242 0.159 0.077 0.031 0.026 0.011 0.006 0 0 0 0 0 0 0 0 0 0 0 0 0 0 0 0 0 0 0 0 0 0 0 0 0 0 0 0 0 0 0 0 0 0 0 0 0 0 0 0 0 0 0 0 0 0 0
 1994 7 -43 3 0 66 0.006 0.014 0.128 0.26 0.264 0.146 0.095 0.034 0.036 0.006 0.008 0.002 0 0 0 0.002 0 0 0 0 0 0 0 0 0 0 0 0 0 0 0 0 0 0 0 0 0 0 0 0 0 0 0 0 0 0 0 0 0 0 0 0 0 0 0 0 0 0
 1995 7 -43 3 0 73 0.099 0.004 0.064 0.17 0.251 0.159 0.071 0.058 0.049 0.032 0.032 0.008 0 0 0 0 0 0.002 0 0 0 0 0 0 0 0 0 0 0 0 0 0.002 0 0.002 0 0 0 0 0 0 0 0 0 0 0 0 0 0 0 0 0 0 0 0 0 0 0 0
 1996 7 -43 3 0 72 0.017 0.067 0.169 0.219 0.189 0.13 0.087 0.033 0.035 0.025 0.012 0.01 0.002 0 0 0 0 0 0 0 0 0 0 0 0 0 0 0 0 0 0 0.002 0.002 0 0.002 0 0 0 0 0 0.002 0 0 0 0 0 0 0 0 0 0 0 0 0 0 0 0 0
 1997 7 -43 3 0 70 0.009 0.004 0.106 0.177 0.196 0.219 0.126 0.07 0.055 0.021 0.011 0.002 0.002 0 0 0 0 0 0 0 0 0 0 0 0 0 0 0 0.002 0 0 0 0 0 0 0 0 0 0 0 0 0 0 0 0 0 0 0 0 0 0 0 0 0 0 0 0 0
 1998 7 -43 3 0 59 0.008 0.056 0.152 0.189 0.181 0.218 0.083 0.027 0.035 0.027 0.005 0.013 0 0.003 0 0 0 0 0 0 0 0 0 0 0 0 0 0 0.003 0 0 0 0 0 0 0 0.003 0 0 0 0 0 0 0 0 0 0 0 0 0 0 0 0 0 0 0 0 0
 1999 7 -43 3 0 58 0.157 0.003 0.012 0.098 0.178 0.252 0.133 0.042 0.018 0.015 0.024 0.006 0.003 0.003 0.024 0.018 0.003 0.006 0 0 0 0 0 0 0 0 0 0 0 0 0 0.003 0.003 0 0 0.003 0 0 0 0 0 0 0 0 0 0 0 0 0 0 0 0 0 0 0 0 0 0
 2000 7 -43 3 0 84 0.317 0.003 0.002 0.06 0.111 0.188 0.166 0.091 0.015 0.017 0.012 0.01 0 0 0 0.002 0 0 0.002 0 0.002 0 0 0 0 0 0 0 0 0 0 0.002 0 0 0 0 0 0 0 0 0 0 0 0 0 0 0 0 0 0 0 0 0 0 0 0 0 0
 2001 7 -43 3 0 32 0.242 0.006 0.012 0.099 0.124 0.273 0.118 0.05 0.025 0.031 0.012 0 0.006 0 0 0 0 0 0 0 0 0 0 0 0 0 0 0 0 0 0 0 0 0 0 0 0 0 0 0 0 0 0 0 0 0 0 0 0 0 0 0 0 0 0 0 0 0
 2002 7 -43 3 0 73 0.101 0.004 0.019 0.129 0.174 0.191 0.159 0.073 0.043 0.045 0.028 0.015 0.002 0.004 0.004 0 0.004 0.002 0 0 0 0.002 0 0 0 0 0 0 0 0 0.002 0 0 0 0 0 0 0 0 0 0 0 0 0 0 0 0 0 0 0 0 0 0 0 0 0 0 0
 2003 7 -43 3 0 50 0.012 0.062 0.115 0.16 0.176 0.209 0.135 0.07 0.025 0.012 0.004 0.004 0 0.004 0 0 0 0.004 0 0 0 0 0 0 0 0 0 0 0 0 0 0 0 0 0 0.004 0 0 0.004 0 0 0 0 0 0 0 0 0 0 0 0 0 0 0 0 0 0 0
 2004 7 -43 3 0 78 0 0.021 0.122 0.2 0.241 0.194 0.107 0.062 0.03 0.009 0.008 0.002 0 0 0 0 0 0 0.002 0 0 0 0 0 0 0 0 0 0 0 0 0 0 0 0.002 0 0 0 0 0 0 0 0 0 0 0 0 0 0 0 0 0 0 0 0 0 0 0
 2005 7 -43 3 0 74 0.041 0.014 0.059 0.166 0.198 0.235 0.168 0.052 0.021 0.011 0.009 0.004 0.004 0 0.002 0 0.004 0.005 0.002 0.002 0.002 0 0 0 0 0 0 0 0 0 0 0 0 0.002 0 0 0.002 0 0 0 0 0 0 0 0 0 0 0 0 0 0 0 0 0 0 0 0 0
 2006 7 -43 3 0 90 0.14 0.007 0.058 0.137 0.205 0.207 0.104 0.047 0.034 0.027 0.018 0.009 0.005 0.002 0 0 0 0 0 0 0 0 0 0 0 0 0 0 0 0 0 0 0 0 0 0 0 0 0 0 0 0 0 0 0 0 0 0 0 0 0 0 0 0 0 0 0 0
 2007 7 -43 3 0 65 0.061 0.056 0.089 0.145 0.154 0.178 0.158 0.067 0.048 0.02 0.013 0.007 0.001 0 0.001 0 0 0 0.002 0 0 0 0 0 0 0 0 0 0 0 0 0 0 0 0 0 0 0 0 0 0 0 0 0 0 0 0 0 0 0 0 0 0 0 0 0 0 0
 2008 -7 -43 3 0 76 0.103 0.058 0.098 0.176 0.163 0.153 0.081 0.04 0.029 0.036 0.042 0.006 0.007 0.001 0 0 0.003 0 0 0 0 0.001 0 0 0 0 0 0 0.001 0.001 0 0 0 0 0 0 0 0 0 0 0 0 0 0 0 0 0 0 0 0 0 0 0 0 0 0 0 0
 1988 7 26 3 0 79 0.18 0.146 0.216 0.177 0.036 0.016 0.059 0.093 0.05 0.009 0.009 0.005 0 0 0 0.002 0 0 0 0 0 0 0 0 0 0 0 0 0 0 0 0 0 0 0 0.002 0 0 0 0 0 0 0 0 0 0 0 0 0 0 0 0 0 0 0 0 0 0
 1989 7 26 3 0 91 0.152 0.328 0.256 0.119 0.054 0.022 0.022 0.012 0.019 0.006 0.002 0.001 0.004 0 0 0.001 0 0 0 0 0 0 0 0 0 0 0 0 0 0 0 0 0 0 0 0 0 0 0 0.001 0 0 0 0 0 0 0 0 0 0 0 0 0 0 0 0 0 0
 1990 7 26 3 0 115 0.146 0.199 0.279 0.107 0.013 0.03 0.087 0.077 0.032 0.015 0.006 0.005 0.001 0.002 0 0 0 0 0 0 0 0 0 0 0 0 0 0 0 0 0.001 0 0 0 0 0 0 0 0 0 0 0 0 0 0 0 0 0 0 0 0 0 0 0 0 0 0 0
 1991 7 26 3 0 122 0.139 0.162 0.347 0.197 0.064 0.012 0.017 0.018 0.023 0.009 0.007 0.003 0 0.002 0 0 0 0 0 0 0 0 0 0 0 0 0 0 0 0 0 0 0 0 0 0 0 0 0 0 0 0 0 0 0 0 0 0 0 0 0 0 0 0 0 0 0 0
 1992 7 26 3 0 95 0.109 0.204 0.183 0.16 0.043 0.016 0.058 0.104 0.081 0.021 0.01 0.002 0.003 0.003 0.002 0.002 0 0 0 0 0 0 0 0 0 0 0 0 0 0 0 0 0 0 0 0 0 0 0 0 0 0 0 0 0 0 0 0 0 0 0 0 0 0 0 0 0 0
 1993 7 26 3 0 100 0.132 0.155 0.196 0.206 0.05 0.032 0.076 0.07 0.03 0.017 0.007 0.015 0.008 0.001 0.001 0 0.001 0 0.001 0 0 0.001 0 0 0 0 0.001 0 0 0 0 0.001 0 0 0 0 0 0 0 0 0 0 0 0 0 0 0 0 0 0 0 0 0 0 0 0 0 0
 1994 7 26 3 0 117 0.245 0.309 0.164 0.053 0.023 0.051 0.059 0.047 0.017 0.006 0.005 0.008 0.003 0.003 0.003 0 0 0 0 0 0 0 0 0 0 0 0 0 0 0 0 0 0 0 0 0 0 0 0 0 0 0 0 0 0 0 0 0 0 0 0 0 0 0 0 0 0 0
 1995 7 26 3 0 130 0.168 0.309 0.255 0.112 0.033 0.012 0.023 0.039 0.02 0.011 0.008 0.005 0.001 0.002 0 0 0.002 0 0 0 0 0 0 0 0 0 0 0 0 0 0 0 0 0 0 0 0 0 0 0 0 0 0 0 0 0 0 0 0 0 0 0 0 0 0 0 0 0
 1996 7 26 3 0 111 0.085 0.257 0.301 0.113 0.022 0.044 0.077 0.05 0.032 0.006 0.003 0.005 0.002 0.002 0 0 0 0 0 0 0 0 0 0 0 0 0 0 0 0 0 0 0 0 0 0 0 0 0 0 0 0 0 0 0 0 0 0 0 0 0 0 0 0 0 0 0 0
 1997 7 26 3 0 114 0.158 0.219 0.25 0.201 0.057 0.021 0.028 0.032 0.013 0.007 0.007 0.004 0 0 0 0 0 0 0 0 0.001 0 0 0 0 0 0 0 0 0 0 0 0 0 0 0 0 0 0 0 0 0 0 0 0 0 0 0 0 0 0 0 0 0 0 0 0 0
 1998 7 26 3 0 100 0.116 0.414 0.259 0.1 0.007 0.024 0.034 0.028 0.007 0.004 0.003 0.002 0 0 0 0 0 0.001 0 0 0 0 0 0 0 0 0 0 0 0 0 0 0 0 0 0 0 0.001 0 0 0 0 0 0 0 0 0 0 0 0 0 0 0 0 0 0 0 0
 1999 7 26 3 0 123 0.134 0.26 0.318 0.153 0.065 0.018 0.014 0.015 0.01 0.006 0.002 0.002 0.001 0 0 0 0 0 0 0.002 0 0 0 0 0 0 0 0 0 0 0 0 0 0 0 0 0 0 0 0 0 0 0 0 0 0 0 0 0 0 0 0 0 0 0 0 0 0
 2000 7 26 3 0 122 0.122 0.142 0.231 0.257 0.122 0.029 0.021 0.026 0.026 0.01 0.007 0.004 0.002 0 0 0 0 0 0 0 0 0 0 0 0 0 0 0 0 0 0 0 0 0 0 0 0 0 0 0 0 0 0 0 0 0 0 0 0 0 0 0 0 0 0 0 0 0
 2001 7 26 3 0 108 0.134 0.209 0.266 0.192 0.037 0.016 0.026 0.04 0.034 0.015 0.007 0.01 0.003 0.002 0.002 0 0.002 0 0.002 0 0 0 0 0 0 0 0 0 0 0 0 0 0 0 0 0 0 0 0 0 0 0 0 0 0 0 0 0 0 0 0 0 0 0 0 0 0 0
 2002 7 26 3 0 108 0.287 0.35 0.186 0.082 0.01 0.007 0.011 0.027 0.017 0.013 0.005 0 0.004 0 0 0 0 0 0 0 0 0 0 0 0 0 0 0 0 0 0 0 0 0 0 0 0 0 0 0 0 0 0 0 0 0 0 0 0 0 0 0 0 0 0 0 0 0
 2003 7 26 3 0 120 0.189 0.328 0.304 0.103 0.014 0.012 0.024 0.015 0.005 0 0.002 0.002 0.001 0 0 0 0 0 0 0 0 0 0 0 0 0 0 0 0 0 0 0 0 0 0 0 0 0 0 0 0 0 0 0 0 0 0 0 0 0 0 0 0 0 0 0 0 0
 2004 7 26 3 0 127 0.089 0.215 0.282 0.223 0.073 0.02 0.031 0.027 0.021 0.01 0.004 0.003 0 0.001 0 0.001 0 0 0 0 0 0 0 0 0 0 0 0 0 0 0 0 0 0 0 0 0 0 0 0 0 0 0 0 0 0 0 0 0 0 0 0 0 0 0 0 0 0
 2005 7 26 3 0 145 0.098 0.248 0.298 0.106 0.037 0.037 0.057 0.042 0.039 0.021 0.008 0.005 0.002 0.002 0 0 0 0 0 0 0 0 0 0 0 0 0 0 0 0 0 0 0 0 0 0 0 0 0 0 0 0 0 0 0 0 0 0 0 0 0 0 0 0 0 0 0 0
 2006 7 26 3 0 117 0.192 0.277 0.192 0.137 0.082 0.031 0.013 0.024 0.023 0.01 0.007 0.002 0.004 0.002 0.001 0 0.001 0 0 0 0 0 0 0 0 0 0 0 0 0 0 0 0 0 0 0 0 0 0 0 0 0 0 0 0 0 0 0 0 0 0 0 0 0 0 0 0 0
 2007 7 26 3 0 98 0.201 0.333 0.228 0.108 0.025 0.017 0.022 0.021 0.022 0.01 0.004 0.003 0.002 0.001 0 0.001 0 0 0 0 0 0 0 0 0 0 0 0 0 0 0 0 0 0 0 0 0 0 0 0 0 0 0 0 0 0 0 0 0 0 0 0 0 0 0 0 0 0
-9999 0 0 0 0 0 0 0 0 0 0 0 0 0 0 0 0 0 0 0 0 0 0 0 0 0 0 0 0 0 0 0 0 0 0 0 0 0 0 0 0 0 0 0 0 0 0 0 0 0 0 0 0 0 0 0 0 0 0 0 0 0 0 0 
#
21 #_N_age_bins
 0 1 2 3 4 5 6 7 8 9 10 11 12 13 14 15 16 17 18 19 20
1 #_N_ageerror_definitions
 0.5 1.5 2.5 3.5 4.6 5.6 6.6 7.6 8.6 9.6 10.6 11.7 12.7 13.7 14.7 15.7 16.7 17.7 18.8 19.8 21
 0.4846 0.4846 0.5651 0.6466 0.7294 0.8135 0.8987 0.9853 1.0731 1.1622 1.2526 1.3443 1.4375 1.5319 1.6278 1.7251 1.8239 1.9241 2.0258 2.1289 3.3698
#_mintailcomp: upper and lower distribution for females and males separately are accumulated until exceeding this level.
#_addtocomp:  after accumulation of tails; this value added to all bins
#_combM+F: males and females treated as combined gender below this bin number 
#_compressbins: accumulate upper tail by this number of bins; acts simultaneous with mintailcomp; set=0 for no forced accumulation
#_Comp_Error:  0=multinomial, 1=dirichlet using Theta*n, 2=dirichlet using beta, 3=MV_Tweedie
#_ParmSelect:  consecutive index for dirichlet or MV_Tweedie
#_minsamplesize: minimum sample size; set to 1 to match 3.24, minimum value is 0.001
#
#_mintailcomp addtocomp combM+F CompressBins CompError ParmSelect minsamplesize
0 0.0001 0 0 1 8 1 #_fleet:1_HL_W
0 0.0001 0 0 1 8 1 #_fleet:2_HL_C
0 0.0001 0 0 1 8 1 #_fleet:3_HL_E
0 0.0001 0 0 1 9 1 #_fleet:4_GFISHER_C
0 0.0001 0 0 1 9 1 #_fleet:5_GFISHER_E
0 0.0001 0 0 1 10 1 #_fleet:6_LL_W
0 0.0001 0 0 1 11 1 #_fleet:7_LL_E
0 0.0001 0 0 0 0 1 #_fleet:8_LL_C
0 0.0001 0 0 1 12 1 #_fleet:9_BLL_W
0 0.0001 0 0 1 12 1 #_fleet:10_BLL_C
0 0.0001 0 0 1 12 1 #_fleet:11_BLL_E
0 0.0001 0 0 1 13 1 #_fleet:12_CBT_C
0 0.0001 0 0 1 13 1 #_fleet:13_CBT_W
0 0.0001 0 0 1 14 1 #_fleet:14_CBT_E
0 0.0001 0 0 1 13 1 #_fleet:15_HBT_W
0 0.0001 0 0 1 13 1 #_fleet:16_HBT_C
0 0.0001 0 0 1 14 1 #_fleet:17_HBT_E
0 0.0001 0 0 1 13 1 #_fleet:18_PRIV_W
0 0.0001 0 0 1 13 1 #_fleet:19_PRIV_C
0 0.0001 0 0 1 14 1 #_fleet:20_PRIV_E
0 0.0001 0 0 0 0 1 #_fleet:21_LARVAL_C
0 0.0001 0 0 0 0 1 #_fleet:22_LARVAL_W
0 0.0001 0 0 1 15 1 #_fleet:23_FALLLATE_W
0 0.0001 0 0 1 15 1 #_fleet:24_FALLLATE_C
0 0.0001 0 0 1 15 1 #_fleet:25_FALLLATE_E
0 0.0001 0 0 0 0 1 #_fleet:26_FALLEARLY_W
0 0.0001 0 0 1 16 1 #_fleet:27_COMMOBS_E
0 0.0001 0 0 0 0 1 #_fleet:28_HL_Clsd_W
0 0.0001 0 0 0 0 1 #_fleet:29_HL_Clsd_C
0 0.0001 0 0 0 0 1 #_fleet:30_HL_Clsd_E
0 0.0001 0 0 0 0 1 #_fleet:31_PRIV_Clsd_W
0 0.0001 0 0 0 0 1 #_fleet:32_PRIV_Clsd_C
0 0.0001 0 0 0 0 1 #_fleet:33_PRIV_Clsd_E
0 0.0001 0 0 0 0 1 #_fleet:34_Shr_W
0 0.0001 0 0 0 0 1 #_fleet:35_Shr_C
0 0.0001 0 0 0 0 1 #_fleet:36_Shr_E
0 0.0001 0 0 0 0 1 #_fleet:37_HBT_Clsd_W
0 0.0001 0 0 0 0 1 #_fleet:38_HBT_Clsd_C
0 0.0001 0 0 0 0 1 #_fleet:39_HBT_Clsd_E
0 0.0001 0 0 1 17 1 #_fleet:40_SUMLATE_W
0 0.0001 0 0 1 17 1 #_fleet:41_SUMLATE_C
0 0.0001 0 0 1 17 1 #_fleet:42_SUMLATE_E
0 0.0001 0 0 0 0 1 #_fleet:43_SUMEARLY_W
0 0.0001 0 0 1 9 1 #_fleet:43_SUMEARLY_W
3 #_Lbin_method_for_Age_Data: 1=poplenbins; 2=datalenbins; 3=lengths
# sex codes:  0=combined; 1=use female only; 2=use male only; 3=use both as joint sexxlength distribution
# partition codes:  (0=combined; 1=discard; 2=retained
#_yr month fleet sex part ageerr Lbin_lo Lbin_hi Nsamp datavector(female-male)
 -1998 7 1 3 2 1 30 30 1 0 0 0 1 0 0 0 0 0 0 0 0 0 0 0 0 0 0 0 0 0
 1998 7 1 3 2 1 32 32 5 0 0 0.2 0.2 0.4 0.2 0 0 0 0 0 0 0 0 0 0 0 0 0 0 0
 1998 7 1 3 2 1 34 34 29 0 0.018 0.193 0.719 0.053 0.018 0 0 0 0 0 0 0 0 0 0 0 0 0 0 0
 1998 7 1 3 2 1 36 36 55 0 0.024 0.154 0.553 0.195 0.065 0.008 0 0 0 0 0 0 0 0 0 0 0 0 0 0
 1998 7 1 3 2 1 38 38 62 0 0.018 0.073 0.624 0.2 0.079 0 0 0.006 0 0 0 0 0 0 0 0 0 0 0 0
 1998 7 1 3 2 1 40 40 63 0 0.022 0.075 0.582 0.246 0.067 0 0.007 0 0 0 0 0 0 0 0 0 0 0 0 0
 1998 7 1 3 2 1 42 42 55 0 0 0.024 0.6 0.282 0.082 0.012 0 0 0 0 0 0 0 0 0 0 0 0 0 0
 1998 7 1 3 2 1 44 44 54 0 0 0.069 0.515 0.228 0.149 0.04 0 0 0 0 0 0 0 0 0 0 0 0 0 0
 1998 7 1 3 2 1 46 46 46 0 0 0.025 0.587 0.225 0.1 0.038 0.025 0 0 0 0 0 0 0 0 0 0 0 0 0
 1998 7 1 3 2 1 48 48 41 0 0 0.014 0.563 0.225 0.141 0.042 0.014 0 0 0 0 0 0 0 0 0 0 0 0 0
 1998 7 1 3 2 1 50 50 45 0 0 0.014 0.3 0.429 0.186 0.071 0 0 0 0 0 0 0 0 0 0 0 0 0 0
 1998 7 1 3 2 1 52 52 33 0 0 0 0.19 0.548 0.214 0 0 0.048 0 0 0 0 0 0 0 0 0 0 0 0
 1998 7 1 3 2 1 54 54 28 0 0 0 0.2 0.4 0.314 0.057 0.029 0 0 0 0 0 0 0 0 0 0 0 0 0
 1998 7 1 3 2 1 56 56 22 0 0 0 0.179 0.5 0.179 0.071 0.036 0.036 0 0 0 0 0 0 0 0 0 0 0 0
 1998 7 1 3 2 1 58 58 21 0 0 0 0.032 0.516 0.355 0.032 0.065 0 0 0 0 0 0 0 0 0 0 0 0 0
 1998 7 1 3 2 1 60 60 22 0 0 0 0 0.346 0.423 0.115 0.077 0 0.038 0 0 0 0 0 0 0 0 0 0 0
 1998 7 1 3 2 1 62 62 20 0 0 0 0 0.5 0.208 0.083 0.125 0.083 0 0 0 0 0 0 0 0 0 0 0 0
 1998 7 1 3 2 1 64 64 11 0 0 0 0 0.313 0.375 0.125 0.125 0.063 0 0 0 0 0 0 0 0 0 0 0 0
 1998 7 1 3 2 1 66 66 15 0 0 0 0 0.15 0.3 0.15 0.15 0.1 0 0.1 0 0.05 0 0 0 0 0 0 0 0
 1998 7 1 3 2 1 68 68 13 0 0 0 0 0 0.467 0.133 0 0.133 0.2 0.067 0 0 0 0 0 0 0 0 0 0
 1998 7 1 3 2 1 70 70 10 0 0 0 0 0 0.385 0.077 0.385 0.077 0 0.077 0 0 0 0 0 0 0 0 0 0
 1998 7 1 3 2 1 72 72 6 0 0 0 0 0.143 0.143 0 0.429 0.143 0 0 0.143 0 0 0 0 0 0 0 0 0
 1998 7 1 3 2 1 74 74 10 0 0 0 0 0 0 0.231 0.385 0.385 0 0 0 0 0 0 0 0 0 0 0 0
 1998 7 1 3 2 1 76 76 3 0 0 0 0 0 0 0.333 0 0.333 0 0.333 0 0 0 0 0 0 0 0 0 0
 1998 7 1 3 2 1 78 78 2 0 0 0 0 0 0 0 0 0 1 0 0 0 0 0 0 0 0 0 0 0
 -1998 7 1 3 2 1 80 80 1 0 0 0 0 0 0 0 0 1 0 0 0 0 0 0 0 0 0 0 0 0
 1998 7 1 3 2 1 82 82 3 0 0 0 0 0 0 0 0 0 0 0 0 0 0 0 0 0 0 0 0 1
 -1998 7 1 3 2 1 84 84 1 0 0 0 0 0 0 0 0 0 0 0 0 0 0 0 0 0 0 0 0 1
 -1998 7 1 3 2 1 88 88 1 0 0 0 0 0 0 0 0 0 0 0 0 0 0 0 0 0 0 0 0 1
 1999 7 1 3 2 1 32 32 4 0 0 0 0.667 0.333 0 0 0 0 0 0 0 0 0 0 0 0 0 0 0 0
 1999 7 1 3 2 1 34 34 53 0 0.008 0.076 0.397 0.458 0.061 0 0 0 0 0 0 0 0 0 0 0 0 0 0 0
 1999 7 1 3 2 1 36 36 101 0 0 0.091 0.335 0.441 0.125 0.008 0 0 0 0 0 0 0 0 0 0 0 0 0 0
 1999 7 1 3 2 1 38 38 92 0 0 0.071 0.36 0.412 0.123 0.028 0.005 0 0 0 0 0 0 0 0 0 0 0 0 0
 1999 7 1 3 2 1 40 40 85 0 0 0.034 0.2 0.583 0.166 0.017 0 0 0 0 0 0 0 0 0 0 0 0 0 0
 1999 7 1 3 2 1 42 42 77 0 0 0 0.224 0.553 0.178 0.039 0 0.007 0 0 0 0 0 0 0 0 0 0 0 0
 1999 7 1 3 2 1 44 44 72 0 0 0.008 0.149 0.479 0.281 0.074 0.008 0 0 0 0 0 0 0 0 0 0 0 0 0
 1999 7 1 3 2 1 46 46 60 0 0 0 0.062 0.608 0.227 0.072 0.031 0 0 0 0 0 0 0 0 0 0 0 0 0
 1999 7 1 3 2 1 48 48 54 0 0 0 0.075 0.5 0.275 0.137 0.012 0 0 0 0 0 0 0 0 0 0 0 0 0
 1999 7 1 3 2 1 50 50 53 0 0 0 0.038 0.359 0.449 0.103 0.013 0.026 0 0.013 0 0 0 0 0 0 0 0 0 0
 1999 7 1 3 2 1 52 52 51 0 0 0 0.056 0.264 0.431 0.222 0.028 0 0 0 0 0 0 0 0 0 0 0 0 0
 1999 7 1 3 2 1 54 54 41 0 0 0 0.015 0.338 0.368 0.235 0.029 0.015 0 0 0 0 0 0 0 0 0 0 0 0
 1999 7 1 3 2 1 56 56 51 0 0 0 0.015 0.227 0.485 0.136 0.121 0 0 0 0.015 0 0 0 0 0 0 0 0 0
 1999 7 1 3 2 1 58 58 48 0 0 0 0.018 0.127 0.382 0.309 0.145 0.018 0 0 0 0 0 0 0 0 0 0 0 0
 1999 7 1 3 2 1 60 60 34 0 0 0 0 0.048 0.429 0.357 0.119 0.048 0 0 0 0 0 0 0 0 0 0 0 0
 1999 7 1 3 2 1 62 62 26 0 0 0 0 0 0.4 0.4 0.171 0.029 0 0 0 0 0 0 0 0 0 0 0 0
 1999 7 1 3 2 1 64 64 31 0 0 0 0 0 0.289 0.316 0.316 0.053 0.026 0 0 0 0 0 0 0 0 0 0 0
 1999 7 1 3 2 1 66 66 26 0 0 0 0 0.034 0.241 0.379 0.207 0.069 0.069 0 0 0 0 0 0 0 0 0 0 0
 1999 7 1 3 2 1 68 68 19 0 0 0 0 0 0.304 0.391 0.217 0.087 0 0 0 0 0 0 0 0 0 0 0 0
 1999 7 1 3 2 1 70 70 19 0 0 0 0.053 0 0.053 0.211 0.421 0.158 0.053 0.053 0 0 0 0 0 0 0 0 0 0
 1999 7 1 3 2 1 72 72 6 0 0 0 0 0 0.143 0.429 0.286 0 0.143 0 0 0 0 0 0 0 0 0 0 0
 1999 7 1 3 2 1 74 74 10 0 0 0 0 0 0 0 0.5 0.3 0 0.2 0 0 0 0 0 0 0 0 0 0
 1999 7 1 3 2 1 76 76 8 0 0 0 0 0 0 0 0.222 0.333 0.111 0.111 0.111 0 0 0 0 0 0 0 0 0.111
 -1999 7 1 3 2 1 78 78 1 0 0 0 0 0 0 0 0 1 0 0 0 0 0 0 0 0 0 0 0 0
 1999 7 1 3 2 1 80 80 4 0 0 0 0 0 0 0 0 0 0.25 0.25 0 0 0 0 0 0 0 0 0 0.5
 2000 7 1 3 2 1 32 32 2 0 0 0.5 0 0.5 0 0 0 0 0 0 0 0 0 0 0 0 0 0 0 0
 2000 7 1 3 2 1 34 34 16 0 0 0.053 0.5 0.368 0.053 0.026 0 0 0 0 0 0 0 0 0 0 0 0 0 0
 2000 7 1 3 2 1 36 36 46 0 0 0.123 0.579 0.246 0.044 0.009 0 0 0 0 0 0 0 0 0 0 0 0 0 0
 2000 7 1 3 2 1 38 38 52 0 0 0.08 0.451 0.336 0.124 0.009 0 0 0 0 0 0 0 0 0 0 0 0 0 0
 2000 7 1 3 2 1 40 40 40 0 0 0.043 0.42 0.362 0.101 0.058 0.014 0 0 0 0 0 0 0 0 0 0 0 0 0
 2000 7 1 3 2 1 42 42 42 0 0 0.06 0.313 0.328 0.254 0.03 0.015 0 0 0 0 0 0 0 0 0 0 0 0 0
 2000 7 1 3 2 1 44 44 35 0 0 0.02 0.42 0.28 0.16 0.1 0.02 0 0 0 0 0 0 0 0 0 0 0 0 0
 2000 7 1 3 2 1 46 46 30 0 0 0.024 0.31 0.238 0.262 0.095 0.048 0.024 0 0 0 0 0 0 0 0 0 0 0 0
 2000 7 1 3 2 1 48 48 28 0 0 0.023 0.163 0.349 0.302 0.14 0 0.023 0 0 0 0 0 0 0 0 0 0 0 0
 2000 7 1 3 2 1 50 50 18 0 0 0 0.074 0.444 0.296 0.111 0.037 0.037 0 0 0 0 0 0 0 0 0 0 0 0
 2000 7 1 3 2 1 52 52 13 0 0 0 0.25 0.2 0.3 0.15 0.1 0 0 0 0 0 0 0 0 0 0 0 0 0
 2000 7 1 3 2 1 54 54 8 0 0 0 0 0.125 0.375 0.375 0.125 0 0 0 0 0 0 0 0 0 0 0 0 0
 2000 7 1 3 2 1 56 56 13 0 0 0 0.071 0.071 0.357 0.286 0.214 0 0 0 0 0 0 0 0 0 0 0 0 0
 2000 7 1 3 2 1 58 58 9 0 0 0 0 0.182 0.455 0.364 0 0 0 0 0 0 0 0 0 0 0 0 0 0
 2000 7 1 3 2 1 60 60 7 0 0 0 0 0.125 0.25 0.375 0.25 0 0 0 0 0 0 0 0 0 0 0 0 0
 2000 7 1 3 2 1 62 62 12 0 0 0 0 0.063 0.187 0.5 0.25 0 0 0 0 0 0 0 0 0 0 0 0 0
 2000 7 1 3 2 1 64 64 6 0 0 0 0 0 0.333 0.5 0.167 0 0 0 0 0 0 0 0 0 0 0 0 0
 2000 7 1 3 2 1 66 66 11 0 0 0 0 0 0.154 0.154 0.385 0.231 0 0 0 0.077 0 0 0 0 0 0 0 0
 2000 7 1 3 2 1 68 68 8 0 0 0 0 0.111 0.333 0.333 0.111 0 0.111 0 0 0 0 0 0 0 0 0 0 0
 2000 7 1 3 2 1 70 70 12 0 0 0 0 0 0.143 0.357 0.357 0.071 0.071 0 0 0 0 0 0 0 0 0 0 0
 2000 7 1 3 2 1 72 72 4 0 0 0 0 0 0 0.5 0.5 0 0 0 0 0 0 0 0 0 0 0 0 0
 2000 7 1 3 2 1 74 74 4 0 0 0 0 0 0 0 0.2 0.2 0 0.4 0.2 0 0 0 0 0 0 0 0 0
 -2000 7 1 3 2 1 76 76 1 0 0 0 0 0 0 0 0 0 0 1 0 0 0 0 0 0 0 0 0 0
 -2000 7 1 3 2 1 80 80 1 0 0 0 0 0 0 0 0 0 0 0 0 0 0 0 0 0 0 0 0 1
 -2001 7 1 3 2 1 32 32 1 0 0 1 0 0 0 0 0 0 0 0 0 0 0 0 0 0 0 0 0 0
 2001 7 1 3 2 1 34 34 33 0 0 0.231 0.462 0.231 0.077 0 0 0 0 0 0 0 0 0 0 0 0 0 0 0
 2001 7 1 3 2 1 36 36 53 0 0 0.215 0.312 0.323 0.108 0.043 0 0 0 0 0 0 0 0 0 0 0 0 0 0
 2001 7 1 3 2 1 38 38 53 0 0 0.13 0.287 0.38 0.148 0.037 0.019 0 0 0 0 0 0 0 0 0 0 0 0 0
 2001 7 1 3 2 1 40 40 60 0 0 0.103 0.272 0.397 0.14 0.066 0.015 0.007 0 0 0 0 0 0 0 0 0 0 0 0
 2001 7 1 3 2 1 42 42 62 0 0 0.068 0.265 0.316 0.248 0.085 0.017 0 0 0 0 0 0 0 0 0 0 0 0 0
 2001 7 1 3 2 1 44 44 52 0 0 0.011 0.195 0.368 0.264 0.092 0.046 0.023 0 0 0 0 0 0 0 0 0 0 0 0
 2001 7 1 3 2 1 46 46 35 0 0 0.015 0.132 0.338 0.25 0.162 0.088 0.015 0 0 0 0 0 0 0 0 0 0 0 0
 2001 7 1 3 2 1 48 48 38 0 0 0 0.058 0.308 0.346 0.192 0.096 0 0 0 0 0 0 0 0 0 0 0 0 0
 2001 7 1 3 2 1 50 50 44 0 0 0.016 0.049 0.459 0.115 0.295 0.066 0 0 0 0 0 0 0 0 0 0 0 0 0
 2001 7 1 3 2 1 52 52 33 0 0 0 0.07 0.372 0.163 0.279 0.047 0.047 0.023 0 0 0 0 0 0 0 0 0 0 0
 2001 7 1 3 2 1 54 54 28 0 0 0 0.111 0.111 0.417 0.222 0.111 0.028 0 0 0 0 0 0 0 0 0 0 0 0
 2001 7 1 3 2 1 56 56 23 0 0 0 0.031 0.063 0.219 0.375 0.187 0.094 0 0.031 0 0 0 0 0 0 0 0 0 0
 2001 7 1 3 2 1 58 58 23 0 0 0 0 0 0.276 0.414 0.276 0.034 0 0 0 0 0 0 0 0 0 0 0 0
 2001 7 1 3 2 1 60 60 14 0 0 0 0 0 0.294 0.529 0.059 0.059 0.059 0 0 0 0 0 0 0 0 0 0 0
 2001 7 1 3 2 1 62 62 18 0 0 0 0 0 0.227 0.227 0.182 0.318 0.045 0 0 0 0 0 0 0 0 0 0 0
 2001 7 1 3 2 1 64 64 9 0 0 0 0 0 0.167 0.417 0.25 0.083 0 0.083 0 0 0 0 0 0 0 0 0 0
 2001 7 1 3 2 1 66 66 12 0 0 0 0 0 0.083 0.167 0.25 0.333 0.083 0 0 0.083 0 0 0 0 0 0 0 0
 2001 7 1 3 2 1 68 68 11 0 0 0 0 0 0.077 0.385 0.308 0.077 0.154 0 0 0 0 0 0 0 0 0 0 0
 2001 7 1 3 2 1 70 70 14 0 0 0 0 0 0.1 0.2 0.1 0.35 0.05 0.05 0.1 0 0 0.05 0 0 0 0 0 0
 2001 7 1 3 2 1 72 72 6 0 0 0 0 0 0 0.25 0.25 0.25 0.125 0.125 0 0 0 0 0 0 0 0 0 0
 2001 7 1 3 2 1 74 74 4 0 0 0 0 0 0 0.25 0 0 0.5 0 0.25 0 0 0 0 0 0 0 0 0
 -2001 7 1 3 2 1 76 76 1 0 0 0 0 0 0 0 0 0 1 0 0 0 0 0 0 0 0 0 0 0
 -2001 7 1 3 2 1 78 78 1 0 0 0 0 0 0 0 0 0 0 1 0 0 0 0 0 0 0 0 0 0
 2001 7 1 3 2 1 84 84 2 0 0 0 0 0 0 0 0 0 0 0 0 0 0 0 0 0 0 0 0 1
 2002 7 1 3 2 1 30 30 3 0 0.2 0.6 0.2 0 0 0 0 0 0 0 0 0 0 0 0 0 0 0 0 0
 2002 7 1 3 2 1 32 32 18 0 0.414 0.069 0.379 0.103 0.034 0 0 0 0 0 0 0 0 0 0 0 0 0 0 0
 2002 7 1 3 2 1 34 34 108 0 0.02 0.217 0.571 0.154 0.028 0.008 0.004 0 0 0 0 0 0 0 0 0 0 0 0 0
 2002 7 1 3 2 1 36 36 133 0 0.02 0.157 0.516 0.227 0.062 0.012 0.002 0.002 0 0 0 0 0 0 0 0 0 0 0 0
 2002 7 1 3 2 1 38 38 142 0 0.003 0.136 0.569 0.218 0.051 0.019 0.005 0 0 0 0 0 0 0 0 0 0 0 0 0
 2002 7 1 3 2 1 40 40 132 0 0.014 0.098 0.524 0.257 0.074 0.024 0.01 0 0 0 0 0 0 0 0 0 0 0 0 0
 2002 7 1 3 2 1 42 42 111 0 0.015 0.111 0.439 0.227 0.141 0.045 0.01 0.005 0.005 0 0 0 0 0 0 0 0 0 0 0
 2002 7 1 3 2 1 44 44 108 0 0.018 0.107 0.349 0.254 0.183 0.053 0.006 0.024 0.006 0 0 0 0 0 0 0 0 0 0 0
 2002 7 1 3 2 1 46 46 73 0 0.009 0.062 0.265 0.292 0.239 0.08 0.044 0.009 0 0 0 0 0 0 0 0 0 0 0 0
 2002 7 1 3 2 1 48 48 69 0 0.011 0.021 0.179 0.189 0.411 0.095 0.084 0 0 0 0.011 0 0 0 0 0 0 0 0 0
 2002 7 1 3 2 1 50 50 52 0 0.015 0.015 0.149 0.209 0.373 0.209 0.015 0.015 0 0 0 0 0 0 0 0 0 0 0 0
 2002 7 1 3 2 1 52 52 45 0 0 0.017 0.034 0.172 0.517 0.155 0.052 0.052 0 0 0 0 0 0 0 0 0 0 0 0
 2002 7 1 3 2 1 54 54 51 0 0 0 0.062 0.109 0.406 0.281 0.094 0 0.031 0 0 0.016 0 0 0 0 0 0 0 0
 2002 7 1 3 2 1 56 56 51 0 0 0.015 0.03 0.182 0.364 0.167 0.227 0.015 0 0 0 0 0 0 0 0 0 0 0 0
 2002 7 1 3 2 1 58 58 43 0 0 0 0.053 0.14 0.404 0.211 0.123 0.035 0 0 0.018 0.018 0 0 0 0 0 0 0 0
 2002 7 1 3 2 1 60 60 33 0 0 0 0.022 0.067 0.222 0.267 0.244 0.111 0 0.022 0.044 0 0 0 0 0 0 0 0 0
 2002 7 1 3 2 1 62 62 23 0 0 0 0.071 0.036 0.179 0.214 0.393 0.107 0 0 0 0 0 0 0 0 0 0 0 0
 2002 7 1 3 2 1 64 64 28 0 0 0 0.059 0.059 0.088 0.265 0.294 0.147 0.029 0 0.059 0 0 0 0 0 0 0 0 0
 2002 7 1 3 2 1 66 66 17 0 0 0 0 0.158 0.211 0.053 0.263 0.211 0 0 0.053 0 0 0 0 0.053 0 0 0 0
 2002 7 1 3 2 1 68 68 15 0 0 0 0.059 0.059 0.118 0.118 0.294 0.176 0.059 0.118 0 0 0 0 0 0 0 0 0 0
 2002 7 1 3 2 1 70 70 3 0 0 0 0 0 0 0 0.667 0 0.333 0 0 0 0 0 0 0 0 0 0 0
 2002 7 1 3 2 1 72 72 14 0 0 0 0 0 0.2 0.067 0.2 0.267 0 0.067 0 0 0.067 0 0 0 0 0 0 0.133
 2002 7 1 3 2 1 74 74 2 0 0 0 0 0 0 0 0 0 0.5 0 0 0 0 0 0 0 0 0 0 0.5
 2002 7 1 3 2 1 76 76 2 0 0 0 0 0 0 0 0 1 0 0 0 0 0 0 0 0 0 0 0 0
 -2002 7 1 3 2 1 78 78 1 0 0 0 0 0 0 1 0 0 0 0 0 0 0 0 0 0 0 0 0 0
 2002 7 1 3 2 1 80 80 3 0 0 0 0 0 0 0 0 0 0 0 0 0 0.333 0 0 0 0 0 0 0.667
 -2002 7 1 3 2 1 82 82 1 0 0 0 0 0 0 0 0 0 0 0 0 0 0 0 0 0 0 0 0 1
 2002 7 1 3 2 1 84 84 2 0 0 0 0 0 0 0 0 0 0 0 0 0 0 0 0 0.5 0 0 0 0.5
 -2002 7 1 3 2 1 90 90 1 0 0 0 0 0 0 0 0 0 0 0 0 0 0 1 0 0 0 0 0 0
 2003 7 1 3 2 1 30 30 2 0 0 0 1 0 0 0 0 0 0 0 0 0 0 0 0 0 0 0 0 0
 2003 7 1 3 2 1 32 32 6 0 0 0.143 0.429 0.286 0 0.143 0 0 0 0 0 0 0 0 0 0 0 0 0 0
 2003 7 1 3 2 1 34 34 58 0 0 0.179 0.524 0.208 0.083 0 0.006 0 0 0 0 0 0 0 0 0 0 0 0 0
 2003 7 1 3 2 1 36 36 74 0 0.009 0.104 0.429 0.381 0.065 0.009 0.004 0 0 0 0 0 0 0 0 0 0 0 0 0
 2003 7 1 3 2 1 38 38 77 0 0 0.034 0.374 0.456 0.097 0.029 0 0 0.005 0.005 0 0 0 0 0 0 0 0 0 0
 2003 7 1 3 2 1 40 40 73 0 0 0.032 0.342 0.51 0.045 0.052 0.006 0.006 0.006 0 0 0 0 0 0 0 0 0 0 0
 2003 7 1 3 2 1 42 42 79 0 0 0.019 0.26 0.461 0.156 0.058 0.032 0.013 0 0 0 0 0 0 0 0 0 0 0 0
 2003 7 1 3 2 1 44 44 60 0 0.009 0 0.187 0.439 0.187 0.121 0.047 0 0.009 0 0 0 0 0 0 0 0 0 0 0
 2003 7 1 3 2 1 46 46 48 0 0 0 0.101 0.464 0.246 0.13 0.043 0.014 0 0 0 0 0 0 0 0 0 0 0 0
 2003 7 1 3 2 1 48 48 43 0 0 0 0.167 0.348 0.333 0.091 0.045 0.015 0 0 0 0 0 0 0 0 0 0 0 0
 2003 7 1 3 2 1 50 50 32 0 0 0 0.104 0.292 0.229 0.146 0.125 0.083 0 0.021 0 0 0 0 0 0 0 0 0 0
 2003 7 1 3 2 1 52 52 26 0 0 0 0 0.2 0.286 0.143 0.229 0.086 0 0 0.029 0 0.029 0 0 0 0 0 0 0
 2003 7 1 3 2 1 54 54 23 0 0 0 0 0.194 0.258 0.29 0.097 0.065 0 0.032 0 0 0 0.065 0 0 0 0 0 0
 2003 7 1 3 2 1 56 56 23 0 0 0 0.115 0.154 0.192 0.192 0.154 0.115 0.038 0 0 0.038 0 0 0 0 0 0 0 0
 2003 7 1 3 2 1 58 58 10 0 0 0 0.071 0.071 0.357 0.143 0.071 0.214 0 0 0 0.071 0 0 0 0 0 0 0 0
 2003 7 1 3 2 1 60 60 16 0 0 0 0 0.045 0.045 0.227 0.273 0.273 0.091 0 0.045 0 0 0 0 0 0 0 0 0
 2003 7 1 3 2 1 62 62 12 0 0 0 0 0.077 0.077 0.308 0.308 0.154 0.077 0 0 0 0 0 0 0 0 0 0 0
 2003 7 1 3 2 1 64 64 9 0 0 0 0 0.111 0.222 0.333 0.111 0 0 0.222 0 0 0 0 0 0 0 0 0 0
 2003 7 1 3 2 1 66 66 10 0 0 0 0.1 0.3 0 0 0.1 0.2 0 0 0.1 0 0.1 0.1 0 0 0 0 0 0
 2003 7 1 3 2 1 68 68 5 0 0 0 0 0 0 0.429 0.286 0.286 0 0 0 0 0 0 0 0 0 0 0 0
 2003 7 1 3 2 1 70 70 2 0 0 0 0 0.333 0.333 0 0 0 0.333 0 0 0 0 0 0 0 0 0 0 0
 2003 7 1 3 2 1 72 72 4 0 0 0 0 0 0 0.25 0 0.75 0 0 0 0 0 0 0 0 0 0 0 0
 -2003 7 1 3 2 1 74 74 1 0 0 0 0 0 0 0 0 1 0 0 0 0 0 0 0 0 0 0 0 0
 2003 7 1 3 2 1 76 76 2 0 0 0 0 0 0 0 0 0 0 0 0.5 0 0 0 0 0 0 0 0 0.5
 -2003 7 1 3 2 1 78 78 1 0 0 0 0 0 0 0 0 0 1 0 0 0 0 0 0 0 0 0 0 0
 2003 7 1 3 2 1 80 80 2 0 0 0 0 0 0 0 0 0 0 0 0 0 0 0 0 0 0 0.5 0 0.5
 -2003 7 1 3 2 1 84 84 1 0 0 0 0 0 0 0 0 0 0 0 0 0 0 0 0 0 0 0 0 1
 -2003 7 1 3 2 1 86 86 1 0 0 0 0 0 0 0 0 0 0 0 0 0 0 0 0 0 0 0 0 1
 2004 7 1 3 2 1 32 32 8 0 0 0 0.455 0.273 0.273 0 0 0 0 0 0 0 0 0 0 0 0 0 0 0
 2004 7 1 3 2 1 34 34 54 0 0 0.09 0.417 0.346 0.147 0 0 0 0 0 0 0 0 0 0 0 0 0 0 0
 2004 7 1 3 2 1 36 36 88 0 0 0.073 0.408 0.37 0.128 0.014 0.003 0 0.003 0 0 0 0 0 0 0 0 0 0 0
 2004 7 1 3 2 1 38 38 87 0 0 0.039 0.376 0.392 0.173 0.016 0 0 0 0.004 0 0 0 0 0 0 0 0 0 0
 2004 7 1 3 2 1 40 40 91 0 0 0.024 0.314 0.457 0.157 0.033 0.005 0 0.01 0 0 0 0 0 0 0 0 0 0 0
 2004 7 1 3 2 1 42 42 84 0 0 0.017 0.197 0.483 0.236 0.039 0.017 0 0.011 0 0 0 0 0 0 0 0 0 0 0
 2004 7 1 3 2 1 44 44 76 0 0 0.022 0.254 0.399 0.268 0.029 0.022 0 0.007 0 0 0 0 0 0 0 0 0 0 0
 2004 7 1 3 2 1 46 46 65 0 0 0 0.168 0.376 0.32 0.104 0.008 0.016 0.008 0 0 0 0 0 0 0 0 0 0 0
 2004 7 1 3 2 1 48 48 45 0 0 0.013 0.171 0.447 0.276 0.039 0.039 0.013 0 0 0 0 0 0 0 0 0 0 0 0
 2004 7 1 3 2 1 50 50 42 0 0 0 0.068 0.322 0.288 0.254 0.034 0.017 0 0.017 0 0 0 0 0 0 0 0 0 0
 2004 7 1 3 2 1 52 52 48 0 0 0 0.123 0.26 0.301 0.205 0.068 0.041 0 0 0 0 0 0 0 0 0 0 0 0
 2004 7 1 3 2 1 54 54 32 0 0 0.023 0.045 0.182 0.273 0.227 0.205 0.045 0 0 0 0 0 0 0 0 0 0 0 0
 2004 7 1 3 2 1 56 56 31 0 0 0 0.025 0.2 0.25 0.25 0.15 0.1 0 0.025 0 0 0 0 0 0 0 0 0 0
 2004 7 1 3 2 1 58 58 24 0 0 0 0 0.088 0.324 0.118 0.353 0.088 0.029 0 0 0 0 0 0 0 0 0 0 0
 2004 7 1 3 2 1 60 60 19 0 0 0 0 0.074 0.185 0.222 0.333 0.148 0 0.037 0 0 0 0 0 0 0 0 0 0
 2004 7 1 3 2 1 62 62 20 0 0 0 0 0.107 0.143 0.143 0.179 0.286 0.071 0.036 0.036 0 0 0 0 0 0 0 0 0
 2004 7 1 3 2 1 64 64 21 0 0 0 0 0 0.133 0.2 0.233 0.167 0.1 0.1 0 0 0 0.033 0.033 0 0 0 0 0
 2004 7 1 3 2 1 66 66 18 0 0 0 0 0 0.208 0.25 0.167 0.25 0 0.042 0 0.042 0.042 0 0 0 0 0 0 0
 2004 7 1 3 2 1 68 68 17 0 0 0 0 0 0.12 0.16 0.2 0.2 0.04 0.04 0.04 0.08 0.08 0 0 0 0 0.04 0 0
 2004 7 1 3 2 1 70 70 14 0 0 0 0 0.105 0 0 0.158 0.263 0.211 0.053 0.105 0.053 0.053 0 0 0 0 0 0 0
 2004 7 1 3 2 1 72 72 10 0 0 0 0 0 0.056 0.056 0.056 0.167 0.278 0.056 0.167 0.056 0 0 0.111 0 0 0 0 0
 2004 7 1 3 2 1 74 74 8 0 0 0 0 0 0 0 0 0 0.182 0.273 0.091 0.091 0.091 0.091 0 0.182 0 0 0 0
 2004 7 1 3 2 1 76 76 10 0 0 0 0 0 0 0 0 0.083 0.083 0 0.25 0 0.167 0.083 0.167 0 0.083 0 0 0.083
 2004 7 1 3 2 1 78 78 4 0 0 0 0 0 0 0 0.25 0.25 0 0 0 0 0 0 0 0 0 0 0 0.5
 2004 7 1 3 2 1 80 80 2 0 0 0 0 0 0 0 0.333 0 0 0 0 0 0 0.333 0 0 0 0 0 0.333
 -2004 7 1 3 2 1 82 82 1 0 0 0 0 0 0 0 0 1 0 0 0 0 0 0 0 0 0 0 0 0
 2004 7 1 3 2 1 84 84 2 0 0 0 0 0 0 0 0 0 0 0 0 0 0 0 0 0 0 0 0 1
 -2005 7 1 3 2 1 26 26 1 0 0 0 1 0 0 0 0 0 0 0 0 0 0 0 0 0 0 0 0 0
 2005 7 1 3 2 1 32 32 10 0 0.059 0.176 0.471 0.118 0.118 0 0 0 0 0 0 0 0 0.059 0 0 0 0 0 0
 2005 7 1 3 2 1 34 34 89 0 0 0.194 0.398 0.266 0.092 0.03 0.01 0.003 0.003 0.003 0 0 0 0 0 0 0 0 0 0
 2005 7 1 3 2 1 36 36 113 0 0 0.176 0.386 0.271 0.105 0.029 0.017 0.005 0 0.002 0.002 0 0.007 0 0 0 0 0 0 0
 2005 7 1 3 2 1 38 38 111 0 0 0.134 0.255 0.349 0.159 0.062 0.012 0.019 0.003 0 0.003 0 0.003 0 0 0 0 0 0 0
 2005 7 1 3 2 1 40 40 110 0 0 0.064 0.322 0.318 0.191 0.079 0.019 0.007 0 0 0 0 0 0 0 0 0 0 0 0
 2005 7 1 3 2 1 42 42 96 0 0 0.028 0.212 0.302 0.268 0.117 0.039 0.011 0.011 0 0.006 0 0.006 0 0 0 0 0 0 0
 2005 7 1 3 2 1 44 44 86 0 0 0.026 0.178 0.309 0.336 0.066 0.053 0.007 0.013 0.007 0 0 0 0 0 0.007 0 0 0 0
 2005 7 1 3 2 1 46 46 72 0 0 0.008 0.175 0.262 0.27 0.175 0.071 0.024 0 0.008 0.008 0 0 0 0 0 0 0 0 0
 2005 7 1 3 2 1 48 48 60 0 0 0 0.135 0.236 0.337 0.18 0.079 0.022 0 0.011 0 0 0 0 0 0 0 0 0 0
 2005 7 1 3 2 1 50 50 44 0 0 0.016 0.156 0.281 0.25 0.109 0.063 0.078 0.031 0 0 0 0 0.016 0 0 0 0 0 0
 2005 7 1 3 2 1 52 52 37 0 0 0 0.041 0.082 0.429 0.286 0.082 0.02 0.061 0 0 0 0 0 0 0 0 0 0 0
 2005 7 1 3 2 1 54 54 28 0 0 0 0.029 0.235 0.235 0.324 0.088 0.029 0 0 0.029 0 0 0 0 0 0 0 0 0.029
 2005 7 1 3 2 1 56 56 29 0 0 0 0.057 0.143 0.257 0.429 0.086 0 0.029 0 0 0 0 0 0 0 0 0 0 0
 2005 7 1 3 2 1 58 58 27 0 0 0 0.059 0.176 0.235 0.324 0.147 0.029 0 0 0.029 0 0 0 0 0 0 0 0 0
 2005 7 1 3 2 1 60 60 20 0 0 0 0 0.045 0.227 0.227 0.273 0.136 0.091 0 0 0 0 0 0 0 0 0 0 0
 2005 7 1 3 2 1 62 62 19 0 0 0 0 0.087 0.13 0.391 0.174 0.087 0.043 0.043 0.043 0 0 0 0 0 0 0 0 0
 2005 7 1 3 2 1 64 64 16 0 0 0 0 0.048 0.19 0.143 0.143 0.143 0.095 0.048 0.095 0.048 0.048 0 0 0 0 0 0 0
 2005 7 1 3 2 1 66 66 20 0 0 0 0 0 0 0.148 0.185 0.37 0.148 0.037 0 0 0 0 0.111 0 0 0 0 0
 2005 7 1 3 2 1 68 68 16 0 0 0 0 0 0.087 0.174 0.261 0.174 0.13 0.13 0.043 0 0 0 0 0 0 0 0 0
 2005 7 1 3 2 1 70 70 12 0 0 0 0 0 0.045 0.136 0.136 0.182 0.136 0.045 0 0.136 0.045 0.045 0.045 0 0 0.045 0 0
 2005 7 1 3 2 1 72 72 11 0 0 0 0 0 0.042 0 0.125 0.042 0.125 0.167 0.042 0.083 0.125 0.083 0.083 0.042 0 0.042 0 0
 2005 7 1 3 2 1 74 74 10 0 0 0 0 0 0.048 0 0 0.048 0 0.238 0.048 0.19 0.143 0.143 0.095 0 0.048 0 0 0
 2005 7 1 3 2 1 76 76 6 0 0 0 0 0 0.059 0 0 0 0.118 0.059 0 0 0.059 0.118 0.235 0 0.059 0.235 0 0.059
 2005 7 1 3 2 1 78 78 6 0 0 0 0 0 0.1 0 0 0.1 0.1 0.1 0 0.2 0 0 0.1 0 0.1 0.1 0 0.1
 2005 7 1 3 2 1 80 80 4 0 0 0 0 0 0 0 0 0.125 0 0 0 0.125 0.125 0.125 0 0 0.125 0.125 0 0.25
 2005 7 1 3 2 1 82 82 2 0 0 0 0 0 0 0 0 0 0 0 0 0 0.5 0 0 0 0 0 0 0.5
 2005 7 1 3 2 1 84 84 3 0 0 0 0 0 0 0 0 0 0 0.25 0 0 0.25 0.25 0 0 0 0 0 0.25
 -2005 7 1 3 2 1 88 88 1 0 0 0 0 0 0 1 0 0 0 0 0 0 0 0 0 0 0 0 0 0
 -2005 7 1 3 2 1 90 90 1 0 0 0 0 0 0 0 0 0 0 0 0 0 0 0 0 0 0 0 0 1
 -2006 7 1 3 2 1 28 28 1 0 0 0 0 1 0 0 0 0 0 0 0 0 0 0 0 0 0 0 0 0
 2006 7 1 3 2 1 32 32 8 0 0 0.222 0.778 0 0 0 0 0 0 0 0 0 0 0 0 0 0 0 0 0
 2006 7 1 3 2 1 34 34 110 0 0 0.116 0.604 0.208 0.035 0.022 0.009 0.002 0 0 0.002 0 0.002 0 0 0 0 0 0 0
 2006 7 1 3 2 1 36 36 140 0 0 0.105 0.565 0.244 0.056 0.024 0.005 0 0 0.002 0 0 0 0 0 0 0 0 0 0
 2006 7 1 3 2 1 38 38 138 0 0 0.065 0.519 0.303 0.076 0.02 0.013 0.002 0.002 0 0 0 0 0 0 0 0 0 0 0
 2006 7 1 3 2 1 40 40 112 0 0 0.034 0.444 0.332 0.093 0.078 0.015 0 0 0 0.004 0 0 0 0 0 0 0 0 0
 2006 7 1 3 2 1 42 42 88 0 0 0.013 0.342 0.361 0.177 0.07 0.019 0.006 0.006 0.006 0 0 0 0 0 0 0 0 0 0
 2006 7 1 3 2 1 44 44 75 0 0 0 0.219 0.277 0.219 0.204 0.073 0.007 0 0 0 0 0 0 0 0 0 0 0 0
 2006 7 1 3 2 1 46 46 76 0 0 0.008 0.126 0.307 0.205 0.244 0.102 0.008 0 0 0 0 0 0 0 0 0 0 0 0
 2006 7 1 3 2 1 48 48 45 0 0 0.017 0.1 0.25 0.167 0.317 0.117 0.017 0.017 0 0 0 0 0 0 0 0 0 0 0
 2006 7 1 3 2 1 50 50 37 0 0 0 0.022 0.283 0.283 0.304 0.065 0 0 0.022 0 0 0.022 0 0 0 0 0 0 0
 2006 7 1 3 2 1 52 52 36 0 0 0 0.02 0.184 0.184 0.306 0.184 0.082 0 0.041 0 0 0 0 0 0 0 0 0 0
 2006 7 1 3 2 1 54 54 33 0 0 0.059 0.029 0.265 0.265 0.147 0.235 0 0 0 0 0 0 0 0 0 0 0 0 0
 2006 7 1 3 2 1 56 56 29 0 0 0 0 0.172 0.103 0.379 0.172 0.103 0.034 0 0 0.034 0 0 0 0 0 0 0 0
 2006 7 1 3 2 1 58 58 17 0 0 0 0.048 0.048 0.095 0.286 0.238 0.19 0 0.048 0 0.048 0 0 0 0 0 0 0 0
 2006 7 1 3 2 1 60 60 14 0 0 0 0.071 0.143 0.286 0.214 0.071 0.143 0.071 0 0 0 0 0 0 0 0 0 0 0
 2006 7 1 3 2 1 62 62 15 0 0 0 0 0 0.412 0.059 0.176 0.118 0.059 0.059 0.118 0 0 0 0 0 0 0 0 0
 2006 7 1 3 2 1 64 64 9 0 0 0 0 0 0.111 0.333 0.333 0.111 0 0.111 0 0 0 0 0 0 0 0 0 0
 2006 7 1 3 2 1 66 66 7 0 0 0 0 0 0.25 0.125 0.375 0.125 0 0.125 0 0 0 0 0 0 0 0 0 0
 2006 7 1 3 2 1 68 68 9 0 0 0 0 0 0 0.182 0.273 0.182 0.364 0 0 0 0 0 0 0 0 0 0 0
 2006 7 1 3 2 1 70 70 2 0 0 0 0 0 0 0 0.333 0.667 0 0 0 0 0 0 0 0 0 0 0 0
 2006 7 1 3 2 1 72 72 7 0 0 0 0 0 0.143 0 0.143 0.286 0.143 0 0.143 0.143 0 0 0 0 0 0 0 0
 2006 7 1 3 2 1 74 74 5 0 0 0 0 0 0 0 0.167 0 0.333 0.333 0.167 0 0 0 0 0 0 0 0 0
 2006 7 1 3 2 1 76 76 3 0 0 0 0 0 0 0 0 0.333 0.333 0 0 0 0 0 0.333 0 0 0 0 0
 -2006 7 1 3 2 1 80 80 1 0 0 0 0 0 0 0 1 0 0 0 0 0 0 0 0 0 0 0 0 0
 -2007 7 1 3 2 1 28 28 1 0 0 0 1 0 0 0 0 0 0 0 0 0 0 0 0 0 0 0 0 0
 2007 7 1 3 2 1 30 30 19 0 0 0.233 0.767 0 0 0 0 0 0 0 0 0 0 0 0 0 0 0 0 0
 2007 7 1 3 2 1 32 32 33 0 0 0.222 0.611 0.167 0 0 0 0 0 0 0 0 0 0 0 0 0 0 0 0
 2007 7 1 3 2 1 34 34 73 0 0 0.212 0.576 0.205 0.007 0 0 0 0 0 0 0 0 0 0 0 0 0 0 0
 2007 7 1 3 2 1 36 36 83 0 0 0.111 0.584 0.259 0.041 0 0 0.004 0 0 0 0 0 0 0 0 0 0 0 0
 2007 7 1 3 2 1 38 38 88 0 0 0.067 0.507 0.354 0.049 0.009 0.004 0.004 0.004 0 0 0 0 0 0 0 0 0 0 0
 2007 7 1 3 2 1 40 40 75 0 0 0.039 0.405 0.438 0.085 0.02 0.013 0 0 0 0 0 0 0 0 0 0 0 0 0
 2007 7 1 3 2 1 42 42 64 0 0 0 0.307 0.535 0.096 0.035 0.018 0.009 0 0 0 0 0 0 0 0 0 0 0 0
 2007 7 1 3 2 1 44 44 66 0 0 0.011 0.132 0.593 0.165 0.033 0.033 0.033 0 0 0 0 0 0 0 0 0 0 0 0
 2007 7 1 3 2 1 46 46 57 0 0 0.011 0.218 0.437 0.207 0.08 0.034 0 0.011 0 0 0 0 0 0 0 0 0 0 0
 2007 7 1 3 2 1 48 48 41 0 0 0.017 0.121 0.397 0.207 0.138 0.121 0 0 0 0 0 0 0 0 0 0 0 0 0
 2007 7 1 3 2 1 50 50 34 0 0 0.022 0.044 0.4 0.222 0.133 0.111 0.044 0.022 0 0 0 0 0 0 0 0 0 0 0
 2007 7 1 3 2 1 52 52 27 0 0 0.027 0.027 0.162 0.351 0.135 0.189 0.081 0 0.027 0 0 0 0 0 0 0 0 0 0
 2007 7 1 3 2 1 54 54 24 0 0 0 0.038 0.077 0.308 0.231 0.269 0.077 0 0 0 0 0 0 0 0 0 0 0 0
 2007 7 1 3 2 1 56 56 26 0 0 0 0 0.114 0.257 0.257 0.171 0.086 0.086 0 0.029 0 0 0 0 0 0 0 0 0
 2007 7 1 3 2 1 58 58 19 0 0 0 0 0.087 0.261 0.304 0.261 0 0.043 0.043 0 0 0 0 0 0 0 0 0 0
 2007 7 1 3 2 1 60 60 16 0 0 0 0 0.053 0.211 0.158 0.263 0.105 0.105 0 0.053 0.053 0 0 0 0 0 0 0 0
 2007 7 1 3 2 1 62 62 9 0 0 0 0 0.1 0.1 0.4 0.2 0 0 0 0.2 0 0 0 0 0 0 0 0 0
 2007 7 1 3 2 1 64 64 4 0 0 0 0 0 0 0 0.25 0.5 0 0 0.25 0 0 0 0 0 0 0 0 0
 2007 7 1 3 2 1 66 66 6 0 0 0 0 0 0 0.167 0.5 0.167 0.167 0 0 0 0 0 0 0 0 0 0 0
 2007 7 1 3 2 1 68 68 5 0 0 0 0 0 0 0 0 0.4 0 0.2 0 0 0 0.2 0.2 0 0 0 0 0
 2007 7 1 3 2 1 70 70 4 0 0 0 0 0 0 0 0 0.25 0.25 0.25 0 0 0 0 0 0 0 0 0 0.25
 2007 7 1 3 2 1 72 72 6 0 0 0 0 0 0 0 0.167 0 0.167 0.333 0 0 0.167 0 0 0 0 0 0 0.167
 2007 7 1 3 2 1 74 74 3 0 0 0 0 0 0 0 0 0 0 0.333 0 0 0 0 0.333 0 0 0 0 0.333
 -2007 7 1 3 2 1 78 78 1 0 0 0 0 0 0 0 0 0 0 0 0 1 0 0 0 0 0 0 0 0
 2008 7 1 3 2 1 30 30 5 0 0 0 0.6 0.4 0 0 0 0 0 0 0 0 0 0 0 0 0 0 0 0
 2008 7 1 3 2 1 32 32 38 0 0 0.127 0.397 0.222 0.048 0.048 0.048 0.016 0.063 0 0.032 0 0 0 0 0 0 0 0 0
 2008 7 1 3 2 1 34 34 66 0 0 0.074 0.486 0.189 0.088 0.034 0.041 0.041 0.014 0.014 0 0.014 0.007 0 0 0 0 0 0 0
 2008 7 1 3 2 1 36 36 91 0 0 0.026 0.415 0.369 0.087 0.015 0.036 0.031 0.01 0 0.005 0.005 0 0 0 0 0 0 0 0
 2008 7 1 3 2 1 38 38 102 0 0 0.016 0.415 0.394 0.077 0.041 0.02 0.004 0.02 0 0.004 0.004 0 0 0 0.004 0 0 0 0
 2008 7 1 3 2 1 40 40 95 0 0 0.015 0.369 0.449 0.091 0.015 0.01 0.005 0.025 0.005 0.01 0.005 0 0 0 0 0 0 0 0
 2008 7 1 3 2 1 42 42 89 0 0 0.011 0.28 0.468 0.134 0.043 0.022 0.016 0.011 0.011 0 0 0 0 0 0 0 0 0.005 0
 2008 7 1 3 2 1 44 44 71 0 0 0.008 0.227 0.538 0.126 0.05 0 0.008 0.017 0 0.017 0 0.008 0 0 0 0 0 0 0
 2008 7 1 3 2 1 46 46 70 0 0 0 0.155 0.427 0.291 0.078 0.019 0.01 0.019 0 0 0 0 0 0 0 0 0 0 0
 2008 7 1 3 2 1 48 48 55 0 0 0 0.1 0.478 0.289 0.1 0.011 0 0 0.011 0 0 0 0.011 0 0 0 0 0 0
 2008 7 1 3 2 1 50 50 48 0 0 0 0.049 0.475 0.344 0.082 0 0.016 0.033 0 0 0 0 0 0 0 0 0 0 0
 2008 7 1 3 2 1 52 52 38 0 0 0 0.078 0.373 0.275 0.137 0.078 0.059 0 0 0 0 0 0 0 0 0 0 0 0
 2008 7 1 3 2 1 54 54 29 0 0 0 0.061 0.273 0.485 0.061 0.061 0.061 0 0 0 0 0 0 0 0 0 0 0 0
 2008 7 1 3 2 1 56 56 17 0 0 0 0.053 0.158 0.526 0.211 0.053 0 0 0 0 0 0 0 0 0 0 0 0 0
 2008 7 1 3 2 1 58 58 11 0 0 0 0.091 0 0.455 0.091 0.091 0 0.182 0.091 0 0 0 0 0 0 0 0 0 0
 2008 7 1 3 2 1 60 60 8 0 0 0 0 0.25 0.375 0.25 0.125 0 0 0 0 0 0 0 0 0 0 0 0 0
 2008 7 1 3 2 1 62 62 9 0 0 0 0 0.182 0.364 0.273 0 0.182 0 0 0 0 0 0 0 0 0 0 0 0
 2008 7 1 3 2 1 64 64 7 0 0 0 0 0.143 0.143 0.143 0.143 0.143 0.286 0 0 0 0 0 0 0 0 0 0 0
 2008 7 1 3 2 1 66 66 9 0 0 0 0 0 0.3 0.2 0.2 0.1 0.1 0 0 0.1 0 0 0 0 0 0 0 0
 -2008 7 1 3 2 1 68 68 1 0 0 0 0 1 0 0 0 0 0 0 0 0 0 0 0 0 0 0 0 0
 2008 7 1 3 2 1 70 70 2 0 0 0 0 0 0 1 0 0 0 0 0 0 0 0 0 0 0 0 0 0
 2008 7 1 3 2 1 72 72 3 0 0 0 0 0 0 0.333 0 0 0 0.333 0.333 0 0 0 0 0 0 0 0 0
 -2008 7 1 3 2 1 74 74 1 0 0 0 0 0 0 0 0 0 0 0 0 0 0 0 0 0 0 0 1 0
 2008 7 1 3 2 1 76 76 2 0 0 0 0 0.5 0 0 0 0 0 0 0.5 0 0 0 0 0 0 0 0 0
 2008 7 1 3 2 1 78 78 2 0 0 0 0 0 0 0 0 0 0.5 0.5 0 0 0 0 0 0 0 0 0 0
 -2008 7 1 3 2 1 80 80 1 0 0 0 0 0 0 0 0 0 0 1 0 0 0 0 0 0 0 0 0 0
 -2008 7 1 3 2 1 82 82 1 0 0 0 0 0 0 0 0 0 0 0 0 0 0 0 0 1 0 0 0 0
 -2008 7 1 3 2 1 88 88 1 0 0 0 0 0 0 0 0 0 0 0 0 0 0 0 0 0 0 0 0 1
 -2009 7 1 3 2 1 28 28 1 0 0 0 1 0 0 0 0 0 0 0 0 0 0 0 0 0 0 0 0 0
 2009 7 1 3 2 1 30 30 6 0 0 0.231 0.692 0.077 0 0 0 0 0 0 0 0 0 0 0 0 0 0 0 0
 2009 7 1 3 2 1 32 32 19 0 0 0.211 0.553 0.237 0 0 0 0 0 0 0 0 0 0 0 0 0 0 0 0
 2009 7 1 3 2 1 34 34 44 0 0 0.088 0.604 0.242 0.044 0.022 0 0 0 0 0 0 0 0 0 0 0 0 0 0
 2009 7 1 3 2 1 36 36 72 0 0 0.081 0.611 0.227 0.065 0.016 0 0 0 0 0 0 0 0 0 0 0 0 0 0
 2009 7 1 3 2 1 38 38 83 0 0 0.02 0.543 0.3 0.109 0.024 0 0.004 0 0 0 0 0 0 0 0 0 0 0 0
 2009 7 1 3 2 1 40 40 75 0 0 0.004 0.494 0.344 0.13 0.02 0.008 0 0 0 0 0 0 0 0 0 0 0 0 0
 2009 7 1 3 2 1 42 42 80 0 0 0.009 0.349 0.363 0.195 0.06 0.019 0.005 0 0 0 0 0 0 0 0 0 0 0 0
 2009 7 1 3 2 1 44 44 75 0 0 0 0.293 0.476 0.183 0.029 0.014 0.005 0 0 0 0 0 0 0 0 0 0 0 0
 2009 7 1 3 2 1 46 46 68 0 0 0 0.179 0.516 0.261 0.033 0.011 0 0 0 0 0 0 0 0 0 0 0 0 0
 2009 7 1 3 2 1 48 48 63 0 0 0 0.068 0.568 0.265 0.076 0.008 0.008 0.008 0 0 0 0 0 0 0 0 0 0 0
 2009 7 1 3 2 1 50 50 64 0 0 0 0.043 0.5 0.314 0.1 0.029 0.007 0.007 0 0 0 0 0 0 0 0 0 0 0
 2009 7 1 3 2 1 52 52 47 0 0 0.01 0.02 0.461 0.343 0.127 0.02 0.02 0 0 0 0 0 0 0 0 0 0 0 0
 2009 7 1 3 2 1 54 54 49 0 0 0 0.023 0.395 0.465 0.105 0.012 0 0 0 0 0 0 0 0 0 0 0 0 0
 2009 7 1 3 2 1 56 56 38 0 0 0.015 0 0.2 0.554 0.185 0.031 0 0.015 0 0 0 0 0 0 0 0 0 0 0
 2009 7 1 3 2 1 58 58 30 0 0 0 0 0.136 0.659 0.205 0 0 0 0 0 0 0 0 0 0 0 0 0 0
 2009 7 1 3 2 1 60 60 22 0 0 0 0 0.079 0.526 0.316 0.053 0.026 0 0 0 0 0 0 0 0 0 0 0 0
 2009 7 1 3 2 1 62 62 26 0 0 0 0 0.034 0.345 0.483 0.034 0.034 0.034 0 0.034 0 0 0 0 0 0 0 0 0
 2009 7 1 3 2 1 64 64 23 0 0 0 0.037 0.074 0.222 0.37 0.074 0.111 0.037 0 0 0 0.037 0 0 0 0 0.037 0 0
 2009 7 1 3 2 1 66 66 12 0 0 0 0 0 0.5 0.25 0.167 0.083 0 0 0 0 0 0 0 0 0 0 0 0
 2009 7 1 3 2 1 68 68 7 0 0 0 0 0 0.125 0.25 0.125 0.125 0.125 0.25 0 0 0 0 0 0 0 0 0 0
 2009 7 1 3 2 1 70 70 5 0 0 0 0 0 0.2 0.6 0 0 0 0.2 0 0 0 0 0 0 0 0 0 0
 2009 7 1 3 2 1 72 72 2 0 0 0 0 0 0 0.5 0.5 0 0 0 0 0 0 0 0 0 0 0 0 0
 2009 7 1 3 2 1 74 74 2 0 0 0 0 0 0 0.5 0 0 0.5 0 0 0 0 0 0 0 0 0 0 0
 -2009 7 1 3 2 1 76 76 1 0 0 0 0 0 0 0 0 0 0 0 0 0 0 0 0 0 0 0 0 1
 2009 7 1 3 2 1 78 78 2 0 0 0 0 0 0 0 0 0 0.5 0 0 0 0 0 0 0 0 0 0 0.5
 2009 7 1 3 2 1 82 82 2 0 0 0 0 0 0 0 0 0 0 0 0 0 0 0 0 0 0 0 0 1
 2010 7 1 3 2 1 30 30 8 0 0 0.083 0.75 0.083 0.083 0 0 0 0 0 0 0 0 0 0 0 0 0 0 0
 2010 7 1 3 2 1 32 32 28 0 0 0.021 0.787 0.17 0.021 0 0 0 0 0 0 0 0 0 0 0 0 0 0 0
 2010 7 1 3 2 1 34 34 49 0 0 0.023 0.535 0.302 0.128 0.012 0 0 0 0 0 0 0 0 0 0 0 0 0 0
 2010 7 1 3 2 1 36 36 77 0 0 0.056 0.415 0.268 0.155 0.099 0.007 0 0 0 0 0 0 0 0 0 0 0 0 0
 2010 7 1 3 2 1 38 38 85 0 0 0.021 0.401 0.323 0.214 0.036 0 0 0.005 0 0 0 0 0 0 0 0 0 0 0
 2010 7 1 3 2 1 40 40 86 0 0 0.034 0.256 0.415 0.216 0.08 0 0 0 0 0 0 0 0 0 0 0 0 0 0
 2010 7 1 3 2 1 42 42 82 0 0 0.006 0.288 0.417 0.252 0.037 0 0 0 0 0 0 0 0 0 0 0 0 0 0
 2010 7 1 3 2 1 44 44 85 0 0 0.006 0.186 0.474 0.256 0.045 0.026 0.006 0 0 0 0 0 0 0 0 0 0 0 0
 2010 7 1 3 2 1 46 46 86 0 0 0 0.114 0.521 0.293 0.042 0.012 0.012 0 0.006 0 0 0 0 0 0 0 0 0 0
 2010 7 1 3 2 1 48 48 96 0 0 0 0.07 0.417 0.372 0.116 0.02 0 0.005 0 0 0 0 0 0 0 0 0 0 0
 2010 7 1 3 2 1 50 50 77 0 0 0 0.019 0.468 0.373 0.114 0.025 0 0 0 0 0 0 0 0 0 0 0 0 0
 2010 7 1 3 2 1 52 52 66 0 0 0 0.031 0.385 0.362 0.162 0.046 0.008 0 0 0.008 0 0 0 0 0 0 0 0 0
 2010 7 1 3 2 1 54 54 70 0 0 0 0.017 0.241 0.483 0.25 0.009 0 0 0 0 0 0 0 0 0 0 0 0 0
 2010 7 1 3 2 1 56 56 57 0 0 0 0 0.157 0.398 0.373 0.06 0 0 0 0 0 0 0 0 0.012 0 0 0 0
 2010 7 1 3 2 1 58 58 44 0 0 0 0.013 0.067 0.427 0.44 0.053 0 0 0 0 0 0 0 0 0 0 0 0 0
 2010 7 1 3 2 1 60 60 32 0 0 0 0.02 0.06 0.28 0.52 0.08 0.02 0.02 0 0 0 0 0 0 0 0 0 0 0
 2010 7 1 3 2 1 62 62 30 0 0 0 0 0.025 0.325 0.5 0.125 0 0 0 0.025 0 0 0 0 0 0 0 0 0
 2010 7 1 3 2 1 64 64 19 0 0 0 0 0.045 0.182 0.682 0.045 0 0 0 0 0 0 0 0.045 0 0 0 0 0
 2010 7 1 3 2 1 66 66 12 0 0 0 0 0 0.083 0.333 0.25 0.167 0.083 0 0 0.083 0 0 0 0 0 0 0 0
 2010 7 1 3 2 1 68 68 8 0 0 0 0 0 0.111 0.667 0.222 0 0 0 0 0 0 0 0 0 0 0 0 0
 2010 7 1 3 2 1 70 70 3 0 0 0 0 0 0 0.667 0.333 0 0 0 0 0 0 0 0 0 0 0 0 0
 2010 7 1 3 2 1 74 74 3 0 0 0 0 0 0 0 0 0.333 0 0 0 0 0 0.333 0 0 0 0 0 0.333
 -2010 7 1 3 2 1 86 86 1 0 0 0 0 0 0 0 0 0 0 0 0 0 0 0 0 0 0 0 0 1
 2011 7 1 3 2 1 30 30 12 0 0 0.429 0.429 0.095 0.048 0 0 0 0 0 0 0 0 0 0 0 0 0 0 0
 2011 7 1 3 2 1 32 32 19 0 0.03 0.424 0.273 0.182 0.03 0.061 0 0 0 0 0 0 0 0 0 0 0 0 0 0
 2011 7 1 3 2 1 34 34 34 0 0 0.386 0.263 0.246 0.053 0.035 0 0 0.018 0 0 0 0 0 0 0 0 0 0 0
 2011 7 1 3 2 1 36 36 46 0 0.013 0.195 0.312 0.26 0.13 0.039 0.013 0.013 0 0.026 0 0 0 0 0 0 0 0 0 0
 2011 7 1 3 2 1 38 38 59 0 0 0.149 0.228 0.475 0.129 0.02 0 0 0 0 0 0 0 0 0 0 0 0 0 0
 2011 7 1 3 2 1 40 40 63 0 0 0.059 0.244 0.487 0.185 0.017 0 0.008 0 0 0 0 0 0 0 0 0 0 0 0
 2011 7 1 3 2 1 42 42 77 0 0 0.039 0.14 0.543 0.225 0.054 0 0 0 0 0 0 0 0 0 0 0 0 0 0
 2011 7 1 3 2 1 44 44 66 0 0 0 0.153 0.416 0.35 0.066 0.007 0.007 0 0 0 0 0 0 0 0 0 0 0 0
 2011 7 1 3 2 1 46 46 70 0 0 0.014 0.094 0.424 0.381 0.058 0.014 0.007 0 0.007 0 0 0 0 0 0 0 0 0 0
 2011 7 1 3 2 1 48 48 60 0 0 0 0.041 0.344 0.418 0.172 0.016 0.008 0 0 0 0 0 0 0 0 0 0 0 0
 2011 7 1 3 2 1 50 50 73 0 0 0 0.007 0.324 0.448 0.193 0.014 0.007 0.007 0 0 0 0 0 0 0 0 0 0 0
 2011 7 1 3 2 1 52 52 65 0 0 0 0.017 0.237 0.542 0.161 0.034 0.008 0 0 0 0 0 0 0 0 0 0 0 0
 2011 7 1 3 2 1 54 54 62 0 0 0 0 0.096 0.561 0.272 0.053 0.018 0 0 0 0 0 0 0 0 0 0 0 0
 2011 7 1 3 2 1 56 56 57 0 0 0 0 0.076 0.511 0.326 0.065 0.022 0 0 0 0 0 0 0 0 0 0 0 0
 2011 7 1 3 2 1 58 58 36 0 0 0 0 0.069 0.293 0.5 0.086 0 0 0.017 0.017 0.017 0 0 0 0 0 0 0 0
 2011 7 1 3 2 1 60 60 47 0 0 0 0 0.057 0.329 0.329 0.229 0.043 0 0 0.014 0 0 0 0 0 0 0 0 0
 2011 7 1 3 2 1 62 62 24 0 0 0 0 0 0.146 0.537 0.317 0 0 0 0 0 0 0 0 0 0 0 0 0
 2011 7 1 3 2 1 64 64 26 0 0 0 0 0 0.059 0.441 0.324 0.118 0.059 0 0 0 0 0 0 0 0 0 0 0
 2011 7 1 3 2 1 66 66 22 0 0 0 0 0 0.154 0.231 0.385 0.231 0 0 0 0 0 0 0 0 0 0 0 0
 2011 7 1 3 2 1 68 68 7 0 0 0 0 0 0 0.375 0.25 0.375 0 0 0 0 0 0 0 0 0 0 0 0
 2011 7 1 3 2 1 70 70 14 0 0 0 0 0 0.067 0.067 0.533 0.267 0.067 0 0 0 0 0 0 0 0 0 0 0
 2011 7 1 3 2 1 72 72 3 0 0 0 0 0 0 0 0.667 0 0 0 0.333 0 0 0 0 0 0 0 0 0
 -2011 7 1 3 2 1 74 74 1 0 0 0 0 0 0 0 0 0 1 0 0 0 0 0 0 0 0 0 0 0
 -2011 7 1 3 2 1 76 76 1 0 0 0 0 0 0 0 0 0 1 0 0 0 0 0 0 0 0 0 0 0
 -2011 7 1 3 2 1 78 78 1 0 0 0 0 0 0 0 0 0 0 0 0 0 0 0 0 0 0 1 0 0
 -2011 7 1 3 2 1 80 80 1 0 0 0 0 0 0 0 0 0 1 0 0 0 0 0 0 0 0 0 0 0
 2011 7 1 3 2 1 82 82 2 0 0 0 0.5 0 0 0 0 0 0 0 0 0 0 0 0 0 0 0 0 0.5
 -2012 7 1 3 2 1 18 18 1 0 1 0 0 0 0 0 0 0 0 0 0 0 0 0 0 0 0 0 0 0
 2012 7 1 3 2 1 22 22 3 0 0 1 0 0 0 0 0 0 0 0 0 0 0 0 0 0 0 0 0 0
 2012 7 1 3 2 1 24 24 4 0 0.2 0.6 0.2 0 0 0 0 0 0 0 0 0 0 0 0 0 0 0 0 0
 2012 7 1 3 2 1 26 26 8 0 0 0.8 0.2 0 0 0 0 0 0 0 0 0 0 0 0 0 0 0 0 0
 2012 7 1 3 2 1 28 28 14 0 0 0.577 0.423 0 0 0 0 0 0 0 0 0 0 0 0 0 0 0 0 0
 2012 7 1 3 2 1 30 30 33 0 0 0.5 0.381 0.119 0 0 0 0 0 0 0 0 0 0 0 0 0 0 0 0
 2012 7 1 3 2 1 32 32 73 0 0.008 0.153 0.771 0.061 0.008 0 0 0 0 0 0 0 0 0 0 0 0 0 0 0
 2012 7 1 3 2 1 34 34 82 0 0 0.126 0.78 0.094 0 0 0 0 0 0 0 0 0 0 0 0 0 0 0 0
 2012 7 1 3 2 1 36 36 104 0 0.005 0.063 0.757 0.121 0.044 0 0.005 0 0 0 0 0 0 0 0 0 0.005 0 0 0
 2012 7 1 3 2 1 38 38 111 0 0 0.023 0.721 0.172 0.073 0.008 0.004 0 0 0 0 0 0 0 0 0 0 0 0 0
 2012 7 1 3 2 1 40 40 121 0 0 0.014 0.58 0.187 0.178 0.032 0.009 0 0 0 0 0 0 0 0 0 0 0 0 0
 2012 7 1 3 2 1 42 42 119 0 0 0 0.415 0.208 0.278 0.085 0.009 0.005 0 0 0 0 0 0 0 0 0 0 0 0
 2012 7 1 3 2 1 44 44 117 0 0 0 0.291 0.302 0.276 0.075 0.04 0.01 0.005 0 0 0 0 0 0 0 0 0 0 0
 2012 7 1 3 2 1 46 46 110 0 0 0.01 0.141 0.273 0.359 0.111 0.081 0.01 0.015 0 0 0 0 0 0 0 0 0 0 0
 2012 7 1 3 2 1 48 48 105 0 0 0 0.03 0.21 0.535 0.135 0.05 0.025 0.01 0 0 0.005 0 0 0 0 0 0 0 0
 2012 7 1 3 2 1 50 50 111 0 0 0 0.034 0.167 0.441 0.25 0.069 0.034 0.005 0 0 0 0 0 0 0 0 0 0 0
 2012 7 1 3 2 1 52 52 97 0 0 0 0.032 0.095 0.456 0.285 0.082 0.038 0.013 0 0 0 0 0 0 0 0 0 0 0
 2012 7 1 3 2 1 54 54 98 0 0 0.006 0.006 0.079 0.36 0.372 0.134 0.03 0.006 0.006 0 0 0 0 0 0 0 0 0 0
 2012 7 1 3 2 1 56 56 71 0 0 0 0.009 0.027 0.273 0.482 0.118 0.082 0.009 0 0 0 0 0 0 0 0 0 0 0
 2012 7 1 3 2 1 58 58 64 0 0 0 0 0.02 0.17 0.5 0.22 0.08 0 0.01 0 0 0 0 0 0 0 0 0 0
 2012 7 1 3 2 1 60 60 62 0 0 0 0.012 0.024 0.095 0.476 0.214 0.095 0.048 0.012 0 0.012 0.012 0 0 0 0 0 0 0
 2012 7 1 3 2 1 62 62 47 0 0 0 0 0.036 0.071 0.375 0.304 0.179 0.018 0.018 0 0 0 0 0 0 0 0 0 0
 2012 7 1 3 2 1 64 64 38 0 0 0 0 0 0 0.349 0.279 0.256 0.116 0 0 0 0 0 0 0 0 0 0 0
 2012 7 1 3 2 1 66 66 30 0 0 0 0 0 0.081 0.216 0.216 0.351 0.081 0.027 0 0 0 0.027 0 0 0 0 0 0
 2012 7 1 3 2 1 68 68 21 0 0 0 0 0 0.045 0.091 0.227 0.455 0.136 0 0 0 0.045 0 0 0 0 0 0 0
 2012 7 1 3 2 1 70 70 15 0 0 0 0 0 0 0.176 0.294 0.412 0 0.059 0 0 0 0.059 0 0 0 0 0 0
 2012 7 1 3 2 1 72 72 13 0 0 0 0 0 0.125 0 0.313 0.125 0 0 0 0 0.125 0.062 0 0.062 0.063 0.063 0 0.063
 2012 7 1 3 2 1 74 74 5 0 0 0 0 0 0 0.2 0.2 0.4 0 0 0 0.2 0 0 0 0 0 0 0 0
 2012 7 1 3 2 1 76 76 7 0 0 0 0 0 0 0.143 0.143 0 0 0 0 0 0 0 0 0.143 0 0.143 0.143 0.286
 2012 7 1 3 2 1 78 78 2 0 0 0 0.5 0 0 0 0 0 0 0 0 0 0 0 0 0 0.5 0 0 0
 -2012 7 1 3 2 1 82 82 1 0 0 0 0 0 0 0 0 0 0 0 0 0 0 0 0 0 0 0 0 1
 2013 7 1 3 2 1 30 30 13 0 0 0 0.692 0.308 0 0 0 0 0 0 0 0 0 0 0 0 0 0 0 0
 2013 7 1 3 2 1 32 32 47 0 0 0.179 0.571 0.232 0.018 0 0 0 0 0 0 0 0 0 0 0 0 0 0 0
 2013 7 1 3 2 1 34 34 58 0 0.013 0.08 0.32 0.573 0.013 0 0 0 0 0 0 0 0 0 0 0 0 0 0 0
 2013 7 1 3 2 1 36 36 76 0 0.01 0.029 0.243 0.67 0.039 0.01 0 0 0 0 0 0 0 0 0 0 0 0 0 0
 2013 7 1 3 2 1 38 38 92 0 0.009 0.052 0.252 0.539 0.096 0.017 0.017 0.009 0.009 0 0 0 0 0 0 0 0 0 0 0
 2013 7 1 3 2 1 40 40 98 0 0 0.039 0.283 0.598 0.047 0.031 0 0 0 0 0 0 0 0 0 0 0 0 0 0
 2013 7 1 3 2 1 42 42 103 0 0 0.074 0.169 0.615 0.081 0.041 0.007 0.007 0 0.007 0 0 0 0 0 0 0 0 0 0
 2013 7 1 3 2 1 44 44 103 0 0 0.034 0.128 0.588 0.101 0.081 0.054 0.007 0.007 0 0 0 0 0 0 0 0 0 0 0
 2013 7 1 3 2 1 46 46 103 0 0 0.007 0.113 0.599 0.106 0.106 0.049 0.014 0.007 0 0 0 0 0 0 0 0 0 0 0
 2013 7 1 3 2 1 48 48 72 0 0.009 0.018 0.064 0.609 0.164 0.064 0.045 0.027 0 0 0 0 0 0 0 0 0 0 0 0
 2013 7 1 3 2 1 50 50 72 0 0 0 0.082 0.371 0.289 0.175 0.041 0.031 0 0 0 0.01 0 0 0 0 0 0 0 0
 2013 7 1 3 2 1 52 52 55 0 0 0 0.015 0.382 0.25 0.25 0.059 0.044 0 0 0 0 0 0 0 0 0 0 0 0
 2013 7 1 3 2 1 54 54 49 0 0 0 0.027 0.233 0.37 0.192 0.151 0.027 0 0 0 0 0 0 0 0 0 0 0 0
 2013 7 1 3 2 1 56 56 42 0 0 0 0.061 0.102 0.265 0.388 0.122 0.061 0 0 0 0 0 0 0 0 0 0 0 0
 2013 7 1 3 2 1 58 58 34 0 0 0.021 0 0.062 0.146 0.479 0.208 0.062 0 0 0 0 0 0 0.021 0 0 0 0 0
 2013 7 1 3 2 1 60 60 31 0 0 0.031 0 0.062 0.156 0.313 0.25 0.125 0.031 0 0 0 0 0 0 0 0 0 0 0.031
 2013 7 1 3 2 1 62 62 24 0 0 0 0 0 0.074 0.222 0.519 0.111 0 0 0.037 0 0.037 0 0 0 0 0 0 0
 2013 7 1 3 2 1 64 64 25 0 0 0 0.038 0 0.077 0.115 0.346 0.269 0.115 0.038 0 0 0 0 0 0 0 0 0 0
 2013 7 1 3 2 1 66 66 19 0 0 0 0 0 0.053 0.053 0.526 0.263 0.105 0 0 0 0 0 0 0 0 0 0 0
 2013 7 1 3 2 1 68 68 14 0 0 0 0 0 0.071 0 0.357 0.286 0.286 0 0 0 0 0 0 0 0 0 0 0
 2013 7 1 3 2 1 70 70 6 0 0 0 0 0 0 0 0.5 0.333 0.167 0 0 0 0 0 0 0 0 0 0 0
 -2013 7 1 3 2 1 72 72 1 0 0 0 0 0 0 0 0 0 0 0 1 0 0 0 0 0 0 0 0 0
 -2013 7 1 3 2 1 76 76 1 0 0 0 0 0 0 0 0 0 0 0 0 0 0 0 0 0 0 0 0 1
 -2013 7 1 3 2 1 78 78 1 0 0 0 0 0 0 0 0 0 0 0 0 0 0 0 0 0 0 0 0 1
 -2013 7 1 3 2 1 82 82 1 0 0 0 0 0 0 0 0 0 0 0 0 0 0 0 0 0 0 0 0 1
 -2014 7 1 3 2 1 22 22 1 0 0 1 0 0 0 0 0 0 0 0 0 0 0 0 0 0 0 0 0 0
 2014 7 1 3 2 1 30 30 8 0 0 0.111 0.556 0.222 0.111 0 0 0 0 0 0 0 0 0 0 0 0 0 0 0
 2014 7 1 3 2 1 32 32 29 0 0 0.235 0.265 0.382 0.118 0 0 0 0 0 0 0 0 0 0 0 0 0 0 0
 2014 7 1 3 2 1 34 34 46 0 0 0.167 0.519 0.259 0.056 0 0 0 0 0 0 0 0 0 0 0 0 0 0 0
 2014 7 1 3 2 1 36 36 57 0 0 0.065 0.403 0.351 0.182 0 0 0 0 0 0 0 0 0 0 0 0 0 0 0
 2014 7 1 3 2 1 38 38 63 0 0 0.011 0.421 0.347 0.168 0.032 0.011 0.011 0 0 0 0 0 0 0 0 0 0 0 0
 2014 7 1 3 2 1 40 40 73 0 0 0 0.312 0.323 0.312 0.054 0 0 0 0 0 0 0 0 0 0 0 0 0 0
 2014 7 1 3 2 1 42 42 85 0 0 0 0.157 0.472 0.324 0.046 0 0 0 0 0 0 0 0 0 0 0 0 0 0
 2014 7 1 3 2 1 44 44 63 0 0 0.012 0.131 0.381 0.333 0.083 0.048 0 0.012 0 0 0 0 0 0 0 0 0 0 0
 2014 7 1 3 2 1 46 46 70 0 0 0 0.099 0.374 0.462 0.055 0.011 0 0 0 0 0 0 0 0 0 0 0 0 0
 2014 7 1 3 2 1 48 48 72 0 0 0.01 0.063 0.281 0.5 0.073 0.052 0.021 0 0 0 0 0 0 0 0 0 0 0 0
 2014 7 1 3 2 1 50 50 60 0 0 0 0.014 0.197 0.606 0.113 0.042 0.028 0 0 0 0 0 0 0 0 0 0 0 0
 2014 7 1 3 2 1 52 52 60 0 0 0 0.025 0.148 0.691 0.074 0.037 0.012 0.012 0 0 0 0 0 0 0 0 0 0 0
 2014 7 1 3 2 1 54 54 48 0 0 0 0 0.082 0.59 0.148 0.115 0.049 0 0.016 0 0 0 0 0 0 0 0 0 0
 2014 7 1 3 2 1 56 56 30 0 0 0 0 0.088 0.441 0.176 0.147 0.059 0.059 0 0 0.029 0 0 0 0 0 0 0 0
 2014 7 1 3 2 1 58 58 29 0 0 0 0 0 0.452 0.226 0.194 0.097 0.032 0 0 0 0 0 0 0 0 0 0 0
 2014 7 1 3 2 1 60 60 24 0 0 0 0 0.036 0.321 0.25 0.25 0.107 0.036 0 0 0 0 0 0 0 0 0 0 0
 2014 7 1 3 2 1 62 62 22 0 0 0 0 0 0.182 0.136 0.318 0.273 0.045 0.045 0 0 0 0 0 0 0 0 0 0
 2014 7 1 3 2 1 64 64 10 0 0 0 0 0 0 0.2 0.5 0.2 0 0.1 0 0 0 0 0 0 0 0 0 0
 2014 7 1 3 2 1 66 66 8 0 0 0 0 0 0 0 0.625 0.25 0 0 0 0.125 0 0 0 0 0 0 0 0
 2014 7 1 3 2 1 68 68 9 0 0 0 0 0 0 0 0.222 0.222 0.333 0 0.222 0 0 0 0 0 0 0 0 0
 2014 7 1 3 2 1 70 70 2 0 0 0 0 0 0 0 0 0 1 0 0 0 0 0 0 0 0 0 0 0
 -2014 7 1 3 2 1 74 74 1 0 0 0 0 0 0 0 0 0 0 0 0 0 0 0 0 1 0 0 0 0
 -2014 7 1 3 2 1 78 78 1 0 0 0 0 0 0 1 0 0 0 0 0 0 0 0 0 0 0 0 0 0
 -2015 7 1 3 2 1 28 28 1 0 0 1 0 0 0 0 0 0 0 0 0 0 0 0 0 0 0 0 0 0
 2015 7 1 3 2 1 30 30 9 0 0 0.5 0.438 0.062 0 0 0 0 0 0 0 0 0 0 0 0 0 0 0 0
 2015 7 1 3 2 1 32 32 37 0 0 0.14 0.64 0.22 0 0 0 0 0 0 0 0 0 0 0 0 0 0 0 0
 2015 7 1 3 2 1 34 34 73 0 0.011 0.165 0.571 0.198 0.033 0.011 0.011 0 0 0 0 0 0 0 0 0 0 0 0 0
 2015 7 1 3 2 1 36 36 73 0 0 0.076 0.598 0.25 0.065 0.011 0 0 0 0 0 0 0 0 0 0 0 0 0 0
 2015 7 1 3 2 1 38 38 105 0 0.008 0.039 0.45 0.357 0.124 0.016 0.008 0 0 0 0 0 0 0 0 0 0 0 0 0
 2015 7 1 3 2 1 40 40 101 0 0 0.036 0.29 0.478 0.174 0.022 0 0 0 0 0 0 0 0 0 0 0 0 0 0
 2015 7 1 3 2 1 42 42 118 0 0 0.012 0.207 0.488 0.238 0.043 0.012 0 0 0 0 0 0 0 0 0 0 0 0 0
 2015 7 1 3 2 1 44 44 109 0 0 0.02 0.144 0.451 0.301 0.072 0.013 0 0 0 0 0 0 0 0 0 0 0 0 0
 2015 7 1 3 2 1 46 46 114 0 0 0.006 0.101 0.462 0.329 0.082 0.013 0 0 0.006 0 0 0 0 0 0 0 0 0 0
 2015 7 1 3 2 1 48 48 103 0 0 0.032 0.048 0.365 0.325 0.198 0.024 0.008 0 0 0 0 0 0 0 0 0 0 0 0
 2015 7 1 3 2 1 50 50 71 0 0 0 0.033 0.304 0.402 0.217 0.033 0 0.011 0 0 0 0 0 0 0 0 0 0 0
 2015 7 1 3 2 1 52 52 64 0 0 0 0.024 0.274 0.31 0.31 0.048 0.024 0 0 0 0 0.012 0 0 0 0 0 0 0
 2015 7 1 3 2 1 54 54 62 0 0 0 0 0.105 0.395 0.421 0.066 0.013 0 0 0 0 0 0 0 0 0 0 0 0
 2015 7 1 3 2 1 56 56 42 0 0 0.02 0 0.1 0.22 0.46 0.16 0.02 0 0.02 0 0 0 0 0 0 0 0 0 0
 2015 7 1 3 2 1 58 58 40 0 0 0 0 0 0.111 0.511 0.178 0.133 0.044 0 0 0 0 0 0.022 0 0 0 0 0
 2015 7 1 3 2 1 60 60 24 0 0 0 0 0.032 0.194 0.419 0.097 0.226 0 0.032 0 0 0 0 0 0 0 0 0 0
 2015 7 1 3 2 1 62 62 39 0 0 0 0 0.018 0.109 0.382 0.2 0.236 0.055 0 0 0 0 0 0 0 0 0 0 0
 2015 7 1 3 2 1 64 64 18 0 0 0 0 0 0.154 0.231 0.192 0.231 0.115 0.077 0 0 0 0 0 0 0 0 0 0
 2015 7 1 3 2 1 66 66 19 0 0 0 0 0 0.048 0.19 0.095 0.524 0.095 0.048 0 0 0 0 0 0 0 0 0 0
 2015 7 1 3 2 1 68 68 9 0 0 0 0 0 0 0.1 0.1 0.3 0.4 0.1 0 0 0 0 0 0 0 0 0 0
 2015 7 1 3 2 1 70 70 4 0 0 0 0 0 0 0 0 0.8 0 0.2 0 0 0 0 0 0 0 0 0 0
 2015 7 1 3 2 1 72 72 5 0 0 0 0 0 0 0.2 0 0.2 0.4 0 0 0.2 0 0 0 0 0 0 0 0
 2015 7 1 3 2 1 76 76 3 0 0 0 0 0 0 0 0 0 0.333 0.333 0 0.333 0 0 0 0 0 0 0 0
 -2015 7 1 3 2 1 78 78 1 0 0 0 0 0 0 0 0 0 0 0 0 0 0 0 0 0 0 0 0 1
 2016 7 1 3 2 1 30 30 15 0 0 0.176 0.294 0.294 0.235 0 0 0 0 0 0 0 0 0 0 0 0 0 0 0
 2016 7 1 3 2 1 32 32 44 0 0 0.169 0.373 0.322 0.119 0 0.017 0 0 0 0 0 0 0 0 0 0 0 0 0
 2016 7 1 3 2 1 34 34 58 0 0.012 0.094 0.294 0.459 0.106 0.024 0.012 0 0 0 0 0 0 0 0 0 0 0 0 0
 2016 7 1 3 2 1 36 36 95 0 0.007 0.057 0.355 0.397 0.163 0.007 0.014 0 0 0 0 0 0 0 0 0 0 0 0 0
 2016 7 1 3 2 1 38 38 121 0 0.006 0.017 0.254 0.492 0.198 0.017 0.017 0 0 0 0 0 0 0 0 0 0 0 0 0
 2016 7 1 3 2 1 40 40 124 0 0 0.033 0.194 0.539 0.172 0.039 0.006 0.011 0.006 0 0 0 0 0 0 0 0 0 0 0
 2016 7 1 3 2 1 42 42 108 0 0.006 0.012 0.23 0.404 0.23 0.093 0.012 0.006 0 0.006 0 0 0 0 0 0 0 0 0 0
 2016 7 1 3 2 1 44 44 114 0 0 0.013 0.073 0.417 0.311 0.139 0.033 0.013 0 0 0 0 0 0 0 0 0 0 0 0
 2016 7 1 3 2 1 46 46 106 0 0 0.015 0.098 0.515 0.25 0.076 0.03 0.008 0.008 0 0 0 0 0 0 0 0 0 0 0
 2016 7 1 3 2 1 48 48 102 0 0 0.017 0.058 0.388 0.347 0.132 0.05 0 0 0.008 0 0 0 0 0 0 0 0 0 0
 2016 7 1 3 2 1 50 50 94 0 0 0 0.038 0.267 0.333 0.229 0.076 0.038 0.019 0 0 0 0 0 0 0 0 0 0 0
 2016 7 1 3 2 1 52 52 73 0 0 0 0 0.193 0.5 0.182 0.08 0.034 0 0 0.011 0 0 0 0 0 0 0 0 0
 2016 7 1 3 2 1 54 54 68 0 0.012 0.025 0.012 0.125 0.262 0.35 0.162 0.037 0 0.012 0 0 0 0 0 0 0 0 0 0
 2016 7 1 3 2 1 56 56 37 0 0 0 0.023 0.114 0.409 0.25 0.136 0.045 0 0.023 0 0 0 0 0 0 0 0 0 0
 2016 7 1 3 2 1 58 58 31 0 0 0.029 0 0.057 0.2 0.343 0.314 0.029 0 0.029 0 0 0 0 0 0 0 0 0 0
 2016 7 1 3 2 1 60 60 30 0 0 0 0 0.063 0.094 0.219 0.438 0.094 0.094 0 0 0 0 0 0 0 0 0 0 0
 2016 7 1 3 2 1 62 62 20 0 0 0 0 0.05 0.1 0.2 0.35 0.1 0 0.1 0.1 0 0 0 0 0 0 0 0 0
 2016 7 1 3 2 1 64 64 15 0 0 0 0 0 0.067 0.2 0.4 0.067 0.133 0.067 0 0 0.067 0 0 0 0 0 0 0
 2016 7 1 3 2 1 66 66 12 0 0 0 0 0 0.077 0 0.231 0.154 0.231 0.154 0.154 0 0 0 0 0 0 0 0 0
 2016 7 1 3 2 1 68 68 3 0 0 0 0 0 0 0 0 0 0.333 0.667 0 0 0 0 0 0 0 0 0 0
 2016 7 1 3 2 1 70 70 7 0 0 0 0 0 0 0 0 0.143 0.286 0 0.143 0.286 0 0 0 0 0.143 0 0 0
 2016 7 1 3 2 1 72 72 3 0 0 0 0 0 0 0 0 0 0.333 0 0 0.333 0 0 0.333 0 0 0 0 0
 -2016 7 1 3 2 1 74 74 1 0 0 0 0 0 0 0 0 0 0 1 0 0 0 0 0 0 0 0 0 0
 -2016 7 1 3 2 1 76 76 1 0 0 0 0 1 0 0 0 0 0 0 0 0 0 0 0 0 0 0 0 0
 -2017 7 1 3 2 1 26 26 1 0 0 0 0.5 0.5 0 0 0 0 0 0 0 0 0 0 0 0 0 0 0 0
 2017 7 1 3 2 1 30 30 13 0 0 0.286 0.286 0.286 0.071 0.071 0 0 0 0 0 0 0 0 0 0 0 0 0 0
 2017 7 1 3 2 1 32 32 39 0 0.047 0.372 0.349 0.163 0.07 0 0 0 0 0 0 0 0 0 0 0 0 0 0 0
 2017 7 1 3 2 1 34 34 58 0 0.031 0.215 0.292 0.277 0.123 0.062 0 0 0 0 0 0 0 0 0 0 0 0 0 0
 2017 7 1 3 2 1 36 36 52 0 0 0.075 0.388 0.269 0.194 0.045 0.03 0 0 0 0 0 0 0 0 0 0 0 0 0
 2017 7 1 3 2 1 38 38 71 0 0.022 0.056 0.27 0.225 0.303 0.09 0.011 0.011 0.011 0 0 0 0 0 0 0 0 0 0 0
 2017 7 1 3 2 1 40 40 80 0 0 0.028 0.22 0.321 0.303 0.092 0.009 0.028 0 0 0 0 0 0 0 0 0 0 0 0
 2017 7 1 3 2 1 42 42 85 0 0 0.009 0.151 0.302 0.425 0.057 0.028 0.009 0.019 0 0 0 0 0 0 0 0 0 0 0
 2017 7 1 3 2 1 44 44 69 0 0 0.011 0.121 0.165 0.418 0.176 0.11 0 0 0 0 0 0 0 0 0 0 0 0 0
 2017 7 1 3 2 1 46 46 65 0 0 0.012 0.108 0.193 0.386 0.181 0.06 0.036 0.012 0.012 0 0 0 0 0 0 0 0 0 0
 2017 7 1 3 2 1 48 48 79 0 0 0 0.038 0.179 0.443 0.255 0.057 0.009 0.019 0 0 0 0 0 0 0 0 0 0 0
 2017 7 1 3 2 1 50 50 75 0 0 0 0.033 0.122 0.389 0.256 0.122 0.044 0.011 0.011 0.011 0 0 0 0 0 0 0 0 0
 2017 7 1 3 2 1 52 52 67 0 0 0 0.024 0.036 0.44 0.25 0.107 0.107 0.012 0.012 0 0.012 0 0 0 0 0 0 0 0
 2017 7 1 3 2 1 54 54 58 0 0 0 0.014 0.069 0.347 0.236 0.153 0.097 0.014 0.042 0.028 0 0 0 0 0 0 0 0 0
 2017 7 1 3 2 1 56 56 47 0 0 0 0 0.055 0.218 0.382 0.109 0.145 0.036 0.018 0.036 0 0 0 0 0 0 0 0 0
 2017 7 1 3 2 1 58 58 39 0 0 0 0.022 0.043 0.217 0.391 0.174 0.065 0.043 0.043 0 0 0 0 0 0 0 0 0 0
 2017 7 1 3 2 1 60 60 34 0 0 0 0 0 0.024 0.463 0.146 0.146 0.122 0.073 0 0.024 0 0 0 0 0 0 0 0
 2017 7 1 3 2 1 62 62 19 0 0 0 0.053 0 0.053 0.211 0.263 0.263 0 0.105 0 0.053 0 0 0 0 0 0 0 0
 2017 7 1 3 2 1 64 64 19 0 0 0 0 0 0 0.143 0.429 0.238 0.048 0.048 0.048 0 0 0.048 0 0 0 0 0 0
 2017 7 1 3 2 1 66 66 12 0 0 0 0 0.077 0.077 0 0.077 0.231 0.154 0.077 0.154 0.077 0.077 0 0 0 0 0 0 0
 2017 7 1 3 2 1 68 68 11 0 0 0 0 0 0.071 0 0.143 0.143 0.143 0.286 0.143 0.071 0 0 0 0 0 0 0 0
 -2017 7 1 3 2 1 70 70 1 0 0 0 0 0 0 0 0 0 1 0 0 0 0 0 0 0 0 0 0 0
 -2017 7 1 3 2 1 72 72 1 0 0 0 0 0 0 0 0 0 0 0 0 0 0 0 0 0 0 0 0 1
 -2017 7 1 3 2 1 74 74 1 0 0 0 0 0 0 0 0 0 1 0 0 0 0 0 0 0 0 0 0 0
 -2017 7 1 3 2 1 76 76 1 0 0 0 0 0 0 0 0 0 0 1 0 0 0 0 0 0 0 0 0 0
 -2017 7 1 3 2 1 84 84 1 0 0 0 0 0 0 0 0 0 0 0 0 0 0 0 0 0 0 0 0 1
 -2018 7 1 3 2 1 28 28 1 0 0 1 0 0 0 0 0 0 0 0 0 0 0 0 0 0 0 0 0 0
 2018 7 1 3 2 1 30 30 11 0 0 0 0.583 0.167 0.167 0.083 0 0 0 0 0 0 0 0 0 0 0 0 0 0
 2018 7 1 3 2 1 32 32 37 0 0 0.187 0.479 0.333 0 0 0 0 0 0 0 0 0 0 0 0 0 0 0 0
 2018 7 1 3 2 1 34 34 61 0 0 0.037 0.439 0.293 0.195 0.012 0 0.012 0.012 0 0 0 0 0 0 0 0 0 0 0
 2018 7 1 3 2 1 36 36 74 0 0.01 0.02 0.412 0.333 0.118 0.098 0.01 0 0 0 0 0 0 0 0 0 0 0 0 0
 2018 7 1 3 2 1 38 38 81 0 0 0.044 0.239 0.425 0.168 0.088 0.018 0.009 0 0.009 0 0 0 0 0 0 0 0 0 0
 2018 7 1 3 2 1 40 40 97 0 0 0.014 0.246 0.413 0.167 0.123 0.014 0.014 0.007 0 0 0 0 0 0 0 0 0 0 0
 2018 7 1 3 2 1 42 42 110 0 0 0 0.137 0.399 0.203 0.209 0.046 0 0.007 0 0 0 0 0 0 0 0 0 0 0
 2018 7 1 3 2 1 44 44 89 0 0 0.009 0.035 0.43 0.246 0.228 0.026 0.009 0.009 0 0 0 0 0 0 0.009 0 0 0 0
 2018 7 1 3 2 1 46 46 91 0 0 0 0.069 0.336 0.198 0.276 0.095 0.009 0.017 0 0 0 0 0 0 0 0 0 0 0
 2018 7 1 3 2 1 48 48 88 0 0 0.009 0.035 0.217 0.243 0.365 0.096 0.017 0.017 0 0 0 0 0 0 0 0 0 0 0
 2018 7 1 3 2 1 50 50 82 0 0 0.01 0.021 0.135 0.25 0.323 0.135 0.104 0.01 0 0.01 0 0 0 0 0 0 0 0 0
 2018 7 1 3 2 1 52 52 51 0 0 0 0.016 0.066 0.18 0.459 0.164 0.066 0.033 0 0 0.016 0 0 0 0 0 0 0 0
 2018 7 1 3 2 1 54 54 64 0 0 0 0.013 0.063 0.139 0.481 0.152 0.089 0.025 0.013 0.025 0 0 0 0 0 0 0 0 0
 2018 7 1 3 2 1 56 56 58 0 0 0 0 0 0.159 0.333 0.302 0.127 0.048 0 0 0.032 0 0 0 0 0 0 0 0
 2018 7 1 3 2 1 58 58 44 0 0 0 0 0 0.089 0.356 0.289 0.133 0.067 0.067 0 0 0 0 0 0 0 0 0 0
 2018 7 1 3 2 1 60 60 32 0 0 0 0 0 0.03 0.333 0.394 0.182 0 0.03 0 0 0.03 0 0 0 0 0 0 0
 2018 7 1 3 2 1 62 62 18 0 0 0 0 0 0 0.278 0.278 0.167 0.167 0 0.056 0.056 0 0 0 0 0 0 0 0
 2018 7 1 3 2 1 64 64 28 0 0 0 0 0 0 0.034 0.345 0.276 0.241 0.069 0.034 0 0 0 0 0 0 0 0 0
 2018 7 1 3 2 1 66 66 10 0 0 0 0 0 0 0 0 0.273 0.273 0.182 0.182 0.091 0 0 0 0 0 0 0 0
 2018 7 1 3 2 1 68 68 13 0 0 0 0 0 0 0.077 0.154 0.462 0.154 0.077 0.077 0 0 0 0 0 0 0 0 0
 2018 7 1 3 2 1 70 70 6 0 0 0 0 0 0 0 0.143 0 0.143 0.143 0 0.143 0.143 0 0.143 0 0 0 0 0.143
 2018 7 1 3 2 1 72 72 3 0 0 0 0 0 0 0 0 0 0 0.333 0.333 0.333 0 0 0 0 0 0 0 0
 2018 7 1 3 2 1 74 74 3 0 0 0 0 0 0 0 0 0 0.333 0 0 0.667 0 0 0 0 0 0 0 0
 2018 7 1 3 2 1 76 76 2 0 0 0 0 0 0 0 0 0 0 0 0.5 0 0 0.5 0 0 0 0 0 0
 -2018 7 1 3 2 1 78 78 1 0 0 0 0 0 0 0 0 0 0 0 0 0 0 0 0 0 0 0 0 1
 2019 7 1 3 2 1 30 30 9 0 0 0.1 0.6 0.1 0.2 0 0 0 0 0 0 0 0 0 0 0 0 0 0 0
 2019 7 1 3 2 1 32 32 30 0 0.031 0.125 0.313 0.375 0.094 0.031 0.031 0 0 0 0 0 0 0 0 0 0 0 0 0
 2019 7 1 3 2 1 34 34 47 0 0 0.113 0.415 0.264 0.208 0 0 0 0 0 0 0 0 0 0 0 0 0 0 0
 2019 7 1 3 2 1 36 36 62 0 0 0.029 0.174 0.435 0.333 0.029 0 0 0 0 0 0 0 0 0 0 0 0 0 0
 2019 7 1 3 2 1 38 38 84 0 0 0.01 0.19 0.43 0.27 0.07 0.01 0.01 0 0.01 0 0 0 0 0 0 0 0 0 0
 2019 7 1 3 2 1 40 40 70 0 0 0.011 0.067 0.5 0.289 0.1 0.022 0.011 0 0 0 0 0 0 0 0 0 0 0 0
 2019 7 1 3 2 1 42 42 57 0 0 0.015 0.118 0.294 0.353 0.147 0.059 0.015 0 0 0 0 0 0 0 0 0 0 0 0
 2019 7 1 3 2 1 44 44 72 0 0 0 0.034 0.273 0.443 0.193 0 0.034 0.011 0.011 0 0 0 0 0 0 0 0 0 0
 2019 7 1 3 2 1 46 46 74 0 0 0 0.033 0.217 0.457 0.185 0.043 0.054 0 0.011 0 0 0 0 0 0 0 0 0 0
 2019 7 1 3 2 1 48 48 68 0 0 0 0.071 0.143 0.5 0.119 0.083 0.048 0.012 0.012 0 0.012 0 0 0 0 0 0 0 0
 2019 7 1 3 2 1 50 50 62 0 0 0 0.014 0.162 0.486 0.23 0.041 0.041 0.014 0 0.014 0 0 0 0 0 0 0 0 0
 2019 7 1 3 2 1 52 52 54 0 0 0 0 0.119 0.358 0.269 0.06 0.104 0.045 0.03 0 0 0 0.015 0 0 0 0 0 0
 2019 7 1 3 2 1 54 54 58 0 0 0 0.034 0.034 0.271 0.22 0.186 0.153 0.051 0 0.034 0.017 0 0 0 0 0 0 0 0
 2019 7 1 3 2 1 56 56 38 0 0 0 0 0 0.19 0.31 0.333 0.119 0.024 0 0.024 0 0 0 0 0 0 0 0 0
 2019 7 1 3 2 1 58 58 29 0 0 0.032 0 0 0.065 0.29 0.323 0.097 0.097 0.065 0.032 0 0 0 0 0 0 0 0 0
 2019 7 1 3 2 1 60 60 36 0 0 0 0 0.027 0.135 0.243 0.324 0.054 0.108 0.027 0.054 0 0.027 0 0 0 0 0 0 0
 2019 7 1 3 2 1 62 62 31 0 0 0 0 0.03 0.03 0.061 0.333 0.152 0.182 0.121 0.03 0.03 0 0 0.03 0 0 0 0 0
 2019 7 1 3 2 1 64 64 18 0 0 0 0 0 0 0.056 0.222 0.389 0.167 0.056 0.111 0 0 0 0 0 0 0 0 0
 2019 7 1 3 2 1 66 66 14 0 0 0 0 0.059 0 0.059 0.235 0 0.235 0.118 0.059 0 0.059 0.118 0.059 0 0 0 0 0
 2019 7 1 3 2 1 68 68 10 0 0 0 0 0 0 0.182 0.091 0.182 0.091 0.273 0 0 0.091 0.091 0 0 0 0 0 0
 2019 7 1 3 2 1 70 70 8 0 0 0 0 0 0 0 0 0.125 0.25 0.25 0.125 0.125 0 0 0.125 0 0 0 0 0
 2019 7 1 3 2 1 72 72 6 0 0 0 0 0 0 0 0.111 0 0.111 0.111 0.111 0.111 0.111 0 0.111 0 0.111 0 0 0.111
 2019 7 1 3 2 1 74 74 4 0 0 0 0 0 0.111 0 0 0 0 0 0 0.111 0.111 0.111 0.222 0.222 0 0.111 0 0
 -2019 7 1 3 2 1 76 76 1 0 0 0 0 0 0 0 0 0 0 0 0 0 1 0 0 0 0 0 0 0
 -2019 7 1 3 2 1 78 78 1 0 0 0 0 0 0 0 0 0 0 1 0 0 0 0 0 0 0 0 0 0
 2019 7 1 3 2 1 80 80 2 0 0 0 0 0 0 0 0 0 0 0 0 0 0 0 0 0 0 0 0 1
 2019 7 1 3 2 1 84 84 3 0 0 0 0 0 0 0 0 0 0 0 0 0 0 0 0 0 0 0 0 1
 2020 7 1 3 2 1 30 30 9 0 0 0.3 0 0.5 0.1 0.1 0 0 0 0 0 0 0 0 0 0 0 0 0 0
 2020 7 1 3 2 1 32 32 39 0 0 0.062 0.375 0.25 0.167 0.125 0 0 0.021 0 0 0 0 0 0 0 0 0 0 0
 2020 7 1 3 2 1 34 34 38 0 0 0.033 0.4 0.4 0.1 0.05 0.017 0 0 0 0 0 0 0 0 0 0 0 0 0
 2020 7 1 3 2 1 36 36 45 0 0 0.051 0.322 0.424 0.153 0.051 0 0 0 0 0 0 0 0 0 0 0 0 0 0
 2020 7 1 3 2 1 38 38 50 0 0 0 0.214 0.386 0.243 0.1 0.043 0 0 0 0 0 0.014 0 0 0 0 0 0 0
 2020 7 1 3 2 1 40 40 49 0 0 0 0.09 0.373 0.313 0.164 0.045 0 0.015 0 0 0 0 0 0 0 0 0 0 0
 2020 7 1 3 2 1 42 42 51 0 0 0 0.057 0.3 0.414 0.114 0.043 0.043 0.014 0 0 0 0 0 0 0 0.014 0 0 0
 2020 7 1 3 2 1 44 44 53 0 0 0 0.04 0.253 0.44 0.2 0.067 0 0 0 0 0 0 0 0 0 0 0 0 0
 2020 7 1 3 2 1 46 46 55 0 0 0 0.013 0.295 0.333 0.205 0.103 0.026 0.013 0 0.013 0 0 0 0 0 0 0 0 0
 2020 7 1 3 2 1 48 48 52 0 0 0 0.028 0.141 0.352 0.338 0.085 0.042 0 0 0.014 0 0 0 0 0 0 0 0 0
 2020 7 1 3 2 1 50 50 45 0 0 0 0.034 0.121 0.328 0.293 0.155 0.052 0 0.017 0 0 0 0 0 0 0 0 0 0
 2020 7 1 3 2 1 52 52 37 0 0 0.022 0 0.022 0.37 0.348 0.174 0.065 0 0 0 0 0 0 0 0 0 0 0 0
 2020 7 1 3 2 1 54 54 37 0 0 0 0 0 0.317 0.366 0.122 0.098 0.073 0 0.024 0 0 0 0 0 0 0 0 0
 2020 7 1 3 2 1 56 56 32 0 0 0 0 0.025 0.2 0.325 0.125 0.225 0.05 0.05 0 0 0 0 0 0 0 0 0 0
 2020 7 1 3 2 1 58 58 19 0 0 0 0 0 0.143 0.381 0.238 0.19 0 0.048 0 0 0 0 0 0 0 0 0 0
 2020 7 1 3 2 1 60 60 27 0 0 0 0 0 0.061 0.364 0.121 0.364 0.061 0 0 0.03 0 0 0 0 0 0 0 0
 2020 7 1 3 2 1 62 62 18 0 0 0 0 0.05 0 0.15 0.15 0.5 0.05 0 0.05 0 0.05 0 0 0 0 0 0 0
 2020 7 1 3 2 1 64 64 11 0 0 0 0 0 0.071 0.071 0.214 0.5 0.071 0.071 0 0 0 0 0 0 0 0 0 0
 2020 7 1 3 2 1 66 66 10 0 0 0 0 0.077 0.154 0.077 0.077 0.231 0.154 0.154 0 0 0.077 0 0 0 0 0 0 0
 2020 7 1 3 2 1 68 68 5 0 0 0 0.2 0 0 0 0 0.2 0.4 0 0.2 0 0 0 0 0 0 0 0 0
 2020 7 1 3 2 1 70 70 7 0 0 0 0 0 0 0 0 0.125 0.125 0.25 0.125 0 0.125 0.125 0.125 0 0 0 0 0
 -2020 7 1 3 2 1 72 72 1 0 0 0 0 0 0 0 0 1 0 0 0 0 0 0 0 0 0 0 0 0
 -2021 7 1 3 2 1 28 28 1 0 0 0 0 0 1 0 0 0 0 0 0 0 0 0 0 0 0 0 0 0
 2021 7 1 3 2 1 30 30 9 0 0 0.077 0.462 0.308 0.077 0.077 0 0 0 0 0 0 0 0 0 0 0 0 0 0
 2021 7 1 3 2 1 32 32 23 0 0 0.071 0.536 0.321 0.071 0 0 0 0 0 0 0 0 0 0 0 0 0 0 0
 2021 7 1 3 2 1 34 34 33 0 0 0.051 0.333 0.385 0.205 0.026 0 0 0 0 0 0 0 0 0 0 0 0 0 0
 2021 7 1 3 2 1 36 36 42 0 0 0.014 0.257 0.386 0.257 0.043 0.043 0 0 0 0 0 0 0 0 0 0 0 0 0
 2021 7 1 3 2 1 38 38 42 0 0 0 0.212 0.404 0.173 0.154 0.038 0.019 0 0 0 0 0 0 0 0 0 0 0 0
 2021 7 1 3 2 1 40 40 48 0 0 0.015 0.103 0.382 0.294 0.176 0.029 0 0 0 0 0 0 0 0 0 0 0 0 0
 2021 7 1 3 2 1 42 42 47 0 0 0 0.106 0.242 0.364 0.227 0.045 0 0.015 0 0 0 0 0 0 0 0 0 0 0
 2021 7 1 3 2 1 44 44 45 0 0 0.014 0 0.29 0.333 0.246 0.072 0.029 0.014 0 0 0 0 0 0 0 0 0 0 0
 2021 7 1 3 2 1 46 46 48 0 0 0 0.029 0.235 0.382 0.176 0.162 0.015 0 0 0 0 0 0 0 0 0 0 0 0
 2021 7 1 3 2 1 48 48 37 0 0 0 0 0.038 0.327 0.288 0.25 0.038 0.019 0.038 0 0 0 0 0 0 0 0 0 0
 2021 7 1 3 2 1 50 50 34 0 0 0 0 0 0.149 0.34 0.426 0.085 0 0 0 0 0 0 0 0 0 0 0 0
 2021 7 1 3 2 1 52 52 32 0 0 0 0 0.095 0.214 0.31 0.262 0.095 0 0.024 0 0 0 0 0 0 0 0 0 0
 2021 7 1 3 2 1 54 54 37 0 0 0 0.022 0.044 0.133 0.333 0.289 0.111 0.044 0.022 0 0 0 0 0 0 0 0 0 0
 2021 7 1 3 2 1 56 56 31 0 0 0 0 0 0.026 0.333 0.385 0.128 0.051 0.051 0.026 0 0 0 0 0 0 0 0 0
 2021 7 1 3 2 1 58 58 23 0 0 0 0 0.03 0.061 0.242 0.394 0.121 0.03 0.121 0 0 0 0 0 0 0 0 0 0
 2021 7 1 3 2 1 60 60 17 0 0 0 0 0 0.091 0 0.409 0.364 0.136 0 0 0 0 0 0 0 0 0 0 0
 2021 7 1 3 2 1 62 62 16 0 0 0 0 0 0 0.105 0.526 0.263 0.053 0.053 0 0 0 0 0 0 0 0 0 0
 2021 7 1 3 2 1 64 64 16 0 0 0 0 0 0 0.056 0.167 0.222 0.167 0.278 0.111 0 0 0 0 0 0 0 0 0
 2021 7 1 3 2 1 66 66 5 0 0 0 0 0 0 0.6 0 0 0.4 0 0 0 0 0 0 0 0 0 0 0
 2021 7 1 3 2 1 68 68 7 0 0 0 0 0 0 0 0.125 0.125 0.5 0 0 0 0.25 0 0 0 0 0 0 0
 2021 7 1 3 2 1 70 70 2 0 0 0 0 0 0 0 0 0 0.5 0 0 0.5 0 0 0 0 0 0 0 0
 2021 7 1 3 2 1 74 74 2 0 0 0 0 0 0 0 0 0 0 0 0 0 0 0 0 0.5 0 0 0 0.5
 -2021 7 1 3 2 1 78 78 1 0 0 0 0 0 0 0 0 0 0 0 0 0 0 0 0 1 0 0 0 0
 -2021 7 1 3 2 1 82 82 1 0 0 0 0 0 0 0 0 0 0 0 0 0 0 0 0 0 0 0 0 1
 -2022 7 1 3 2 1 28 28 1 0 0 0 0 1 0 0 0 0 0 0 0 0 0 0 0 0 0 0 0 0
 2022 7 1 3 2 1 30 30 17 0 0 0.04 0.52 0.16 0.12 0.16 0 0 0 0 0 0 0 0 0 0 0 0 0 0
 2022 7 1 3 2 1 32 32 41 0 0 0.019 0.453 0.358 0.075 0.057 0.038 0 0 0 0 0 0 0 0 0 0 0 0 0
 2022 7 1 3 2 1 34 34 53 0 0 0.014 0.268 0.338 0.254 0.085 0.028 0.014 0 0 0 0 0 0 0 0 0 0 0 0
 2022 7 1 3 2 1 36 36 49 0 0 0 0.133 0.483 0.25 0.117 0.017 0 0 0 0 0 0 0 0 0 0 0 0 0
 2022 7 1 3 2 1 38 38 64 0 0 0 0.13 0.351 0.351 0.104 0.052 0.013 0 0 0 0 0 0 0 0 0 0 0 0
 2022 7 1 3 2 1 40 40 62 0 0 0 0.111 0.292 0.25 0.153 0.097 0.069 0.028 0 0 0 0 0 0 0 0 0 0 0
 2022 7 1 3 2 1 42 42 68 0 0 0.012 0.059 0.212 0.353 0.212 0.106 0.035 0.012 0 0 0 0 0 0 0 0 0 0 0
 2022 7 1 3 2 1 44 44 72 0 0 0.011 0.021 0.17 0.362 0.255 0.138 0.032 0.011 0 0 0 0 0 0 0 0 0 0 0
 2022 7 1 3 2 1 46 46 75 0 0 0 0.04 0.14 0.28 0.29 0.17 0.03 0.01 0 0.03 0 0 0 0 0.01 0 0 0 0
 2022 7 1 3 2 1 48 48 64 0 0 0.012 0.012 0.072 0.301 0.241 0.205 0.084 0.024 0.024 0 0 0.024 0 0 0 0 0 0 0
 2022 7 1 3 2 1 50 50 55 0 0 0 0.015 0.149 0.164 0.358 0.149 0.104 0.045 0.015 0 0 0 0 0 0 0 0 0 0
 2022 7 1 3 2 1 52 52 40 0 0 0 0 0.021 0.149 0.298 0.191 0.234 0.064 0.043 0 0 0 0 0 0 0 0 0 0
 2022 7 1 3 2 1 54 54 43 0 0 0 0 0.062 0.042 0.375 0.292 0.208 0.021 0 0 0 0 0 0 0 0 0 0 0
 2022 7 1 3 2 1 56 56 36 0 0 0 0 0 0.075 0.2 0.325 0.275 0 0.05 0.025 0.05 0 0 0 0 0 0 0 0
 2022 7 1 3 2 1 58 58 25 0 0 0 0 0 0.038 0.192 0.346 0.077 0.154 0.154 0.038 0 0 0 0 0 0 0 0 0
 2022 7 1 3 2 1 60 60 26 0 0 0 0 0 0 0.036 0.393 0.25 0.179 0.071 0.071 0 0 0 0 0 0 0 0 0
 2022 7 1 3 2 1 62 62 25 0 0 0 0.037 0.037 0.037 0.074 0.259 0.074 0.185 0.111 0.111 0.037 0.037 0 0 0 0 0 0 0
 2022 7 1 3 2 1 64 64 11 0 0 0 0 0 0 0 0.083 0.333 0 0.25 0.167 0 0 0.083 0 0 0.083 0 0 0
 2022 7 1 3 2 1 66 66 14 0 0 0 0 0 0 0.143 0.071 0.071 0.357 0.071 0.071 0.071 0.071 0 0.071 0 0 0 0 0
 2022 7 1 3 2 1 68 68 12 0 0 0 0 0 0 0 0.154 0.077 0.077 0.308 0.077 0.077 0.077 0 0.077 0.077 0 0 0 0
 2022 7 1 3 2 1 70 70 4 0 0 0 0 0 0 0 0 0 0.2 0 0 0 0.4 0.4 0 0 0 0 0 0
 -2022 7 1 3 2 1 72 72 1 0 0 0 0 0 0 0 0 0 0 0 0 0 0 0 0 0 0 1 0 0
 2022 7 1 3 2 1 74 74 2 0 0 0 0 0 0 0 0 0 0 0 1 0 0 0 0 0 0 0 0 0
 -2022 7 1 3 2 1 76 76 1 0 0 0 0 0 0 0 0 0 0 0 0 0 0 0 0 1 0 0 0 0
 -2023 7 1 3 2 1 28 28 1 0 0 0 0 0 1 0 0 0 0 0 0 0 0 0 0 0 0 0 0 0
 2023 7 1 3 2 1 30 30 21 0 0 0.19 0.286 0.333 0.095 0.048 0 0.048 0 0 0 0 0 0 0 0 0 0 0 0
 2023 7 1 3 2 1 32 32 36 0 0 0.1 0.275 0.45 0.15 0.025 0 0 0 0 0 0 0 0 0 0 0 0 0 0
 2023 7 1 3 2 1 34 34 42 0 0 0.023 0.25 0.477 0.159 0.091 0 0 0 0 0 0 0 0 0 0 0 0 0 0
 2023 7 1 3 2 1 36 36 61 0 0 0.014 0.169 0.535 0.169 0.014 0.07 0 0 0.014 0 0.014 0 0 0 0 0 0 0 0
 2023 7 1 3 2 1 38 38 55 0 0 0 0.116 0.406 0.261 0.116 0.043 0.029 0.029 0 0 0 0 0 0 0 0 0 0 0
 2023 7 1 3 2 1 40 40 66 0 0 0 0.055 0.385 0.297 0.209 0.044 0 0.011 0 0 0 0 0 0 0 0 0 0 0
 2023 7 1 3 2 1 42 42 61 0 0 0 0.042 0.225 0.423 0.197 0.07 0.028 0 0.014 0 0 0 0 0 0 0 0 0 0
 2023 7 1 3 2 1 44 44 68 0 0 0 0.034 0.264 0.402 0.161 0.046 0.034 0.011 0.023 0.023 0 0 0 0 0 0 0 0 0
 2023 7 1 3 2 1 46 46 60 0 0 0 0 0.167 0.321 0.269 0.141 0.051 0.013 0.013 0 0.026 0 0 0 0 0 0 0 0
 2023 7 1 3 2 1 48 48 43 0 0 0 0 0.087 0.174 0.413 0.217 0.109 0 0 0 0 0 0 0 0 0 0 0 0
 2023 7 1 3 2 1 50 50 59 0 0 0 0 0.068 0.257 0.27 0.284 0.068 0.041 0 0.014 0 0 0 0 0 0 0 0 0
 2023 7 1 3 2 1 52 52 49 0 0 0 0 0.016 0.148 0.18 0.328 0.213 0.049 0.016 0.033 0.016 0 0 0 0 0 0 0 0
 2023 7 1 3 2 1 54 54 46 0 0 0 0 0 0.115 0.288 0.365 0.212 0.019 0 0 0 0 0 0 0 0 0 0 0
 2023 7 1 3 2 1 56 56 39 0 0 0 0 0.021 0.062 0.167 0.333 0.313 0.062 0 0.042 0 0 0 0 0 0 0 0 0
 2023 7 1 3 2 1 58 58 32 0 0 0 0 0.053 0 0.237 0.342 0.237 0.079 0.026 0 0 0 0.026 0 0 0 0 0 0
 2023 7 1 3 2 1 60 60 20 0 0 0 0 0 0 0.15 0.3 0.25 0.15 0.05 0 0.05 0 0.05 0 0 0 0 0 0
 2023 7 1 3 2 1 62 62 35 0 0 0 0 0 0 0 0.231 0.256 0.333 0.026 0.077 0 0.026 0.051 0 0 0 0 0 0
 2023 7 1 3 2 1 64 64 25 0 0 0 0 0 0 0.08 0 0.32 0.28 0.16 0.12 0.04 0 0 0 0 0 0 0 0
 2023 7 1 3 2 1 66 66 18 0 0 0 0 0 0 0.105 0.053 0.211 0.316 0 0.053 0.105 0.053 0.053 0.053 0 0 0 0 0
 2023 7 1 3 2 1 68 68 13 0 0 0 0 0 0 0 0 0.188 0.312 0.125 0.25 0.063 0 0.062 0 0 0 0 0 0
 2023 7 1 3 2 1 70 70 10 0 0 0 0 0 0 0 0 0 0.1 0.3 0 0.2 0 0.2 0.1 0 0 0 0.1 0
 2023 7 1 3 2 1 72 72 2 0 0 0 0 0 0 0 0 0 0 0 0 0 0.5 0 0.5 0 0 0 0 0
 -2023 7 1 3 2 1 74 74 1 0 0 0 0 0 0 0 0 0 0 0 0 0 0 0 0 0 0 1 0 0
 -2023 7 1 3 2 1 76 76 1 0 0 0 0 0 0 0 0 0 0 0 0 0 0 0 1 0 0 0 0 0
 -2023 7 1 3 2 1 78 78 1 0 0 0 0 0 0 0 0 0 0 1 0 0 0 0 0 0 0 0 0 0
 -2023 7 1 3 2 1 80 80 1 0 0 0 0 0 0 0 0 0 0 0 0 0 0 0 0 1 0 0 0 0
 -2023 7 1 3 2 1 92 92 1 0 0 0 0 0 0 0 0 0 0 0 0 0 0 0 0 0 0 0 1 0
 -1998 7 2 3 2 1 32 32 1 0 0 0 1 0 0 0 0 0 0 0 0 0 0 0 0 0 0 0 0 0
 1998 7 2 3 2 1 34 34 5 0 0 0.143 0.714 0.143 0 0 0 0 0 0 0 0 0 0 0 0 0 0 0 0
 1998 7 2 3 2 1 36 36 8 0 0 0.091 0.773 0.136 0 0 0 0 0 0 0 0 0 0 0 0 0 0 0 0
 1998 7 2 3 2 1 38 38 8 0 0 0.133 0.867 0 0 0 0 0 0 0 0 0 0 0 0 0 0 0 0 0
 1998 7 2 3 2 1 40 40 7 0 0 0.071 0.786 0.143 0 0 0 0 0 0 0 0 0 0 0 0 0 0 0 0
 1998 7 2 3 2 1 42 42 6 0 0 0.1 0.6 0.3 0 0 0 0 0 0 0 0 0 0 0 0 0 0 0 0
 1998 7 2 3 2 1 44 44 8 0 0 0 0.833 0.167 0 0 0 0 0 0 0 0 0 0 0 0 0 0 0 0
 1998 7 2 3 2 1 46 46 8 0 0 0 0.75 0.188 0.062 0 0 0 0 0 0 0 0 0 0 0 0 0 0 0
 1998 7 2 3 2 1 48 48 4 0 0 0 0.556 0.333 0 0 0.111 0 0 0 0 0 0 0 0 0 0 0 0 0
 1998 7 2 3 2 1 50 50 4 0 0 0 0.625 0.25 0.125 0 0 0 0 0 0 0 0 0 0 0 0 0 0 0
 1998 7 2 3 2 1 52 52 4 0 0 0 0.143 0.429 0.429 0 0 0 0 0 0 0 0 0 0 0 0 0 0 0
 1998 7 2 3 2 1 54 54 4 0 0 0 0 0.667 0.333 0 0 0 0 0 0 0 0 0 0 0 0 0 0 0
 1998 7 2 3 2 1 56 56 3 0 0 0 0.2 0.2 0.6 0 0 0 0 0 0 0 0 0 0 0 0 0 0 0
 1998 7 2 3 2 1 58 58 4 0 0 0 0 1 0 0 0 0 0 0 0 0 0 0 0 0 0 0 0 0
 1998 7 2 3 2 1 60 60 4 0 0 0 0 0.625 0.375 0 0 0 0 0 0 0 0 0 0 0 0 0 0 0
 1998 7 2 3 2 1 62 62 4 0 0 0 0 0.111 0.889 0 0 0 0 0 0 0 0 0 0 0 0 0 0 0
 1998 7 2 3 2 1 64 64 4 0 0 0 0 0.667 0.333 0 0 0 0 0 0 0 0 0 0 0 0 0 0 0
 1998 7 2 3 2 1 66 66 2 0 0 0 0 0 0.5 0.5 0 0 0 0 0 0 0 0 0 0 0 0 0 0
 1998 7 2 3 2 1 68 68 2 0 0 0 0.333 0 0 0.333 0.333 0 0 0 0 0 0 0 0 0 0 0 0 0
 1998 7 2 3 2 1 70 70 2 0 0 0 0 0 0 0 1 0 0 0 0 0 0 0 0 0 0 0 0 0
 -1998 7 2 3 2 1 72 72 1 0 0 0 0 0 0 0 0 1 0 0 0 0 0 0 0 0 0 0 0 0
 1998 7 2 3 2 1 74 74 3 0 0 0 0 0 0 0.333 0 0 0 0 0 0 0 0 0 0 0 0.333 0 0.333
 -1998 7 2 3 2 1 76 76 1 0 0 0 0 0 0 0 0 0 0 0 0 1 0 0 0 0 0 0 0 0
 -1998 7 2 3 2 1 78 78 1 0 0 0 0 0 0 0 0 0 0 0 0 0 0 0 0 0 0 0 0 1
 -1998 7 2 3 2 1 80 80 1 0 0 0 0 0 0 0 0 0 0 0 0 0 0 0 0 0 0 0 0 1
 1998 7 2 3 2 1 82 82 2 0 0 0 0 0 0 0 0 0 0 0 0 0 0 0 0 0.5 0 0 0 0.5
 -1998 7 2 3 2 1 84 84 1 0 0 0 0 0.5 0 0 0 0 0 0 0 0 0 0 0 0 0 0 0 0.5
 -1999 7 2 3 2 1 32 32 1 0 0 0 1 0 0 0 0 0 0 0 0 0 0 0 0 0 0 0 0 0
 1999 7 2 3 2 1 34 34 28 0 0.014 0.27 0.459 0.216 0.041 0 0 0 0 0 0 0 0 0 0 0 0 0 0 0
 1999 7 2 3 2 1 36 36 35 0 0 0.237 0.465 0.219 0.07 0.009 0 0 0 0 0 0 0 0 0 0 0 0 0 0
 1999 7 2 3 2 1 38 38 37 0 0 0.214 0.381 0.341 0.048 0.016 0 0 0 0 0 0 0 0 0 0 0 0 0 0
 1999 7 2 3 2 1 40 40 37 0 0 0.116 0.463 0.337 0.042 0.021 0.021 0 0 0 0 0 0 0 0 0 0 0 0 0
 1999 7 2 3 2 1 42 42 35 0 0 0.09 0.315 0.449 0.09 0.045 0.011 0 0 0 0 0 0 0 0 0 0 0 0 0
 1999 7 2 3 2 1 44 44 32 0 0 0.056 0.264 0.569 0.069 0.028 0 0 0.014 0 0 0 0 0 0 0 0 0 0 0
 1999 7 2 3 2 1 46 46 30 0 0 0 0.098 0.549 0.176 0.078 0.039 0.02 0 0.02 0.02 0 0 0 0 0 0 0 0 0
 1999 7 2 3 2 1 48 48 24 0 0 0 0.143 0.343 0.2 0.143 0.057 0.057 0 0.057 0 0 0 0 0 0 0 0 0 0
 1999 7 2 3 2 1 50 50 19 0 0 0 0.172 0.414 0.276 0.069 0.034 0 0.034 0 0 0 0 0 0 0 0 0 0 0
 1999 7 2 3 2 1 52 52 23 0 0 0 0 0.531 0.156 0.094 0.062 0.094 0 0.031 0.031 0 0 0 0 0 0 0 0 0
 1999 7 2 3 2 1 54 54 21 0 0 0 0.077 0.192 0.308 0.192 0.154 0.038 0.038 0 0 0 0 0 0 0 0 0 0 0
 1999 7 2 3 2 1 56 56 17 0 0 0 0 0.28 0.36 0.2 0.04 0.08 0 0.04 0 0 0 0 0 0 0 0 0 0
 1999 7 2 3 2 1 58 58 10 0 0 0 0.059 0.059 0.176 0.353 0.118 0 0.176 0 0.059 0 0 0 0 0 0 0 0 0
 1999 7 2 3 2 1 60 60 12 0 0 0 0 0.071 0.429 0.143 0.143 0.071 0.143 0 0 0 0 0 0 0 0 0 0 0
 1999 7 2 3 2 1 62 62 15 0 0 0 0 0.05 0.25 0.15 0.2 0.05 0.1 0.15 0.05 0 0 0 0 0 0 0 0 0
 1999 7 2 3 2 1 64 64 16 0 0 0 0 0.053 0.421 0.263 0.158 0 0.053 0.053 0 0 0 0 0 0 0 0 0 0
 1999 7 2 3 2 1 66 66 14 0 0 0 0 0.05 0.3 0.2 0.2 0.15 0.1 0 0 0 0 0 0 0 0 0 0 0
 1999 7 2 3 2 1 68 68 6 0 0 0 0 0 0.2 0.5 0 0.1 0 0.1 0 0 0.1 0 0 0 0 0 0 0
 1999 7 2 3 2 1 70 70 9 0 0 0 0 0 0.071 0.429 0.071 0.214 0.214 0 0 0 0 0 0 0 0 0 0 0
 1999 7 2 3 2 1 72 72 7 0 0 0 0 0 0 0 0.429 0.429 0.143 0 0 0 0 0 0 0 0 0 0 0
 1999 7 2 3 2 1 74 74 4 0 0 0 0 0 0 0.333 0.333 0.333 0 0 0 0 0 0 0 0 0 0 0 0
 1999 7 2 3 2 1 76 76 4 0 0 0 0 0 0 0.286 0 0.143 0.286 0.286 0 0 0 0 0 0 0 0 0 0
 -1999 7 2 3 2 1 78 78 1 0 0 0 0 0 0 0 0 0 1 0 0 0 0 0 0 0 0 0 0 0
 -1999 7 2 3 2 1 80 80 1 0 0 0 0 0 0 0 0 0 0 0 0 0 1 0 0 0 0 0 0 0
 -1999 7 2 3 2 1 84 84 1 0 0 0 0 0 0 0 0 0 0 0 0 0 0 0 0 0 0 0 0 1
 -1999 7 2 3 2 1 88 88 1 0 0 0 0 0 0 0 0 0 0 0 0 0 0 0 0 0 0 0 0 1
 2000 7 2 3 2 1 32 32 6 0 0 0 0.667 0.25 0.083 0 0 0 0 0 0 0 0 0 0 0 0 0 0 0
 2000 7 2 3 2 1 34 34 40 0 0 0.102 0.727 0.136 0.034 0 0 0 0 0 0 0 0 0 0 0 0 0 0 0
 2000 7 2 3 2 1 36 36 64 0 0 0.077 0.71 0.197 0.016 0 0 0 0 0 0 0 0 0 0 0 0 0 0 0
 2000 7 2 3 2 1 38 38 68 0 0 0.062 0.663 0.23 0.028 0.017 0 0 0 0 0 0 0 0 0 0 0 0 0 0
 2000 7 2 3 2 1 40 40 57 0 0 0.024 0.567 0.354 0.037 0.012 0.006 0 0 0 0 0 0 0 0 0 0 0 0 0
 2000 7 2 3 2 1 42 42 57 0 0 0 0.424 0.449 0.102 0.025 0 0 0 0 0 0 0 0 0 0 0 0 0 0
 2000 7 2 3 2 1 44 44 54 0 0 0.021 0.358 0.442 0.137 0.032 0 0.011 0 0 0 0 0 0 0 0 0 0 0 0
 2000 7 2 3 2 1 46 46 45 0 0 0.016 0.302 0.46 0.159 0.016 0.032 0.016 0 0 0 0 0 0 0 0 0 0 0 0
 2000 7 2 3 2 1 48 48 46 0 0 0.013 0.244 0.462 0.231 0.051 0 0 0 0 0 0 0 0 0 0 0 0 0 0
 2000 7 2 3 2 1 50 50 43 0 0 0.033 0.115 0.492 0.279 0.066 0 0.016 0 0 0 0 0 0 0 0 0 0 0 0
 2000 7 2 3 2 1 52 52 37 0 0 0 0.125 0.271 0.437 0.146 0.021 0 0 0 0 0 0 0 0 0 0 0 0 0
 2000 7 2 3 2 1 54 54 32 0 0 0.023 0.023 0.386 0.455 0.114 0 0 0 0 0 0 0 0 0 0 0 0 0 0
 2000 7 2 3 2 1 56 56 34 0 0 0.023 0 0.25 0.455 0.227 0.023 0.023 0 0 0 0 0 0 0 0 0 0 0 0
 2000 7 2 3 2 1 58 58 26 0 0 0 0 0.054 0.703 0.162 0.054 0.027 0 0 0 0 0 0 0 0 0 0 0 0
 2000 7 2 3 2 1 60 60 30 0 0 0 0 0.275 0.675 0.025 0.025 0 0 0 0 0 0 0 0 0 0 0 0 0
 2000 7 2 3 2 1 62 62 30 0 0 0 0.049 0.195 0.415 0.317 0.024 0 0 0 0 0 0 0 0 0 0 0 0 0
 2000 7 2 3 2 1 64 64 22 0 0 0 0 0.036 0.286 0.536 0.107 0 0.036 0 0 0 0 0 0 0 0 0 0 0
 2000 7 2 3 2 1 66 66 14 0 0 0 0.118 0.118 0.471 0.176 0.059 0.059 0 0 0 0 0 0 0 0 0 0 0 0
 2000 7 2 3 2 1 68 68 13 0 0 0 0 0.067 0.133 0.467 0.2 0.133 0 0 0 0 0 0 0 0 0 0 0 0
 2000 7 2 3 2 1 70 70 8 0 0 0 0 0 0.125 0.625 0.125 0 0 0 0.125 0 0 0 0 0 0 0 0 0
 2000 7 2 3 2 1 72 72 4 0 0 0 0.2 0 0 0.4 0.4 0 0 0 0 0 0 0 0 0 0 0 0 0
 2000 7 2 3 2 1 74 74 11 0 0 0 0 0 0 0.091 0.364 0.091 0.273 0 0.182 0 0 0 0 0 0 0 0 0
 2000 7 2 3 2 1 76 76 3 0 0 0 0 0 0 0 0.333 0.333 0.333 0 0 0 0 0 0 0 0 0 0 0
 -2000 7 2 3 2 1 80 80 1 0 0 0 0 0 0 0 0 0 0 0 0 0 0 0 0 0 0 0 0 1
 -2001 7 2 3 2 1 30 30 1 0 0 0 1 0 0 0 0 0 0 0 0 0 0 0 0 0 0 0 0 0
 2001 7 2 3 2 1 32 32 5 0 0 0.429 0.571 0 0 0 0 0 0 0 0 0 0 0 0 0 0 0 0 0
 2001 7 2 3 2 1 34 34 51 0 0 0.325 0.436 0.197 0.026 0.017 0 0 0 0 0 0 0 0 0 0 0 0 0 0
 2001 7 2 3 2 1 36 36 66 0 0 0.214 0.4 0.234 0.11 0.034 0 0.007 0 0 0 0 0 0 0 0 0 0 0 0
 2001 7 2 3 2 1 38 38 66 0 0 0.164 0.31 0.371 0.103 0.034 0.009 0.009 0 0 0 0 0 0 0 0 0 0 0 0
 2001 7 2 3 2 1 40 40 64 0 0 0.064 0.336 0.376 0.104 0.072 0.024 0.024 0 0 0 0 0 0 0 0 0 0 0 0
 2001 7 2 3 2 1 42 42 64 0 0 0.029 0.229 0.486 0.162 0.029 0.038 0.01 0 0.01 0.01 0 0 0 0 0 0 0 0 0
 2001 7 2 3 2 1 44 44 58 0 0 0.01 0.224 0.541 0.122 0.071 0.01 0.02 0 0 0 0 0 0 0 0 0 0 0 0
 2001 7 2 3 2 1 46 46 56 0 0 0 0.16 0.494 0.259 0.025 0.062 0 0 0 0 0 0 0 0 0 0 0 0 0
 2001 7 2 3 2 1 48 48 46 0 0 0.033 0.115 0.443 0.295 0.066 0.033 0.016 0 0 0 0 0 0 0 0 0 0 0 0
 2001 7 2 3 2 1 50 50 47 0 0 0 0.083 0.35 0.233 0.183 0.1 0.033 0 0.017 0 0 0 0 0 0 0 0 0 0
 2001 7 2 3 2 1 52 52 34 0 0 0 0.044 0.422 0.333 0.178 0.022 0 0 0 0 0 0 0 0 0 0 0 0 0
 2001 7 2 3 2 1 54 54 33 0 0 0 0 0.411 0.304 0.196 0.071 0 0 0 0.018 0 0 0 0 0 0 0 0 0
 2001 7 2 3 2 1 56 56 26 0 0 0 0.029 0.235 0.353 0.324 0.029 0 0.029 0 0 0 0 0 0 0 0 0 0 0
 2001 7 2 3 2 1 58 58 29 0 0 0 0 0.121 0.636 0.152 0.03 0 0.03 0.03 0 0 0 0 0 0 0 0 0 0
 2001 7 2 3 2 1 60 60 22 0 0 0 0 0 0.481 0.37 0.111 0.037 0 0 0 0 0 0 0 0 0 0 0 0
 2001 7 2 3 2 1 62 62 28 0 0 0 0 0.05 0.325 0.425 0.15 0 0.05 0 0 0 0 0 0 0 0 0 0 0
 2001 7 2 3 2 1 64 64 11 0 0 0 0 0.067 0.2 0.4 0.267 0.067 0 0 0 0 0 0 0 0 0 0 0 0
 2001 7 2 3 2 1 66 66 17 0 0 0 0 0 0.25 0.4 0.25 0.05 0.05 0 0 0 0 0 0 0 0 0 0 0
 2001 7 2 3 2 1 68 68 10 0 0 0 0 0 0.25 0.417 0.25 0.083 0 0 0 0 0 0 0 0 0 0 0 0
 2001 7 2 3 2 1 70 70 10 0 0 0 0 0 0.083 0.333 0.333 0.083 0.083 0 0.083 0 0 0 0 0 0 0 0 0
 2001 7 2 3 2 1 72 72 10 0 0 0 0 0 0 0.308 0.231 0.231 0.077 0 0.077 0.077 0 0 0 0 0 0 0 0
 -2001 7 2 3 2 1 74 74 1 0 0 0 0 0 0 0 0 0 1 0 0 0 0 0 0 0 0 0 0 0
 2001 7 2 3 2 1 76 76 5 0 0 0 0 0 0 0 0.2 0.2 0.2 0.2 0 0 0 0 0 0 0.2 0 0 0
 2001 7 2 3 2 1 78 78 4 0 0 0 0 0 0 0 0 0 0.5 0.25 0.25 0 0 0 0 0 0 0 0 0
 2001 7 2 3 2 1 80 80 4 0 0 0 0 0 0 0 0.25 0 0.25 0.25 0 0 0 0 0 0 0 0 0 0.25
 -2001 7 2 3 2 1 82 82 1 0 0 0 0 0 0 0 0 0 1 0 0 0 0 0 0 0 0 0 0 0
 -2001 7 2 3 2 1 84 84 1 0 0 0 0 0 0 0 0 0 0 0 0 0 0 0 0 0 0 0 0 1
 -2001 7 2 3 2 1 88 88 1 0 0 0 0 0 0 0 0 0 0 0 0 0 0 0 0 0 0 0 0 1
 -2001 7 2 3 2 1 98 98 1 0 0 0 0 0 0 0 0 0 0 0 0 0 0 0 0 0 0 0 0 1
 2002 7 2 3 2 1 32 32 8 0 0 0.538 0.308 0.154 0 0 0 0 0 0 0 0 0 0 0 0 0 0 0 0
 2002 7 2 3 2 1 34 34 34 0 0.009 0.216 0.655 0.103 0.017 0 0 0 0 0 0 0 0 0 0 0 0 0 0 0
 2002 7 2 3 2 1 36 36 70 0 0 0.103 0.78 0.112 0.004 0 0 0 0 0 0 0 0 0 0 0 0 0 0 0
 2002 7 2 3 2 1 38 38 68 0 0 0.138 0.739 0.094 0.03 0 0 0 0 0 0 0 0 0 0 0 0 0 0 0
 2002 7 2 3 2 1 40 40 65 0 0 0.083 0.659 0.212 0.045 0 0 0 0 0 0 0 0 0 0 0 0 0 0 0
 2002 7 2 3 2 1 42 42 55 0 0 0.049 0.686 0.167 0.069 0.029 0 0 0 0 0 0 0 0 0 0 0 0 0 0
 2002 7 2 3 2 1 44 44 43 0 0 0.053 0.553 0.303 0.092 0 0 0 0 0 0 0 0 0 0 0 0 0 0 0
 2002 7 2 3 2 1 46 46 38 0 0 0 0.464 0.286 0.232 0.018 0 0 0 0 0 0 0 0 0 0 0 0 0 0
 2002 7 2 3 2 1 48 48 37 0 0 0.022 0.239 0.413 0.304 0.022 0 0 0 0 0 0 0 0 0 0 0 0 0 0
 2002 7 2 3 2 1 50 50 22 0 0 0 0.118 0.441 0.441 0 0 0 0 0 0 0 0 0 0 0 0 0 0 0
 2002 7 2 3 2 1 52 52 21 0 0 0 0.143 0.286 0.429 0.071 0.071 0 0 0 0 0 0 0 0 0 0 0 0 0
 2002 7 2 3 2 1 54 54 21 0 0 0 0 0.241 0.724 0.034 0 0 0 0 0 0 0 0 0 0 0 0 0 0
 2002 7 2 3 2 1 56 56 14 0 0 0 0 0.063 0.812 0.125 0 0 0 0 0 0 0 0 0 0 0 0 0 0
 2002 7 2 3 2 1 58 58 13 0 0 0 0 0.187 0.437 0.25 0.125 0 0 0 0 0 0 0 0 0 0 0 0 0
 2002 7 2 3 2 1 60 60 13 0 0 0 0 0.077 0.462 0.077 0.308 0.077 0 0 0 0 0 0 0 0 0 0 0 0
 2002 7 2 3 2 1 62 62 7 0 0 0 0 0 0.286 0.571 0.143 0 0 0 0 0 0 0 0 0 0 0 0 0
 2002 7 2 3 2 1 64 64 6 0 0 0 0 0 0.375 0.5 0.125 0 0 0 0 0 0 0 0 0 0 0 0 0
 2002 7 2 3 2 1 66 66 10 0 0 0 0 0 0.3 0.4 0.3 0 0 0 0 0 0 0 0 0 0 0 0 0
 2002 7 2 3 2 1 68 68 6 0 0 0 0 0 0.167 0.5 0.333 0 0 0 0 0 0 0 0 0 0 0 0 0
 2002 7 2 3 2 1 70 70 7 0 0 0 0 0 0.125 0.125 0.75 0 0 0 0 0 0 0 0 0 0 0 0 0
 2002 7 2 3 2 1 72 72 5 0 0 0 0 0 0 0.2 0.8 0 0 0 0 0 0 0 0 0 0 0 0 0
 2002 7 2 3 2 1 74 74 2 0 0 0 0 0 0 0 1 0 0 0 0 0 0 0 0 0 0 0 0 0
 -2002 7 2 3 2 1 76 76 1 0 0 0 0 0 0 0 0 0 0 0 1 0 0 0 0 0 0 0 0 0
 2002 7 2 3 2 1 78 78 3 0 0 0 0 0 0 0 0.333 0.333 0 0 0 0 0 0 0 0 0 0 0.333 0
 -2002 7 2 3 2 1 80 80 1 0 0 0 0 0 0 0 0 0 0 0 1 0 0 0 0 0 0 0 0 0
 -2002 7 2 3 2 1 84 84 1 0 0 0 0 0 0 0 0 0 0 0 0 0 0 0 0 0 0 0 0 1
 2003 7 2 3 2 1 32 32 17 0 0.056 0.444 0.5 0 0 0 0 0 0 0 0 0 0 0 0 0 0 0 0 0
 2003 7 2 3 2 1 34 34 121 0 0.021 0.247 0.505 0.2 0.016 0.011 0 0 0 0 0 0 0 0 0 0 0 0 0 0
 2003 7 2 3 2 1 36 36 150 0 0.01 0.209 0.541 0.212 0.027 0 0 0 0 0 0 0 0 0 0 0 0 0 0 0
 2003 7 2 3 2 1 38 38 128 0 0.004 0.159 0.484 0.283 0.062 0.008 0 0 0 0 0 0 0 0 0 0 0 0 0 0
 2003 7 2 3 2 1 40 40 106 0 0 0.091 0.487 0.342 0.07 0.011 0 0 0 0 0 0 0 0 0 0 0 0 0 0
 2003 7 2 3 2 1 42 42 76 0 0 0.024 0.457 0.37 0.094 0.039 0.016 0 0 0 0 0 0 0 0 0 0 0 0 0
 2003 7 2 3 2 1 44 44 59 0 0 0.034 0.33 0.443 0.17 0.023 0 0 0 0 0 0 0 0 0 0 0 0 0 0
 2003 7 2 3 2 1 46 46 50 0 0 0.013 0.192 0.526 0.218 0.051 0 0 0 0 0 0 0 0 0 0 0 0 0 0
 2003 7 2 3 2 1 48 48 36 0 0 0 0.235 0.608 0.137 0.02 0 0 0 0 0 0 0 0 0 0 0 0 0 0
 2003 7 2 3 2 1 50 50 20 0 0 0 0.038 0.769 0.115 0.077 0 0 0 0 0 0 0 0 0 0 0 0 0 0
 2003 7 2 3 2 1 52 52 17 0 0 0 0.056 0.5 0.333 0.111 0 0 0 0 0 0 0 0 0 0 0 0 0 0
 2003 7 2 3 2 1 54 54 19 0 0 0 0.16 0.56 0.2 0.04 0 0 0.04 0 0 0 0 0 0 0 0 0 0 0
 2003 7 2 3 2 1 56 56 10 0 0 0 0.1 0.1 0.4 0.4 0 0 0 0 0 0 0 0 0 0 0 0 0 0
 2003 7 2 3 2 1 58 58 9 0 0 0 0.111 0.222 0.222 0.222 0.111 0 0.111 0 0 0 0 0 0 0 0 0 0 0
 2003 7 2 3 2 1 60 60 14 0 0 0 0 0.214 0.286 0.5 0 0 0 0 0 0 0 0 0 0 0 0 0 0
 2003 7 2 3 2 1 62 62 12 0 0 0 0.071 0.143 0.214 0.5 0.071 0 0 0 0 0 0 0 0 0 0 0 0 0
 2003 7 2 3 2 1 64 64 12 0 0 0 0 0 0.071 0.714 0.143 0.071 0 0 0 0 0 0 0 0 0 0 0 0
 2003 7 2 3 2 1 66 66 3 0 0 0 0 0 0 0 1 0 0 0 0 0 0 0 0 0 0 0 0 0
 2003 7 2 3 2 1 68 68 8 0 0 0 0 0 0 0.625 0.125 0.25 0 0 0 0 0 0 0 0 0 0 0 0
 2003 7 2 3 2 1 70 70 12 0 0 0 0 0 0.071 0.286 0.357 0.286 0 0 0 0 0 0 0 0 0 0 0 0
 2003 7 2 3 2 1 72 72 5 0 0 0 0 0 0 0 1 0 0 0 0 0 0 0 0 0 0 0 0 0
 -2003 7 2 3 2 1 74 74 1 0 0 0 0 0 0 1 0 0 0 0 0 0 0 0 0 0 0 0 0 0
 2003 7 2 3 2 1 76 76 5 0 0 0 0 0 0 0.143 0 0.143 0.143 0 0.143 0.143 0 0 0 0.143 0 0 0 0.143
 2003 7 2 3 2 1 78 78 4 0 0 0 0 0 0 0 0 0.143 0 0.143 0.143 0.143 0 0 0 0 0 0.143 0 0.286
 2003 7 2 3 2 1 80 80 4 0 0 0 0 0 0 0 0 0 0 0.25 0.25 0 0 0 0 0.25 0 0 0 0.25
 -2003 7 2 3 2 1 82 82 1 0 0 0 0 0 0 0 0 0 0 0 0 1 0 0 0 0 0 0 0 0
 2003 7 2 3 2 1 84 84 2 0 0 0 0 0 0 0 0 0 0 0 0 0 0 0 0 0 0.5 0 0 0.5
 2003 7 2 3 2 1 86 86 3 0 0 0 0 0 0 0 0 0 0 0 0 0 0 0 0 0 0 0.333 0 0.667
 2004 7 2 3 2 1 32 32 7 0 0 0.875 0.125 0 0 0 0 0 0 0 0 0 0 0 0 0 0 0 0 0
 2004 7 2 3 2 1 34 34 44 0 0.031 0.433 0.454 0.052 0.031 0 0 0 0 0 0 0 0 0 0 0 0 0 0 0
 2004 7 2 3 2 1 36 36 68 0 0 0.414 0.42 0.154 0.006 0.006 0 0 0 0 0 0 0 0 0 0 0 0 0 0
 2004 7 2 3 2 1 38 38 65 0 0.012 0.244 0.488 0.194 0.05 0.013 0 0 0 0 0 0 0 0 0 0 0 0 0 0
 2004 7 2 3 2 1 40 40 53 0 0.009 0.178 0.495 0.252 0.065 0 0 0 0 0 0 0 0 0 0 0 0 0 0 0
 2004 7 2 3 2 1 42 42 57 0 0.01 0.104 0.302 0.479 0.094 0.01 0 0 0 0 0 0 0 0 0 0 0 0 0 0
 2004 7 2 3 2 1 44 44 44 0 0 0.074 0.162 0.603 0.118 0.015 0.029 0 0 0 0 0 0 0 0 0 0 0 0 0
 2004 7 2 3 2 1 46 46 40 0 0 0.038 0.132 0.679 0.151 0 0 0 0 0 0 0 0 0 0 0 0 0 0 0
 2004 7 2 3 2 1 48 48 38 0 0 0.021 0.17 0.532 0.234 0.043 0 0 0 0 0 0 0 0 0 0 0 0 0 0
 2004 7 2 3 2 1 50 50 19 0 0 0 0.045 0.636 0.273 0.045 0 0 0 0 0 0 0 0 0 0 0 0 0 0
 2004 7 2 3 2 1 52 52 23 0 0 0 0.074 0.481 0.407 0.037 0 0 0 0 0 0 0 0 0 0 0 0 0 0
 2004 7 2 3 2 1 54 54 17 0 0 0 0.042 0.292 0.583 0.042 0.042 0 0 0 0 0 0 0 0 0 0 0 0 0
 2004 7 2 3 2 1 56 56 15 0 0 0 0 0.188 0.5 0.188 0.062 0 0.062 0 0 0 0 0 0 0 0 0 0 0
 2004 7 2 3 2 1 58 58 14 0 0 0 0 0.188 0.75 0.062 0 0 0 0 0 0 0 0 0 0 0 0 0 0
 2004 7 2 3 2 1 60 60 13 0 0 0 0 0.286 0.429 0.071 0.071 0 0 0 0 0.071 0.071 0 0 0 0 0 0 0
 2004 7 2 3 2 1 62 62 6 0 0 0 0 0 0.833 0.167 0 0 0 0 0 0 0 0 0 0 0 0 0 0
 2004 7 2 3 2 1 64 64 8 0 0 0 0 0 0.444 0.111 0.333 0.111 0 0 0 0 0 0 0 0 0 0 0 0
 2004 7 2 3 2 1 66 66 9 0 0 0 0 0 0.444 0.222 0.222 0 0 0 0.111 0 0 0 0 0 0 0 0 0
 2004 7 2 3 2 1 68 68 4 0 0 0 0 0.25 0 0.25 0.25 0.25 0 0 0 0 0 0 0 0 0 0 0 0
 2004 7 2 3 2 1 70 70 3 0 0 0 0 0 0 0 0.667 0 0.333 0 0 0 0 0 0 0 0 0 0 0
 2004 7 2 3 2 1 72 72 5 0 0 0 0 0 0 0.4 0.4 0.2 0 0 0 0 0 0 0 0 0 0 0 0
 2004 7 2 3 2 1 74 74 4 0 0 0 0 0 0 0 0 0.25 0.25 0.25 0 0 0.25 0 0 0 0 0 0 0
 2004 7 2 3 2 1 76 76 2 0 0 0 0 0 0 0 0 0 0 0 0 0.5 0.5 0 0 0 0 0 0 0
 2004 7 2 3 2 1 78 78 3 0 0 0 0 0 0 0 0 0.333 0.333 0 0.333 0 0 0 0 0 0 0 0 0
 -2004 7 2 3 2 1 80 80 1 0 0 0 0 0 0 0 0 0 0 0 0 0 0 0 1 0 0 0 0 0
 -2005 7 2 3 2 1 30 30 1 0 0 0 0 1 0 0 0 0 0 0 0 0 0 0 0 0 0 0 0 0
 2005 7 2 3 2 1 32 32 8 0 0.111 0.667 0.222 0 0 0 0 0 0 0 0 0 0 0 0 0 0 0 0 0
 2005 7 2 3 2 1 34 34 51 0 0 0.328 0.562 0.102 0.008 0 0 0 0 0 0 0 0 0 0 0 0 0 0 0
 2005 7 2 3 2 1 36 36 67 0 0 0.265 0.643 0.056 0.031 0.005 0 0 0 0 0 0 0 0 0 0 0 0 0 0
 2005 7 2 3 2 1 38 38 71 0 0 0.066 0.675 0.157 0.09 0.012 0 0 0 0 0 0 0 0 0 0 0 0 0 0
 2005 7 2 3 2 1 40 40 58 0 0 0.041 0.686 0.165 0.091 0.008 0 0 0.008 0 0 0 0 0 0 0 0 0 0 0
 2005 7 2 3 2 1 42 42 57 0 0 0.04 0.446 0.297 0.139 0.069 0.01 0 0 0 0 0 0 0 0 0 0 0 0 0
 2005 7 2 3 2 1 44 44 46 0 0 0.06 0.358 0.239 0.209 0.134 0 0 0 0 0 0 0 0 0 0 0 0 0 0
 2005 7 2 3 2 1 46 46 45 0 0 0.017 0.217 0.45 0.217 0.067 0.017 0.017 0 0 0 0 0 0 0 0 0 0 0 0
 2005 7 2 3 2 1 48 48 34 0 0 0 0.132 0.321 0.453 0.075 0.019 0 0 0 0 0 0 0 0 0 0 0 0 0
 2005 7 2 3 2 1 50 50 25 0 0 0 0.067 0.467 0.333 0.1 0.033 0 0 0 0 0 0 0 0 0 0 0 0 0
 2005 7 2 3 2 1 52 52 25 0 0 0 0 0.3 0.367 0.333 0 0 0 0 0 0 0 0 0 0 0 0 0 0
 2005 7 2 3 2 1 54 54 18 0 0 0 0 0.185 0.704 0.111 0 0 0 0 0 0 0 0 0 0 0 0 0 0
 2005 7 2 3 2 1 56 56 20 0 0 0 0.045 0.318 0.409 0.091 0.136 0 0 0 0 0 0 0 0 0 0 0 0 0
 2005 7 2 3 2 1 58 58 14 0 0 0 0 0.125 0.437 0.25 0.125 0.062 0 0 0 0 0 0 0 0 0 0 0 0
 2005 7 2 3 2 1 60 60 8 0 0 0 0 0.222 0.556 0.111 0.111 0 0 0 0 0 0 0 0 0 0 0 0 0
 2005 7 2 3 2 1 62 62 12 0 0 0 0 0.071 0.429 0.214 0.286 0 0 0 0 0 0 0 0 0 0 0 0 0
 2005 7 2 3 2 1 64 64 11 0 0 0 0 0 0.25 0.667 0.083 0 0 0 0 0 0 0 0 0 0 0 0 0
 2005 7 2 3 2 1 66 66 8 0 0 0 0 0 0.3 0.4 0.2 0.1 0 0 0 0 0 0 0 0 0 0 0 0
 2005 7 2 3 2 1 68 68 6 0 0 0 0 0 0 0.5 0.333 0 0.167 0 0 0 0 0 0 0 0 0 0 0
 2005 7 2 3 2 1 70 70 3 0 0 0 0 0 0.25 0 0 0.25 0.25 0.25 0 0 0 0 0 0 0 0 0 0
 2005 7 2 3 2 1 72 72 3 0 0 0 0 0 0 0.25 0 0.25 0 0 0.25 0 0.25 0 0 0 0 0 0 0
 2005 7 2 3 2 1 74 74 3 0 0 0 0 0 0 0 0.333 0.333 0 0 0 0 0.333 0 0 0 0 0 0 0
 2005 7 2 3 2 1 76 76 5 0 0 0 0 0 0 0 0 0 0.2 0.6 0 0 0 0.2 0 0 0 0 0 0
 2005 7 2 3 2 1 78 78 3 0 0 0 0 0 0 0 0 0 0 0.667 0 0.333 0 0 0 0 0 0 0 0
 2005 7 2 3 2 1 80 80 2 0 0 0 0 0 0 0 0 0 0.333 0 0 0 0 0.333 0 0 0 0 0.333 0
 -2005 7 2 3 2 1 86 86 1 0 0 0 0 0 0 0 0 0 0 0 0 0 0 0 0 0 0 0 0 1
 -2006 7 2 3 2 1 30 30 1 0 0 1 0 0 0 0 0 0 0 0 0 0 0 0 0 0 0 0 0 0
 2006 7 2 3 2 1 32 32 14 0 0.107 0.607 0.286 0 0 0 0 0 0 0 0 0 0 0 0 0 0 0 0 0
 2006 7 2 3 2 1 34 34 66 0 0.021 0.446 0.466 0.057 0.01 0 0 0 0 0 0 0 0 0 0 0 0 0 0 0
 2006 7 2 3 2 1 36 36 71 0 0 0.324 0.564 0.098 0.013 0 0 0 0 0 0 0 0 0 0 0 0 0 0 0
 2006 7 2 3 2 1 38 38 75 0 0.012 0.212 0.533 0.218 0.018 0 0.006 0 0 0 0 0 0 0 0 0 0 0 0 0
 2006 7 2 3 2 1 40 40 66 0 0.009 0.171 0.462 0.274 0.06 0.017 0.009 0 0 0 0 0 0 0 0 0 0 0 0 0
 2006 7 2 3 2 1 42 42 49 0 0 0.063 0.367 0.443 0.063 0.063 0 0 0 0 0 0 0 0 0 0 0 0 0 0
 2006 7 2 3 2 1 44 44 39 0 0 0.096 0.154 0.558 0.096 0.096 0 0 0 0 0 0 0 0 0 0 0 0 0 0
 2006 7 2 3 2 1 46 46 37 0 0 0.019 0.135 0.596 0.135 0.058 0.038 0.019 0 0 0 0 0 0 0 0 0 0 0 0
 2006 7 2 3 2 1 48 48 31 0 0 0.024 0.341 0.39 0.098 0.073 0.049 0.024 0 0 0 0 0 0 0 0 0 0 0 0
 2006 7 2 3 2 1 50 50 23 0 0 0 0.107 0.429 0.214 0.179 0.036 0.036 0 0 0 0 0 0 0 0 0 0 0 0
 2006 7 2 3 2 1 52 52 16 0 0 0 0.118 0.412 0.294 0.118 0.059 0 0 0 0 0 0 0 0 0 0 0 0 0
 2006 7 2 3 2 1 54 54 12 0 0 0 0.333 0.333 0.25 0 0 0.083 0 0 0 0 0 0 0 0 0 0 0 0
 2006 7 2 3 2 1 56 56 13 0 0 0 0 0.231 0.462 0.154 0.154 0 0 0 0 0 0 0 0 0 0 0 0 0
 2006 7 2 3 2 1 58 58 13 0 0 0 0.118 0.294 0.235 0.235 0.118 0 0 0 0 0 0 0 0 0 0 0 0 0
 2006 7 2 3 2 1 60 60 13 0 0 0 0 0.118 0.176 0.176 0.529 0 0 0 0 0 0 0 0 0 0 0 0 0
 2006 7 2 3 2 1 62 62 15 0 0 0 0 0 0.353 0.353 0.235 0.059 0 0 0 0 0 0 0 0 0 0 0 0
 2006 7 2 3 2 1 64 64 11 0 0 0 0 0.111 0.278 0.278 0.167 0.167 0 0 0 0 0 0 0 0 0 0 0 0
 2006 7 2 3 2 1 66 66 6 0 0 0 0 0 0.143 0.286 0.429 0.143 0 0 0 0 0 0 0 0 0 0 0 0
 2006 7 2 3 2 1 68 68 6 0 0 0 0 0 0.125 0.25 0.25 0.25 0.125 0 0 0 0 0 0 0 0 0 0 0
 2006 7 2 3 2 1 70 70 7 0 0 0 0 0 0.111 0.333 0.444 0 0.111 0 0 0 0 0 0 0 0 0 0 0
 2006 7 2 3 2 1 72 72 11 0 0 0 0 0 0 0.167 0.333 0.083 0.083 0.167 0.083 0.083 0 0 0 0 0 0 0 0
 2006 7 2 3 2 1 74 74 3 0 0 0 0 0 0 0 0.2 0.2 0.2 0.2 0 0 0.2 0 0 0 0 0 0 0
 2006 7 2 3 2 1 76 76 6 0 0 0 0 0.143 0 0 0.429 0.143 0 0.143 0 0 0 0 0 0.143 0 0 0 0
 2006 7 2 3 2 1 80 80 4 0 0 0 0 0 0 0 0 0 0.25 0 0 0 0 0.25 0.25 0 0 0 0 0.25
 2006 7 2 3 2 1 82 82 2 0 0 0 0 0 0 0.5 0 0 0 0 0 0 0 0 0 0 0.5 0 0 0
 2007 7 2 3 2 1 28 28 3 0 0.5 0.25 0.25 0 0 0 0 0 0 0 0 0 0 0 0 0 0 0 0 0
 2007 7 2 3 2 1 30 30 46 0 0.107 0.553 0.301 0.039 0 0 0 0 0 0 0 0 0 0 0 0 0 0 0 0
 2007 7 2 3 2 1 32 32 74 0 0.006 0.56 0.38 0.054 0 0 0 0 0 0 0 0 0 0 0 0 0 0 0 0
 2007 7 2 3 2 1 34 34 99 0 0.005 0.38 0.552 0.062 0 0 0 0 0 0 0 0 0 0 0 0 0 0 0 0
 2007 7 2 3 2 1 36 36 75 0 0 0.241 0.679 0.08 0 0 0 0 0 0 0 0 0 0 0 0 0 0 0 0
 2007 7 2 3 2 1 38 38 71 0 0 0.123 0.617 0.241 0.006 0.012 0 0 0 0 0 0 0 0 0 0 0 0 0 0
 2007 7 2 3 2 1 40 40 50 0 0 0.134 0.639 0.186 0.021 0.021 0 0 0 0 0 0 0 0 0 0 0 0 0 0
 2007 7 2 3 2 1 42 42 38 0 0 0.029 0.721 0.221 0.029 0 0 0 0 0 0 0 0 0 0 0 0 0 0 0
 2007 7 2 3 2 1 44 44 27 0 0 0 0.439 0.488 0.073 0 0 0 0 0 0 0 0 0 0 0 0 0 0 0
 2007 7 2 3 2 1 46 46 22 0 0 0.033 0.4 0.4 0.167 0 0 0 0 0 0 0 0 0 0 0 0 0 0 0
 2007 7 2 3 2 1 48 48 10 0 0 0 0.286 0.5 0.071 0.143 0 0 0 0 0 0 0 0 0 0 0 0 0 0
 2007 7 2 3 2 1 50 50 9 0 0 0 0.2 0.4 0.4 0 0 0 0 0 0 0 0 0 0 0 0 0 0 0
 2007 7 2 3 2 1 52 52 6 0 0 0 0 0.75 0.25 0 0 0 0 0 0 0 0 0 0 0 0 0 0 0
 -2007 7 2 3 2 1 54 54 1 0 0 0 0 1 0 0 0 0 0 0 0 0 0 0 0 0 0 0 0 0
 2007 7 2 3 2 1 56 56 3 0 0 0 0 0.6 0.2 0 0 0 0.2 0 0 0 0 0 0 0 0 0 0 0
 2007 7 2 3 2 1 58 58 3 0 0 0 0 0.5 0.25 0 0.25 0 0 0 0 0 0 0 0 0 0 0 0 0
 -2007 7 2 3 2 1 62 62 1 0 0 0 1 0 0 0 0 0 0 0 0 0 0 0 0 0 0 0 0 0
 2007 7 2 3 2 1 66 66 2 0 0 0 0 0.5 0 0.5 0 0 0 0 0 0 0 0 0 0 0 0 0 0
 -2007 7 2 3 2 1 68 68 1 0 0 0 0 0 1 0 0 0 0 0 0 0 0 0 0 0 0 0 0 0
 2007 7 2 3 2 1 70 70 2 0 0 0 0 0 0.5 0 0.5 0 0 0 0 0 0 0 0 0 0 0 0 0
 -2007 7 2 3 2 1 74 74 1 0 0 0 0 0 0 1 0 0 0 0 0 0 0 0 0 0 0 0 0 0
 2007 7 2 3 2 1 76 76 2 0 0 0 0 0 0 0.5 0 0 0 0 0 0 0 0.5 0 0 0 0 0 0
 -2007 7 2 3 2 1 78 78 1 0 0 0 0 0 0 0 1 0 0 0 0 0 0 0 0 0 0 0 0 0
 2008 7 2 3 2 1 28 28 3 0 0 0.667 0.333 0 0 0 0 0 0 0 0 0 0 0 0 0 0 0 0 0
 2008 7 2 3 2 1 30 30 21 0 0.048 0.643 0.286 0.024 0 0 0 0 0 0 0 0 0 0 0 0 0 0 0 0
 2008 7 2 3 2 1 32 32 37 0 0 0.642 0.358 0 0 0 0 0 0 0 0 0 0 0 0 0 0 0 0 0
 2008 7 2 3 2 1 34 34 52 0 0 0.41 0.486 0.105 0 0 0 0 0 0 0 0 0 0 0 0 0 0 0 0
 2008 7 2 3 2 1 36 36 52 0 0 0.317 0.455 0.218 0.01 0 0 0 0 0 0 0 0 0 0 0 0 0 0 0
 2008 7 2 3 2 1 38 38 60 0 0 0.231 0.512 0.231 0.025 0 0 0 0 0 0 0 0 0 0 0 0 0 0 0
 2008 7 2 3 2 1 40 40 67 0 0 0.09 0.459 0.41 0.033 0.008 0 0 0 0 0 0 0 0 0 0 0 0 0 0
 2008 7 2 3 2 1 42 42 65 0 0 0.056 0.363 0.565 0.016 0 0 0 0 0 0 0 0 0 0 0 0 0 0 0
 2008 7 2 3 2 1 44 44 52 0 0 0.013 0.321 0.564 0.09 0.013 0 0 0 0 0 0 0 0 0 0 0 0 0 0
 2008 7 2 3 2 1 46 46 38 0 0 0.02 0.255 0.667 0.059 0 0 0 0 0 0 0 0 0 0 0 0 0 0 0
 2008 7 2 3 2 1 48 48 26 0 0 0 0.229 0.514 0.257 0 0 0 0 0 0 0 0 0 0 0 0 0 0 0
 2008 7 2 3 2 1 50 50 19 0 0 0.048 0.095 0.571 0.238 0.048 0 0 0 0 0 0 0 0 0 0 0 0 0 0
 2008 7 2 3 2 1 52 52 14 0 0 0 0.067 0.867 0.067 0 0 0 0 0 0 0 0 0 0 0 0 0 0 0
 2008 7 2 3 2 1 54 54 11 0 0 0 0.071 0.786 0.143 0 0 0 0 0 0 0 0 0 0 0 0 0 0 0
 2008 7 2 3 2 1 56 56 10 0 0 0.077 0.077 0.385 0.462 0 0 0 0 0 0 0 0 0 0 0 0 0 0 0
 2008 7 2 3 2 1 58 58 3 0 0 0 0 0.75 0.25 0 0 0 0 0 0 0 0 0 0 0 0 0 0 0
 2008 7 2 3 2 1 60 60 7 0 0 0.125 0.125 0.25 0.25 0.25 0 0 0 0 0 0 0 0 0 0 0 0 0 0
 2008 7 2 3 2 1 62 62 4 0 0 0 0 0.6 0.4 0 0 0 0 0 0 0 0 0 0 0 0 0 0 0
 2008 7 2 3 2 1 64 64 2 0 0 0 0 0 1 0 0 0 0 0 0 0 0 0 0 0 0 0 0 0
 -2008 7 2 3 2 1 68 68 1 0 0 0 0 0 1 0 0 0 0 0 0 0 0 0 0 0 0 0 0 0
 -2008 7 2 3 2 1 72 72 1 0 0 0 0 0 0 0 0 0 0 1 0 0 0 0 0 0 0 0 0 0
 2009 7 2 3 2 1 28 28 4 0 0 0.75 0.25 0 0 0 0 0 0 0 0 0 0 0 0 0 0 0 0 0
 2009 7 2 3 2 1 30 30 23 0 0.059 0.735 0.206 0 0 0 0 0 0 0 0 0 0 0 0 0 0 0 0 0
 2009 7 2 3 2 1 32 32 51 0 0.043 0.511 0.38 0.065 0 0 0 0 0 0 0 0 0 0 0 0 0 0 0 0
 2009 7 2 3 2 1 34 34 58 0 0 0.337 0.577 0.077 0.01 0 0 0 0 0 0 0 0 0 0 0 0 0 0 0
 2009 7 2 3 2 1 36 36 57 0 0 0.149 0.62 0.182 0.05 0 0 0 0 0 0 0 0 0 0 0 0 0 0 0
 2009 7 2 3 2 1 38 38 55 0 0 0.093 0.62 0.24 0.047 0 0 0 0 0 0 0 0 0 0 0 0 0 0 0
 2009 7 2 3 2 1 40 40 51 0 0 0.04 0.52 0.39 0.04 0.01 0 0 0 0 0 0 0 0 0 0 0 0 0 0
 2009 7 2 3 2 1 42 42 44 0 0 0.028 0.403 0.458 0.097 0.014 0 0 0 0 0 0 0 0 0 0 0 0 0 0
 2009 7 2 3 2 1 44 44 42 0 0 0 0.228 0.614 0.123 0.035 0 0 0 0 0 0 0 0 0 0 0 0 0 0
 2009 7 2 3 2 1 46 46 30 0 0 0.022 0.152 0.674 0.152 0 0 0 0 0 0 0 0 0 0 0 0 0 0 0
 2009 7 2 3 2 1 48 48 26 0 0 0 0.1 0.475 0.425 0 0 0 0 0 0 0 0 0 0 0 0 0 0 0
 2009 7 2 3 2 1 50 50 28 0 0 0 0.1 0.475 0.375 0.05 0 0 0 0 0 0 0 0 0 0 0 0 0 0
 2009 7 2 3 2 1 52 52 17 0 0 0 0.111 0.444 0.278 0.167 0 0 0 0 0 0 0 0 0 0 0 0 0 0
 2009 7 2 3 2 1 54 54 17 0 0 0 0 0.4 0.4 0.2 0 0 0 0 0 0 0 0 0 0 0 0 0 0
 2009 7 2 3 2 1 56 56 9 0 0 0 0 0.364 0.455 0.091 0.091 0 0 0 0 0 0 0 0 0 0 0 0 0
 2009 7 2 3 2 1 58 58 9 0 0 0 0 0.333 0.667 0 0 0 0 0 0 0 0 0 0 0 0 0 0 0
 2009 7 2 3 2 1 60 60 10 0 0 0 0 0.1 0.8 0.1 0 0 0 0 0 0 0 0 0 0 0 0 0 0
 2009 7 2 3 2 1 62 62 4 0 0 0 0 0.25 0.25 0.5 0 0 0 0 0 0 0 0 0 0 0 0 0 0
 2009 7 2 3 2 1 64 64 3 0 0 0 0 0 0 1 0 0 0 0 0 0 0 0 0 0 0 0 0 0
 -2009 7 2 3 2 1 66 66 1 0 0 0 0 0 1 0 0 0 0 0 0 0 0 0 0 0 0 0 0 0
 -2009 7 2 3 2 1 70 70 1 0 0 0 0 0 0 0 1 0 0 0 0 0 0 0 0 0 0 0 0 0
 -2009 7 2 3 2 1 72 72 1 0 0 0 1 0 0 0 0 0 0 0 0 0 0 0 0 0 0 0 0 0
 -2009 7 2 3 2 1 82 82 1 0 0 0 0 0 0 0 0 0 0 1 0 0 0 0 0 0 0 0 0 0
 -2010 7 2 3 2 1 26 26 1 0 1 0 0 0 0 0 0 0 0 0 0 0 0 0 0 0 0 0 0 0
 2010 7 2 3 2 1 30 30 24 0 0.025 0.275 0.5 0.15 0.05 0 0 0 0 0 0 0 0 0 0 0 0 0 0 0
 2010 7 2 3 2 1 32 32 59 0 0 0.362 0.543 0.064 0.032 0 0 0 0 0 0 0 0 0 0 0 0 0 0 0
 2010 7 2 3 2 1 34 34 74 0 0 0.273 0.455 0.231 0.041 0 0 0 0 0 0 0 0 0 0 0 0 0 0 0
 2010 7 2 3 2 1 36 36 94 0 0 0.221 0.571 0.157 0.05 0 0 0 0 0 0 0 0 0 0 0 0 0 0 0
 2010 7 2 3 2 1 38 38 88 0 0 0.085 0.538 0.3 0.054 0.015 0 0.008 0 0 0 0 0 0 0 0 0 0 0 0
 2010 7 2 3 2 1 40 40 81 0 0 0.05 0.454 0.412 0.084 0 0 0 0 0 0 0 0 0 0 0 0 0 0 0
 2010 7 2 3 2 1 42 42 68 0 0 0.019 0.288 0.538 0.154 0 0 0 0 0 0 0 0 0 0 0 0 0 0 0
 2010 7 2 3 2 1 44 44 50 0 0 0 0.186 0.557 0.186 0.043 0.029 0 0 0 0 0 0 0 0 0 0 0 0 0
 2010 7 2 3 2 1 46 46 42 0 0 0 0.14 0.509 0.281 0.053 0.018 0 0 0 0 0 0 0 0 0 0 0 0 0
 2010 7 2 3 2 1 48 48 45 0 0 0 0.127 0.527 0.309 0.018 0 0.018 0 0 0 0 0 0 0 0 0 0 0 0
 2010 7 2 3 2 1 50 50 42 0 0 0.019 0.115 0.538 0.288 0.019 0.019 0 0 0 0 0 0 0 0 0 0 0 0 0
 2010 7 2 3 2 1 52 52 27 0 0 0 0.088 0.353 0.382 0.118 0.059 0 0 0 0 0 0 0 0 0 0 0 0 0
 2010 7 2 3 2 1 54 54 19 0 0 0 0.038 0.192 0.5 0.231 0.038 0 0 0 0 0 0 0 0 0 0 0 0 0
 2010 7 2 3 2 1 56 56 14 0 0 0 0 0.235 0.529 0.235 0 0 0 0 0 0 0 0 0 0 0 0 0 0
 2010 7 2 3 2 1 58 58 18 0 0 0 0.087 0.087 0.522 0.304 0 0 0 0 0 0 0 0 0 0 0 0 0 0
 2010 7 2 3 2 1 60 60 14 0 0 0 0 0.062 0.562 0.375 0 0 0 0 0 0 0 0 0 0 0 0 0 0
 2010 7 2 3 2 1 62 62 15 0 0 0 0 0.067 0.4 0.533 0 0 0 0 0 0 0 0 0 0 0 0 0 0
 2010 7 2 3 2 1 64 64 11 0 0 0 0 0 0.417 0.5 0.083 0 0 0 0 0 0 0 0 0 0 0 0 0
 2010 7 2 3 2 1 66 66 6 0 0 0 0 0 0.143 0.857 0 0 0 0 0 0 0 0 0 0 0 0 0 0
 2010 7 2 3 2 1 68 68 6 0 0 0 0 0 0.25 0.25 0.125 0.375 0 0 0 0 0 0 0 0 0 0 0 0
 2010 7 2 3 2 1 70 70 4 0 0 0 0 0 0 0.5 0 0.25 0 0.25 0 0 0 0 0 0 0 0 0 0
 2010 7 2 3 2 1 72 72 2 0 0 0 0 0 0 0.5 0.5 0 0 0 0 0 0 0 0 0 0 0 0 0
 2010 7 2 3 2 1 74 74 2 0 0 0 0 0 0 0.5 0 0.5 0 0 0 0 0 0 0 0 0 0 0 0
 2011 7 2 3 2 1 28 28 2 0 0 0.667 0 0 0.333 0 0 0 0 0 0 0 0 0 0 0 0 0 0 0
 2011 7 2 3 2 1 30 30 24 0 0.025 0.45 0.175 0.3 0.05 0 0 0 0 0 0 0 0 0 0 0 0 0 0 0
 2011 7 2 3 2 1 32 32 70 0 0.011 0.407 0.352 0.209 0.022 0 0 0 0 0 0 0 0 0 0 0 0 0 0 0
 2011 7 2 3 2 1 34 34 103 0 0.007 0.25 0.311 0.392 0.034 0.007 0 0 0 0 0 0 0 0 0 0 0 0 0 0
 2011 7 2 3 2 1 36 36 123 0 0 0.176 0.264 0.478 0.063 0.019 0 0 0 0 0 0 0 0 0 0 0 0 0 0
 2011 7 2 3 2 1 38 38 148 0 0 0.096 0.178 0.624 0.086 0.01 0.005 0 0 0 0 0 0 0 0 0 0 0 0 0
 2011 7 2 3 2 1 40 40 173 0 0.005 0.033 0.126 0.642 0.153 0.037 0.005 0 0 0 0 0 0 0 0 0 0 0 0 0
 2011 7 2 3 2 1 42 42 204 0 0 0.004 0.098 0.587 0.272 0.021 0.013 0.004 0 0 0 0 0 0 0 0 0 0 0 0
 2011 7 2 3 2 1 44 44 186 0 0 0.01 0.046 0.518 0.35 0.046 0.025 0.005 0 0 0 0 0 0 0 0 0 0 0 0
 2011 7 2 3 2 1 46 46 175 0 0 0 0.021 0.474 0.391 0.073 0.036 0 0.005 0 0 0 0 0 0 0 0 0 0 0
 2011 7 2 3 2 1 48 48 184 0 0 0.01 0.02 0.44 0.425 0.075 0.015 0.015 0 0 0 0 0 0 0 0 0 0 0 0
 2011 7 2 3 2 1 50 50 154 0 0 0 0.006 0.331 0.503 0.117 0.031 0.012 0 0 0 0 0 0 0 0 0 0 0 0
 2011 7 2 3 2 1 52 52 142 0 0 0 0.007 0.364 0.49 0.126 0.013 0 0 0 0 0 0 0 0 0 0 0 0 0
 2011 7 2 3 2 1 54 54 125 0 0 0 0 0.225 0.535 0.155 0.039 0.039 0.008 0 0 0 0 0 0 0 0 0 0 0
 2011 7 2 3 2 1 56 56 78 0 0 0 0 0.146 0.598 0.195 0.061 0 0 0 0 0 0 0 0 0 0 0 0 0
 2011 7 2 3 2 1 58 58 55 0 0 0 0 0.051 0.61 0.271 0.068 0 0 0 0 0 0 0 0 0 0 0 0 0
 2011 7 2 3 2 1 60 60 55 0 0 0 0 0.035 0.509 0.298 0.123 0.035 0 0 0 0 0 0 0 0 0 0 0 0
 2011 7 2 3 2 1 62 62 54 0 0 0 0 0.018 0.411 0.393 0.161 0.018 0 0 0 0 0 0 0 0 0 0 0 0
 2011 7 2 3 2 1 64 64 36 0 0 0 0 0 0.324 0.405 0.135 0.081 0.054 0 0 0 0 0 0 0 0 0 0 0
 2011 7 2 3 2 1 66 66 25 0 0 0 0 0.038 0.192 0.538 0.154 0.077 0 0 0 0 0 0 0 0 0 0 0 0
 2011 7 2 3 2 1 68 68 13 0 0 0 0 0 0.077 0.231 0.615 0.077 0 0 0 0 0 0 0 0 0 0 0 0
 2011 7 2 3 2 1 70 70 10 0 0 0 0 0 0 0.182 0.545 0.091 0.091 0 0.091 0 0 0 0 0 0 0 0 0
 2011 7 2 3 2 1 72 72 3 0 0 0 0 0 0.333 0 0.333 0 0.333 0 0 0 0 0 0 0 0 0 0 0
 2011 7 2 3 2 1 74 74 2 0 0 0 0 0 0 0 0.5 0.5 0 0 0 0 0 0 0 0 0 0 0 0
 2011 7 2 3 2 1 76 76 3 0 0 0 0 0 0 0 0 0.667 0.333 0 0 0 0 0 0 0 0 0 0 0
 -2011 7 2 3 2 1 80 80 1 0 0 0 0 0 0 0 0 0 1 0 0 0 0 0 0 0 0 0 0 0
 -2011 7 2 3 2 1 90 90 1 0 0 0 0 0 0 0 0 0 0 0 0 0 0 0 0 0 0 0 0 1
 2012 7 2 3 2 1 24 24 4 0 0.75 0.25 0 0 0 0 0 0 0 0 0 0 0 0 0 0 0 0 0 0
 2012 7 2 3 2 1 26 26 9 0 0.75 0.25 0 0 0 0 0 0 0 0 0 0 0 0 0 0 0 0 0 0
 2012 7 2 3 2 1 28 28 12 0 0.538 0.462 0 0 0 0 0 0 0 0 0 0 0 0 0 0 0 0 0 0
 2012 7 2 3 2 1 30 30 48 0 0.194 0.448 0.343 0 0 0.015 0 0 0 0 0 0 0 0 0 0 0 0 0 0
 2012 7 2 3 2 1 32 32 102 0 0.037 0.447 0.453 0.031 0.025 0.006 0 0 0 0 0 0 0 0 0 0 0 0 0 0
 2012 7 2 3 2 1 34 34 131 0 0 0.208 0.73 0.035 0.022 0.004 0 0 0 0 0 0 0 0 0 0 0 0 0 0
 2012 7 2 3 2 1 36 36 166 0 0.004 0.144 0.611 0.125 0.093 0.016 0.008 0 0 0 0 0 0 0 0 0 0 0 0 0
 2012 7 2 3 2 1 38 38 193 0 0 0.037 0.52 0.186 0.216 0.041 0 0 0 0 0 0 0 0 0 0 0 0 0 0
 2012 7 2 3 2 1 40 40 176 0 0 0.024 0.294 0.237 0.355 0.057 0.029 0.004 0 0 0 0 0 0 0 0 0 0 0 0
 2012 7 2 3 2 1 42 42 222 0 0 0.017 0.168 0.253 0.432 0.116 0.01 0.003 0 0 0 0 0 0 0 0 0 0 0 0
 2012 7 2 3 2 1 44 44 210 0 0 0.004 0.093 0.266 0.432 0.17 0.023 0.008 0.004 0 0 0 0 0 0 0 0 0 0 0
 2012 7 2 3 2 1 46 46 203 0 0 0 0.026 0.146 0.532 0.227 0.052 0.009 0.009 0 0 0 0 0 0 0 0 0 0 0
 2012 7 2 3 2 1 48 48 219 0 0 0 0.02 0.161 0.49 0.245 0.048 0.02 0.016 0 0 0 0 0 0 0 0 0 0 0
 2012 7 2 3 2 1 50 50 181 0 0 0 0.025 0.116 0.568 0.196 0.05 0.035 0.005 0.005 0 0 0 0 0 0 0 0 0 0
 2012 7 2 3 2 1 52 52 152 0 0 0.006 0.013 0.031 0.516 0.314 0.094 0.006 0.019 0 0 0 0 0 0 0 0 0 0 0
 2012 7 2 3 2 1 54 54 141 0 0 0 0.007 0.048 0.456 0.395 0.041 0.048 0.007 0 0 0 0 0 0 0 0 0 0 0
 2012 7 2 3 2 1 56 56 112 0 0 0 0 0.017 0.383 0.442 0.075 0.067 0.008 0.008 0 0 0 0 0 0 0 0 0 0
 2012 7 2 3 2 1 58 58 83 0 0 0 0.011 0 0.444 0.411 0.067 0.033 0.022 0.011 0 0 0 0 0 0 0 0 0 0
 2012 7 2 3 2 1 60 60 63 0 0 0 0.015 0 0.358 0.403 0.149 0.045 0 0.03 0 0 0 0 0 0 0 0 0 0
 2012 7 2 3 2 1 62 62 35 0 0 0 0 0.026 0.256 0.487 0.154 0.077 0 0 0 0 0 0 0 0 0 0 0 0
 2012 7 2 3 2 1 64 64 39 0 0 0.024 0 0 0.262 0.476 0.143 0.071 0 0 0.024 0 0 0 0 0 0 0 0 0
 2012 7 2 3 2 1 66 66 27 0 0 0 0 0 0.111 0.519 0.37 0 0 0 0 0 0 0 0 0 0 0 0 0
 2012 7 2 3 2 1 68 68 20 0 0 0 0 0 0 0.333 0.286 0.286 0.048 0.048 0 0 0 0 0 0 0 0 0 0
 2012 7 2 3 2 1 70 70 11 0 0 0 0 0 0.182 0.273 0.091 0.273 0.182 0 0 0 0 0 0 0 0 0 0 0
 2012 7 2 3 2 1 72 72 10 0 0 0 0 0 0 0.1 0.4 0.3 0.1 0 0.1 0 0 0 0 0 0 0 0 0
 2012 7 2 3 2 1 74 74 2 0 0 0 0 0 0 0 0 0.5 0.5 0 0 0 0 0 0 0 0 0 0 0
 -2012 7 2 3 2 1 76 76 1 0 0 0 0 0 0 1 0 0 0 0 0 0 0 0 0 0 0 0 0 0
 -2012 7 2 3 2 1 78 78 1 0 0 0 0 0 0 0 0 0 1 0 0 0 0 0 0 0 0 0 0 0
 -2012 7 2 3 2 1 80 80 1 0 0 0 0 0 0 0 0 0 1 0 0 0 0 0 0 0 0 0 0 0
 -2012 7 2 3 2 1 86 86 1 0 0 0 0 0 0 0 0 0 0 0 1 0 0 0 0 0 0 0 0 0
 -2012 7 2 3 2 1 88 88 1 0 0 0 0 0 0 0 0 0 0 0 0 0 0 0 0 0 0 0 0 1
 2013 7 2 3 2 1 28 28 3 0 0 1 0 0 0 0 0 0 0 0 0 0 0 0 0 0 0 0 0 0
 2013 7 2 3 2 1 30 30 37 0 0.027 0.622 0.27 0.054 0 0 0 0.027 0 0 0 0 0 0 0 0 0 0 0 0
 2013 7 2 3 2 1 32 32 66 0 0.014 0.521 0.324 0.127 0 0.014 0 0 0 0 0 0 0 0 0 0 0 0 0 0
 2013 7 2 3 2 1 34 34 115 0 0.017 0.361 0.328 0.244 0.008 0.034 0 0.008 0 0 0 0 0 0 0 0 0 0 0 0
 2013 7 2 3 2 1 36 36 122 0 0 0.352 0.248 0.248 0.072 0.072 0.008 0 0 0 0 0 0 0 0 0 0 0 0 0
 2013 7 2 3 2 1 38 38 139 0 0 0.21 0.168 0.476 0.077 0.063 0 0.007 0 0 0 0 0 0 0 0 0 0 0 0
 2013 7 2 3 2 1 40 40 107 0 0 0.204 0.222 0.343 0.093 0.111 0.009 0.019 0 0 0 0 0 0 0 0 0 0 0 0
 2013 7 2 3 2 1 42 42 123 0 0.008 0.008 0.12 0.504 0.12 0.203 0.03 0 0.008 0 0 0 0 0 0 0 0 0 0 0
 2013 7 2 3 2 1 44 44 138 0 0 0.007 0.121 0.418 0.199 0.156 0.085 0.007 0.007 0 0 0 0 0 0 0 0 0 0 0
 2013 7 2 3 2 1 46 46 114 0 0 0 0.06 0.325 0.205 0.274 0.12 0.017 0 0 0 0 0 0 0 0 0 0 0 0
 2013 7 2 3 2 1 48 48 85 0 0 0 0.071 0.306 0.259 0.224 0.082 0.035 0.012 0.012 0 0 0 0 0 0 0 0 0 0
 2013 7 2 3 2 1 50 50 80 0 0 0 0.025 0.21 0.284 0.247 0.173 0.062 0 0 0 0 0 0 0 0 0 0 0 0
 2013 7 2 3 2 1 52 52 85 0 0 0 0.012 0.165 0.294 0.247 0.247 0.024 0.012 0 0 0 0 0 0 0 0 0 0 0
 2013 7 2 3 2 1 54 54 72 0 0 0 0 0.181 0.153 0.403 0.194 0.028 0.042 0 0 0 0 0 0 0 0 0 0 0
 2013 7 2 3 2 1 56 56 67 0 0 0 0 0.06 0.179 0.403 0.254 0.03 0.015 0.06 0 0 0 0 0 0 0 0 0 0
 2013 7 2 3 2 1 58 58 57 0 0 0 0 0.053 0.158 0.509 0.246 0.018 0.018 0 0 0 0 0 0 0 0 0 0 0
 2013 7 2 3 2 1 60 60 67 0 0 0 0 0 0.06 0.567 0.328 0.03 0.015 0 0 0 0 0 0 0 0 0 0 0
 2013 7 2 3 2 1 62 62 49 0 0 0 0 0 0.02 0.46 0.5 0 0.02 0 0 0 0 0 0 0 0 0 0 0
 2013 7 2 3 2 1 64 64 61 0 0 0 0 0.016 0.016 0.492 0.328 0.082 0.049 0.016 0 0 0 0 0 0 0 0 0 0
 2013 7 2 3 2 1 66 66 55 0 0 0 0 0.018 0.055 0.309 0.545 0.055 0.018 0 0 0 0 0 0 0 0 0 0 0
 2013 7 2 3 2 1 68 68 46 0 0 0 0 0 0.022 0.326 0.391 0.152 0.087 0 0 0.022 0 0 0 0 0 0 0 0
 2013 7 2 3 2 1 70 70 37 0 0 0 0 0 0 0.216 0.405 0.243 0.108 0.027 0 0 0 0 0 0 0 0 0 0
 2013 7 2 3 2 1 72 72 18 0 0 0 0 0 0 0.056 0.556 0.278 0.056 0.056 0 0 0 0 0 0 0 0 0 0
 2013 7 2 3 2 1 74 74 9 0 0 0 0 0 0 0.111 0.111 0.667 0.111 0 0 0 0 0 0 0 0 0 0 0
 2013 7 2 3 2 1 76 76 8 0 0 0 0 0 0 0 0 0.75 0.125 0 0.125 0 0 0 0 0 0 0 0 0
 2013 7 2 3 2 1 78 78 2 0 0 0 0 0 0 0 0 0.5 0 0.5 0 0 0 0 0 0 0 0 0 0
 -2013 7 2 3 2 1 86 86 1 0 0 0 0 0 0 0 0 0 0 0 0 0 0 0 0 0 0 0 0 1
 2014 7 2 3 2 1 30 30 13 0 0.133 0.533 0.267 0.067 0 0 0 0 0 0 0 0 0 0 0 0 0 0 0 0
 2014 7 2 3 2 1 32 32 37 0 0 0.474 0.237 0.237 0 0.053 0 0 0 0 0 0 0 0 0 0 0 0 0 0
 2014 7 2 3 2 1 34 34 62 0 0 0.324 0.426 0.132 0.059 0.015 0.044 0 0 0 0 0 0 0 0 0 0 0 0 0
 2014 7 2 3 2 1 36 36 85 0 0 0.159 0.523 0.136 0.159 0.023 0 0 0 0 0 0 0 0 0 0 0 0 0 0
 2014 7 2 3 2 1 38 38 94 0 0 0.112 0.551 0.102 0.133 0.041 0.051 0.01 0 0 0 0 0 0 0 0 0 0 0 0
 2014 7 2 3 2 1 40 40 112 0 0 0.017 0.534 0.181 0.164 0.069 0.034 0 0 0 0 0 0 0 0 0 0 0 0 0
 2014 7 2 3 2 1 42 42 112 0 0 0.017 0.409 0.226 0.165 0.061 0.07 0.052 0 0 0 0 0 0 0 0 0 0 0 0
 2014 7 2 3 2 1 44 44 100 0 0 0.009 0.287 0.176 0.287 0.111 0.12 0 0.009 0 0 0 0 0 0 0 0 0 0 0
 2014 7 2 3 2 1 46 46 89 0 0 0 0.122 0.356 0.267 0.133 0.056 0.044 0.011 0.011 0 0 0 0 0 0 0 0 0 0
 2014 7 2 3 2 1 48 48 87 0 0 0 0.057 0.205 0.25 0.148 0.227 0.068 0.023 0.023 0 0 0 0 0 0 0 0 0 0
 2014 7 2 3 2 1 50 50 81 0 0 0.012 0.037 0.099 0.284 0.16 0.222 0.123 0.049 0.012 0 0 0 0 0 0 0 0 0 0
 2014 7 2 3 2 1 52 52 61 0 0 0 0.016 0.145 0.29 0.226 0.226 0.065 0.016 0.016 0 0 0 0 0 0 0 0 0 0
 2014 7 2 3 2 1 54 54 69 0 0 0 0.043 0.1 0.243 0.171 0.229 0.186 0 0.029 0 0 0 0 0 0 0 0 0 0
 2014 7 2 3 2 1 56 56 59 0 0 0 0 0.1 0.183 0.25 0.317 0.117 0.017 0.017 0 0 0 0 0 0 0 0 0 0
 2014 7 2 3 2 1 58 58 55 0 0 0 0 0.034 0.153 0.254 0.254 0.22 0.068 0.017 0 0 0 0 0 0 0 0 0 0
 2014 7 2 3 2 1 60 60 50 0 0 0 0 0 0.1 0.36 0.34 0.12 0.08 0 0 0 0 0 0 0 0 0 0 0
 2014 7 2 3 2 1 62 62 48 0 0 0 0 0 0 0.208 0.396 0.292 0.062 0 0.021 0.021 0 0 0 0 0 0 0 0
 2014 7 2 3 2 1 64 64 48 0 0 0 0 0 0.021 0.146 0.479 0.25 0.083 0 0.021 0 0 0 0 0 0 0 0 0
 2014 7 2 3 2 1 66 66 55 0 0 0 0 0 0 0.107 0.536 0.286 0.071 0 0 0 0 0 0 0 0 0 0 0
 2014 7 2 3 2 1 68 68 51 0 0 0 0 0 0 0.039 0.49 0.235 0.137 0.078 0.02 0 0 0 0 0 0 0 0 0
 2014 7 2 3 2 1 70 70 37 0 0 0 0 0 0 0.108 0.432 0.297 0.135 0 0.027 0 0 0 0 0 0 0 0 0
 2014 7 2 3 2 1 72 72 30 0 0 0 0 0 0 0 0.267 0.567 0.1 0.033 0.033 0 0 0 0 0 0 0 0 0
 2014 7 2 3 2 1 74 74 18 0 0 0 0 0 0 0 0.333 0.444 0 0.111 0.111 0 0 0 0 0 0 0 0 0
 2014 7 2 3 2 1 76 76 4 0 0 0 0 0 0 0 0 0.25 0.75 0 0 0 0 0 0 0 0 0 0 0
 2014 7 2 3 2 1 78 78 2 0 0 0 0 0 0 0 0 0 0.5 0 0 0 0.5 0 0 0 0 0 0 0
 2015 7 2 3 2 1 28 28 3 0 0.333 0.333 0.333 0 0 0 0 0 0 0 0 0 0 0 0 0 0 0 0 0
 2015 7 2 3 2 1 30 30 31 0 0.161 0.419 0.387 0 0 0 0 0.032 0 0 0 0 0 0 0 0 0 0 0 0
 2015 7 2 3 2 1 32 32 81 0 0.068 0.409 0.489 0.011 0.023 0 0 0 0 0 0 0 0 0 0 0 0 0 0 0
 2015 7 2 3 2 1 34 34 102 0 0 0.333 0.622 0.045 0 0 0 0 0 0 0 0 0 0 0 0 0 0 0 0
 2015 7 2 3 2 1 36 36 135 0 0.007 0.269 0.6 0.11 0.014 0 0 0 0 0 0 0 0 0 0 0 0 0 0 0
 2015 7 2 3 2 1 38 38 127 0 0 0.126 0.6 0.193 0.037 0.037 0.007 0 0 0 0 0 0 0 0 0 0 0 0 0
 2015 7 2 3 2 1 40 40 144 0 0 0.109 0.503 0.252 0.088 0.041 0 0.007 0 0 0 0 0 0 0 0 0 0 0 0
 2015 7 2 3 2 1 42 42 161 0 0 0.047 0.355 0.373 0.154 0.041 0.03 0 0 0 0 0 0 0 0 0 0 0 0 0
 2015 7 2 3 2 1 44 44 140 0 0 0.014 0.322 0.411 0.137 0.082 0.021 0.014 0 0 0 0 0 0 0 0 0 0 0 0
 2015 7 2 3 2 1 46 46 170 0 0 0.011 0.138 0.448 0.172 0.109 0.046 0.046 0.029 0 0 0 0 0 0 0 0 0 0 0
 2015 7 2 3 2 1 48 48 137 0 0 0.007 0.073 0.394 0.204 0.117 0.088 0.066 0.051 0 0 0 0 0 0 0 0 0 0 0
 2015 7 2 3 2 1 50 50 130 0 0 0 0.046 0.443 0.244 0.168 0.069 0.015 0.008 0.008 0 0 0 0 0 0 0 0 0 0
 2015 7 2 3 2 1 52 52 106 0 0 0 0.018 0.266 0.266 0.211 0.128 0.073 0.028 0.009 0 0 0 0 0 0 0 0 0 0
 2015 7 2 3 2 1 54 54 105 0 0 0 0.019 0.283 0.179 0.17 0.179 0.132 0.038 0 0 0 0 0 0 0 0 0 0 0
 2015 7 2 3 2 1 56 56 90 0 0 0 0.011 0.211 0.189 0.156 0.156 0.211 0.056 0.011 0 0 0 0 0 0 0 0 0 0
 2015 7 2 3 2 1 58 58 72 0 0 0.014 0 0.056 0.181 0.25 0.25 0.167 0.056 0.014 0.014 0 0 0 0 0 0 0 0 0
 2015 7 2 3 2 1 60 60 40 0 0 0 0 0.075 0.125 0.175 0.2 0.175 0.225 0.025 0 0 0 0 0 0 0 0 0 0
 2015 7 2 3 2 1 62 62 49 0 0 0.02 0 0.02 0.061 0.204 0.367 0.245 0.082 0 0 0 0 0 0 0 0 0 0 0
 2015 7 2 3 2 1 64 64 58 0 0 0 0 0 0.086 0.207 0.224 0.224 0.155 0.034 0.052 0.017 0 0 0 0 0 0 0 0
 2015 7 2 3 2 1 66 66 57 0 0 0 0 0 0.035 0.123 0.105 0.333 0.316 0.07 0 0.018 0 0 0 0 0 0 0 0
 2015 7 2 3 2 1 68 68 59 0 0 0 0 0 0.05 0.05 0.267 0.317 0.217 0.1 0 0 0 0 0 0 0 0 0 0
 2015 7 2 3 2 1 70 70 48 0 0 0 0 0 0 0 0.061 0.429 0.327 0.102 0.061 0 0.02 0 0 0 0 0 0 0
 2015 7 2 3 2 1 72 72 44 0 0 0 0 0 0 0 0.114 0.273 0.364 0.182 0.045 0.023 0 0 0 0 0 0 0 0
 2015 7 2 3 2 1 74 74 28 0 0 0 0 0.036 0 0 0.071 0.357 0.286 0.143 0.107 0 0 0 0 0 0 0 0 0
 2015 7 2 3 2 1 76 76 17 0 0 0 0 0 0 0 0 0.176 0.353 0.235 0.176 0 0.059 0 0 0 0 0 0 0
 2015 7 2 3 2 1 78 78 11 0 0 0 0 0 0 0 0 0.091 0.545 0.182 0.091 0.091 0 0 0 0 0 0 0 0
 -2015 7 2 3 2 1 80 80 1 0 0 0 0 0 0 0 0 0 1 0 0 0 0 0 0 0 0 0 0 0
 2016 7 2 3 2 1 24 24 2 0 0 0.5 0.5 0 0 0 0 0 0 0 0 0 0 0 0 0 0 0 0 0
 -2016 7 2 3 2 1 26 26 1 0 0 1 0 0 0 0 0 0 0 0 0 0 0 0 0 0 0 0 0 0
 2016 7 2 3 2 1 28 28 12 0 0.083 0.75 0.167 0 0 0 0 0 0 0 0 0 0 0 0 0 0 0 0 0
 2016 7 2 3 2 1 30 30 106 0 0.046 0.881 0.064 0.009 0 0 0 0 0 0 0 0 0 0 0 0 0 0 0 0
 2016 7 2 3 2 1 32 32 181 0 0.038 0.714 0.238 0.005 0.005 0 0 0 0 0 0 0 0 0 0 0 0 0 0 0
 2016 7 2 3 2 1 34 34 180 0 0 0.636 0.294 0.064 0.005 0 0 0 0 0 0 0 0 0 0 0 0 0 0 0
 2016 7 2 3 2 1 36 36 202 0 0.01 0.464 0.325 0.163 0.024 0 0.014 0 0 0 0 0 0 0 0 0 0 0 0 0
 2016 7 2 3 2 1 38 38 184 0 0 0.346 0.387 0.215 0.01 0.031 0.01 0 0 0 0 0 0 0 0 0 0 0 0 0
 2016 7 2 3 2 1 40 40 204 0 0.005 0.314 0.338 0.29 0.019 0.024 0.01 0 0 0 0 0 0 0 0 0 0 0 0 0
 2016 7 2 3 2 1 42 42 174 0 0 0.232 0.266 0.418 0.017 0.045 0.006 0.011 0.006 0 0 0 0 0 0 0 0 0 0 0
 2016 7 2 3 2 1 44 44 155 0 0 0.196 0.184 0.449 0.114 0.025 0.032 0 0 0 0 0 0 0 0 0 0 0 0 0
 2016 7 2 3 2 1 46 46 119 0 0 0.109 0.143 0.429 0.193 0.067 0.042 0.008 0.008 0 0 0 0 0 0 0 0 0 0 0
 2016 7 2 3 2 1 48 48 106 0 0 0.075 0.131 0.402 0.243 0.065 0.056 0.009 0.019 0 0 0 0 0 0 0 0 0 0 0
 2016 7 2 3 2 1 50 50 98 0 0 0.02 0.04 0.293 0.374 0.081 0.111 0.03 0.03 0.01 0 0.01 0 0 0 0 0 0 0 0
 2016 7 2 3 2 1 52 52 95 0 0 0.011 0.042 0.2 0.337 0.126 0.116 0.074 0.074 0.011 0 0.011 0 0 0 0 0 0 0 0
 2016 7 2 3 2 1 54 54 79 0 0 0 0 0.238 0.4 0.1 0.125 0.025 0.062 0.025 0 0.025 0 0 0 0 0 0 0 0
 2016 7 2 3 2 1 56 56 74 0 0 0 0.013 0.13 0.481 0.078 0.143 0.039 0.065 0.039 0 0.013 0 0 0 0 0 0 0 0
 2016 7 2 3 2 1 58 58 61 0 0 0 0 0.123 0.431 0.169 0.108 0.108 0.046 0.015 0 0 0 0 0 0 0 0 0 0
 2016 7 2 3 2 1 60 60 62 0 0 0 0.048 0.016 0.258 0.129 0.194 0.129 0.177 0.032 0 0.016 0 0 0 0 0 0 0 0
 2016 7 2 3 2 1 62 62 54 0 0 0 0 0.054 0.268 0.214 0.107 0.125 0.143 0.071 0.018 0 0 0 0 0 0 0 0 0
 2016 7 2 3 2 1 64 64 68 0 0 0 0 0 0.116 0.174 0.116 0.159 0.29 0.101 0.014 0.029 0 0 0 0 0 0 0 0
 2016 7 2 3 2 1 66 66 54 0 0 0 0 0 0.036 0.143 0.143 0.143 0.286 0.179 0.036 0.018 0.018 0 0 0 0 0 0 0
 2016 7 2 3 2 1 68 68 39 0 0 0 0 0 0 0.075 0.125 0.125 0.375 0.225 0.05 0.025 0 0 0 0 0 0 0 0
 2016 7 2 3 2 1 70 70 49 0 0 0 0 0 0.02 0.061 0.061 0.143 0.265 0.265 0.143 0 0.02 0 0.02 0 0 0 0 0
 2016 7 2 3 2 1 72 72 52 0 0 0 0 0 0.019 0.037 0.074 0.185 0.426 0.093 0.056 0.074 0.019 0 0 0.019 0 0 0 0
 2016 7 2 3 2 1 74 74 32 0 0 0 0 0 0 0 0.063 0.187 0.406 0.219 0.063 0.063 0 0 0 0 0 0 0 0
 2016 7 2 3 2 1 76 76 17 0 0 0 0 0 0 0 0 0.167 0.111 0.389 0.222 0.111 0 0 0 0 0 0 0 0
 2016 7 2 3 2 1 78 78 18 0 0 0 0 0 0 0 0 0.056 0.222 0.444 0.111 0.056 0 0.111 0 0 0 0 0 0
 2016 7 2 3 2 1 80 80 5 0 0 0 0 0 0 0 0 0 0.2 0.4 0.2 0.2 0 0 0 0 0 0 0 0
 2016 7 2 3 2 1 82 82 2 0 0 0 0 0 0 0 0 0 0 1 0 0 0 0 0 0 0 0 0 0
 -2016 7 2 3 2 1 102 102 1 0 0 0 0 0 0 0 0 0 0 0 0 0 0 0 0 0 0 0 0 1
 2017 7 2 3 2 1 28 28 3 0 0.667 0 0 0 0 0 0.333 0 0 0 0 0 0 0 0 0 0 0 0 0
 2017 7 2 3 2 1 30 30 30 0 0.094 0.281 0.562 0.062 0 0 0 0 0 0 0 0 0 0 0 0 0 0 0 0
 2017 7 2 3 2 1 32 32 98 0 0.064 0.33 0.55 0.037 0.018 0 0 0 0 0 0 0 0 0 0 0 0 0 0 0
 2017 7 2 3 2 1 34 34 230 0 0.029 0.189 0.689 0.086 0.008 0 0 0 0 0 0 0 0 0 0 0 0 0 0 0
 2017 7 2 3 2 1 36 36 352 0 0 0.162 0.755 0.066 0.013 0.003 0 0 0 0 0 0 0 0 0 0 0 0 0 0
 2017 7 2 3 2 1 38 38 369 0 0.01 0.104 0.778 0.073 0.031 0.003 0 0 0 0 0 0 0 0 0 0 0 0 0 0
 2017 7 2 3 2 1 40 40 325 0 0 0.068 0.808 0.074 0.044 0.006 0 0 0 0 0 0 0 0 0 0 0 0 0 0
 2017 7 2 3 2 1 42 42 321 0 0.003 0.069 0.79 0.072 0.045 0.009 0.003 0.009 0 0 0 0 0 0 0 0 0 0 0 0
 2017 7 2 3 2 1 44 44 233 0 0 0.03 0.746 0.136 0.068 0 0.017 0 0 0 0.004 0 0 0 0 0 0 0 0 0
 2017 7 2 3 2 1 46 46 155 0 0 0.037 0.744 0.106 0.075 0.031 0 0 0 0 0 0.006 0 0 0 0 0 0 0 0
 2017 7 2 3 2 1 48 48 141 0 0 0.014 0.681 0.111 0.083 0.028 0.035 0.014 0.021 0.007 0.007 0 0 0 0 0 0 0 0 0
 2017 7 2 3 2 1 50 50 86 0 0 0 0.483 0.079 0.281 0.067 0.045 0.011 0.022 0.011 0 0 0 0 0 0 0 0 0 0
 2017 7 2 3 2 1 52 52 74 0 0 0.041 0.446 0.135 0.203 0.095 0.041 0 0.027 0.014 0 0 0 0 0 0 0 0 0 0
 2017 7 2 3 2 1 54 54 61 0 0 0 0.262 0.131 0.328 0.148 0.049 0.033 0 0.033 0.016 0 0 0 0 0 0 0 0 0
 2017 7 2 3 2 1 56 56 49 0 0 0 0.1 0.16 0.28 0.08 0.06 0.16 0.08 0.08 0 0 0 0 0 0 0 0 0 0
 2017 7 2 3 2 1 58 58 47 0 0 0 0.061 0.204 0.224 0.306 0.143 0 0.041 0.02 0 0 0 0 0 0 0 0 0 0
 2017 7 2 3 2 1 60 60 39 0 0 0 0 0 0.359 0.333 0.051 0.103 0.077 0.051 0.026 0 0 0 0 0 0 0 0 0
 2017 7 2 3 2 1 62 62 36 0 0 0 0 0.027 0.216 0.324 0.189 0.135 0 0.054 0.054 0 0 0 0 0 0 0 0 0
 2017 7 2 3 2 1 64 64 40 0 0 0 0.025 0.05 0.125 0.25 0.15 0.1 0.125 0.075 0.05 0.05 0 0 0 0 0 0 0 0
 2017 7 2 3 2 1 66 66 26 0 0 0 0 0 0.154 0.308 0.077 0.115 0.077 0.154 0.038 0.077 0 0 0 0 0 0 0 0
 2017 7 2 3 2 1 68 68 34 0 0 0 0 0 0.028 0.25 0.167 0.194 0.028 0.083 0.167 0.056 0.028 0 0 0 0 0 0 0
 2017 7 2 3 2 1 70 70 27 0 0 0.036 0 0.036 0 0.143 0.107 0.179 0.143 0.143 0.107 0.036 0.036 0.036 0 0 0 0 0 0
 2017 7 2 3 2 1 72 72 29 0 0 0 0.034 0 0 0 0.207 0.103 0.034 0.207 0.103 0.207 0.069 0 0.034 0 0 0 0 0
 2017 7 2 3 2 1 74 74 16 0 0 0 0 0 0 0 0.063 0.125 0.313 0.25 0.062 0.062 0 0.063 0.063 0 0 0 0 0
 2017 7 2 3 2 1 76 76 12 0 0 0 0 0 0 0 0 0 0.083 0.417 0.25 0.167 0.083 0 0 0 0 0 0 0
 2017 7 2 3 2 1 78 78 11 0 0 0 0 0 0 0 0 0 0.091 0.545 0.182 0 0.182 0 0 0 0 0 0 0
 2017 7 2 3 2 1 80 80 4 0 0 0 0 0 0 0 0 0 0.25 0.25 0.5 0 0 0 0 0 0 0 0 0
 -2017 7 2 3 2 1 84 84 1 0 0 0 0 0 0 0 0 0 0 0 0 0 0 0 0 0 1 0 0 0
 -2017 7 2 3 2 1 88 88 1 0 0 0 0 0 0 0 0 0 0 0 0 0 0 0 0 1 0 0 0 0
 -2018 7 2 3 2 1 26 26 1 0 0 0 0 0 1 0 0 0 0 0 0 0 0 0 0 0 0 0 0 0
 2018 7 2 3 2 1 28 28 3 0 0 1 0 0 0 0 0 0 0 0 0 0 0 0 0 0 0 0 0 0
 2018 7 2 3 2 1 30 30 51 0 0 0.902 0.098 0 0 0 0 0 0 0 0 0 0 0 0 0 0 0 0 0
 2018 7 2 3 2 1 32 32 217 0 0.004 0.775 0.163 0.048 0.004 0.004 0 0 0 0 0 0 0 0 0 0 0 0 0 0
 2018 7 2 3 2 1 34 34 284 0 0.003 0.52 0.267 0.199 0.007 0 0 0 0 0 0.003 0 0 0 0 0 0 0 0 0
 2018 7 2 3 2 1 36 36 341 0 0 0.251 0.349 0.377 0.02 0 0 0 0 0 0 0.003 0 0 0 0 0 0 0 0
 2018 7 2 3 2 1 38 38 357 0 0 0.108 0.332 0.507 0.032 0.016 0 0.003 0.003 0 0 0 0 0 0 0 0 0 0 0
 2018 7 2 3 2 1 40 40 321 0 0 0.021 0.242 0.669 0.045 0.018 0.003 0 0 0 0.003 0 0 0 0 0 0 0 0 0
 2018 7 2 3 2 1 42 42 358 0 0 0.019 0.203 0.686 0.06 0.024 0.005 0 0 0 0 0.003 0 0 0 0 0 0 0 0
 2018 7 2 3 2 1 44 44 381 0 0 0.005 0.179 0.744 0.041 0.021 0.008 0 0.003 0 0 0 0 0 0 0 0 0 0 0
 2018 7 2 3 2 1 46 46 334 0 0.003 0.003 0.127 0.814 0.03 0.015 0.009 0 0 0 0 0 0 0 0 0 0 0 0 0
 2018 7 2 3 2 1 48 48 260 0 0 0.004 0.117 0.797 0.045 0.026 0.004 0 0.004 0.004 0 0 0 0 0 0 0 0 0 0
 2018 7 2 3 2 1 50 50 193 0 0 0 0.036 0.837 0.071 0.036 0.005 0 0.01 0 0.005 0 0 0 0 0 0 0 0 0
 2018 7 2 3 2 1 52 52 158 0 0 0 0.075 0.832 0.062 0.025 0 0 0.006 0 0 0 0 0 0 0 0 0 0 0
 2018 7 2 3 2 1 54 54 115 0 0 0 0.026 0.741 0.069 0.121 0.026 0.009 0 0 0.009 0 0 0 0 0 0 0 0 0
 2018 7 2 3 2 1 56 56 104 0 0 0 0.01 0.731 0.077 0.135 0.019 0.019 0 0 0 0 0 0.01 0 0 0 0 0 0
 2018 7 2 3 2 1 58 58 82 0 0 0 0 0.667 0.071 0.143 0.036 0.024 0.048 0.012 0 0 0 0 0 0 0 0 0 0
 2018 7 2 3 2 1 60 60 53 0 0 0 0 0.444 0.185 0.185 0.056 0.056 0.019 0 0.056 0 0 0 0 0 0 0 0 0
 2018 7 2 3 2 1 62 62 53 0 0 0 0 0.389 0.13 0.241 0.074 0.037 0.056 0.019 0 0.037 0.019 0 0 0 0 0 0 0
 2018 7 2 3 2 1 64 64 38 0 0 0 0 0.184 0.026 0.237 0.316 0.105 0.053 0 0.053 0.026 0 0 0 0 0 0 0 0
 2018 7 2 3 2 1 66 66 30 0 0 0 0 0.1 0.067 0.167 0.133 0.2 0.133 0.033 0.1 0.067 0 0 0 0 0 0 0 0
 2018 7 2 3 2 1 68 68 15 0 0 0 0 0 0.133 0.133 0.2 0.133 0.133 0 0.2 0 0.067 0 0 0 0 0 0 0
 2018 7 2 3 2 1 70 70 13 0 0 0 0 0.154 0 0 0.154 0.308 0.077 0.077 0.154 0 0 0.077 0 0 0 0 0 0
 2018 7 2 3 2 1 72 72 15 0 0 0 0 0 0 0.133 0.333 0.067 0.133 0 0.267 0.067 0 0 0 0 0 0 0 0
 2018 7 2 3 2 1 74 74 11 0 0 0 0 0 0 0 0.273 0 0.091 0.182 0.182 0 0.091 0.091 0.091 0 0 0 0 0
 2018 7 2 3 2 1 76 76 9 0 0 0 0 0 0 0 0.1 0.2 0 0.2 0.2 0.1 0 0 0.1 0 0.1 0 0 0
 2018 7 2 3 2 1 78 78 7 0 0 0 0 0 0 0 0 0 0.143 0 0.286 0.286 0.143 0.143 0 0 0 0 0 0
 2018 7 2 3 2 1 80 80 9 0 0 0 0 0 0 0 0 0 0 0.222 0.111 0.444 0 0.222 0 0 0 0 0 0
 2018 7 2 3 2 1 82 82 3 0 0 0 0 0 0 0 0 0 0 0 0.333 0.333 0 0.333 0 0 0 0 0 0
 -2018 7 2 3 2 1 88 88 1 0 0 0 0 0 0 0 0 0 0 0 0 0 0 0 0 0 1 0 0 0
 2019 7 2 3 2 1 28 28 8 0 0.5 0.375 0 0.125 0 0 0 0 0 0 0 0 0 0 0 0 0 0 0 0
 2019 7 2 3 2 1 30 30 70 0 0.043 0.386 0.529 0.043 0 0 0 0 0 0 0 0 0 0 0 0 0 0 0 0
 2019 7 2 3 2 1 32 32 261 0 0.027 0.152 0.707 0.084 0.03 0 0 0 0 0 0 0 0 0 0 0 0 0 0 0
 2019 7 2 3 2 1 34 34 433 0 0.005 0.073 0.828 0.073 0.02 0.002 0 0 0 0 0 0 0 0 0 0 0 0 0 0
 2019 7 2 3 2 1 36 36 455 0 0.002 0.047 0.709 0.148 0.081 0.006 0.004 0 0 0 0 0 0 0.002 0 0 0 0 0 0
 2019 7 2 3 2 1 38 38 358 0 0 0.03 0.601 0.212 0.138 0.011 0.008 0 0 0 0 0 0 0 0 0 0 0 0 0
 2019 7 2 3 2 1 40 40 305 0 0 0.013 0.403 0.289 0.24 0.032 0.016 0.003 0 0 0 0 0 0 0 0.003 0 0 0 0
 2019 7 2 3 2 1 42 42 251 0 0 0 0.259 0.361 0.333 0.031 0.008 0.004 0 0 0 0 0 0.004 0 0 0 0 0 0
 2019 7 2 3 2 1 44 44 330 0 0 0.006 0.125 0.301 0.54 0.024 0.003 0 0 0 0 0 0 0 0 0 0 0 0 0
 2019 7 2 3 2 1 46 46 297 0 0 0 0.05 0.265 0.636 0.04 0.01 0 0 0 0 0 0 0 0 0 0 0 0 0
 2019 7 2 3 2 1 48 48 249 0 0 0 0.02 0.217 0.708 0.036 0.02 0 0 0 0 0 0 0 0 0 0 0 0 0
 2019 7 2 3 2 1 50 50 222 0 0 0.004 0.004 0.175 0.74 0.036 0.031 0.009 0 0 0 0 0 0 0 0 0 0 0 0
 2019 7 2 3 2 1 52 52 213 0 0 0 0.009 0.113 0.789 0.056 0.028 0.005 0 0 0 0 0 0 0 0 0 0 0 0
 2019 7 2 3 2 1 54 54 166 0 0 0 0.012 0.072 0.85 0.03 0.024 0.006 0.006 0 0 0 0 0 0 0 0 0 0 0
 2019 7 2 3 2 1 56 56 134 0 0 0 0.015 0.074 0.837 0.037 0.015 0.007 0 0.015 0 0 0 0 0 0 0 0 0 0
 2019 7 2 3 2 1 58 58 118 0 0 0 0.008 0.042 0.831 0.068 0.042 0 0.008 0 0 0 0 0 0 0 0 0 0 0
 2019 7 2 3 2 1 60 60 124 0 0 0 0 0.024 0.742 0.097 0.081 0.032 0.016 0.008 0 0 0 0 0 0 0 0 0 0
 2019 7 2 3 2 1 62 62 69 0 0 0 0 0.029 0.754 0.072 0.087 0.029 0 0 0 0.014 0 0.014 0 0 0 0 0 0
 2019 7 2 3 2 1 64 64 63 0 0 0 0 0 0.635 0.127 0.079 0.063 0.032 0.016 0.016 0 0.032 0 0 0 0 0 0 0
 2019 7 2 3 2 1 66 66 39 0 0 0 0 0 0.487 0.103 0.154 0.103 0.026 0.051 0 0.026 0.051 0 0 0 0 0 0 0
 2019 7 2 3 2 1 68 68 28 0 0 0 0 0 0.25 0.107 0.357 0.071 0 0.071 0.036 0.107 0 0 0 0 0 0 0 0
 2019 7 2 3 2 1 70 70 17 0 0 0 0 0 0.118 0.118 0.176 0 0.176 0.118 0 0.176 0.059 0.059 0 0 0 0 0 0
 2019 7 2 3 2 1 72 72 12 0 0 0 0 0 0 0.083 0.25 0.083 0 0.417 0.083 0.083 0 0 0 0 0 0 0 0
 2019 7 2 3 2 1 74 74 9 0 0 0 0 0 0 0 0.111 0 0.111 0.111 0 0.333 0.222 0 0.111 0 0 0 0 0
 2019 7 2 3 2 1 76 76 10 0 0 0 0 0 0 0 0 0.3 0 0 0 0.2 0.4 0.1 0 0 0 0 0 0
 2019 7 2 3 2 1 78 78 6 0 0 0 0 0 0 0 0 0 0 0.167 0 0 0.167 0.167 0.333 0 0.167 0 0 0
 2019 7 2 3 2 1 80 80 7 0 0 0 0 0 0.143 0 0 0 0 0.143 0.143 0.286 0 0.143 0.143 0 0 0 0 0
 2019 7 2 3 2 1 82 82 2 0 0 0 0 0 0 0 0 0 0 0 0 0 0 0 0 0 0 0 0 1
 2019 7 2 3 2 1 84 84 3 0 0 0 0 0 0 0 0 0 0 0 0 0.333 0 0 0 0 0 0 0 0.667
 -2020 7 2 3 2 1 28 28 1 0 0 0 1 0 0 0 0 0 0 0 0 0 0 0 0 0 0 0 0 0
 2020 7 2 3 2 1 30 30 76 0 0.103 0.538 0.269 0.051 0.026 0 0.013 0 0 0 0 0 0 0 0 0 0 0 0 0
 2020 7 2 3 2 1 32 32 185 0 0.027 0.452 0.346 0.138 0.037 0 0 0 0 0 0 0 0 0 0 0 0 0 0 0
 2020 7 2 3 2 1 34 34 253 0 0.012 0.225 0.395 0.275 0.062 0.027 0 0.004 0 0 0 0 0 0 0 0 0 0 0 0
 2020 7 2 3 2 1 36 36 270 0 0.007 0.177 0.296 0.336 0.076 0.09 0.014 0.004 0 0 0 0 0 0 0 0 0 0 0 0
 2020 7 2 3 2 1 38 38 250 0 0 0.083 0.213 0.402 0.122 0.165 0.008 0.008 0 0 0 0 0 0 0 0 0 0 0 0
 2020 7 2 3 2 1 40 40 235 0 0 0.051 0.178 0.407 0.102 0.233 0.025 0.004 0 0 0 0 0 0 0 0 0 0 0 0
 2020 7 2 3 2 1 42 42 217 0 0 0.014 0.09 0.416 0.113 0.353 0.014 0 0 0 0 0 0 0 0 0 0 0 0 0
 2020 7 2 3 2 1 44 44 218 0 0 0.014 0.05 0.386 0.182 0.345 0.018 0.005 0 0 0 0 0 0 0 0 0 0 0 0
 2020 7 2 3 2 1 46 46 218 0 0 0 0.027 0.265 0.155 0.521 0.027 0 0 0.005 0 0 0 0 0 0 0 0 0 0
 2020 7 2 3 2 1 48 48 169 0 0 0 0.029 0.173 0.197 0.555 0.035 0.012 0 0 0 0 0 0 0 0 0 0 0 0
 2020 7 2 3 2 1 50 50 145 0 0 0 0 0.136 0.218 0.592 0.041 0.007 0.007 0 0 0 0 0 0 0 0 0 0 0
 2020 7 2 3 2 1 52 52 133 0 0 0 0 0.068 0.271 0.586 0.068 0.008 0 0 0 0 0 0 0 0 0 0 0 0
 2020 7 2 3 2 1 54 54 110 0 0 0 0 0.055 0.209 0.664 0.064 0.009 0 0 0 0 0 0 0 0 0 0 0 0
 2020 7 2 3 2 1 56 56 135 0 0 0 0 0.022 0.141 0.8 0.037 0 0 0 0 0 0 0 0 0 0 0 0 0
 2020 7 2 3 2 1 58 58 107 0 0 0 0 0.028 0.084 0.822 0.037 0.019 0.009 0 0 0 0 0 0 0 0 0 0 0
 2020 7 2 3 2 1 60 60 99 0 0 0 0 0.01 0.071 0.838 0.04 0.03 0 0 0.01 0 0 0 0 0 0 0 0 0
 2020 7 2 3 2 1 62 62 77 0 0 0 0 0.026 0.039 0.831 0.065 0.039 0 0 0 0 0 0 0 0 0 0 0 0
 2020 7 2 3 2 1 64 64 74 0 0 0 0 0 0.014 0.838 0.095 0.027 0.014 0.014 0 0 0 0 0 0 0 0 0 0
 2020 7 2 3 2 1 66 66 55 0 0 0 0 0.018 0.036 0.782 0.073 0.036 0.018 0.018 0 0.018 0 0 0 0 0 0 0 0
 2020 7 2 3 2 1 68 68 49 0 0 0 0 0 0 0.776 0.122 0.02 0 0.041 0 0.02 0 0 0.02 0 0 0 0 0
 2020 7 2 3 2 1 70 70 28 0 0 0 0 0 0.034 0.724 0.034 0.034 0.034 0.034 0.034 0.034 0 0 0.034 0 0 0 0 0
 2020 7 2 3 2 1 72 72 17 0 0 0 0 0 0 0.647 0 0 0 0.118 0 0.059 0 0.059 0.118 0 0 0 0 0
 2020 7 2 3 2 1 74 74 13 0 0 0 0 0 0 0.077 0.077 0.154 0.077 0 0 0 0.308 0.154 0.077 0 0.077 0 0 0
 2020 7 2 3 2 1 76 76 10 0 0 0 0 0 0 0 0 0 0.1 0 0.2 0.1 0.3 0.2 0.1 0 0 0 0 0
 2020 7 2 3 2 1 78 78 13 0 0 0 0 0 0 0 0 0 0 0.077 0 0.231 0.231 0.308 0.077 0 0.077 0 0 0
 2020 7 2 3 2 1 80 80 9 0 0 0 0 0 0 0 0 0 0 0.222 0 0.222 0 0.111 0.222 0.111 0 0.111 0 0
 -2020 7 2 3 2 1 82 82 1 0 0 0 0 0 0 0 0 0 0 0 0 1 0 0 0 0 0 0 0 0
 2020 7 2 3 2 1 84 84 4 0 0 0 0 0 0 0 0 0 0 0 0 0 0.25 0 0.5 0.25 0 0 0 0
 -2020 7 2 3 2 1 86 86 1 0 0 0 0 0 0 0 0 0 0 0 0 0 0 0 0 0 0 0 0 1
 2021 7 2 3 2 1 28 28 6 0 0.167 0.5 0.333 0 0 0 0 0 0 0 0 0 0 0 0 0 0 0 0 0
 2021 7 2 3 2 1 30 30 125 0 0.023 0.254 0.646 0.062 0.015 0 0 0 0 0 0 0 0 0 0 0 0 0 0 0
 2021 7 2 3 2 1 32 32 222 0 0 0.154 0.67 0.137 0.035 0 0.004 0 0 0 0 0 0 0 0 0 0 0 0 0
 2021 7 2 3 2 1 34 34 297 0 0.01 0.118 0.654 0.147 0.046 0.023 0 0.003 0 0 0 0 0 0 0 0 0 0 0 0
 2021 7 2 3 2 1 36 36 303 0 0.003 0.081 0.626 0.168 0.097 0.01 0.013 0.003 0 0 0 0 0 0 0 0 0 0 0 0
 2021 7 2 3 2 1 38 38 260 0 0.011 0.034 0.443 0.28 0.152 0.053 0.027 0 0 0 0 0 0 0 0 0 0 0 0 0
 2021 7 2 3 2 1 40 40 189 0 0 0.037 0.368 0.326 0.142 0.042 0.079 0.005 0 0 0 0 0 0 0 0 0 0 0 0
 2021 7 2 3 2 1 42 42 201 0 0 0.005 0.305 0.246 0.217 0.074 0.153 0 0 0 0 0 0 0 0 0 0 0 0 0
 2021 7 2 3 2 1 44 44 185 0 0 0 0.195 0.276 0.249 0.086 0.189 0.005 0 0 0 0 0 0 0 0 0 0 0 0
 2021 7 2 3 2 1 46 46 137 0 0 0.028 0.071 0.355 0.255 0.099 0.149 0.028 0.014 0 0 0 0 0 0 0 0 0 0 0
 2021 7 2 3 2 1 48 48 126 0 0 0 0.079 0.157 0.339 0.063 0.339 0.016 0.008 0 0 0 0 0 0 0 0 0 0 0
 2021 7 2 3 2 1 50 50 100 0 0 0 0.02 0.168 0.317 0.099 0.376 0.01 0 0 0 0.01 0 0 0 0 0 0 0 0
 2021 7 2 3 2 1 52 52 89 0 0 0 0.034 0.079 0.225 0.101 0.517 0.045 0 0 0 0 0 0 0 0 0 0 0 0
 2021 7 2 3 2 1 54 54 76 0 0 0 0 0.053 0.184 0.224 0.513 0.013 0.013 0 0 0 0 0 0 0 0 0 0 0
 2021 7 2 3 2 1 56 56 77 0 0 0 0.013 0.038 0.154 0.167 0.59 0.013 0.026 0 0 0 0 0 0 0 0 0 0 0
 2021 7 2 3 2 1 58 58 65 0 0 0 0 0.015 0.138 0.123 0.677 0.031 0 0.015 0 0 0 0 0 0 0 0 0 0
 2021 7 2 3 2 1 60 60 82 0 0 0 0 0 0.106 0.259 0.612 0.012 0 0.012 0 0 0 0 0 0 0 0 0 0
 2021 7 2 3 2 1 62 62 77 0 0 0 0 0 0.064 0.192 0.654 0.013 0.038 0.013 0 0.013 0.013 0 0 0 0 0 0 0
 2021 7 2 3 2 1 64 64 56 0 0 0 0 0.017 0.034 0.155 0.69 0.052 0.034 0 0 0 0.017 0 0 0 0 0 0 0
 2021 7 2 3 2 1 66 66 45 0 0 0 0 0 0.022 0.133 0.8 0 0.022 0 0 0 0.022 0 0 0 0 0 0 0
 2021 7 2 3 2 1 68 68 47 0 0 0 0 0 0 0.128 0.702 0.085 0.043 0 0 0.021 0 0.021 0 0 0 0 0 0
 2021 7 2 3 2 1 70 70 40 0 0 0 0 0 0 0.122 0.659 0.049 0.098 0 0 0 0 0.049 0 0 0 0 0 0.024
 2021 7 2 3 2 1 72 72 21 0 0 0 0 0 0 0.048 0.619 0.143 0 0 0 0.048 0.048 0 0.048 0 0.048 0 0 0
 2021 7 2 3 2 1 74 74 18 0 0 0 0 0 0 0.111 0.389 0 0.111 0.056 0 0.111 0.056 0 0.056 0.056 0 0.056 0 0
 2021 7 2 3 2 1 76 76 12 0 0 0 0 0 0 0.083 0.167 0.083 0 0 0.167 0.083 0 0 0.25 0.167 0 0 0 0
 2021 7 2 3 2 1 78 78 5 0 0 0 0 0 0 0 0 0.2 0.2 0.2 0 0 0 0.2 0.2 0 0 0 0 0
 2021 7 2 3 2 1 80 80 2 0 0 0 0 0 0 0 0 0 0 0 0 0 0.5 0 0 0.5 0 0 0 0
 2021 7 2 3 2 1 82 82 2 0 0 0 0 0 0 0 0 0 0 0 0 0 0 1 0 0 0 0 0 0
 2022 7 2 3 2 1 28 28 3 0 0.333 0.333 0.333 0 0 0 0 0 0 0 0 0 0 0 0 0 0 0 0 0
 2022 7 2 3 2 1 30 30 78 0 0.128 0.205 0.436 0.218 0.013 0 0 0 0 0 0 0 0 0 0 0 0 0 0 0
 2022 7 2 3 2 1 32 32 214 0 0.101 0.194 0.401 0.249 0.046 0.005 0 0.005 0 0 0 0 0 0 0 0 0 0 0 0
 2022 7 2 3 2 1 34 34 262 0 0.026 0.169 0.41 0.289 0.071 0.03 0.004 0 0 0 0 0 0 0 0 0 0 0 0 0
 2022 7 2 3 2 1 36 36 272 0 0 0.134 0.437 0.35 0.04 0.032 0.004 0.004 0 0 0 0 0 0 0 0 0 0 0 0
 2022 7 2 3 2 1 38 38 282 0 0 0.095 0.414 0.379 0.081 0.025 0.007 0 0 0 0 0 0 0 0 0 0 0 0 0
 2022 7 2 3 2 1 40 40 234 0 0 0.055 0.277 0.494 0.102 0.043 0.009 0.017 0 0 0 0 0 0 0 0 0.004 0 0 0
 2022 7 2 3 2 1 42 42 194 0 0 0.015 0.179 0.482 0.21 0.062 0.021 0.031 0 0 0 0 0 0 0 0 0 0 0 0
 2022 7 2 3 2 1 44 44 166 0 0 0.012 0.126 0.425 0.246 0.066 0.03 0.09 0.006 0 0 0 0 0 0 0 0 0 0 0
 2022 7 2 3 2 1 46 46 111 0 0 0.009 0.099 0.306 0.225 0.18 0.018 0.153 0.009 0 0 0 0 0 0 0 0 0 0 0
 2022 7 2 3 2 1 48 48 82 0 0 0 0.048 0.265 0.289 0.145 0.06 0.193 0 0 0 0 0 0 0 0 0 0 0 0
 2022 7 2 3 2 1 50 50 85 0 0 0 0 0.165 0.176 0.247 0.082 0.294 0.035 0 0 0 0 0 0 0 0 0 0 0
 2022 7 2 3 2 1 52 52 68 0 0 0 0 0.147 0.206 0.221 0.088 0.338 0 0 0 0 0 0 0 0 0 0 0 0
 2022 7 2 3 2 1 54 54 65 0 0 0 0.03 0.045 0.167 0.288 0.061 0.409 0 0 0 0 0 0 0 0 0 0 0 0
 2022 7 2 3 2 1 56 56 63 0 0 0 0 0.048 0.143 0.302 0.063 0.413 0.016 0.016 0 0 0 0 0 0 0 0 0 0
 2022 7 2 3 2 1 58 58 56 0 0 0 0 0 0.107 0.25 0.036 0.589 0.018 0 0 0 0 0 0 0 0 0 0 0
 2022 7 2 3 2 1 60 60 56 0 0 0 0 0.018 0.035 0.211 0.088 0.596 0.053 0 0 0 0 0 0 0 0 0 0 0
 2022 7 2 3 2 1 62 62 48 0 0 0 0 0 0.083 0.125 0.062 0.708 0.021 0 0 0 0 0 0 0 0 0 0 0
 2022 7 2 3 2 1 64 64 62 0 0 0 0 0 0 0.065 0.129 0.726 0.016 0 0.032 0 0 0 0.016 0.016 0 0 0 0
 2022 7 2 3 2 1 66 66 69 0 0 0 0.014 0 0.014 0.043 0.116 0.768 0.014 0.029 0 0 0 0 0 0 0 0 0 0
 2022 7 2 3 2 1 68 68 46 0 0 0 0 0 0 0.043 0.109 0.804 0 0.022 0 0 0 0 0 0.022 0 0 0 0
 2022 7 2 3 2 1 70 70 46 0 0 0 0.021 0 0 0.021 0.125 0.729 0.062 0 0 0 0.021 0 0 0.021 0 0 0 0
 2022 7 2 3 2 1 72 72 40 0 0 0 0 0 0 0.024 0.098 0.805 0 0.024 0.024 0 0 0 0.024 0 0 0 0 0
 2022 7 2 3 2 1 74 74 19 0 0 0 0 0 0 0 0 0.737 0.053 0 0 0 0 0 0.105 0.053 0.053 0 0 0
 2022 7 2 3 2 1 76 76 4 0 0 0 0 0 0 0 0 0.5 0 0.25 0 0 0 0 0 0 0.25 0 0 0
 2022 7 2 3 2 1 78 78 2 0 0 0 0 0 0 0 0 0.5 0 0 0 0 0 0.5 0 0 0 0 0 0
 -2022 7 2 3 2 1 80 80 1 0 0 0 0 1 0 0 0 0 0 0 0 0 0 0 0 0 0 0 0 0
 -2022 7 2 3 2 1 86 86 1 0 0 0 0 0 0 0 0 0 0 0 0 0 0 0 0 0 1 0 0 0
 2023 7 2 3 2 1 28 28 3 0 0 0.667 0 0 0 0 0 0 0.333 0 0 0 0 0 0 0 0 0 0 0
 2023 7 2 3 2 1 30 30 17 0 0 0.706 0.294 0 0 0 0 0 0 0 0 0 0 0 0 0 0 0 0 0
 2023 7 2 3 2 1 32 32 49 0 0.02 0.42 0.3 0.14 0.1 0.02 0 0 0 0 0 0 0 0 0 0 0 0 0 0
 2023 7 2 3 2 1 34 34 57 0 0.033 0.35 0.35 0.2 0.067 0 0 0 0 0 0 0 0 0 0 0 0 0 0 0
 2023 7 2 3 2 1 36 36 77 0 0 0.235 0.346 0.259 0.136 0.012 0.012 0 0 0 0 0 0 0 0 0 0 0 0 0
 2023 7 2 3 2 1 38 38 83 0 0.011 0.126 0.391 0.391 0.057 0.023 0 0 0 0 0 0 0 0 0 0 0 0 0 0
 2023 7 2 3 2 1 40 40 85 0 0 0.067 0.267 0.489 0.122 0.011 0.033 0.011 0 0 0 0 0 0 0 0 0 0 0 0
 2023 7 2 3 2 1 42 42 67 0 0 0.03 0.179 0.552 0.149 0.03 0.045 0 0.015 0 0 0 0 0 0 0 0 0 0 0
 2023 7 2 3 2 1 44 44 54 0 0 0 0.089 0.518 0.286 0.018 0.036 0 0.054 0 0 0 0 0 0 0 0 0 0 0
 2023 7 2 3 2 1 46 46 47 0 0 0 0.085 0.553 0.191 0.043 0.064 0 0.064 0 0 0 0 0 0 0 0 0 0 0
 2023 7 2 3 2 1 48 48 32 0 0 0.031 0.062 0.281 0.375 0.125 0.031 0.031 0.062 0 0 0 0 0 0 0 0 0 0 0
 2023 7 2 3 2 1 50 50 28 0 0 0 0 0.214 0.286 0.25 0.036 0.071 0.143 0 0 0 0 0 0 0 0 0 0 0
 2023 7 2 3 2 1 52 52 22 0 0 0 0 0.174 0.304 0.13 0.043 0.13 0.217 0 0 0 0 0 0 0 0 0 0 0
 2023 7 2 3 2 1 54 54 21 0 0 0 0.048 0.143 0.333 0.095 0.048 0.19 0.143 0 0 0 0 0 0 0 0 0 0 0
 2023 7 2 3 2 1 56 56 18 0 0 0 0 0 0.278 0.111 0.111 0.167 0.333 0 0 0 0 0 0 0 0 0 0 0
 2023 7 2 3 2 1 58 58 20 0 0 0 0 0.1 0.25 0.2 0.05 0.15 0.25 0 0 0 0 0 0 0 0 0 0 0
 2023 7 2 3 2 1 60 60 27 0 0 0 0 0 0.111 0.185 0.185 0.037 0.444 0.037 0 0 0 0 0 0 0 0 0 0
 2023 7 2 3 2 1 62 62 12 0 0 0 0 0 0 0.167 0.25 0.083 0.5 0 0 0 0 0 0 0 0 0 0 0
 2023 7 2 3 2 1 64 64 25 0 0 0 0 0 0.04 0.16 0.2 0.2 0.32 0.04 0.04 0 0 0 0 0 0 0 0 0
 2023 7 2 3 2 1 66 66 23 0 0 0 0 0 0 0.125 0.167 0.125 0.542 0.042 0 0 0 0 0 0 0 0 0 0
 2023 7 2 3 2 1 68 68 22 0 0 0 0 0 0 0.091 0.227 0.136 0.5 0 0 0 0 0 0 0 0.045 0 0 0
 2023 7 2 3 2 1 70 70 31 0 0 0 0 0 0 0.065 0.097 0.161 0.613 0 0.032 0 0 0 0 0 0 0 0.032 0
 2023 7 2 3 2 1 72 72 17 0 0 0 0 0 0 0 0.167 0.111 0.667 0 0 0 0 0 0 0 0.056 0 0 0
 2023 7 2 3 2 1 74 74 14 0 0 0 0 0 0 0 0 0.071 0.643 0.071 0 0.071 0 0 0 0.071 0 0.071 0 0
 2023 7 2 3 2 1 76 76 6 0 0 0 0 0 0 0 0.167 0 0.667 0.167 0 0 0 0 0 0 0 0 0 0
 2023 7 2 3 2 1 78 78 4 0 0 0 0 0 0 0 0 0 0.75 0 0 0 0 0 0 0 0 0 0 0.25
 2023 7 2 3 2 1 80 80 2 0 0 0 0 0 0 0 0 0 1 0 0 0 0 0 0 0 0 0 0 0
 -2023 7 2 3 2 1 82 82 1 0 0 0 0 0 0 0 0 1 0 0 0 0 0 0 0 0 0 0 0 0
 -2023 7 2 3 2 1 84 84 1 0 0 0 0 0 0 0 0 0 0 0 0 0 0 0 1 0 0 0 0 0
 2009 7 3 3 2 1 28 28 3 0 0.333 0.667 0 0 0 0 0 0 0 0 0 0 0 0 0 0 0 0 0 0
 2009 7 3 3 2 1 30 30 6 0 0 0.8 0.2 0 0 0 0 0 0 0 0 0 0 0 0 0 0 0 0 0
 2009 7 3 3 2 1 32 32 6 0 0 0.375 0.5 0.125 0 0 0 0 0 0 0 0 0 0 0 0 0 0 0 0
 2009 7 3 3 2 1 34 34 9 0 0 0.214 0.714 0.071 0 0 0 0 0 0 0 0 0 0 0 0 0 0 0 0
 2009 7 3 3 2 1 36 36 15 0 0 0.269 0.615 0.115 0 0 0 0 0 0 0 0 0 0 0 0 0 0 0 0
 2009 7 3 3 2 1 38 38 17 0 0.045 0.045 0.864 0.045 0 0 0 0 0 0 0 0 0 0 0 0 0 0 0 0
 2009 7 3 3 2 1 40 40 18 0 0.095 0.048 0.619 0.19 0 0.048 0 0 0 0 0 0 0 0 0 0 0 0 0 0
 2009 7 3 3 2 1 42 42 12 0 0 0 0.524 0.476 0 0 0 0 0 0 0 0 0 0 0 0 0 0 0 0
 2009 7 3 3 2 1 44 44 18 0 0 0.048 0.333 0.381 0.143 0.048 0.048 0 0 0 0 0 0 0 0 0 0 0 0 0
 2009 7 3 3 2 1 46 46 14 0 0 0 0.222 0.611 0.056 0.111 0 0 0 0 0 0 0 0 0 0 0 0 0 0
 2009 7 3 3 2 1 48 48 21 0 0 0 0.185 0.519 0.259 0.037 0 0 0 0 0 0 0 0 0 0 0 0 0 0
 2009 7 3 3 2 1 50 50 16 0 0 0 0.091 0.727 0.136 0 0.045 0 0 0 0 0 0 0 0 0 0 0 0 0
 2009 7 3 3 2 1 52 52 15 0 0 0 0.043 0.652 0.304 0 0 0 0 0 0 0 0 0 0 0 0 0 0 0
 2009 7 3 3 2 1 54 54 18 0 0 0 0.038 0.308 0.423 0.154 0.077 0 0 0 0 0 0 0 0 0 0 0 0 0
 2009 7 3 3 2 1 56 56 17 0 0 0 0.059 0.588 0.294 0.059 0 0 0 0 0 0 0 0 0 0 0 0 0 0
 2009 7 3 3 2 1 58 58 12 0 0 0 0 0.412 0.471 0.059 0.059 0 0 0 0 0 0 0 0 0 0 0 0 0
 2009 7 3 3 2 1 60 60 8 0 0 0 0 0.25 0.625 0 0 0.125 0 0 0 0 0 0 0 0 0 0 0 0
 2009 7 3 3 2 1 62 62 5 0 0 0 0 0.143 0.286 0.571 0 0 0 0 0 0 0 0 0 0 0 0 0 0
 2009 7 3 3 2 1 64 64 6 0 0 0 0 0.167 0 0.833 0 0 0 0 0 0 0 0 0 0 0 0 0 0
 2009 7 3 3 2 1 66 66 4 0 0 0 0 0 0.75 0.25 0 0 0 0 0 0 0 0 0 0 0 0 0 0
 2009 7 3 3 2 1 68 68 4 0 0 0 0 0 0.286 0.571 0.143 0 0 0 0 0 0 0 0 0 0 0 0 0
 -2010 7 3 3 2 1 22 22 1 0 0 1 0 0 0 0 0 0 0 0 0 0 0 0 0 0 0 0 0 0
 -2010 7 3 3 2 1 30 30 1 0 0 1 0 0 0 0 0 0 0 0 0 0 0 0 0 0 0 0 0 0
 2010 7 3 3 2 1 32 32 3 0 0 0.667 0.333 0 0 0 0 0 0 0 0 0 0 0 0 0 0 0 0 0
 2010 7 3 3 2 1 34 34 5 0 0 0 0.6 0.4 0 0 0 0 0 0 0 0 0 0 0 0 0 0 0 0
 2010 7 3 3 2 1 36 36 12 0 0 0.083 0.5 0.417 0 0 0 0 0 0 0 0 0 0 0 0 0 0 0 0
 2010 7 3 3 2 1 38 38 16 0 0 0.062 0.75 0.188 0 0 0 0 0 0 0 0 0 0 0 0 0 0 0 0
 2010 7 3 3 2 1 40 40 20 0 0 0 0.636 0.364 0 0 0 0 0 0 0 0 0 0 0 0 0 0 0 0
 2010 7 3 3 2 1 42 42 26 0 0 0.1 0.467 0.4 0.033 0 0 0 0 0 0 0 0 0 0 0 0 0 0 0
 2010 7 3 3 2 1 44 44 33 0 0 0 0.211 0.605 0.184 0 0 0 0 0 0 0 0 0 0 0 0 0 0 0
 2010 7 3 3 2 1 46 46 34 0 0 0 0.341 0.537 0.122 0 0 0 0 0 0 0 0 0 0 0 0 0 0 0
 2010 7 3 3 2 1 48 48 30 0 0 0 0.147 0.588 0.235 0.029 0 0 0 0 0 0 0 0 0 0 0 0 0 0
 2010 7 3 3 2 1 50 50 28 0 0 0 0.103 0.564 0.256 0.051 0 0.026 0 0 0 0 0 0 0 0 0 0 0 0
 2010 7 3 3 2 1 52 52 28 0 0 0 0.103 0.621 0.241 0.034 0 0 0 0 0 0 0 0 0 0 0 0 0 0
 2010 7 3 3 2 1 54 54 27 0 0 0 0.03 0.424 0.424 0.121 0 0 0 0 0 0 0 0 0 0 0 0 0 0
 2010 7 3 3 2 1 56 56 19 0 0 0 0 0.346 0.615 0.038 0 0 0 0 0 0 0 0 0 0 0 0 0 0
 2010 7 3 3 2 1 58 58 26 0 0 0 0 0.138 0.655 0.207 0 0 0 0 0 0 0 0 0 0 0 0 0 0
 2010 7 3 3 2 1 60 60 26 0 0 0 0 0.071 0.643 0.25 0.036 0 0 0 0 0 0 0 0 0 0 0 0 0
 2010 7 3 3 2 1 62 62 17 0 0 0 0 0.222 0.556 0.222 0 0 0 0 0 0 0 0 0 0 0 0 0 0
 2010 7 3 3 2 1 64 64 15 0 0 0 0 0.118 0.353 0.294 0.235 0 0 0 0 0 0 0 0 0 0 0 0 0
 2010 7 3 3 2 1 66 66 10 0 0 0 0 0.1 0.3 0.5 0.1 0 0 0 0 0 0 0 0 0 0 0 0 0
 2010 7 3 3 2 1 68 68 8 0 0 0 0 0 0.375 0.5 0.125 0 0 0 0 0 0 0 0 0 0 0 0 0
 2010 7 3 3 2 1 70 70 7 0 0 0 0 0 0.143 0.429 0.286 0.143 0 0 0 0 0 0 0 0 0 0 0 0
 2010 7 3 3 2 1 72 72 3 0 0 0 0 0 0 0.333 0.333 0.333 0 0 0 0 0 0 0 0 0 0 0 0
 -2010 7 3 3 2 1 74 74 1 0 0 0 0 0 0 1 0 0 0 0 0 0 0 0 0 0 0 0 0 0
 2011 7 3 3 2 1 32 32 2 0 0 0 1 0 0 0 0 0 0 0 0 0 0 0 0 0 0 0 0 0
 2011 7 3 3 2 1 34 34 10 0 0 0.182 0.727 0.091 0 0 0 0 0 0 0 0 0 0 0 0 0 0 0 0
 2011 7 3 3 2 1 36 36 18 0 0 0.19 0.714 0.048 0 0.048 0 0 0 0 0 0 0 0 0 0 0 0 0 0
 2011 7 3 3 2 1 38 38 26 0 0 0.067 0.367 0.533 0.033 0 0 0 0 0 0 0 0 0 0 0 0 0 0 0
 2011 7 3 3 2 1 40 40 25 0 0 0.107 0.393 0.464 0.036 0 0 0 0 0 0 0 0 0 0 0 0 0 0 0
 2011 7 3 3 2 1 42 42 42 0 0 0.043 0.255 0.489 0.191 0 0.021 0 0 0 0 0 0 0 0 0 0 0 0 0
 2011 7 3 3 2 1 44 44 48 0 0 0.019 0.057 0.623 0.302 0 0 0 0 0 0 0 0 0 0 0 0 0 0 0
 2011 7 3 3 2 1 46 46 60 0 0 0 0.028 0.597 0.375 0 0 0 0 0 0 0 0 0 0 0 0 0 0 0
 2011 7 3 3 2 1 48 48 71 0 0 0.011 0.045 0.494 0.427 0.022 0 0 0 0 0 0 0 0 0 0 0 0 0 0
 2011 7 3 3 2 1 50 50 72 0 0 0 0.011 0.528 0.427 0.011 0 0 0.011 0.011 0 0 0 0 0 0 0 0 0 0
 2011 7 3 3 2 1 52 52 58 0 0 0 0 0.343 0.582 0.075 0 0 0 0 0 0 0 0 0 0 0 0 0 0
 2011 7 3 3 2 1 54 54 54 0 0 0 0 0.262 0.538 0.154 0.046 0 0 0 0 0 0 0 0 0 0 0 0 0
 2011 7 3 3 2 1 56 56 55 0 0 0 0 0.227 0.507 0.213 0.027 0.027 0 0 0 0 0 0 0 0 0 0 0 0
 2011 7 3 3 2 1 58 58 40 0 0 0 0 0.13 0.63 0.152 0.043 0.022 0.022 0 0 0 0 0 0 0 0 0 0 0
 2011 7 3 3 2 1 60 60 50 0 0 0 0 0.031 0.531 0.297 0.141 0 0 0 0 0 0 0 0 0 0 0 0 0
 2011 7 3 3 2 1 62 62 33 0 0 0 0 0.079 0.316 0.368 0.158 0.079 0 0 0 0 0 0 0 0 0 0 0 0
 2011 7 3 3 2 1 64 64 30 0 0 0 0 0.026 0.342 0.474 0.079 0 0.079 0 0 0 0 0 0 0 0 0 0 0
 2011 7 3 3 2 1 66 66 27 0 0 0 0 0.031 0.125 0.625 0.156 0.063 0 0 0 0 0 0 0 0 0 0 0 0
 2011 7 3 3 2 1 68 68 17 0 0 0 0 0.059 0.235 0.353 0.294 0 0.059 0 0 0 0 0 0 0 0 0 0 0
 2011 7 3 3 2 1 70 70 12 0 0 0 0 0 0 0.375 0.5 0.125 0 0 0 0 0 0 0 0 0 0 0 0
 2011 7 3 3 2 1 72 72 3 0 0 0 0 0 0.25 0.25 0.5 0 0 0 0 0 0 0 0 0 0 0 0 0
 2011 7 3 3 2 1 74 74 2 0 0 0 0 0 0 0.5 0 0.5 0 0 0 0 0 0 0 0 0 0 0 0
 2012 7 3 3 2 1 30 30 3 0 0 1 0 0 0 0 0 0 0 0 0 0 0 0 0 0 0 0 0 0
 2012 7 3 3 2 1 32 32 5 0 0.2 0.8 0 0 0 0 0 0 0 0 0 0 0 0 0 0 0 0 0 0
 2012 7 3 3 2 1 34 34 7 0 0 0.429 0.571 0 0 0 0 0 0 0 0 0 0 0 0 0 0 0 0 0
 2012 7 3 3 2 1 36 36 7 0 0.125 0.5 0.375 0 0 0 0 0 0 0 0 0 0 0 0 0 0 0 0 0
 2012 7 3 3 2 1 38 38 10 0 0 0.2 0.6 0.1 0.1 0 0 0 0 0 0 0 0 0 0 0 0 0 0 0
 2012 7 3 3 2 1 40 40 16 0 0 0 0.312 0.375 0.312 0 0 0 0 0 0 0 0 0 0 0 0 0 0 0
 2012 7 3 3 2 1 42 42 37 0 0 0 0.116 0.605 0.233 0.023 0.023 0 0 0 0 0 0 0 0 0 0 0 0 0
 2012 7 3 3 2 1 44 44 42 0 0 0 0.022 0.63 0.283 0.065 0 0 0 0 0 0 0 0 0 0 0 0 0 0
 2012 7 3 3 2 1 46 46 29 0 0 0 0 0.323 0.613 0.032 0 0.032 0 0 0 0 0 0 0 0 0 0 0 0
 2012 7 3 3 2 1 48 48 34 0 0 0 0 0.325 0.45 0.15 0.025 0.05 0 0 0 0 0 0 0 0 0 0 0 0
 2012 7 3 3 2 1 50 50 59 0 0 0 0.029 0.261 0.478 0.217 0.014 0 0 0 0 0 0 0 0 0 0 0 0 0
 2012 7 3 3 2 1 52 52 50 0 0 0 0.017 0.167 0.417 0.367 0.017 0.017 0 0 0 0 0 0 0 0 0 0 0 0
 2012 7 3 3 2 1 54 54 71 0 0 0 0.011 0.076 0.446 0.413 0.043 0.011 0 0 0 0 0 0 0 0 0 0 0 0
 2012 7 3 3 2 1 56 56 76 0 0 0 0 0.021 0.568 0.368 0.032 0.011 0 0 0 0 0 0 0 0 0 0 0 0
 2012 7 3 3 2 1 58 58 57 0 0 0 0 0.063 0.429 0.429 0.063 0.016 0 0 0 0 0 0 0 0 0 0 0 0
 2012 7 3 3 2 1 60 60 77 0 0 0 0 0.034 0.307 0.523 0.102 0.023 0 0 0.011 0 0 0 0 0 0 0 0 0
 2012 7 3 3 2 1 62 62 67 0 0 0 0 0.014 0.247 0.521 0.164 0.055 0 0 0 0 0 0 0 0 0 0 0 0
 2012 7 3 3 2 1 64 64 53 0 0 0 0 0.016 0.222 0.444 0.254 0.048 0 0 0 0.016 0 0 0 0 0 0 0 0
 2012 7 3 3 2 1 66 66 45 0 0 0 0 0 0.074 0.426 0.481 0.019 0 0 0 0 0 0 0 0 0 0 0 0
 2012 7 3 3 2 1 68 68 29 0 0 0 0 0 0.062 0.281 0.531 0.062 0.031 0 0 0 0 0 0 0.031 0 0 0 0
 2012 7 3 3 2 1 70 70 15 0 0 0 0 0 0 0.222 0.556 0.167 0 0 0.056 0 0 0 0 0 0 0 0 0
 2012 7 3 3 2 1 72 72 10 0 0 0 0 0.1 0 0.1 0.6 0.2 0 0 0 0 0 0 0 0 0 0 0 0
 2012 7 3 3 2 1 74 74 6 0 0 0 0 0 0 0.167 0.5 0.333 0 0 0 0 0 0 0 0 0 0 0 0
 2012 7 3 3 2 1 76 76 3 0 0 0 0 0 0 0.333 0.667 0 0 0 0 0 0 0 0 0 0 0 0 0
 -2012 7 3 3 2 1 78 78 1 0 0 0 0 0 0 0 0 0 0 1 0 0 0 0 0 0 0 0 0 0
 2012 7 3 3 2 1 80 80 3 0 0 0 0 0 0 0.333 0 0 0 0.667 0 0 0 0 0 0 0 0 0 0
 -2012 7 3 3 2 1 84 84 1 0 0 0 0 0 0 0 0 0 0 0 0 0 0 0 0 0 0 0 0 1
 -2013 7 3 3 2 1 26 26 1 0 0 0 0 0 0 1 0 0 0 0 0 0 0 0 0 0 0 0 0 0
 -2013 7 3 3 2 1 28 28 1 0 0 0 0 0 0 0 0 0 1 0 0 0 0 0 0 0 0 0 0 0
 -2013 7 3 3 2 1 32 32 1 0 0 1 0 0 0 0 0 0 0 0 0 0 0 0 0 0 0 0 0 0
 2013 7 3 3 2 1 34 34 5 0 0 0.8 0.2 0 0 0 0 0 0 0 0 0 0 0 0 0 0 0 0 0
 2013 7 3 3 2 1 36 36 11 0 0 0.545 0.455 0 0 0 0 0 0 0 0 0 0 0 0 0 0 0 0 0
 2013 7 3 3 2 1 38 38 9 0 0 0 0.667 0 0 0.111 0.222 0 0 0 0 0 0 0 0 0 0 0 0 0
 2013 7 3 3 2 1 40 40 11 0 0 0 0.583 0 0.167 0.25 0 0 0 0 0 0 0 0 0 0 0 0 0 0
 2013 7 3 3 2 1 42 42 18 0 0 0 0.185 0.593 0.111 0.111 0 0 0 0 0 0 0 0 0 0 0 0 0 0
 2013 7 3 3 2 1 44 44 35 0 0 0 0.114 0.477 0.205 0.159 0.045 0 0 0 0 0 0 0 0 0 0 0 0 0
 2013 7 3 3 2 1 46 46 45 0 0 0.016 0.066 0.475 0.279 0.164 0 0 0 0 0 0 0 0 0 0 0 0 0 0
 2013 7 3 3 2 1 48 48 45 0 0 0 0.017 0.339 0.441 0.153 0.051 0 0 0 0 0 0 0 0 0 0 0 0 0
 2013 7 3 3 2 1 50 50 49 0 0 0 0 0.145 0.509 0.255 0.073 0 0.018 0 0 0 0 0 0 0 0 0 0 0
 2013 7 3 3 2 1 52 52 48 0 0 0 0 0.038 0.358 0.472 0.132 0 0 0 0 0 0 0 0 0 0 0 0 0
 2013 7 3 3 2 1 54 54 48 0 0 0 0 0.083 0.417 0.354 0.146 0 0 0 0 0 0 0 0 0 0 0 0 0
 2013 7 3 3 2 1 56 56 40 0 0 0 0 0 0.302 0.512 0.14 0.023 0 0 0.023 0 0 0 0 0 0 0 0 0
 2013 7 3 3 2 1 58 58 56 0 0 0 0 0 0.167 0.6 0.15 0.067 0.017 0 0 0 0 0 0 0 0 0 0 0
 2013 7 3 3 2 1 60 60 55 0 0 0 0 0 0.107 0.446 0.357 0.071 0.018 0 0 0 0 0 0 0 0 0 0 0
 2013 7 3 3 2 1 62 62 45 0 0 0 0 0 0.041 0.469 0.408 0.061 0 0.02 0 0 0 0 0 0 0 0 0 0
 2013 7 3 3 2 1 64 64 56 0 0 0 0 0 0.068 0.407 0.441 0.068 0.017 0 0 0 0 0 0 0 0 0 0 0
 2013 7 3 3 2 1 66 66 43 0 0 0 0 0 0.021 0.277 0.574 0.085 0.043 0 0 0 0 0 0 0 0 0 0 0
 2013 7 3 3 2 1 68 68 30 0 0 0 0 0 0 0.406 0.438 0.094 0.063 0 0 0 0 0 0 0 0 0 0 0
 2013 7 3 3 2 1 70 70 11 0 0 0 0 0 0 0 0.545 0.273 0.182 0 0 0 0 0 0 0 0 0 0 0
 2013 7 3 3 2 1 72 72 8 0 0 0 0 0 0 0.111 0.444 0.222 0 0 0.222 0 0 0 0 0 0 0 0 0
 2013 7 3 3 2 1 74 74 6 0 0 0 0 0 0 0 0 0.5 0.167 0 0.333 0 0 0 0 0 0 0 0 0
 2013 7 3 3 2 1 76 76 4 0 0 0 0 0 0 0 0.2 0.6 0 0 0 0 0.2 0 0 0 0 0 0 0
 -2013 7 3 3 2 1 78 78 1 0 0 0 0 0 0 0 0 0 0 0 0 0 0 1 0 0 0 0 0 0
 -2013 7 3 3 2 1 84 84 1 0 0 0 0 0 0 0 1 0 0 0 0 0 0 0 0 0 0 0 0 0
 -2014 7 3 3 2 1 32 32 1 0 0 1 0 0 0 0 0 0 0 0 0 0 0 0 0 0 0 0 0 0
 2014 7 3 3 2 1 34 34 8 0 0 0.556 0.333 0.111 0 0 0 0 0 0 0 0 0 0 0 0 0 0 0 0
 2014 7 3 3 2 1 36 36 29 0 0 0.2 0.667 0.133 0 0 0 0 0 0 0 0 0 0 0 0 0 0 0 0
 2014 7 3 3 2 1 38 38 29 0 0 0.091 0.667 0.242 0 0 0 0 0 0 0 0 0 0 0 0 0 0 0 0
 2014 7 3 3 2 1 40 40 29 0 0 0.097 0.839 0.032 0 0.032 0 0 0 0 0 0 0 0 0 0 0 0 0 0
 2014 7 3 3 2 1 42 42 39 0 0.023 0 0.614 0.205 0.091 0.068 0 0 0 0 0 0 0 0 0 0 0 0 0 0
 2014 7 3 3 2 1 44 44 44 0 0 0.039 0.373 0.314 0.118 0.078 0.039 0.039 0 0 0 0 0 0 0 0 0 0 0 0
 2014 7 3 3 2 1 46 46 59 0 0 0 0.302 0.302 0.19 0.127 0.063 0.016 0 0 0 0 0 0 0 0 0 0 0 0
 2014 7 3 3 2 1 48 48 59 0 0 0 0.149 0.463 0.149 0.119 0.09 0.03 0 0 0 0 0 0 0 0 0 0 0 0
 2014 7 3 3 2 1 50 50 65 0 0 0 0.062 0.387 0.2 0.15 0.112 0.05 0.038 0 0 0 0 0 0 0 0 0 0 0
 2014 7 3 3 2 1 52 52 64 0 0 0 0.128 0.295 0.192 0.167 0.167 0.051 0 0 0 0 0 0 0 0 0 0 0 0
 2014 7 3 3 2 1 54 54 50 0 0 0 0.036 0.232 0.214 0.304 0.196 0 0 0 0 0 0.018 0 0 0 0 0 0 0
 2014 7 3 3 2 1 56 56 51 0 0 0 0 0.158 0.175 0.386 0.193 0.07 0.018 0 0 0 0 0 0 0 0 0 0 0
 2014 7 3 3 2 1 58 58 40 0 0 0 0 0.023 0.302 0.279 0.163 0.186 0.047 0 0 0 0 0 0 0 0 0 0 0
 2014 7 3 3 2 1 60 60 42 0 0 0 0 0.093 0.163 0.349 0.209 0.163 0.023 0 0 0 0 0 0 0 0 0 0 0
 2014 7 3 3 2 1 62 62 39 0 0 0 0 0.05 0.1 0.4 0.3 0.15 0 0 0 0 0 0 0 0 0 0 0 0
 2014 7 3 3 2 1 64 64 38 0 0 0 0 0 0.025 0.225 0.375 0.3 0.05 0.025 0 0 0 0 0 0 0 0 0 0
 2014 7 3 3 2 1 66 66 56 0 0 0 0 0.017 0.051 0.119 0.441 0.271 0.085 0.017 0 0 0 0 0 0 0 0 0 0
 2014 7 3 3 2 1 68 68 47 0 0 0 0 0.019 0.019 0.148 0.407 0.241 0.148 0.019 0 0 0 0 0 0 0 0 0 0
 2014 7 3 3 2 1 70 70 39 0 0 0 0 0 0 0.051 0.41 0.385 0.128 0.026 0 0 0 0 0 0 0 0 0 0
 2014 7 3 3 2 1 72 72 23 0 0 0 0 0 0.04 0.04 0.04 0.56 0.28 0 0.04 0 0 0 0 0 0 0 0 0
 2014 7 3 3 2 1 74 74 11 0 0 0 0 0 0 0.083 0.333 0.417 0 0.083 0.083 0 0 0 0 0 0 0 0 0
 2014 7 3 3 2 1 76 76 3 0 0 0 0 0 0 0 0.333 0 0.333 0.333 0 0 0 0 0 0 0 0 0 0
 2014 7 3 3 2 1 78 78 2 0 0 0 0 0 0 0 0 0.5 0 0 0 0 0 0.5 0 0 0 0 0 0
 -2014 7 3 3 2 1 80 80 1 0 0 0 0 0 0 0 0 0 0 1 0 0 0 0 0 0 0 0 0 0
 2015 7 3 3 2 1 30 30 5 0 0.8 0.2 0 0 0 0 0 0 0 0 0 0 0 0 0 0 0 0 0 0
 2015 7 3 3 2 1 32 32 9 0 0.667 0.222 0.111 0 0 0 0 0 0 0 0 0 0 0 0 0 0 0 0 0
 2015 7 3 3 2 1 34 34 10 0 0.5 0.2 0.3 0 0 0 0 0 0 0 0 0 0 0 0 0 0 0 0 0
 2015 7 3 3 2 1 36 36 13 0 0.154 0.154 0.462 0.154 0.077 0 0 0 0 0 0 0 0 0 0 0 0 0 0 0
 2015 7 3 3 2 1 38 38 19 0 0.05 0.1 0.6 0.25 0 0 0 0 0 0 0 0 0 0 0 0 0 0 0 0
 2015 7 3 3 2 1 40 40 25 0 0.033 0.133 0.467 0.367 0 0 0 0 0 0 0 0 0 0 0 0 0 0 0 0
 2015 7 3 3 2 1 42 42 39 0 0 0.085 0.34 0.447 0.064 0.021 0.021 0.021 0 0 0 0 0 0 0 0 0 0 0 0
 2015 7 3 3 2 1 44 44 30 0 0 0.086 0.143 0.629 0.086 0.029 0.029 0 0 0 0 0 0 0 0 0 0 0 0 0
 2015 7 3 3 2 1 46 46 29 0 0 0 0.156 0.656 0.062 0.094 0.031 0 0 0 0 0 0 0 0 0 0 0 0 0
 2015 7 3 3 2 1 48 48 37 0 0 0 0.143 0.69 0.071 0.024 0 0.071 0 0 0 0 0 0 0 0 0 0 0 0
 2015 7 3 3 2 1 50 50 31 0 0 0 0.061 0.455 0.091 0.091 0.182 0.091 0.03 0 0 0 0 0 0 0 0 0 0 0
 2015 7 3 3 2 1 52 52 32 0 0 0 0.053 0.5 0.211 0.079 0.053 0.079 0.026 0 0 0 0 0 0 0 0 0 0 0
 2015 7 3 3 2 1 54 54 28 0 0 0 0.067 0.4 0.133 0.133 0.167 0.067 0.033 0 0 0 0 0 0 0 0 0 0 0
 2015 7 3 3 2 1 56 56 29 0 0 0 0.03 0.242 0.333 0.03 0.121 0.182 0.03 0 0.03 0 0 0 0 0 0 0 0 0
 2015 7 3 3 2 1 58 58 31 0 0 0 0.029 0.229 0.2 0.143 0.229 0.086 0.057 0.029 0 0 0 0 0 0 0 0 0 0
 2015 7 3 3 2 1 60 60 34 0 0 0 0 0.14 0.209 0.116 0.372 0.093 0.07 0 0 0 0 0 0 0 0 0 0 0
 2015 7 3 3 2 1 62 62 25 0 0 0 0 0.037 0.185 0.148 0.222 0.333 0 0.074 0 0 0 0 0 0 0 0 0 0
 2015 7 3 3 2 1 64 64 26 0 0 0 0 0 0.143 0.143 0.214 0.286 0.107 0.071 0 0 0.036 0 0 0 0 0 0 0
 2015 7 3 3 2 1 66 66 24 0 0 0 0 0 0 0.04 0.24 0.36 0.32 0.04 0 0 0 0 0 0 0 0 0 0
 2015 7 3 3 2 1 68 68 28 0 0 0 0 0.031 0.031 0.125 0.344 0.156 0.156 0.156 0 0 0 0 0 0 0 0 0 0
 2015 7 3 3 2 1 70 70 25 0 0 0 0 0 0.036 0.036 0.214 0.393 0.214 0.071 0.036 0 0 0 0 0 0 0 0 0
 2015 7 3 3 2 1 72 72 23 0 0 0.043 0 0 0 0.087 0.13 0.391 0.217 0.13 0 0 0 0 0 0 0 0 0 0
 2015 7 3 3 2 1 74 74 10 0 0 0 0 0 0 0 0.091 0.182 0.273 0.455 0 0 0 0 0 0 0 0 0 0
 2015 7 3 3 2 1 76 76 9 0 0 0 0 0 0 0.111 0 0.222 0.556 0.111 0 0 0 0 0 0 0 0 0 0
 2015 7 3 3 2 1 78 78 2 0 0 0 0 0 0 0.5 0.5 0 0 0 0 0 0 0 0 0 0 0 0 0
 -2015 7 3 3 2 1 80 80 1 0 0 0 0 0 0 0 0 0 1 0 0 0 0 0 0 0 0 0 0 0
 -2016 7 3 3 2 1 28 28 1 0 0 0 1 0 0 0 0 0 0 0 0 0 0 0 0 0 0 0 0 0
 2016 7 3 3 2 1 30 30 11 0 0 0.846 0.154 0 0 0 0 0 0 0 0 0 0 0 0 0 0 0 0 0
 2016 7 3 3 2 1 32 32 37 0 0 0.865 0.108 0 0 0.027 0 0 0 0 0 0 0 0 0 0 0 0 0 0
 2016 7 3 3 2 1 34 34 52 0 0 0.8 0.164 0.036 0 0 0 0 0 0 0 0 0 0 0 0 0 0 0 0
 2016 7 3 3 2 1 36 36 41 0 0 0.721 0.209 0.07 0 0 0 0 0 0 0 0 0 0 0 0 0 0 0 0
 2016 7 3 3 2 1 38 38 47 0 0 0.66 0.2 0.14 0 0 0 0 0 0 0 0 0 0 0 0 0 0 0 0
 2016 7 3 3 2 1 40 40 73 0 0 0.527 0.392 0.081 0 0 0 0 0 0 0 0 0 0 0 0 0 0 0 0
 2016 7 3 3 2 1 42 42 59 0 0 0.183 0.517 0.167 0.133 0 0 0 0 0 0 0 0 0 0 0 0 0 0 0
 2016 7 3 3 2 1 44 44 49 0 0 0.078 0.333 0.392 0.176 0.02 0 0 0 0 0 0 0 0 0 0 0 0 0 0
 2016 7 3 3 2 1 46 46 47 0 0 0.08 0.22 0.34 0.26 0.04 0.04 0 0.02 0 0 0 0 0 0 0 0 0 0 0
 2016 7 3 3 2 1 48 48 52 0 0 0.054 0.196 0.339 0.321 0.036 0.036 0 0 0.018 0 0 0 0 0 0 0 0 0 0
 2016 7 3 3 2 1 50 50 29 0 0 0.031 0.125 0.219 0.438 0.094 0.063 0.031 0 0 0 0 0 0 0 0 0 0 0 0
 2016 7 3 3 2 1 52 52 38 0 0 0 0.026 0.211 0.579 0.105 0.053 0.026 0 0 0 0 0 0 0 0 0 0 0 0
 2016 7 3 3 2 1 54 54 37 0 0 0 0.051 0.256 0.41 0.128 0.051 0.051 0.026 0.026 0 0 0 0 0 0 0 0 0 0
 2016 7 3 3 2 1 56 56 38 0 0 0 0 0.225 0.475 0.15 0.05 0.025 0.05 0.025 0 0 0 0 0 0 0 0 0 0
 2016 7 3 3 2 1 58 58 30 0 0 0 0 0.062 0.594 0.187 0.031 0 0.125 0 0 0 0 0 0 0 0 0 0 0
 2016 7 3 3 2 1 60 60 40 0 0 0 0 0.171 0.244 0.341 0.122 0.098 0.024 0 0 0 0 0 0 0 0 0 0 0
 2016 7 3 3 2 1 62 62 33 0 0 0 0 0.083 0.25 0.417 0.111 0.028 0.083 0.028 0 0 0 0 0 0 0 0 0 0
 2016 7 3 3 2 1 64 64 26 0 0 0 0.037 0.037 0.185 0.185 0.111 0.111 0.259 0.074 0 0 0 0 0 0 0 0 0 0
 2016 7 3 3 2 1 66 66 36 0 0 0 0 0.028 0.028 0.222 0.194 0.167 0.222 0.056 0.083 0 0 0 0 0 0 0 0 0
 2016 7 3 3 2 1 68 68 23 0 0 0 0 0 0.12 0.12 0.04 0.28 0.2 0.16 0.08 0 0 0 0 0 0 0 0 0
 2016 7 3 3 2 1 70 70 16 0 0 0 0 0 0 0.062 0.125 0.25 0.25 0.312 0 0 0 0 0 0 0 0 0 0
 2016 7 3 3 2 1 72 72 19 0 0 0 0 0 0 0.053 0.053 0.211 0.316 0.211 0 0 0.053 0 0.105 0 0 0 0 0
 2016 7 3 3 2 1 74 74 18 0 0 0 0 0 0 0 0 0.222 0.278 0.389 0.056 0 0 0.056 0 0 0 0 0 0
 2016 7 3 3 2 1 76 76 11 0 0 0 0 0 0 0 0 0 0.273 0.364 0.182 0 0.182 0 0 0 0 0 0 0
 2016 7 3 3 2 1 78 78 5 0 0 0 0 0 0 0 0 0 0.2 0 0.2 0 0.2 0.4 0 0 0 0 0 0
 2016 7 3 3 2 1 80 80 2 0 0 0 0 0 0 0 0 0 0 0 1 0 0 0 0 0 0 0 0 0
 -2016 7 3 3 2 1 82 82 1 0 0 0 0 0 0 0 0 0 0 1 0 0 0 0 0 0 0 0 0 0
 -2017 7 3 3 2 1 28 28 1 0 0 1 0 0 0 0 0 0 0 0 0 0 0 0 0 0 0 0 0 0
 2017 7 3 3 2 1 30 30 5 0 0 0.6 0.4 0 0 0 0 0 0 0 0 0 0 0 0 0 0 0 0 0
 2017 7 3 3 2 1 32 32 36 0 0.028 0.389 0.583 0 0 0 0 0 0 0 0 0 0 0 0 0 0 0 0 0
 2017 7 3 3 2 1 34 34 73 0 0 0.133 0.867 0 0 0 0 0 0 0 0 0 0 0 0 0 0 0 0 0
 2017 7 3 3 2 1 36 36 96 0 0 0.143 0.8 0.048 0 0 0.01 0 0 0 0 0 0 0 0 0 0 0 0 0
 2017 7 3 3 2 1 38 38 128 0 0 0.077 0.9 0.023 0 0 0 0 0 0 0 0 0 0 0 0 0 0 0 0
 2017 7 3 3 2 1 40 40 128 0 0 0.047 0.93 0.023 0 0 0 0 0 0 0 0 0 0 0 0 0 0 0 0
 2017 7 3 3 2 1 42 42 131 0 0 0.036 0.871 0.071 0.014 0.007 0 0 0 0 0 0 0 0 0 0 0 0 0 0
 2017 7 3 3 2 1 44 44 108 0 0 0.078 0.767 0.095 0.034 0.026 0 0 0 0 0 0 0 0 0 0 0 0 0 0
 2017 7 3 3 2 1 46 46 83 0 0 0.102 0.693 0.102 0.057 0.045 0 0 0 0 0 0 0 0 0 0 0 0 0 0
 2017 7 3 3 2 1 48 48 60 0 0 0.097 0.516 0.194 0.081 0.048 0.048 0 0.016 0 0 0 0 0 0 0 0 0 0 0
 2017 7 3 3 2 1 50 50 53 0 0 0.019 0.333 0.407 0.13 0.056 0.019 0.037 0 0 0 0 0 0 0 0 0 0 0 0
 2017 7 3 3 2 1 52 52 41 0 0 0.093 0.233 0.442 0.186 0.023 0.023 0 0 0 0 0 0 0 0 0 0 0 0 0
 2017 7 3 3 2 1 54 54 51 0 0 0 0.137 0.431 0.255 0.137 0.02 0 0.02 0 0 0 0 0 0 0 0 0 0 0
 2017 7 3 3 2 1 56 56 34 0 0 0 0.135 0.405 0.162 0.216 0.027 0.027 0.027 0 0 0 0 0 0 0 0 0 0 0
 2017 7 3 3 2 1 58 58 25 0 0 0 0.04 0.04 0.44 0.2 0.12 0.08 0.04 0 0.04 0 0 0 0 0 0 0 0 0
 2017 7 3 3 2 1 60 60 30 0 0 0 0 0.167 0.267 0.367 0.067 0.067 0 0.033 0 0.033 0 0 0 0 0 0 0 0
 2017 7 3 3 2 1 62 62 28 0 0 0.036 0 0 0.107 0.5 0.143 0 0.143 0 0.071 0 0 0 0 0 0 0 0 0
 2017 7 3 3 2 1 64 64 22 0 0 0 0 0 0.182 0.318 0.136 0.091 0.136 0.091 0.045 0 0 0 0 0 0 0 0 0
 2017 7 3 3 2 1 66 66 24 0 0 0 0 0.04 0.16 0.12 0.24 0.24 0.08 0.04 0.04 0 0.04 0 0 0 0 0 0 0
 2017 7 3 3 2 1 68 68 18 0 0 0 0.056 0 0.111 0.222 0.167 0.111 0.167 0.056 0.056 0.056 0 0 0 0 0 0 0 0
 2017 7 3 3 2 1 70 70 20 0 0 0 0 0 0 0.15 0.3 0.1 0 0.2 0.05 0.15 0.05 0 0 0 0 0 0 0
 2017 7 3 3 2 1 72 72 17 0 0 0 0 0 0 0 0.059 0.118 0.235 0.176 0.176 0.176 0 0 0.059 0 0 0 0 0
 2017 7 3 3 2 1 74 74 12 0 0 0 0 0 0 0 0 0 0.167 0.083 0.333 0.417 0 0 0 0 0 0 0 0
 2017 7 3 3 2 1 76 76 5 0 0 0 0 0 0 0 0 0.2 0.4 0.2 0.2 0 0 0 0 0 0 0 0 0
 2017 7 3 3 2 1 78 78 6 0 0 0 0 0 0 0 0 0 0.167 0.167 0.333 0.333 0 0 0 0 0 0 0 0
 -2017 7 3 3 2 1 80 80 1 0 0 0 0 0 0 0 0 0 0 0 1 0 0 0 0 0 0 0 0 0
 -2017 7 3 3 2 1 86 86 1 0 0 0 0 0 0 0 0 0 0 0 0 1 0 0 0 0 0 0 0 0
 2018 7 3 3 2 1 30 30 2 0 0.5 0.5 0 0 0 0 0 0 0 0 0 0 0 0 0 0 0 0 0 0
 2018 7 3 3 2 1 32 32 2 0 0 0 0 0.5 0.5 0 0 0 0 0 0 0 0 0 0 0 0 0 0 0
 2018 7 3 3 2 1 34 34 11 0 0 0.455 0.182 0.364 0 0 0 0 0 0 0 0 0 0 0 0 0 0 0 0
 2018 7 3 3 2 1 36 36 26 0 0 0.231 0.308 0.385 0.077 0 0 0 0 0 0 0 0 0 0 0 0 0 0 0
 2018 7 3 3 2 1 38 38 41 0 0 0.065 0.261 0.652 0.022 0 0 0 0 0 0 0 0 0 0 0 0 0 0 0
 2018 7 3 3 2 1 40 40 78 0 0 0.06 0.217 0.687 0.036 0 0 0 0 0 0 0 0 0 0 0 0 0 0 0
 2018 7 3 3 2 1 42 42 84 0 0 0 0.129 0.828 0.043 0 0 0 0 0 0 0 0 0 0 0 0 0 0 0
 2018 7 3 3 2 1 44 44 106 0 0 0 0.152 0.795 0.045 0 0.009 0 0 0 0 0 0 0 0 0 0 0 0 0
 2018 7 3 3 2 1 46 46 96 0 0 0 0.103 0.841 0.056 0 0 0 0 0 0 0 0 0 0 0 0 0 0 0
 2018 7 3 3 2 1 48 48 100 0 0 0 0.08 0.839 0.08 0 0 0 0 0 0 0 0 0 0 0 0 0 0 0
 2018 7 3 3 2 1 50 50 60 0 0 0 0.016 0.937 0.048 0 0 0 0 0 0 0 0 0 0 0 0 0 0 0
 2018 7 3 3 2 1 52 52 58 0 0 0 0.016 0.935 0.032 0 0.016 0 0 0 0 0 0 0 0 0 0 0 0 0
 2018 7 3 3 2 1 54 54 43 0 0 0.022 0 0.911 0.067 0 0 0 0 0 0 0 0 0 0 0 0 0 0 0
 2018 7 3 3 2 1 56 56 38 0 0 0 0 0.8 0.2 0 0 0 0 0 0 0 0 0 0 0 0 0 0 0
 2018 7 3 3 2 1 58 58 24 0 0 0 0 0.833 0.125 0 0 0 0.042 0 0 0 0 0 0 0 0 0 0 0
 2018 7 3 3 2 1 60 60 16 0 0 0 0 0.438 0.438 0.062 0 0.062 0 0 0 0 0 0 0 0 0 0 0 0
 2018 7 3 3 2 1 62 62 17 0 0 0 0.059 0.235 0.294 0.176 0.176 0.059 0 0 0 0 0 0 0 0 0 0 0 0
 2018 7 3 3 2 1 64 64 9 0 0 0 0 0.222 0.222 0.333 0 0.111 0 0 0.111 0 0 0 0 0 0 0 0 0
 2018 7 3 3 2 1 66 66 6 0 0 0 0 0 0.333 0 0.333 0.167 0 0.167 0 0 0 0 0 0 0 0 0 0
 2018 7 3 3 2 1 68 68 9 0 0 0 0 0 0.111 0.222 0.222 0.333 0 0.111 0 0 0 0 0 0 0 0 0 0
 2018 7 3 3 2 1 70 70 14 0 0 0 0 0 0.143 0.071 0.143 0.071 0.071 0.143 0.143 0.071 0.071 0.071 0 0 0 0 0 0
 2018 7 3 3 2 1 72 72 6 0 0 0 0 0 0 0 0.167 0 0 0.333 0.333 0.167 0 0 0 0 0 0 0 0
 2018 7 3 3 2 1 74 74 6 0 0 0 0 0 0 0.167 0.167 0 0 0 0.5 0.167 0 0 0 0 0 0 0 0
 2018 7 3 3 2 1 76 76 4 0 0 0 0 0 0 0 0 0 0 0 0.5 0.5 0 0 0 0 0 0 0 0
 2018 7 3 3 2 1 78 78 4 0 0 0 0 0 0 0 0 0 0 0.25 0 0 0 0.25 0.25 0.25 0 0 0 0
 2018 7 3 3 2 1 86 86 2 0 0 0 0 0 0 0 0 0 0 0 0.5 0 0.5 0 0 0 0 0 0 0
 -2019 7 3 3 2 1 30 30 1 0 0 1 0 0 0 0 0 0 0 0 0 0 0 0 0 0 0 0 0 0
 2019 7 3 3 2 1 32 32 9 0 0 0.778 0.222 0 0 0 0 0 0 0 0 0 0 0 0 0 0 0 0 0
 2019 7 3 3 2 1 34 34 15 0 0.067 0.533 0.4 0 0 0 0 0 0 0 0 0 0 0 0 0 0 0 0 0
 2019 7 3 3 2 1 36 36 27 0 0 0.333 0.519 0.111 0.037 0 0 0 0 0 0 0 0 0 0 0 0 0 0 0
 2019 7 3 3 2 1 38 38 32 0 0.031 0.219 0.5 0.125 0.125 0 0 0 0 0 0 0 0 0 0 0 0 0 0 0
 2019 7 3 3 2 1 40 40 41 0 0 0.116 0.419 0.349 0.093 0.023 0 0 0 0 0 0 0 0 0 0 0 0 0 0
 2019 7 3 3 2 1 42 42 47 0 0 0.083 0.313 0.271 0.333 0 0 0 0 0 0 0 0 0 0 0 0 0 0 0
 2019 7 3 3 2 1 44 44 77 0 0 0.065 0.195 0.299 0.442 0 0 0 0 0 0 0 0 0 0 0 0 0 0 0
 2019 7 3 3 2 1 46 46 74 0 0 0.027 0.27 0.324 0.351 0.027 0 0 0 0 0 0 0 0 0 0 0 0 0 0
 2019 7 3 3 2 1 48 48 84 0 0 0 0.081 0.244 0.651 0.023 0 0 0 0 0 0 0 0 0 0 0 0 0 0
 2019 7 3 3 2 1 50 50 83 0 0 0 0.058 0.151 0.733 0.047 0 0.012 0 0 0 0 0 0 0 0 0 0 0 0
 2019 7 3 3 2 1 52 52 76 0 0 0 0.039 0.169 0.675 0.104 0.013 0 0 0 0 0 0 0 0 0 0 0 0 0
 2019 7 3 3 2 1 54 54 90 0 0 0.011 0.011 0.121 0.725 0.066 0.066 0 0 0 0 0 0 0 0 0 0 0 0 0
 2019 7 3 3 2 1 56 56 56 0 0 0 0.016 0.164 0.754 0.033 0.033 0 0 0 0 0 0 0 0 0 0 0 0 0
 2019 7 3 3 2 1 58 58 63 0 0 0 0 0.077 0.738 0.108 0.062 0 0.015 0 0 0 0 0 0 0 0 0 0 0
 2019 7 3 3 2 1 60 60 50 0 0 0 0 0.075 0.717 0.17 0.019 0 0.019 0 0 0 0 0 0 0 0 0 0 0
 2019 7 3 3 2 1 62 62 51 0 0 0 0.02 0.078 0.51 0.216 0.118 0 0.039 0 0 0.02 0 0 0 0 0 0 0 0
 2019 7 3 3 2 1 64 64 30 0 0 0 0 0 0.367 0.3 0.167 0.067 0.033 0.067 0 0 0 0 0 0 0 0 0 0
 2019 7 3 3 2 1 66 66 26 0 0 0 0 0 0.231 0.231 0.308 0.115 0.077 0 0.038 0 0 0 0 0 0 0 0 0
 2019 7 3 3 2 1 68 68 19 0 0 0 0 0 0.053 0.211 0.316 0.105 0.158 0 0.053 0.105 0 0 0 0 0 0 0 0
 2019 7 3 3 2 1 70 70 12 0 0 0 0 0 0 0.167 0.25 0.167 0.083 0 0.083 0.083 0.083 0.083 0 0 0 0 0 0
 2019 7 3 3 2 1 72 72 11 0 0 0 0 0 0.091 0 0 0.273 0.273 0.182 0 0.182 0 0 0 0 0 0 0 0
 2019 7 3 3 2 1 74 74 9 0 0 0 0 0 0 0 0 0.111 0.111 0.222 0.333 0 0.222 0 0 0 0 0 0 0
 2019 7 3 3 2 1 76 76 7 0 0 0 0 0.143 0 0 0.143 0 0 0.286 0 0.143 0 0 0.143 0 0.143 0 0 0
 2019 7 3 3 2 1 80 80 4 0 0 0 0 0 0 0 0 0 0 0 0 0.25 0.5 0.25 0 0 0 0 0 0
 2019 7 3 3 2 1 82 82 3 0 0 0 0 0 0 0 0 0 0 0.333 0 0.333 0.333 0 0 0 0 0 0 0
 -2019 7 3 3 2 1 84 84 1 0 0 0 0 0 0 0 0 0 0 0 0 0 0 1 0 0 0 0 0 0
 2020 7 3 3 2 1 30 30 5 0 0.2 0.4 0.4 0 0 0 0 0 0 0 0 0 0 0 0 0 0 0 0 0
 2020 7 3 3 2 1 32 32 9 0 0.111 0.667 0.111 0.111 0 0 0 0 0 0 0 0 0 0 0 0 0 0 0 0
 2020 7 3 3 2 1 34 34 17 0 0.059 0.235 0.471 0.176 0.059 0 0 0 0 0 0 0 0 0 0 0 0 0 0 0
 2020 7 3 3 2 1 36 36 22 0 0 0.318 0.364 0.091 0.045 0.136 0.045 0 0 0 0 0 0 0 0 0 0 0 0 0
 2020 7 3 3 2 1 38 38 57 0 0 0.103 0.448 0.207 0.086 0.155 0 0 0 0 0 0 0 0 0 0 0 0 0 0
 2020 7 3 3 2 1 40 40 53 0 0 0.019 0.426 0.296 0.111 0.148 0 0 0 0 0 0 0 0 0 0 0 0 0 0
 2020 7 3 3 2 1 42 42 51 0 0 0 0.275 0.275 0.176 0.275 0 0 0 0 0 0 0 0 0 0 0 0 0 0
 2020 7 3 3 2 1 44 44 67 0 0 0 0.119 0.284 0.119 0.448 0.03 0 0 0 0 0 0 0 0 0 0 0 0 0
 2020 7 3 3 2 1 46 46 90 0 0 0 0.022 0.322 0.222 0.411 0.011 0.011 0 0 0 0 0 0 0 0 0 0 0 0
 2020 7 3 3 2 1 48 48 82 0 0 0 0.036 0.241 0.229 0.47 0.024 0 0 0 0 0 0 0 0 0 0 0 0 0
 2020 7 3 3 2 1 50 50 66 0 0 0 0.029 0.221 0.265 0.441 0.044 0 0 0 0 0 0 0 0 0 0 0 0 0
 2020 7 3 3 2 1 52 52 78 0 0 0 0.013 0.101 0.241 0.595 0.025 0.025 0 0 0 0 0 0 0 0 0 0 0 0
 2020 7 3 3 2 1 54 54 80 0 0 0 0 0.074 0.358 0.506 0.062 0 0 0 0 0 0 0 0 0 0 0 0 0
 2020 7 3 3 2 1 56 56 86 0 0 0 0 0.034 0.287 0.563 0.103 0.011 0 0 0 0 0 0 0 0 0 0 0 0
 2020 7 3 3 2 1 58 58 66 0 0 0 0 0.014 0.329 0.529 0.114 0.014 0 0 0 0 0 0 0 0 0 0 0 0
 2020 7 3 3 2 1 60 60 81 0 0 0 0 0.049 0.222 0.654 0.062 0.012 0 0 0 0 0 0 0 0 0 0 0 0
 2020 7 3 3 2 1 62 62 51 0 0 0 0 0 0.196 0.745 0.039 0.02 0 0 0 0 0 0 0 0 0 0 0 0
 2020 7 3 3 2 1 64 64 56 0 0 0 0 0 0.07 0.86 0.035 0.018 0 0 0 0 0 0 0 0 0 0.018 0 0
 2020 7 3 3 2 1 66 66 29 0 0 0 0 0 0.138 0.69 0.138 0 0.034 0 0 0 0 0 0 0 0 0 0 0
 2020 7 3 3 2 1 68 68 28 0 0 0 0 0 0.036 0.679 0.071 0.036 0.071 0.036 0 0 0 0.071 0 0 0 0 0 0
 2020 7 3 3 2 1 70 70 9 0 0 0 0 0 0 0.444 0.333 0 0.222 0 0 0 0 0 0 0 0 0 0 0
 2020 7 3 3 2 1 72 72 10 0 0 0 0 0 0 0.5 0 0.4 0 0 0.1 0 0 0 0 0 0 0 0 0
 2020 7 3 3 2 1 74 74 3 0 0 0 0 0 0 0 0.333 0 0.333 0.333 0 0 0 0 0 0 0 0 0 0
 2020 7 3 3 2 1 76 76 5 0 0 0 0 0 0 0 0 0.2 0.4 0 0.4 0 0 0 0 0 0 0 0 0
 -2020 7 3 3 2 1 78 78 1 0 0 0 0 0 0 0 0 0 0 0 0 0 1 0 0 0 0 0 0 0
 2020 7 3 3 2 1 80 80 2 0 0 0 0 0 0 0 0 0 0 0 0.5 0 0.5 0 0 0 0 0 0 0
 2021 7 3 3 2 1 32 32 4 0 0 0.5 0.25 0.25 0 0 0 0 0 0 0 0 0 0 0 0 0 0 0 0
 2021 7 3 3 2 1 34 34 9 0 0 0.889 0 0.111 0 0 0 0 0 0 0 0 0 0 0 0 0 0 0 0
 2021 7 3 3 2 1 36 36 20 0 0 0.55 0.15 0.25 0 0.05 0 0 0 0 0 0 0 0 0 0 0 0 0 0
 2021 7 3 3 2 1 38 38 25 0 0.04 0.28 0.2 0.4 0.04 0.04 0 0 0 0 0 0 0 0 0 0 0 0 0 0
 2021 7 3 3 2 1 40 40 33 0 0.03 0.061 0.364 0.424 0.061 0 0.061 0 0 0 0 0 0 0 0 0 0 0 0 0
 2021 7 3 3 2 1 42 42 54 0 0 0.111 0.13 0.537 0.111 0.074 0.037 0 0 0 0 0 0 0 0 0 0 0 0 0
 2021 7 3 3 2 1 44 44 58 0 0 0.034 0.293 0.414 0.138 0.086 0.034 0 0 0 0 0 0 0 0 0 0 0 0 0
 2021 7 3 3 2 1 46 46 46 0 0 0 0.064 0.511 0.191 0.064 0.17 0 0 0 0 0 0 0 0 0 0 0 0 0
 2021 7 3 3 2 1 48 48 56 0 0 0 0.07 0.368 0.316 0.07 0.175 0 0 0 0 0 0 0 0 0 0 0 0 0
 2021 7 3 3 2 1 50 50 41 0 0 0 0.07 0.488 0.163 0.14 0.14 0 0 0 0 0 0 0 0 0 0 0 0 0
 2021 7 3 3 2 1 52 52 63 0 0 0 0 0.359 0.359 0.125 0.141 0.016 0 0 0 0 0 0 0 0 0 0 0 0
 2021 7 3 3 2 1 54 54 35 0 0 0 0 0.111 0.25 0.25 0.361 0 0 0 0 0 0.028 0 0 0 0 0 0 0
 2021 7 3 3 2 1 56 56 33 0 0 0 0 0.147 0.118 0.206 0.529 0 0 0 0 0 0 0 0 0 0 0 0 0
 2021 7 3 3 2 1 58 58 42 0 0 0 0 0.19 0.167 0.238 0.405 0 0 0 0 0 0 0 0 0 0 0 0 0
 2021 7 3 3 2 1 60 60 37 0 0 0 0 0.103 0.154 0.282 0.462 0 0 0 0 0 0 0 0 0 0 0 0 0
 2021 7 3 3 2 1 62 62 28 0 0 0 0 0 0.179 0.143 0.679 0 0 0 0 0 0 0 0 0 0 0 0 0
 2021 7 3 3 2 1 64 64 26 0 0 0 0 0 0 0.148 0.778 0 0.037 0.037 0 0 0 0 0 0 0 0 0 0
 2021 7 3 3 2 1 66 66 29 0 0 0 0 0 0.034 0.241 0.69 0 0.034 0 0 0 0 0 0 0 0 0 0 0
 2021 7 3 3 2 1 68 68 27 0 0 0 0 0 0 0.222 0.593 0.111 0.037 0.037 0 0 0 0 0 0 0 0 0 0
 2021 7 3 3 2 1 70 70 21 0 0 0 0 0 0 0.143 0.714 0.048 0 0 0.095 0 0 0 0 0 0 0 0 0
 2021 7 3 3 2 1 72 72 10 0 0 0 0 0 0 0 0.7 0.1 0 0 0.1 0 0.1 0 0 0 0 0 0 0
 2021 7 3 3 2 1 74 74 4 0 0 0 0 0 0 0 0.6 0.4 0 0 0 0 0 0 0 0 0 0 0 0
 2021 7 3 3 2 1 76 76 3 0 0 0 0 0 0 0 0.333 0.333 0 0 0 0 0 0 0.333 0 0 0 0 0
 2021 7 3 3 2 1 78 78 2 0 0 0 0 0 0 0 0.5 0 0 0 0 0 0 0.5 0 0 0 0 0 0
 -2021 7 3 3 2 1 80 80 1 0 0 0 0 0 0 0 0 0 0 0 0 0 0 0 1 0 0 0 0 0
 -2021 7 3 3 2 1 86 86 1 0 0 0 0 0 0 0 0 0 0 0 0 0 1 0 0 0 0 0 0 0
 -2021 7 3 3 2 1 88 88 1 0 0 0 0 0 0 0 1 0 0 0 0 0 0 0 0 0 0 0 0 0
 -2022 7 3 3 2 1 22 22 1 0 0 0 0 1 0 0 0 0 0 0 0 0 0 0 0 0 0 0 0 0
 -2022 7 3 3 2 1 28 28 1 0 0 0 0 0 0 0 0 1 0 0 0 0 0 0 0 0 0 0 0 0
 2022 7 3 3 2 1 30 30 2 0 0.5 0.5 0 0 0 0 0 0 0 0 0 0 0 0 0 0 0 0 0 0
 2022 7 3 3 2 1 32 32 8 0 0.25 0.75 0 0 0 0 0 0 0 0 0 0 0 0 0 0 0 0 0 0
 2022 7 3 3 2 1 34 34 11 0 0 0.364 0.636 0 0 0 0 0 0 0 0 0 0 0 0 0 0 0 0 0
 2022 7 3 3 2 1 36 36 35 0 0 0.171 0.8 0.029 0 0 0 0 0 0 0 0 0 0 0 0 0 0 0 0
 2022 7 3 3 2 1 38 38 57 0 0 0.105 0.842 0.053 0 0 0 0 0 0 0 0 0 0 0 0 0 0 0 0
 2022 7 3 3 2 1 40 40 97 0 0 0.072 0.804 0.113 0.01 0 0 0 0 0 0 0 0 0 0 0 0 0 0 0
 2022 7 3 3 2 1 42 42 97 0 0 0.01 0.704 0.204 0.051 0.01 0.01 0.01 0 0 0 0 0 0 0 0 0 0 0 0
 2022 7 3 3 2 1 44 44 92 0 0 0.022 0.484 0.28 0.151 0.032 0.022 0.011 0 0 0 0 0 0 0 0 0 0 0 0
 2022 7 3 3 2 1 46 46 109 0 0 0.018 0.349 0.339 0.229 0.055 0 0.009 0 0 0 0 0 0 0 0 0 0 0 0
 2022 7 3 3 2 1 48 48 97 0 0 0 0.18 0.34 0.3 0.09 0.03 0.05 0.01 0 0 0 0 0 0 0 0 0 0 0
 2022 7 3 3 2 1 50 50 103 0 0 0 0.087 0.301 0.359 0.117 0.049 0.087 0 0 0 0 0 0 0 0 0 0 0 0
 2022 7 3 3 2 1 52 52 80 0 0 0 0.049 0.159 0.329 0.256 0.049 0.134 0.024 0 0 0 0 0 0 0 0 0 0 0
 2022 7 3 3 2 1 54 54 94 0 0 0 0.011 0.179 0.421 0.189 0.021 0.158 0.021 0 0 0 0 0 0 0 0 0 0 0
 2022 7 3 3 2 1 56 56 73 0 0 0 0 0.081 0.311 0.176 0.135 0.284 0.014 0 0 0 0 0 0 0 0 0 0 0
 2022 7 3 3 2 1 58 58 96 0 0 0 0.021 0.01 0.268 0.278 0.124 0.289 0.01 0 0 0 0 0 0 0 0 0 0 0
 2022 7 3 3 2 1 60 60 110 0 0 0 0 0.045 0.273 0.255 0.082 0.327 0.009 0.009 0 0 0 0 0 0 0 0 0 0
 2022 7 3 3 2 1 62 62 93 0 0 0 0 0.032 0.202 0.298 0.16 0.277 0.032 0 0 0 0 0 0 0 0 0 0 0
 2022 7 3 3 2 1 64 64 93 0 0 0 0 0.011 0.181 0.245 0.117 0.415 0.021 0.011 0 0 0 0 0 0 0 0 0 0
 2022 7 3 3 2 1 66 66 91 0 0 0 0 0 0.088 0.209 0.198 0.495 0 0 0 0 0.011 0 0 0 0 0 0 0
 2022 7 3 3 2 1 68 68 88 0 0 0 0 0 0.08 0.17 0.193 0.511 0.045 0 0 0 0 0 0 0 0 0 0 0
 2022 7 3 3 2 1 70 70 69 0 0 0 0 0 0.029 0.188 0.159 0.623 0 0 0 0 0 0 0 0 0 0 0 0
 2022 7 3 3 2 1 72 72 48 0 0 0 0 0 0.02 0.061 0.122 0.714 0.041 0 0 0 0.02 0.02 0 0 0 0 0 0
 2022 7 3 3 2 1 74 74 26 0 0 0 0 0 0 0 0.077 0.846 0 0 0.038 0 0.038 0 0 0 0 0 0 0
 2022 7 3 3 2 1 76 76 26 0 0 0 0 0 0 0 0.115 0.538 0.038 0.038 0.115 0 0.077 0 0.077 0 0 0 0 0
 2022 7 3 3 2 1 78 78 10 0 0 0 0 0 0 0 0 0.6 0 0 0 0.1 0.1 0.2 0 0 0 0 0 0
 2022 7 3 3 2 1 80 80 3 0 0 0 0 0 0 0 0 0.333 0 0 0 0 0 0 0.333 0 0 0.333 0 0
 2022 7 3 3 2 1 82 82 2 0 0 0 0 0 0 0 0 0 0 0 0 0 0.5 0.5 0 0 0 0 0 0
 -2022 7 3 3 2 1 84 84 1 0 0 0 0 0 0 0 0 0 0 1 0 0 0 0 0 0 0 0 0 0
 2022 7 3 3 2 1 86 86 2 0 0 0 0 0 0 0 0 0.5 0 0 0 0 0 0 0 0 0 0 0.5 0
 -2022 7 3 3 2 1 88 88 1 0 0 0 0 0 0 0 0 0 0 0 0 0 0 0 0 1 0 0 0 0
 2023 7 3 3 2 1 32 32 4 0 0 1 0 0 0 0 0 0 0 0 0 0 0 0 0 0 0 0 0 0
 2023 7 3 3 2 1 34 34 11 0 0 0.818 0.182 0 0 0 0 0 0 0 0 0 0 0 0 0 0 0 0 0
 2023 7 3 3 2 1 36 36 8 0 0 0.667 0.222 0.111 0 0 0 0 0 0 0 0 0 0 0 0 0 0 0 0
 2023 7 3 3 2 1 38 38 17 0 0 0.217 0.609 0.13 0.043 0 0 0 0 0 0 0 0 0 0 0 0 0 0 0
 2023 7 3 3 2 1 40 40 25 0 0.037 0.148 0.63 0.148 0 0.037 0 0 0 0 0 0 0 0 0 0 0 0 0 0
 2023 7 3 3 2 1 42 42 24 0 0 0.292 0.208 0.333 0.125 0.042 0 0 0 0 0 0 0 0 0 0 0 0 0 0
 2023 7 3 3 2 1 44 44 19 0 0 0.05 0.45 0.45 0.05 0 0 0 0 0 0 0 0 0 0 0 0 0 0 0
 2023 7 3 3 2 1 46 46 35 0 0 0.057 0.314 0.571 0.029 0.029 0 0 0 0 0 0 0 0 0 0 0 0 0 0
 2023 7 3 3 2 1 48 48 29 0 0 0.032 0.194 0.742 0 0.032 0 0 0 0 0 0 0 0 0 0 0 0 0 0
 2023 7 3 3 2 1 50 50 26 0 0 0 0.346 0.615 0 0 0.038 0 0 0 0 0 0 0 0 0 0 0 0 0
 2023 7 3 3 2 1 52 52 20 0 0 0 0.1 0.55 0.15 0.2 0 0 0 0 0 0 0 0 0 0 0 0 0 0
 2023 7 3 3 2 1 54 54 25 0 0 0 0.036 0.393 0.25 0.179 0.071 0.036 0.036 0 0 0 0 0 0 0 0 0 0 0
 2023 7 3 3 2 1 56 56 24 0 0 0 0.115 0.269 0.269 0.192 0 0.115 0.038 0 0 0 0 0 0 0 0 0 0 0
 2023 7 3 3 2 1 58 58 19 0 0 0 0 0.35 0.4 0.2 0.05 0 0 0 0 0 0 0 0 0 0 0 0 0
 2023 7 3 3 2 1 60 60 18 0 0 0 0 0.1 0.25 0.35 0.2 0.05 0.05 0 0 0 0 0 0 0 0 0 0 0
 2023 7 3 3 2 1 62 62 17 0 0 0 0 0.167 0.222 0.056 0.278 0.056 0.222 0 0 0 0 0 0 0 0 0 0 0
 2023 7 3 3 2 1 64 64 27 0 0 0 0 0.107 0.214 0.357 0.179 0.107 0 0 0.036 0 0 0 0 0 0 0 0 0
 2023 7 3 3 2 1 66 66 25 0 0 0 0 0 0.1 0.3 0.2 0.167 0.2 0.033 0 0 0 0 0 0 0 0 0 0
 2023 7 3 3 2 1 68 68 14 0 0 0 0 0 0.067 0.267 0.133 0.267 0.2 0 0.067 0 0 0 0 0 0 0 0 0
 2023 7 3 3 2 1 70 70 20 0 0 0 0 0 0.05 0.15 0.35 0.05 0.25 0 0 0 0 0.05 0 0.1 0 0 0 0
 2023 7 3 3 2 1 72 72 20 0 0 0 0 0 0.1 0 0.25 0.25 0.2 0 0.05 0.05 0.05 0 0 0 0 0.05 0 0
 2023 7 3 3 2 1 74 74 19 0 0 0 0 0 0 0.158 0.211 0.158 0.263 0.158 0 0 0 0 0 0.053 0 0 0 0
 2023 7 3 3 2 1 76 76 9 0 0 0 0 0 0 0 0.222 0 0.222 0.222 0.111 0 0 0.111 0.111 0 0 0 0 0
 2023 7 3 3 2 1 78 78 6 0 0 0 0 0 0 0 0.143 0.143 0 0.143 0.143 0 0.286 0 0 0.143 0 0 0 0
 2023 7 3 3 2 1 80 80 3 0 0 0 0 0 0 0.333 0 0 0 0 0 0 0.333 0 0.333 0 0 0 0 0
 -2023 7 3 3 2 1 82 82 1 0 0 0 0 0 0 0 0 0 0 0 0 0 0 0 0 0 0 0 0 1
 2023 7 3 3 2 1 86 86 2 0 0 0 0 0 0 0 0 0 0.5 0 0 0 0 0 0 0 0 0 0 0.5
 2002 7 4 3 0 1 -1 -1 12 2.22e-16 0.000500661 0.110064 0.460566 0.171911 0.142858 0.0655373 0.0398695 0.00542214 0.000555099 0.000840966 0.000384023 0.000607148 0.000538793 1.29e-05 3.05e-06 2.23e-09 2.67e-07 0.000108447 3.45e-05 0.00018664
 2004 7 4 3 0 1 -1 -1 25 0.000678047 0.00765085 0.322652 0.260039 0.221989 0.1276 0.0270918 0.0174799 0.00851209 0.00287034 0.000384973 0.000522341 0.000950402 0.000366399 0.000108606 0.000266899 0.00015646 1.98e-19 6.01e-05 1.64e-19 0.00062111
 2005 7 4 3 0 1 -1 -1 40 0.00245742 0.0277742 0.0988677 0.185555 0.23323 0.235621 0.141506 0.0355149 0.0187996 0.00776726 0.0105398 0.00187426 2.74e-05 6.57e-05 0.000159944 1.52e-19 6.82e-20 5.89e-11 1.54e-07 0.000239218 5.31e-20
 2006 7 4 3 0 1 -1 -1 14 3.65e-06 0.279565 0.267211 0.11592 0.131776 0.0753176 0.06605 0.0435882 0.0111059 0.00531142 0.00117799 0.00115076 0.000465034 0.000327663 0.000281627 0.000217175 8.9e-05 7.98e-20 1.91e-05 0.000154956 0.000267078
 2007 7 4 3 0 1 -1 -1 35 1.7e-13 0.100481 0.37192 0.39933 0.0956807 0.0158362 0.00595806 0.00332651 0.0022845 0.000964489 0.000629172 0.000902546 0.000782027 0.00189297 3.93e-14 1.1e-05 7.65e-07 1.21e-06 7.72e-30 2.69e-22 5.97e-38
 2008 7 4 3 0 1 -1 -1 11 2.22e-16 0.0431712 0.308409 0.300527 0.207468 0.0564333 0.0145625 0.0112666 0.0054152 0.0121515 0.00555708 0.00283812 0.00507166 0.00129227 0.00454253 0.0128122 0.0015276 0.000868197 0.000953395 0.000545308 0.00458694
 2009 7 4 3 0 1 -1 -1 62 8.48e-07 0.0209652 0.1766 0.450332 0.241181 0.086762 0.0172392 0.0046484 0.00124453 0.000757492 8.69e-07 0.000237925 6.2e-06 2.43e-05 1.21e-21 7.78e-22 3.41e-21 6.9e-37 3.2e-38 3.46e-38 7.67e-54
 2010 7 4 3 0 1 -1 -1 47 4.57e-14 0.0141176 0.0377642 0.225101 0.40762 0.172689 0.0979299 0.0264455 0.00990993 0.00408631 0.000922392 0.000150507 0.000340124 0.000522709 0.000336806 0.000406377 0.000317355 0.000369254 0.000335229 1.52e-05 0.000620722
 2011 7 4 3 0 1 -1 -1 94 9.94e-12 0.0012182 0.0405604 0.0607955 0.279342 0.306078 0.168662 0.0901212 0.026379 0.0107345 0.00134946 0.00279539 0.000687567 0.000591312 0.00292136 0.000583936 0.000711155 0.000639465 8.11e-06 2.36e-14 0.0058212
 2012 7 4 3 0 1 -1 -1 67 5.28e-05 0.0269299 0.0313195 0.0721957 0.0921878 0.294629 0.284711 0.122806 0.0478684 0.0142968 0.00620633 0.00275241 0.000654052 3.73e-05 0.000606807 0.000585609 0.000571705 0.000131524 0.000306849 0.000879178 0.000271161
 2013 7 4 3 0 1 -1 -1 41 2.22e-16 0.0233003 0.174427 0.130811 0.200937 0.0836347 0.201813 0.12183 0.0425485 0.0151108 0.00308407 0.00131146 0.000521416 0.000414171 1.39e-05 0.000113569 6.21e-05 1.06e-20 1.7e-05 4.98e-05 1.32e-11
 2014 7 4 3 0 1 -1 -1 17 2.22e-16 0.0142691 0.109908 0.223117 0.0711749 0.106843 0.0704908 0.192004 0.131763 0.0558171 0.0168492 0.00428963 0.00155926 0.000813253 0.000257587 0.000144352 0.000164243 0.000221799 7.57e-20 0.00031448 5.6e-15
 2015 7 4 3 0 1 -1 -1 40 1.64e-12 0.0399428 0.102516 0.319271 0.190322 0.0795203 0.0703962 0.042812 0.0756024 0.0517924 0.0189758 0.00538192 0.00217764 0.000733487 0.00016239 0.000281097 0.000112491 1.04e-30 7.5e-15 5.23e-21 1.16e-36
 2016 7 4 3 0 1 -1 -1 139 0.00996919 0.133277 0.366883 0.112131 0.0974388 0.0627962 0.0342053 0.0361566 0.0271127 0.0527555 0.0360008 0.0177283 0.00759918 0.00213958 0.00128612 0.000189829 0.000381067 0.000204089 9.16e-05 0.000758809 0.000894863
 2017 7 4 3 0 1 -1 -1 164 2.22e-16 0.0669969 0.209816 0.456679 0.0613186 0.0634687 0.0353155 0.0198991 0.0192209 0.0119762 0.0201839 0.0182322 0.0092368 0.00381984 0.00139917 0.000842188 0.000694808 0.000223127 0.000146276 0.000148708 0.000381765
 2018 7 4 3 0 1 -1 -1 127 0.0242346 0.052721 0.276038 0.176467 0.307582 0.0386198 0.0339859 0.0171181 0.0101241 0.00987235 0.00622197 0.0142386 0.0153851 0.00712501 0.00448767 0.00302783 0.000956548 0.000731856 0.000153147 0.0006449 0.000264765
 2019 7 4 3 0 1 -1 -1 210 2.22e-16 0.0746749 0.0946796 0.367312 0.154693 0.215596 0.0271822 0.0214073 0.00693883 0.00428442 0.00611612 0.00364392 0.00816171 0.00507901 0.00427438 0.00172795 0.000950957 0.00108903 0.000116164 0.000330312 0.00174261
 2020 7 4 3 0 1 -1 -1 77 9.33e-05 0.0784768 0.269335 0.150734 0.1993 0.077747 0.187013 0.0169308 0.00728414 0.00215555 0.00244724 0.00118515 0.00180638 0.00116919 0.0024657 0.000845354 0.000439686 0.000198933 0.000160431 0.000135408 7.69e-05
 2021 7 4 3 0 1 -1 -1 165 0.00361523 0.0847973 0.17908 0.336838 0.111832 0.0991792 0.0450296 0.118287 0.00769501 0.00445492 0.00130895 0.000479212 0.00130756 0.00119213 0.00124413 0.00134016 0.000910328 0.000588712 0.000408859 0.000125071 0.000287459
 2022 7 4 3 0 1 -1 -1 179 2.22e-16 0.104912 0.131049 0.247042 0.177167 0.0796946 0.0745773 0.036676 0.128049 0.00633934 0.00237352 0.00208444 0.00119453 0.000665184 0.000852913 0.0023693 0.00250019 0.00207592 0.000152439 5.11e-05 0.000173629
 2023 7 4 3 0 1 -1 -1 178 9.52e-05 0.0364279 0.183692 0.241841 0.171167 0.0696383 0.0455871 0.0503718 0.0410633 0.0976475 0.0102 0.00374383 0.00535426 0.00478313 0.00663223 0.00786587 0.0062636 0.00654083 0.00703633 0.000896294 0.00315256
 2010 7 5 3 0 1 -1 -1 18 2.22e-16 2.22e-16 0.0156677 0.135383 0.265802 0.187266 0.117931 0.136123 0.0675811 0.00141675 0.00283992 2.01e-05 0.00338322 0.0247716 0.00409399 0.000356419 0.00257411 0.0153841 5.41e-18 1.13e-12 0.0194067
 2011 7 5 3 0 1 -1 -1 23 7.52e-15 0.000860969 0.0106437 0.0854658 0.29008 0.276962 0.148206 0.0727825 0.06195 0.0131614 0.00130691 0.00158795 0.000900405 8.69e-18 8.92e-08 0.00453081 0.00329229 0.011705 0.00357928 7.56e-13 0.0129843
 2012 7 5 3 0 1 -1 -1 23 2.22e-16 0.00523529 0.0717069 0.0586962 0.147409 0.322548 0.248181 0.0893439 0.0218923 0.00703306 0.00793871 0.000610377 7.27e-05 5.55e-18 4.4e-06 0.00423607 4.61e-18 2.77e-18 0.0024931 8.33e-11 0.0125994
 2013 7 5 3 0 1 -1 -1 25 0.0165848 0.0331697 0.418476 0.227217 0.0998327 0.113251 0.0577643 0.0191185 0.00807055 0.00150932 0.000323817 0.000106519 0.000390195 0.000155837 0.00188728 0.000574201 1.55e-05 9.44e-09 3.61e-19 9.05e-14 0.00155264
 2014 7 5 3 0 1 -1 -1 35 0.0397808 0.142156 0.14473 0.195924 0.128153 0.0788402 0.10374 0.071056 0.0580508 0.0284681 0.00658531 0.00101902 0.00016055 0.000491177 4.1e-05 0.000132223 0.000151246 0.000170589 6.05e-05 0.000291175 3.4e-15
 2015 7 5 3 0 1 -1 -1 50 0.109906 0.269198 0.0609473 0.0991891 0.169781 0.0829179 0.0448214 0.0621384 0.046159 0.0343432 0.0149012 0.00160533 0.000520236 0.000682743 0.00033611 1.48e-06 0.000161204 0.000502426 0.00032863 0.0014908 6.76e-05
 2016 7 5 3 0 1 -1 -1 119 0.028998 0.0185869 0.727455 0.0701032 0.0389366 0.0633446 0.0233397 0.00820931 0.00730891 0.00592771 0.00364738 0.00178666 0.000904474 0.000569522 0.000432493 0.000174441 6.91e-05 4.87e-05 5.86e-05 4.93e-05 4.93e-05
 2017 7 5 3 0 1 -1 -1 103 2.97e-05 0.0324888 0.0874012 0.518874 0.0603291 0.0620168 0.0692362 0.035804 0.0203053 0.0322781 0.0140983 0.0187094 0.0292688 0.00497399 0.00384388 0.00239849 0.000796157 0.00028056 0.00233421 0.000297356 0.00423627
 2018 7 5 3 0 1 -1 -1 88 0.00374638 0.0244107 0.115775 0.115393 0.361034 0.0596254 0.0523786 0.0647165 0.0358841 0.0274115 0.0362032 0.034543 0.0302841 0.0208758 0.00491979 0.00329019 0.00155163 0.00136004 0.00151411 0.00103504 0.00404845
 2019 7 5 3 0 1 -1 -1 90 0.00357824 0.0666011 0.245688 0.165689 0.118003 0.314799 0.0249278 0.0118276 0.00738687 0.00639402 0.00577899 0.00742105 0.00729679 0.00618202 0.00267317 0.00154587 0.00113599 0.000709766 0.000356684 0.000400451 0.00160496
 2020 7 5 3 0 1 -1 -1 87 2.22e-16 0.112831 0.190465 0.241065 0.147187 0.0934586 0.187677 0.0151201 0.00470029 0.00247666 0.00176694 0.000883662 0.000279435 3.33e-05 0.000830034 0.000219939 0.000152824 0.000150351 0.00022417 0.000357785 0.000120998
 2021 7 5 3 0 1 -1 -1 73 2.22e-16 0.0229846 0.225668 0.0812005 0.163122 0.0964731 0.102919 0.259535 0.0193606 0.00387253 0.0060238 0.00221111 0.004891 0.00293994 0.00314876 0.00234927 0.00200865 0.000600507 0.00022541 0.000283181 0.000182967
 2022 7 5 3 0 1 -1 -1 60 2.22e-16 0.0192449 0.0495051 0.14469 0.0721706 0.152303 0.134679 0.101644 0.263584 0.0119076 0.00365761 0.00448749 0.00322138 0.00824969 0.00794461 0.00906251 0.00465769 0.00159721 0.00440169 0.00104332 0.00194926
 2023 7 5 3 0 1 -1 -1 80 0.00148806 0.0384706 0.243591 0.28289 0.231937 0.0548458 0.0522376 0.0289698 0.0246144 0.0271963 0.00363196 0.00206824 0.00143057 0.001263 0.00087574 0.00138109 0.00123404 0.000157927 0.00117685 0.000539561 1.2e-19
 1998 7 6 3 2 1 34 34 4 0 0 0 0.25 0.25 0.5 0 0 0 0 0 0 0 0 0 0 0 0 0 0 0
 1998 7 6 3 2 1 36 36 6 0 0 0.091 0.455 0.364 0.091 0 0 0 0 0 0 0 0 0 0 0 0 0 0 0
 1998 7 6 3 2 1 38 38 10 0 0 0.087 0.348 0.478 0.043 0 0 0.043 0 0 0 0 0 0 0 0 0 0 0 0
 1998 7 6 3 2 1 40 40 10 0 0 0 0.35 0.5 0.15 0 0 0 0 0 0 0 0 0 0 0 0 0 0 0
 1998 7 6 3 2 1 42 42 6 0 0 0 0.2 0.2 0.6 0 0 0 0 0 0 0 0 0 0 0 0 0 0 0
 1998 7 6 3 2 1 44 44 3 0 0 0 0.5 0.25 0 0.25 0 0 0 0 0 0 0 0 0 0 0 0 0 0
 1998 7 6 3 2 1 46 46 9 0 0 0 0.25 0.333 0.167 0.167 0 0.083 0 0 0 0 0 0 0 0 0 0 0 0
 1998 7 6 3 2 1 48 48 11 0 0 0 0.133 0.267 0.267 0.133 0.133 0 0 0.067 0 0 0 0 0 0 0 0 0 0
 1998 7 6 3 2 1 50 50 11 0 0 0 0 0.467 0.133 0.2 0.133 0.067 0 0 0 0 0 0 0 0 0 0 0 0
 1998 7 6 3 2 1 52 52 4 0 0 0 0 0 0.429 0.571 0 0 0 0 0 0 0 0 0 0 0 0 0 0
 1998 7 6 3 2 1 54 54 4 0 0 0 0 0.143 0.571 0 0.286 0 0 0 0 0 0 0 0 0 0 0 0 0
 1998 7 6 3 2 1 56 56 8 0 0 0 0 0.222 0.389 0.056 0.056 0.167 0.056 0.056 0 0 0 0 0 0 0 0 0 0
 1998 7 6 3 2 1 58 58 8 0 0 0 0 0.062 0.5 0.125 0.188 0.125 0 0 0 0 0 0 0 0 0 0 0 0
 1998 7 6 3 2 1 60 60 5 0 0 0 0 0 0.667 0.067 0.133 0.133 0 0 0 0 0 0 0 0 0 0 0 0
 1998 7 6 3 2 1 62 62 5 0 0 0 0 0 0.545 0.182 0.091 0 0.091 0.091 0 0 0 0 0 0 0 0 0 0
 1998 7 6 3 2 1 64 64 7 0 0 0 0 0 0.273 0.273 0.091 0.091 0.091 0 0.091 0 0.091 0 0 0 0 0 0 0
 1998 7 6 3 2 1 66 66 5 0 0 0 0.083 0 0.167 0.167 0.083 0 0.083 0.167 0 0.167 0 0 0 0.083 0 0 0 0
 1998 7 6 3 2 1 68 68 5 0 0 0 0 0 0.167 0 0 0.083 0 0 0.417 0 0 0.083 0.083 0.083 0 0.083 0 0
 1998 7 6 3 2 1 70 70 6 0 0 0 0 0 0 0 0.111 0.074 0.074 0.111 0.111 0.074 0.111 0.111 0.074 0.074 0 0.037 0.037 0
 1998 7 6 3 2 1 72 72 7 0 0 0 0 0 0 0.031 0 0.125 0.156 0.188 0.031 0.125 0.094 0 0.094 0.094 0.031 0 0 0.031
 1998 7 6 3 2 1 74 74 7 0 0 0 0 0 0 0 0 0.069 0.241 0.172 0.103 0.069 0.069 0.069 0 0.034 0.069 0.034 0 0.069
 1998 7 6 3 2 1 76 76 6 0 0 0 0 0 0 0 0 0.105 0 0.053 0.105 0.158 0.263 0.105 0.105 0 0.053 0 0 0.053
 1998 7 6 3 2 1 78 78 5 0 0 0 0 0 0 0 0 0 0 0.2 0.2 0.1 0 0 0.1 0 0.1 0 0 0.3
 1998 7 6 3 2 1 80 80 3 0 0 0 0 0 0 0 0 0 0 0 0 0.25 0.25 0.25 0 0 0 0 0 0.25
 1998 7 6 3 2 1 82 82 2 0 0 0 0 0 0 0 0 0 0 0.5 0 0 0 0 0 0.5 0 0 0 0
 -1998 7 6 3 2 1 84 84 1 0 0 0 0 0 0 0 0 0 0 0 0 0 0 0 0 0 0 1 0 0
 -1998 7 6 3 2 1 88 88 1 0 0 0 0 0 0 0 0 0 0 0 0 0 0 0 0 0 0 0 0 1
 1999 7 6 3 2 1 36 36 4 0 0 0 0.444 0.444 0.111 0 0 0 0 0 0 0 0 0 0 0 0 0 0 0
 1999 7 6 3 2 1 38 38 4 0 0 0 0.357 0.5 0.071 0.071 0 0 0 0 0 0 0 0 0 0 0 0 0 0
 1999 7 6 3 2 1 40 40 4 0 0 0 0.292 0.667 0 0.042 0 0 0 0 0 0 0 0 0 0 0 0 0 0
 1999 7 6 3 2 1 42 42 3 0 0 0 0.286 0.571 0.143 0 0 0 0 0 0 0 0 0 0 0 0 0 0 0
 1999 7 6 3 2 1 44 44 3 0 0 0 0 0.5 0.5 0 0 0 0 0 0 0 0 0 0 0 0 0 0 0
 1999 7 6 3 2 1 46 46 2 0 0 0 0 0.5 0.5 0 0 0 0 0 0 0 0 0 0 0 0 0 0 0
 1999 7 6 3 2 1 48 48 2 0 0 0 0 0.25 0 0.75 0 0 0 0 0 0 0 0 0 0 0 0 0 0
 -1999 7 6 3 2 1 50 50 1 0 0 0 0 0 1 0 0 0 0 0 0 0 0 0 0 0 0 0 0 0
 -1999 7 6 3 2 1 52 52 1 0 0 0 0 1 0 0 0 0 0 0 0 0 0 0 0 0 0 0 0 0
 -1999 7 6 3 2 1 64 64 1 0 0 0 0 0 0 0 0 1 0 0 0 0 0 0 0 0 0 0 0 0
 -2000 7 6 3 2 1 40 40 1 0 0 0 1 0 0 0 0 0 0 0 0 0 0 0 0 0 0 0 0 0
 -2000 7 6 3 2 1 44 44 1 0 0 0 0 1 0 0 0 0 0 0 0 0 0 0 0 0 0 0 0 0
 2000 7 6 3 2 1 46 46 7 0 0 0 0.143 0.571 0.286 0 0 0 0 0 0 0 0 0 0 0 0 0 0 0
 2000 7 6 3 2 1 48 48 7 0 0 0 0 0.111 0.556 0.222 0.111 0 0 0 0 0 0 0 0 0 0 0 0 0
 2000 7 6 3 2 1 50 50 9 0 0 0 0 0.167 0.583 0.167 0.083 0 0 0 0 0 0 0 0 0 0 0 0 0
 2000 7 6 3 2 1 52 52 12 0 0 0 0.05 0 0.65 0.2 0.05 0.05 0 0 0 0 0 0 0 0 0 0 0 0
 2000 7 6 3 2 1 54 54 13 0 0 0 0 0.095 0.476 0.238 0.19 0 0 0 0 0 0 0 0 0 0 0 0 0
 2000 7 6 3 2 1 56 56 12 0 0 0 0 0.05 0.35 0.3 0.3 0 0 0 0 0 0 0 0 0 0 0 0 0
 2000 7 6 3 2 1 58 58 10 0 0 0 0 0 0 0.357 0.571 0.071 0 0 0 0 0 0 0 0 0 0 0 0
 2000 7 6 3 2 1 60 60 10 0 0 0 0 0.077 0 0.462 0.231 0.077 0.154 0 0 0 0 0 0 0 0 0 0 0
 2000 7 6 3 2 1 62 62 15 0 0 0 0 0 0.08 0.32 0.4 0.16 0.04 0 0 0 0 0 0 0 0 0 0 0
 2000 7 6 3 2 1 64 64 21 0 0 0 0 0 0.024 0.195 0.244 0.122 0.122 0.098 0.049 0.049 0.073 0 0 0 0 0 0 0.024
 2000 7 6 3 2 1 66 66 19 0 0 0 0 0 0.059 0.147 0.235 0.235 0.059 0.029 0.088 0.059 0.059 0.029 0 0 0 0 0 0
 2000 7 6 3 2 1 68 68 18 0 0 0 0 0 0 0.062 0.25 0.375 0.125 0.094 0 0.031 0.031 0 0 0 0 0 0.031 0
 2000 7 6 3 2 1 70 70 18 0 0 0 0 0 0.038 0.077 0.154 0.269 0.192 0.115 0.038 0.038 0 0 0.038 0.038 0 0 0 0
 2000 7 6 3 2 1 72 72 10 0 0 0 0 0 0 0 0 0.059 0.353 0.059 0.118 0.118 0.059 0 0.059 0.059 0 0 0 0.118
 2000 7 6 3 2 1 74 74 9 0 0 0 0 0 0 0 0 0 0 0 0.3 0.2 0.1 0.1 0 0.1 0 0 0 0.2
 2000 7 6 3 2 1 76 76 10 0 0 0 0 0 0 0 0.059 0 0.118 0 0.118 0 0.059 0 0.059 0.059 0.059 0 0 0.471
 2000 7 6 3 2 1 78 78 5 0 0 0 0 0 0 0 0 0 0 0 0.083 0 0 0 0.083 0 0 0 0 0.833
 2000 7 6 3 2 1 80 80 5 0 0 0 0 0 0 0 0 0.2 0 0.2 0 0 0 0 0 0 0 0 0 0.6
 2000 7 6 3 2 1 82 82 4 0 0 0 0 0 0 0 0 0 0 0 0 0 0 0 0 0 0 0 0 1
 -2000 7 6 3 2 1 84 84 1 0 0 0 0 0 0 0 0 0 0 0 0 0 0 0 0 0 0 0 0 1
 -2001 7 6 3 2 1 40 40 1 0 0 0 0 1 0 0 0 0 0 0 0 0 0 0 0 0 0 0 0 0
 2001 7 6 3 2 1 42 42 3 0 0 0 0 0.333 0.333 0 0.333 0 0 0 0 0 0 0 0 0 0 0 0 0
 -2001 7 6 3 2 1 44 44 1 0 0 0 0 0 1 0 0 0 0 0 0 0 0 0 0 0 0 0 0 0
 2001 7 6 3 2 1 46 46 5 0 0 0 0 0.125 0 0.75 0.125 0 0 0 0 0 0 0 0 0 0 0 0 0
 2001 7 6 3 2 1 48 48 4 0 0 0 0 0 0.4 0.2 0.4 0 0 0 0 0 0 0 0 0 0 0 0 0
 2001 7 6 3 2 1 50 50 5 0 0 0 0 0.143 0 0.571 0 0 0.286 0 0 0 0 0 0 0 0 0 0 0
 2001 7 6 3 2 1 52 52 6 0 0 0 0 0 0.167 0.833 0 0 0 0 0 0 0 0 0 0 0 0 0 0
 2001 7 6 3 2 1 54 54 7 0 0 0 0 0 0.25 0.5 0.167 0.083 0 0 0 0 0 0 0 0 0 0 0 0
 2001 7 6 3 2 1 56 56 10 0 0 0 0 0 0.125 0.375 0.375 0.125 0 0 0 0 0 0 0 0 0 0 0 0
 2001 7 6 3 2 1 58 58 7 0 0 0 0 0 0.083 0.667 0.25 0 0 0 0 0 0 0 0 0 0 0 0 0
 2001 7 6 3 2 1 60 60 7 0 0 0 0 0 0 0.4 0.4 0 0.1 0 0 0.1 0 0 0 0 0 0 0 0
 2001 7 6 3 2 1 62 62 6 0 0 0 0 0 0 0 0.222 0.556 0.222 0 0 0 0 0 0 0 0 0 0 0
 2001 7 6 3 2 1 64 64 8 0 0 0 0 0 0 0.077 0.385 0.231 0 0.077 0.077 0.077 0 0 0.077 0 0 0 0 0
 2001 7 6 3 2 1 66 66 8 0 0 0 0 0 0 0 0.222 0.222 0.222 0.222 0.111 0 0 0 0 0 0 0 0 0
 2001 7 6 3 2 1 68 68 3 0 0 0 0 0 0 0 0.25 0.25 0.5 0 0 0 0 0 0 0 0 0 0 0
 2001 7 6 3 2 1 70 70 10 0 0 0 0 0 0 0.143 0.048 0.19 0.19 0.143 0.048 0.048 0.143 0 0 0 0.048 0 0 0
 2001 7 6 3 2 1 72 72 9 0 0 0 0 0 0 0 0 0.083 0.083 0.167 0.167 0.083 0.083 0.167 0 0 0 0 0 0.167
 2001 7 6 3 2 1 74 74 8 0 0 0 0 0 0 0 0 0.143 0.286 0 0.071 0.071 0.143 0 0.071 0.071 0 0.071 0.071 0
 2001 7 6 3 2 1 76 76 5 0 0 0 0 0 0 0 0 0 0 0.167 0.167 0 0 0 0 0.5 0 0 0.167 0
 2001 7 6 3 2 1 78 78 3 0 0 0 0 0 0 0 0 0 0 0 0.333 0 0.333 0 0 0 0 0 0 0.333
 2001 7 6 3 2 1 80 80 3 0 0 0 0 0 0 0 0 0 0 0 0 0.333 0 0.333 0 0 0 0 0 0.333
 -2001 7 6 3 2 1 82 82 1 0 0 0 0 0 0 0 0 0 0 0 0 0 0 0 0 0 0 0 0 1
 -2001 7 6 3 2 1 84 84 1 0 0 0 0 0 0 0 0 0 0 0 0 0 0 0 0 0 0 0 0 1
 -2001 7 6 3 2 1 88 88 1 0 0 0 0 0 0 0 0 0 0 0 0 0 0 0 0 0 0 0 0 1
 -2001 7 6 3 2 1 90 90 1 0 0 0 0 0 0 0 0 0 0 0 0 0 0 0 0 0 0 0 0 1
 2002 7 6 3 2 1 36 36 2 0 0.5 0 0.5 0 0 0 0 0 0 0 0 0 0 0 0 0 0 0 0 0
 2002 7 6 3 2 1 38 38 5 0 0 0 0.5 0.167 0.167 0.167 0 0 0 0 0 0 0 0 0 0 0 0 0 0
 2002 7 6 3 2 1 40 40 8 0 0 0.067 0.4 0.333 0.2 0 0 0 0 0 0 0 0 0 0 0 0 0 0 0
 2002 7 6 3 2 1 42 42 9 0 0 0.077 0.462 0 0.385 0.077 0 0 0 0 0 0 0 0 0 0 0 0 0 0
 2002 7 6 3 2 1 44 44 10 0 0 0.059 0.412 0.059 0.294 0.118 0.059 0 0 0 0 0 0 0 0 0 0 0 0 0
 2002 7 6 3 2 1 46 46 10 0 0 0.071 0.357 0.143 0.214 0.214 0 0 0 0 0 0 0 0 0 0 0 0 0 0
 2002 7 6 3 2 1 48 48 6 0 0 0 0.222 0.333 0.333 0.111 0 0 0 0 0 0 0 0 0 0 0 0 0 0
 2002 7 6 3 2 1 50 50 10 0 0 0 0.2 0.2 0.4 0.133 0.067 0 0 0 0 0 0 0 0 0 0 0 0 0
 2002 7 6 3 2 1 52 52 8 0 0 0.1 0.1 0 0.5 0.1 0.1 0.1 0 0 0 0 0 0 0 0 0 0 0 0
 2002 7 6 3 2 1 54 54 4 0 0 0 0.167 0.167 0.667 0 0 0 0 0 0 0 0 0 0 0 0 0 0 0
 2002 7 6 3 2 1 56 56 7 0 0 0 0.125 0.125 0.125 0.125 0.375 0.125 0 0 0 0 0 0 0 0 0 0 0 0
 2002 7 6 3 2 1 58 58 9 0 0 0 0 0.273 0.182 0.182 0.091 0 0.182 0.091 0 0 0 0 0 0 0 0 0 0
 2002 7 6 3 2 1 60 60 7 0 0 0 0 0 0 0.222 0.333 0.333 0 0 0.111 0 0 0 0 0 0 0 0 0
 2002 7 6 3 2 1 62 62 8 0 0 0 0 0 0.111 0.111 0.333 0.222 0.111 0.111 0 0 0 0 0 0 0 0 0 0
 2002 7 6 3 2 1 64 64 10 0 0 0 0 0.071 0.071 0.071 0.286 0.429 0 0.071 0 0 0 0 0 0 0 0 0 0
 2002 7 6 3 2 1 66 66 16 0 0 0 0 0.045 0 0.091 0.227 0.182 0.273 0.045 0 0.091 0.045 0 0 0 0 0 0 0
 2002 7 6 3 2 1 68 68 14 0 0 0 0 0 0 0 0.179 0.143 0.143 0.107 0.107 0.107 0.036 0 0.036 0.036 0.071 0.036 0 0
 2002 7 6 3 2 1 70 70 19 0 0 0 0 0.031 0 0 0.125 0.062 0.063 0.063 0.094 0.125 0 0.187 0.031 0.094 0.063 0 0.031 0.031
 2002 7 6 3 2 1 72 72 15 0 0 0 0 0 0 0 0 0.036 0.071 0.036 0.107 0.107 0.143 0.071 0.179 0 0.036 0 0 0.214
 2002 7 6 3 2 1 74 74 20 0 0 0 0 0 0 0 0.059 0.088 0.059 0.206 0.088 0.029 0.059 0 0.029 0.118 0.088 0.059 0 0.118
 2002 7 6 3 2 1 76 76 10 0 0 0 0 0 0 0 0.067 0.067 0 0.133 0.133 0.133 0.067 0 0.067 0.067 0.067 0.067 0 0.133
 2002 7 6 3 2 1 78 78 9 0 0 0 0 0 0 0 0 0.083 0 0.083 0 0 0 0.333 0.167 0.083 0.083 0 0 0.167
 2002 7 6 3 2 1 80 80 5 0 0 0 0 0 0 0 0 0 0 0.2 0 0 0.2 0 0 0 0 0.2 0 0.4
 2002 7 6 3 2 1 82 82 4 0 0 0 0 0 0 0 0 0 0 0 0.167 0 0 0 0 0 0 0 0 0.833
 -2003 7 6 3 2 1 46 46 1 0 0 0 0 0 0 0 1 0 0 0 0 0 0 0 0 0 0 0 0 0
 2003 7 6 3 2 1 48 48 3 0 0 0 0 0.333 0.333 0 0.333 0 0 0 0 0 0 0 0 0 0 0 0 0
 2003 7 6 3 2 1 50 50 3 0 0 0 0 0 0.5 0 0.5 0 0 0 0 0 0 0 0 0 0 0 0 0
 2003 7 6 3 2 1 52 52 2 0 0 0 0 0 1 0 0 0 0 0 0 0 0 0 0 0 0 0 0 0
 2003 7 6 3 2 1 54 54 5 0 0 0 0 0 0 0.5 0 0.333 0.167 0 0 0 0 0 0 0 0 0 0 0
 2003 7 6 3 2 1 56 56 6 0 0 0 0 0 0.222 0 0 0.333 0.111 0.111 0 0.111 0.111 0 0 0 0 0 0 0
 2003 7 6 3 2 1 58 58 9 0 0 0 0 0 0 0.118 0.353 0.235 0.059 0.118 0.059 0 0.059 0 0 0 0 0 0 0
 2003 7 6 3 2 1 60 60 10 0 0 0 0 0 0.077 0.077 0.154 0.154 0.154 0.077 0 0.231 0 0 0 0 0 0 0 0.077
 2003 7 6 3 2 1 62 62 7 0 0 0 0 0 0 0.1 0.1 0.3 0 0.1 0.1 0 0.1 0.1 0.1 0 0 0 0 0
 2003 7 6 3 2 1 64 64 8 0 0 0 0 0 0 0 0.062 0.25 0.062 0.062 0.188 0.125 0 0.062 0.062 0.062 0 0.062 0 0
 2003 7 6 3 2 1 66 66 13 0 0 0 0 0 0 0 0.087 0.261 0 0.217 0.087 0.043 0.043 0.174 0 0.043 0 0 0 0.043
 2003 7 6 3 2 1 68 68 18 0 0 0 0 0 0 0 0.074 0.074 0.037 0.074 0.037 0.259 0.037 0.037 0.074 0.148 0.037 0.037 0 0.074
 2003 7 6 3 2 1 70 70 16 0 0 0 0 0 0 0 0 0.12 0.28 0.08 0.12 0.12 0 0 0.04 0.12 0.12 0 0 0
 2003 7 6 3 2 1 72 72 16 0 0 0 0 0 0 0.037 0.037 0.111 0.074 0.185 0.148 0.074 0.111 0 0.037 0.074 0.037 0 0.037 0.037
 2003 7 6 3 2 1 74 74 16 0 0 0 0 0 0 0 0 0.08 0.2 0.08 0.04 0.08 0.04 0.08 0.2 0.04 0 0.04 0.04 0.08
 2003 7 6 3 2 1 76 76 13 0 0 0 0 0 0 0 0 0.105 0.053 0 0 0.105 0.053 0 0.105 0.158 0 0.105 0 0.316
 2003 7 6 3 2 1 78 78 10 0 0 0 0 0 0 0 0 0.053 0 0.053 0.053 0 0 0.158 0 0 0.158 0 0.053 0.474
 2003 7 6 3 2 1 80 80 3 0 0 0 0 0 0 0 0 0 0 0 0 0 0 0 0 0.333 0 0 0 0.667
 2003 7 6 3 2 1 82 82 8 0 0 0 0 0 0 0 0 0 0 0 0 0 0.125 0 0 0.125 0 0 0 0.75
 2003 7 6 3 2 1 84 84 2 0 0 0 0 0 0 0 0 0 0 0 0 0 0 0 0 0 0 0 0 1
 2004 7 6 3 2 1 32 32 3 0 0 0 0.667 0.333 0 0 0 0 0 0 0 0 0 0 0 0 0 0 0 0
 2004 7 6 3 2 1 34 34 6 0 0 0 0.143 0.762 0.048 0.048 0 0 0 0 0 0 0 0 0 0 0 0 0 0
 2004 7 6 3 2 1 36 36 8 0 0 0 0.2 0.76 0.04 0 0 0 0 0 0 0 0 0 0 0 0 0 0 0
 2004 7 6 3 2 1 38 38 10 0 0 0 0.167 0.667 0.139 0.028 0 0 0 0 0 0 0 0 0 0 0 0 0 0
 2004 7 6 3 2 1 40 40 10 0 0 0 0.13 0.609 0.174 0.043 0 0 0.043 0 0 0 0 0 0 0 0 0 0 0
 2004 7 6 3 2 1 42 42 8 0 0 0 0 0.6 0.1 0.3 0 0 0 0 0 0 0 0 0 0 0 0 0 0
 2004 7 6 3 2 1 44 44 7 0 0 0 0 0.455 0.364 0.182 0 0 0 0 0 0 0 0 0 0 0 0 0 0
 2004 7 6 3 2 1 46 46 8 0 0 0 0 0.462 0.231 0.308 0 0 0 0 0 0 0 0 0 0 0 0 0 0
 2004 7 6 3 2 1 48 48 9 0 0 0 0 0.304 0.261 0.304 0.087 0 0.043 0 0 0 0 0 0 0 0 0 0 0
 2004 7 6 3 2 1 50 50 14 0 0 0 0 0.08 0.4 0.28 0.08 0.08 0.04 0.04 0 0 0 0 0 0 0 0 0 0
 2004 7 6 3 2 1 52 52 14 0 0 0 0 0.25 0.25 0.2 0.1 0.1 0 0.05 0.05 0 0 0 0 0 0 0 0 0
 2004 7 6 3 2 1 54 54 8 0 0 0 0 0.1 0.4 0.2 0.1 0.2 0 0 0 0 0 0 0 0 0 0 0 0
 2004 7 6 3 2 1 56 56 11 0 0 0 0 0.071 0.214 0.143 0.214 0.286 0 0 0 0 0 0 0.071 0 0 0 0 0
 2004 7 6 3 2 1 58 58 10 0 0 0 0 0 0.05 0.2 0.35 0.1 0.15 0.1 0 0.05 0 0 0 0 0 0 0 0
 2004 7 6 3 2 1 60 60 18 0 0 0 0 0 0.077 0.192 0.192 0.154 0.077 0.154 0.038 0.038 0 0.038 0.038 0 0 0 0 0
 2004 7 6 3 2 1 62 62 15 0 0 0 0 0 0 0.048 0.286 0.19 0.048 0.238 0.048 0 0.048 0.048 0 0 0 0 0.048 0
 2004 7 6 3 2 1 64 64 21 0 0 0 0 0 0 0.029 0.143 0.143 0.2 0.114 0.057 0.086 0.057 0.086 0.057 0 0 0 0 0.029
 2004 7 6 3 2 1 66 66 26 0 0 0 0 0 0 0.044 0.111 0.044 0.244 0.067 0.067 0.133 0.089 0.089 0 0.044 0.022 0.044 0 0
 2004 7 6 3 2 1 68 68 29 0 0 0 0 0 0.019 0.019 0.094 0.151 0.113 0.113 0.094 0.075 0.075 0.038 0.038 0.057 0.019 0.019 0.019 0.057
 2004 7 6 3 2 1 70 70 26 0 0 0 0 0 0 0.016 0.082 0.066 0.098 0.131 0.066 0.148 0.098 0.082 0.082 0.049 0 0.033 0.016 0.033
 2004 7 6 3 2 1 72 72 28 0 0 0 0 0 0 0.057 0 0.057 0.057 0.094 0.094 0.189 0.132 0.057 0.038 0.038 0.038 0.019 0 0.132
 2004 7 6 3 2 1 74 74 22 0 0 0 0 0 0 0.053 0.079 0.026 0.026 0.105 0.053 0.053 0.053 0.105 0.079 0.053 0.053 0.053 0.053 0.158
 2004 7 6 3 2 1 76 76 20 0 0 0 0 0 0.036 0 0 0.036 0.071 0.107 0.071 0.071 0.036 0.071 0.143 0.071 0.036 0 0 0.25
 2004 7 6 3 2 1 78 78 13 0 0 0 0 0 0 0 0 0.071 0 0 0.143 0.071 0 0.143 0 0 0.071 0.071 0.071 0.357
 2004 7 6 3 2 1 80 80 6 0 0 0 0 0 0 0 0 0 0.167 0 0 0 0 0 0 0 0 0 0 0.833
 2004 7 6 3 2 1 82 82 4 0 0 0 0 0 0 0 0 0 0 0 0 0 0 0 0 0 0 0 0 1
 2004 7 6 3 2 1 84 84 2 0 0 0 0 0 0 0 0 0 0 0 0 0 0 0 0 0.5 0 0 0 0.5
 -2005 7 6 3 2 1 32 32 1 0 0 0 0 0 1 0 0 0 0 0 0 0 0 0 0 0 0 0 0 0
 -2005 7 6 3 2 1 36 36 1 0 0 0 0 1 0 0 0 0 0 0 0 0 0 0 0 0 0 0 0 0
 2005 7 6 3 2 1 38 38 4 0 0 0 0.5 0.25 0.25 0 0 0 0 0 0 0 0 0 0 0 0 0 0 0
 2005 7 6 3 2 1 40 40 3 0 0 0 0 0.25 0.75 0 0 0 0 0 0 0 0 0 0 0 0 0 0 0
 2005 7 6 3 2 1 42 42 2 0 0 0 1 0 0 0 0 0 0 0 0 0 0 0 0 0 0 0 0 0
 2005 7 6 3 2 1 44 44 2 0 0 0 0 0.5 0.5 0 0 0 0 0 0 0 0 0 0 0 0 0 0 0
 2005 7 6 3 2 1 46 46 8 0 0 0 0.2 0.1 0.6 0.1 0 0 0 0 0 0 0 0 0 0 0 0 0 0
 2005 7 6 3 2 1 48 48 6 0 0 0 0.286 0.143 0.429 0.143 0 0 0 0 0 0 0 0 0 0 0 0 0 0
 2005 7 6 3 2 1 50 50 8 0 0 0 0.083 0.25 0.167 0.25 0.167 0.083 0 0 0 0 0 0 0 0 0 0 0 0
 2005 7 6 3 2 1 52 52 8 0 0 0 0.182 0.182 0.273 0.273 0.091 0 0 0 0 0 0 0 0 0 0 0 0 0
 2005 7 6 3 2 1 54 54 8 0 0 0 0.091 0.091 0.636 0.091 0 0 0 0 0.091 0 0 0 0 0 0 0 0 0
 2005 7 6 3 2 1 56 56 6 0 0 0 0 0.111 0.333 0.222 0.111 0.111 0 0.111 0 0 0 0 0 0 0 0 0 0
 2005 7 6 3 2 1 58 58 8 0 0 0 0.083 0.167 0.333 0.083 0.083 0.083 0.167 0 0 0 0 0 0 0 0 0 0 0
 2005 7 6 3 2 1 60 60 8 0 0 0 0 0 0 0.167 0.167 0.25 0.167 0.083 0.083 0.083 0 0 0 0 0 0 0 0
 2005 7 6 3 2 1 62 62 12 0 0 0 0 0 0.043 0.304 0.217 0.043 0.13 0.087 0.087 0 0 0 0.043 0.043 0 0 0 0
 2005 7 6 3 2 1 64 64 11 0 0 0 0 0 0 0.133 0.2 0.267 0.133 0.133 0.067 0.067 0 0 0 0 0 0 0 0
 2005 7 6 3 2 1 66 66 11 0 0 0 0 0 0.065 0.065 0.226 0.161 0.129 0 0.065 0 0.097 0.097 0.065 0.032 0 0 0 0
 2005 7 6 3 2 1 68 68 11 0 0 0 0 0 0.063 0.125 0.187 0.188 0.188 0.062 0.062 0 0 0.125 0 0 0 0 0 0
 2005 7 6 3 2 1 70 70 11 0 0 0 0 0 0.05 0 0.05 0.05 0.3 0.1 0.05 0.1 0.15 0.05 0 0 0 0.05 0.05 0
 2005 7 6 3 2 1 72 72 7 0 0 0 0 0 0 0.077 0 0.231 0.154 0 0.154 0.154 0.077 0.154 0 0 0 0 0 0
 2005 7 6 3 2 1 74 74 9 0 0 0 0 0 0 0 0 0.067 0.067 0.2 0.067 0.067 0.133 0.067 0.067 0.133 0 0 0 0.133
 2005 7 6 3 2 1 76 76 6 0 0 0 0 0 0 0.067 0 0.067 0.067 0.067 0.067 0.333 0.133 0 0 0.067 0 0 0 0.133
 2005 7 6 3 2 1 78 78 4 0 0 0 0 0 0 0 0 0 0 0.25 0 0 0 0 0 0.25 0 0 0 0.5
 -2005 7 6 3 2 1 80 80 1 0 0 0 0 0 0 0 0 0 0 0 0 0 1 0 0 0 0 0 0 0
 2006 7 6 3 2 1 34 34 2 0 0 0 0 1 0 0 0 0 0 0 0 0 0 0 0 0 0 0 0 0
 2006 7 6 3 2 1 36 36 3 0 0 0 0.286 0.429 0 0.143 0.143 0 0 0 0 0 0 0 0 0 0 0 0 0
 2006 7 6 3 2 1 38 38 6 0 0 0 0.095 0.333 0.19 0.19 0.048 0.048 0.048 0.048 0 0 0 0 0 0 0 0 0 0
 2006 7 6 3 2 1 40 40 9 0 0 0 0 0.381 0.238 0.143 0.19 0 0 0 0.048 0 0 0 0 0 0 0 0 0
 2006 7 6 3 2 1 42 42 8 0 0 0 0.15 0.2 0.35 0.05 0.15 0.1 0 0 0 0 0 0 0 0 0 0 0 0
 2006 7 6 3 2 1 44 44 10 0 0 0 0.071 0.143 0.143 0.429 0.214 0 0 0 0 0 0 0 0 0 0 0 0 0
 2006 7 6 3 2 1 46 46 13 0 0 0 0 0.238 0.333 0.19 0.095 0.048 0 0.048 0 0.048 0 0 0 0 0 0 0 0
 2006 7 6 3 2 1 48 48 15 0 0 0 0 0 0.15 0.3 0.35 0.05 0.05 0.05 0.05 0 0 0 0 0 0 0 0 0
 2006 7 6 3 2 1 50 50 9 0 0 0 0 0 0.5 0.2 0.1 0.1 0.1 0 0 0 0 0 0 0 0 0 0 0
 2006 7 6 3 2 1 52 52 16 0 0 0 0 0.034 0.172 0.207 0.31 0.103 0.069 0.103 0 0 0 0 0 0 0 0 0 0
 2006 7 6 3 2 1 54 54 13 0 0 0 0 0 0.2 0.2 0.35 0.15 0.05 0.05 0 0 0 0 0 0 0 0 0 0
 2006 7 6 3 2 1 56 56 15 0 0 0 0 0 0.111 0.222 0.407 0.148 0 0.111 0 0 0 0 0 0 0 0 0 0
 2006 7 6 3 2 1 58 58 20 0 0 0 0 0 0 0.303 0.273 0.152 0.061 0.061 0.091 0.03 0.03 0 0 0 0 0 0 0
 2006 7 6 3 2 1 60 60 18 0 0 0 0 0 0.032 0.129 0.29 0.194 0.129 0.194 0.032 0 0 0 0 0 0 0 0 0
 2006 7 6 3 2 1 62 62 19 0 0 0 0 0 0.067 0.167 0.167 0.133 0.233 0.067 0.133 0 0.033 0 0 0 0 0 0 0
 2006 7 6 3 2 1 64 64 21 0 0 0 0 0.028 0.028 0.056 0.083 0.25 0.111 0.111 0.167 0.028 0.028 0.083 0 0.028 0 0 0 0
 2006 7 6 3 2 1 66 66 22 0 0 0 0 0 0 0.122 0.061 0.122 0.122 0.143 0.082 0.163 0.082 0 0.061 0.041 0 0 0 0
 2006 7 6 3 2 1 68 68 19 0 0 0 0 0 0 0.029 0.147 0.088 0.088 0.088 0.059 0.088 0.235 0.059 0.029 0 0 0 0.029 0.059
 2006 7 6 3 2 1 70 70 14 0 0 0 0 0 0 0.038 0.077 0.038 0.115 0.077 0.192 0.115 0.038 0.154 0.077 0.038 0 0 0.038 0
 2006 7 6 3 2 1 72 72 18 0 0 0 0 0 0 0.061 0.091 0.091 0.061 0.273 0.091 0.061 0.091 0.091 0 0.061 0.03 0 0 0
 2006 7 6 3 2 1 74 74 15 0 0 0 0 0 0 0 0.053 0.053 0.053 0.158 0 0.263 0.053 0 0 0.105 0.053 0 0 0.211
 2006 7 6 3 2 1 76 76 11 0 0 0 0 0 0 0 0 0.048 0.095 0 0.048 0.095 0.048 0.143 0.143 0 0.095 0.048 0 0.238
 2006 7 6 3 2 1 78 78 7 0 0 0 0 0 0 0 0 0.083 0.083 0.167 0 0.167 0 0.167 0.083 0 0.167 0.083 0 0
 2006 7 6 3 2 1 80 80 7 0 0 0 0 0 0 0 0 0 0 0 0 0 0 0.111 0.222 0.111 0 0 0 0.556
 2006 7 6 3 2 1 82 82 3 0 0 0 0 0 0 0 0 0 0 0.167 0 0 0 0.167 0 0 0 0 0 0.667
 -2006 7 6 3 2 1 84 84 1 0 0 0 0 0 0 0 0 0 0 0 0 0 0 0 0 0 1 0 0 0
 2006 7 6 3 2 1 86 86 2 0 0 0 0 0 0 0 0 0 0 0 0 0 0 0 0 0 0 0 0.5 0.5
 -2006 7 6 3 2 1 90 90 1 0 0 0 0 0 0 0 0 0 0 0 0 0 0 0 0 0 0 0 0 1
 -2007 7 6 3 2 1 34 34 1 0 0 0.5 0 0.5 0 0 0 0 0 0 0 0 0 0 0 0 0 0 0 0
 -2007 7 6 3 2 1 36 36 1 0 0 0 1 0 0 0 0 0 0 0 0 0 0 0 0 0 0 0 0 0
 -2007 7 6 3 2 1 38 38 1 0 0 0 0.667 0.333 0 0 0 0 0 0 0 0 0 0 0 0 0 0 0 0
 2007 7 6 3 2 1 40 40 3 0 0 0 0.333 0.333 0 0.333 0 0 0 0 0 0 0 0 0 0 0 0 0 0
 -2007 7 6 3 2 1 42 42 1 0 0 0 0 0 1 0 0 0 0 0 0 0 0 0 0 0 0 0 0 0
 2007 7 6 3 2 1 44 44 4 0 0 0 0 0.4 0.2 0 0.4 0 0 0 0 0 0 0 0 0 0 0 0 0
 2007 7 6 3 2 1 46 46 9 0 0 0 0 0.231 0.308 0.154 0.154 0.154 0 0 0 0 0 0 0 0 0 0 0 0
 2007 7 6 3 2 1 48 48 12 0 0 0 0 0.158 0.158 0.368 0.263 0.053 0 0 0 0 0 0 0 0 0 0 0 0
 2007 7 6 3 2 1 50 50 16 0 0 0 0 0.032 0.161 0.355 0.355 0.032 0.065 0 0 0 0 0 0 0 0 0 0 0
 2007 7 6 3 2 1 52 52 18 0 0 0 0 0.069 0.241 0.31 0.207 0.069 0.034 0.034 0.034 0 0 0 0 0 0 0 0 0
 2007 7 6 3 2 1 54 54 16 0 0 0 0 0 0.192 0.385 0.115 0.115 0.077 0.038 0.038 0 0 0.038 0 0 0 0 0 0
 2007 7 6 3 2 1 56 56 14 0 0 0 0 0 0.038 0.308 0.192 0.192 0.077 0.115 0.038 0.038 0 0 0 0 0 0 0 0
 2007 7 6 3 2 1 58 58 15 0 0 0 0 0 0.074 0.259 0.333 0.185 0.111 0 0.037 0 0 0 0 0 0 0 0 0
 2007 7 6 3 2 1 60 60 13 0 0 0 0 0 0.087 0.13 0.304 0.174 0.174 0.043 0 0 0.043 0.043 0 0 0 0 0 0
 2007 7 6 3 2 1 62 62 13 0 0 0 0 0 0 0.286 0.286 0.286 0.071 0.071 0 0 0 0 0 0 0 0 0 0
 2007 7 6 3 2 1 64 64 7 0 0 0 0 0 0 0.125 0.125 0 0.375 0 0.125 0 0.125 0 0.125 0 0 0 0 0
 2007 7 6 3 2 1 66 66 14 0 0 0 0 0 0 0.056 0.167 0.111 0.222 0.167 0.222 0 0 0 0.056 0 0 0 0 0
 2007 7 6 3 2 1 68 68 20 0 0 0 0 0 0 0.088 0.088 0.059 0.088 0.118 0.235 0.029 0.088 0.059 0.059 0.059 0.029 0 0 0
 2007 7 6 3 2 1 70 70 12 0 0 0 0 0.071 0 0 0.214 0.143 0.143 0 0.143 0.071 0.071 0.071 0 0 0.071 0 0 0
 2007 7 6 3 2 1 72 72 12 0 0 0 0 0 0 0 0 0.05 0.05 0.15 0.1 0.05 0.15 0 0.2 0.1 0 0.05 0.05 0.05
 2007 7 6 3 2 1 74 74 10 0 0 0 0 0 0 0 0 0.067 0.133 0.067 0.133 0.067 0 0 0.067 0.267 0 0 0 0.2
 2007 7 6 3 2 1 76 76 10 0 0 0 0 0 0 0 0 0.167 0 0.167 0.083 0.083 0.083 0 0.083 0 0.083 0.167 0 0.083
 2007 7 6 3 2 1 78 78 5 0 0 0 0 0 0 0 0 0 0 0.2 0 0 0 0 0 0.2 0 0.2 0 0.4
 -2007 7 6 3 2 1 80 80 1 0 0 0 0 0 0 0 0 0 0 1 0 0 0 0 0 0 0 0 0 0
 2007 7 6 3 2 1 82 82 2 0 0 0 0 0 0 0 0 0 0 0 0 0 0.5 0 0 0 0 0 0 0.5
 -2008 7 6 3 2 1 32 32 1 0 0 0 0 1 0 0 0 0 0 0 0 0 0 0 0 0 0 0 0 0
 2008 7 6 3 2 1 34 34 3 0 0 0.143 0.429 0.429 0 0 0 0 0 0 0 0 0 0 0 0 0 0 0 0
 2008 7 6 3 2 1 36 36 2 0 0 0 0.5 0 0.5 0 0 0 0 0 0 0 0 0 0 0 0 0 0 0
 2008 7 6 3 2 1 38 38 3 0 0 0 0.5 0.5 0 0 0 0 0 0 0 0 0 0 0 0 0 0 0 0
 2008 7 6 3 2 1 40 40 7 0 0 0 0.091 0.545 0.273 0.091 0 0 0 0 0 0 0 0 0 0 0 0 0 0
 2008 7 6 3 2 1 42 42 4 0 0 0 0.2 0.4 0.2 0.2 0 0 0 0 0 0 0 0 0 0 0 0 0 0
 2008 7 6 3 2 1 44 44 7 0 0 0 0 0.643 0.286 0.071 0 0 0 0 0 0 0 0 0 0 0 0 0 0
 2008 7 6 3 2 1 46 46 6 0 0 0 0.111 0.111 0.333 0.222 0.111 0 0.111 0 0 0 0 0 0 0 0 0 0 0
 2008 7 6 3 2 1 48 48 8 0 0 0 0 0.4 0.2 0.267 0.133 0 0 0 0 0 0 0 0 0 0 0 0 0
 2008 7 6 3 2 1 50 50 11 0 0 0 0 0 0.462 0.231 0.077 0.154 0.077 0 0 0 0 0 0 0 0 0 0 0
 2008 7 6 3 2 1 52 52 9 0 0 0 0 0 0.273 0.455 0.182 0 0.091 0 0 0 0 0 0 0 0 0 0 0
 2008 7 6 3 2 1 54 54 12 0 0 0 0 0.059 0 0.294 0.412 0.176 0.059 0 0 0 0 0 0 0 0 0 0 0
 2008 7 6 3 2 1 56 56 13 0 0 0 0 0 0.167 0.333 0.222 0.167 0.056 0.056 0 0 0 0 0 0 0 0 0 0
 2008 7 6 3 2 1 58 58 16 0 0 0 0 0 0.083 0.292 0.167 0.125 0.208 0.125 0 0 0 0 0 0 0 0 0 0
 2008 7 6 3 2 1 60 60 16 0 0 0 0 0 0.037 0.333 0.333 0.259 0.037 0 0 0 0 0 0 0 0 0 0 0
 2008 7 6 3 2 1 62 62 18 0 0 0 0 0.027 0.054 0.162 0.27 0.27 0.108 0.054 0 0.054 0 0 0 0 0 0 0 0
 2008 7 6 3 2 1 64 64 14 0 0 0 0 0 0.056 0.111 0.222 0.167 0.222 0.111 0 0.056 0 0.056 0 0 0 0 0 0
 2008 7 6 3 2 1 66 66 10 0 0 0 0 0 0.071 0 0.214 0.143 0.071 0.286 0 0.071 0 0 0 0.071 0 0.071 0 0
 2008 7 6 3 2 1 68 68 11 0 0 0 0 0 0 0 0.313 0.188 0.125 0.25 0.063 0.063 0 0 0 0 0 0 0 0
 2008 7 6 3 2 1 70 70 14 0 0 0 0 0 0 0.111 0.056 0.278 0.111 0.167 0.111 0.111 0 0 0 0 0 0 0 0.056
 2008 7 6 3 2 1 72 72 11 0 0 0 0 0 0 0 0.053 0.105 0.053 0.211 0.211 0.053 0.053 0.053 0 0.053 0.105 0.053 0 0
 2008 7 6 3 2 1 74 74 8 0 0 0 0 0 0 0 0 0.1 0 0.2 0.1 0.2 0.1 0.1 0 0 0.1 0 0 0.1
 2008 7 6 3 2 1 76 76 6 0 0 0 0 0 0 0 0 0.125 0 0.125 0.125 0.125 0 0 0.25 0 0 0 0 0.25
 2008 7 6 3 2 1 78 78 9 0 0 0 0 0 0 0 0 0.091 0.182 0.091 0.091 0.091 0 0.091 0.091 0 0 0 0 0.273
 2008 7 6 3 2 1 80 80 5 0 0 0 0 0 0 0 0 0 0.167 0 0 0 0 0 0.167 0.167 0 0 0 0.5
 2008 7 6 3 2 1 82 82 3 0 0 0 0 0 0 0 0 0 0 0 0 0.333 0 0 0.333 0 0 0 0 0.333
 -2008 7 6 3 2 1 84 84 1 0 0 0 0 0 0 0 0 0 0 0 0 0 0 0 0 0 0 0 0 1
 -2008 7 6 3 2 1 88 88 1 0 0 0 0 0 0 0 0 0 0 0 0 0 0 0 0 0 0 0 0 1
 -2008 7 6 3 2 1 92 92 1 0 0 0 0 0 0 0 0 0 0 0 0 0 0 0 0 0 0 0 0 1
 -2009 7 6 3 2 1 32 32 1 0 0 0 1 0 0 0 0 0 0 0 0 0 0 0 0 0 0 0 0 0
 2009 7 6 3 2 1 34 34 2 0 0 0 0.5 0 0.5 0 0 0 0 0 0 0 0 0 0 0 0 0 0 0
 2009 7 6 3 2 1 36 36 2 0 0 0 0 0 0.75 0.25 0 0 0 0 0 0 0 0 0 0 0 0 0 0
 2009 7 6 3 2 1 38 38 2 0 0 0 0 0.2 0.8 0 0 0 0 0 0 0 0 0 0 0 0 0 0 0
 2009 7 6 3 2 1 40 40 4 0 0 0 0 0.667 0.333 0 0 0 0 0 0 0 0 0 0 0 0 0 0 0
 -2009 7 6 3 2 1 42 42 1 0 0 0 0 0 1 0 0 0 0 0 0 0 0 0 0 0 0 0 0 0
 2009 7 6 3 2 1 44 44 5 0 0 0 0 0.375 0.5 0.125 0 0 0 0 0 0 0 0 0 0 0 0 0 0
 2009 7 6 3 2 1 46 46 6 0 0 0 0 0.222 0.222 0.444 0.111 0 0 0 0 0 0 0 0 0 0 0 0 0
 2009 7 6 3 2 1 48 48 8 0 0 0 0 0.2 0.333 0.267 0.067 0 0.067 0 0.067 0 0 0 0 0 0 0 0 0
 2009 7 6 3 2 1 50 50 6 0 0 0 0 0 0 0.429 0.286 0 0.143 0.143 0 0 0 0 0 0 0 0 0 0
 2009 7 6 3 2 1 52 52 8 0 0 0 0 0 0.444 0.111 0.333 0.111 0 0 0 0 0 0 0 0 0 0 0 0
 2009 7 6 3 2 1 54 54 7 0 0 0 0 0 0.111 0.556 0.111 0.111 0.111 0 0 0 0 0 0 0 0 0 0 0
 2009 7 6 3 2 1 56 56 11 0 0 0 0 0 0.059 0.294 0.353 0.176 0.059 0.059 0 0 0 0 0 0 0 0 0 0
 2009 7 6 3 2 1 58 58 11 0 0 0 0 0 0.067 0.067 0.2 0.133 0.333 0.067 0.133 0 0 0 0 0 0 0 0 0
 2009 7 6 3 2 1 60 60 10 0 0 0 0 0 0 0.083 0.083 0.083 0.25 0.25 0.083 0 0.083 0 0 0.083 0 0 0 0
 2009 7 6 3 2 1 62 62 13 0 0 0 0 0 0.071 0.071 0.071 0 0.429 0.214 0.071 0 0 0 0 0.071 0 0 0 0
 2009 7 6 3 2 1 64 64 16 0 0 0 0 0 0 0.048 0.048 0.095 0.333 0.429 0 0 0 0 0 0 0.048 0 0 0
 2009 7 6 3 2 1 66 66 17 0 0 0 0 0 0 0 0.071 0.143 0.429 0.214 0.071 0 0.036 0 0.036 0 0 0 0 0
 2009 7 6 3 2 1 68 68 12 0 0 0 0 0 0 0 0 0.118 0.294 0 0.353 0 0.059 0.118 0 0 0 0 0.059 0
 2009 7 6 3 2 1 70 70 11 0 0 0 0 0 0 0 0 0.1 0.25 0.1 0.15 0.1 0.15 0.05 0 0.05 0 0 0 0.05
 2009 7 6 3 2 1 72 72 10 0 0 0 0 0 0 0 0 0.154 0.154 0.231 0 0.231 0.077 0.077 0 0 0.077 0 0 0
 2009 7 6 3 2 1 74 74 8 0 0 0 0 0 0 0 0 0 0 0 0.182 0.364 0 0.182 0.091 0 0 0 0 0.182
 2009 7 6 3 2 1 76 76 10 0 0 0 0 0 0 0 0 0 0 0.077 0.154 0 0 0.231 0.154 0.077 0 0 0.077 0.231
 2009 7 6 3 2 1 78 78 4 0 0 0 0 0 0 0 0 0 0 0 0 0 0 0.2 0 0 0.2 0.2 0 0.4
 2009 7 6 3 2 1 80 80 5 0 0 0 0 0 0 0 0 0 0 0 0 0 0 0 0.333 0 0 0 0 0.667
 2009 7 6 3 2 1 82 82 3 0 0 0 0 0 0 0 0 0 0 0 0 0 0 0.667 0 0 0 0 0 0.333
 -2010 7 6 3 2 1 34 34 1 0 0 0 0.667 0.333 0 0 0 0 0 0 0 0 0 0 0 0 0 0 0 0
 2010 7 6 3 2 1 36 36 2 0 0 0 0.6 0.4 0 0 0 0 0 0 0 0 0 0 0 0 0 0 0 0
 2010 7 6 3 2 1 38 38 2 0 0 0 0.2 0.6 0.2 0 0 0 0 0 0 0 0 0 0 0 0 0 0 0
 -2010 7 6 3 2 1 40 40 1 0 0 0 0.333 0.667 0 0 0 0 0 0 0 0 0 0 0 0 0 0 0 0
 2010 7 6 3 2 1 42 42 3 0 0 0 0.25 0.5 0.25 0 0 0 0 0 0 0 0 0 0 0 0 0 0 0
 2010 7 6 3 2 1 44 44 3 0 0 0 0 0.375 0.5 0.125 0 0 0 0 0 0 0 0 0 0 0 0 0 0
 2010 7 6 3 2 1 46 46 2 0 0 0 0 0.5 0.25 0.25 0 0 0 0 0 0 0 0 0 0 0 0 0 0
 2010 7 6 3 2 1 48 48 6 0 0 0 0 0.333 0.667 0 0 0 0 0 0 0 0 0 0 0 0 0 0 0
 2010 7 6 3 2 1 50 50 2 0 0 0 0 0 0 0.667 0 0.333 0 0 0 0 0 0 0 0 0 0 0 0
 2010 7 6 3 2 1 52 52 4 0 0 0 0 0.167 0.583 0.25 0 0 0 0 0 0 0 0 0 0 0 0 0 0
 2010 7 6 3 2 1 54 54 3 0 0 0 0 0 0.667 0 0.333 0 0 0 0 0 0 0 0 0 0 0 0 0
 -2010 7 6 3 2 1 56 56 1 0 0 0 0 0 0 0 1 0 0 0 0 0 0 0 0 0 0 0 0 0
 2010 7 6 3 2 1 58 58 2 0 0 0 0 0 0 0.667 0 0 0.333 0 0 0 0 0 0 0 0 0 0 0
 2010 7 6 3 2 1 60 60 3 0 0 0 0 0 0.167 0.333 0.167 0 0 0 0.167 0.167 0 0 0 0 0 0 0 0
 2010 7 6 3 2 1 62 62 3 0 0 0 0 0.2 0.2 0.2 0.2 0 0 0 0.2 0 0 0 0 0 0 0 0 0
 2010 7 6 3 2 1 64 64 3 0 0 0 0 0 0 0.5 0.25 0 0.25 0 0 0 0 0 0 0 0 0 0 0
 2010 7 6 3 2 1 72 72 4 0 0 0 0 0 0 0.25 0 0 0.5 0 0 0 0 0.25 0 0 0 0 0 0
 -2010 7 6 3 2 1 76 76 1 0 0 0 0 0 0 0 0 0 0 0 0 0 0 0 0 0 1 0 0 0
 -2010 7 6 3 2 1 78 78 1 0 0 0 0 0 0 0 0 0 0 0 0 0 0 0 0 0 0 0 0 1
 -2011 7 6 3 2 1 32 32 1 0 0 0 0 1 0 0 0 0 0 0 0 0 0 0 0 0 0 0 0 0
 2011 7 6 3 2 1 36 36 2 0 0 0 0 0.5 0.5 0 0 0 0 0 0 0 0 0 0 0 0 0 0 0
 2011 7 6 3 2 1 44 44 2 0 0 0 0 0.5 0.5 0 0 0 0 0 0 0 0 0 0 0 0 0 0 0
 2011 7 6 3 2 1 48 48 2 0 0 0 0 0 0.333 0.667 0 0 0 0 0 0 0 0 0 0 0 0 0 0
 2011 7 6 3 2 1 54 54 2 0 0 0 0 0 0.333 0.333 0.333 0 0 0 0 0 0 0 0 0 0 0 0 0
 -2011 7 6 3 2 1 58 58 1 0 0 0 0 0 0 0 1 0 0 0 0 0 0 0 0 0 0 0 0 0
 -2011 7 6 3 2 1 66 66 1 0 0 0 0 0 0 0 0 0 1 0 0 0 0 0 0 0 0 0 0 0
 -2011 7 6 3 2 1 68 68 1 0 0 0 0 0 0 0 0 1 0 0 0 0 0 0 0 0 0 0 0 0
 2012 7 6 3 2 1 34 34 2 0 0 0 1 0 0 0 0 0 0 0 0 0 0 0 0 0 0 0 0 0
 2012 7 6 3 2 1 36 36 2 0 0 0 0.833 0 0.167 0 0 0 0 0 0 0 0 0 0 0 0 0 0 0
 2012 7 6 3 2 1 38 38 2 0 0 0 1 0 0 0 0 0 0 0 0 0 0 0 0 0 0 0 0 0
 2012 7 6 3 2 1 40 40 2 0 0 0 1 0 0 0 0 0 0 0 0 0 0 0 0 0 0 0 0 0
 2012 7 6 3 2 1 42 42 5 0 0 0 0.143 0.286 0.429 0.143 0 0 0 0 0 0 0 0 0 0 0 0 0 0
 2012 7 6 3 2 1 44 44 6 0 0 0 0 0.222 0.111 0.556 0.111 0 0 0 0 0 0 0 0 0 0 0 0 0
 2012 7 6 3 2 1 46 46 4 0 0 0 0 0.25 0 0.5 0.25 0 0 0 0 0 0 0 0 0 0 0 0 0
 2012 7 6 3 2 1 48 48 6 0 0 0 0 0 0.3 0.5 0.2 0 0 0 0 0 0 0 0 0 0 0 0 0
 2012 7 6 3 2 1 50 50 3 0 0 0 0 0 0.333 0.167 0.167 0 0.333 0 0 0 0 0 0 0 0 0 0 0
 2012 7 6 3 2 1 52 52 3 0 0 0 0 0 0.25 0 0.5 0 0 0.25 0 0 0 0 0 0 0 0 0 0
 2012 7 6 3 2 1 54 54 6 0 0 0 0 0 0.167 0.167 0.333 0.167 0.167 0 0 0 0 0 0 0 0 0 0 0
 2012 7 6 3 2 1 56 56 4 0 0 0 0 0 0.125 0.25 0.125 0.125 0.25 0 0.125 0 0 0 0 0 0 0 0 0
 2012 7 6 3 2 1 58 58 5 0 0 0 0 0 0 0.333 0.333 0 0.111 0.111 0 0 0 0.111 0 0 0 0 0 0
 2012 7 6 3 2 1 60 60 9 0 0 0 0 0 0 0.091 0.182 0.091 0 0.182 0.091 0.091 0.091 0 0.091 0 0.091 0 0 0
 2012 7 6 3 2 1 62 62 4 0 0 0 0 0 0 0.111 0.222 0.333 0 0 0.111 0.111 0 0.111 0 0 0 0 0 0
 2012 7 6 3 2 1 64 64 10 0 0 0 0 0 0 0.231 0.077 0.308 0 0.154 0.154 0 0 0 0 0 0.077 0 0 0
 2012 7 6 3 2 1 66 66 8 0 0 0 0 0 0 0.091 0.455 0.182 0 0.182 0 0 0 0 0 0 0.091 0 0 0
 2012 7 6 3 2 1 68 68 3 0 0 0 0 0 0 0 0.2 0 0 0.2 0.2 0 0.2 0.2 0 0 0 0 0 0
 2012 7 6 3 2 1 70 70 3 0 0 0 0 0 0 0 0 0 0.333 0.333 0 0 0 0 0 0 0.333 0 0 0
 2012 7 6 3 2 1 72 72 5 0 0 0 0 0 0 0 0.333 0 0.167 0 0.167 0 0 0 0 0 0 0.167 0 0.167
 2012 7 6 3 2 1 74 74 5 0 0 0 0 0 0 0 0 0.2 0.2 0.4 0 0 0 0 0 0 0 0 0.2 0
 2012 7 6 3 2 1 76 76 2 0 0 0 0 0 0 0 0 0 0 0 0 0 0 0.5 0 0 0 0 0 0.5
 2012 7 6 3 2 1 78 78 2 0 0 0 0 0 0 0 0 0 0 0 0 0 0 0 0 0 0 0 0 1
 -2012 7 6 3 2 1 80 80 1 0 0 0 0 0 0 0 0 0 0 0 0 0 0 0 0 1 0 0 0 0
 2012 7 6 3 2 1 82 82 2 0 0 0 0 0 0 0 0 0 0.5 0 0 0 0 0 0.5 0 0 0 0 0
 -2013 7 6 3 2 1 32 32 1 0 0 0 1 0 0 0 0 0 0 0 0 0 0 0 0 0 0 0 0 0
 2013 7 6 3 2 1 34 34 2 0 0 0 0.667 0.333 0 0 0 0 0 0 0 0 0 0 0 0 0 0 0 0
 2013 7 6 3 2 1 36 36 2 0 0 0 0 1 0 0 0 0 0 0 0 0 0 0 0 0 0 0 0 0
 2013 7 6 3 2 1 38 38 2 0 0 0.5 0.5 0 0 0 0 0 0 0 0 0 0 0 0 0 0 0 0 0
 2013 7 6 3 2 1 40 40 4 0 0 0 0.25 0.25 0 0.25 0 0 0.25 0 0 0 0 0 0 0 0 0 0 0
 2013 7 6 3 2 1 42 42 3 0 0 0 0.25 0.5 0.25 0 0 0 0 0 0 0 0 0 0 0 0 0 0 0
 2013 7 6 3 2 1 44 44 2 0 0 0 0.6 0.4 0 0 0 0 0 0 0 0 0 0 0 0 0 0 0 0
 2013 7 6 3 2 1 46 46 6 0 0 0 0.111 0.222 0.222 0.111 0 0.222 0.111 0 0 0 0 0 0 0 0 0 0 0
 2013 7 6 3 2 1 48 48 3 0 0 0 0 0 0 0.333 0 0 0 0 0.333 0 0 0.333 0 0 0 0 0 0
 2013 7 6 3 2 1 50 50 7 0 0 0 0 0.3 0 0.1 0.1 0.2 0.3 0 0 0 0 0 0 0 0 0 0 0
 2013 7 6 3 2 1 52 52 4 0 0 0 0 0 0 0 0.167 0.333 0.333 0 0 0 0 0 0 0 0 0 0.167 0
 2013 7 6 3 2 1 54 54 3 0 0 0 0 0 0 0 0 0 0 0.667 0 0 0.333 0 0 0 0 0 0 0
 2013 7 6 3 2 1 56 56 3 0 0 0 0 0 0 0 0.667 0 0 0 0.333 0 0 0 0 0 0 0 0 0
 2013 7 6 3 2 1 58 58 3 0 0 0 0 0 0 0 0.25 0 0.25 0 0 0.25 0 0 0 0 0 0 0.25 0
 2013 7 6 3 2 1 60 60 5 0 0 0 0 0 0 0 0.222 0.111 0 0.111 0 0.111 0 0.111 0.222 0 0.111 0 0 0
 2013 7 6 3 2 1 62 62 4 0 0 0 0 0 0 0 0.167 0.167 0.167 0 0.167 0 0 0.167 0.167 0 0 0 0 0
 2013 7 6 3 2 1 64 64 7 0 0 0 0 0 0 0 0.083 0.167 0.333 0.083 0.083 0 0.083 0.083 0 0 0.083 0 0 0
 2013 7 6 3 2 1 66 66 5 0 0 0 0 0 0 0 0.125 0.125 0.25 0.125 0 0 0.125 0 0.125 0 0 0 0 0.125
 2013 7 6 3 2 1 68 68 4 0 0 0 0 0 0 0 0 0.571 0.286 0.143 0 0 0 0 0 0 0 0 0 0
 2013 7 6 3 2 1 70 70 6 0 0 0 0 0 0 0 0.143 0.286 0.286 0 0 0 0 0 0 0.143 0 0 0.143 0
 2013 7 6 3 2 1 72 72 2 0 0 0 0 0 0 0 0 0 0.5 0 0 0 0 0 0 0 0 0 0 0.5
 2013 7 6 3 2 1 76 76 2 0 0 0 0 0 0 0 0 0 0 0 0 0 0 0.5 0.5 0 0 0 0 0
 -2013 7 6 3 2 1 78 78 1 0 0 0 0 0 0 0 0 0 0 0 1 0 0 0 0 0 0 0 0 0
 -2013 7 6 3 2 1 80 80 1 0 0 0 0 0 0 0 0 0 0 0 0 0 0 0 0 0.5 0 0 0.5 0
 2014 7 6 3 2 1 58 58 3 0 0 0 0 0 0 0.333 0 0 0 0 0 0 0 0 0 0 0.333 0 0.333 0
 2014 7 6 3 2 1 60 60 3 0 0 0 0 0 0 0 0.333 0 0 0.333 0.333 0 0 0 0 0 0 0 0 0
 2014 7 6 3 2 1 62 62 3 0 0 0 0 0 0.25 0 0.75 0 0 0 0 0 0 0 0 0 0 0 0 0
 2014 7 6 3 2 1 64 64 3 0 0 0 0 0 0 0 0 0.667 0.333 0 0 0 0 0 0 0 0 0 0 0
 2014 7 6 3 2 1 66 66 7 0 0 0 0 0 0 0.063 0.062 0.375 0.188 0.062 0.062 0.062 0.063 0.063 0 0 0 0 0 0
 2014 7 6 3 2 1 68 68 6 0 0 0 0 0 0 0.2 0.1 0 0.2 0.4 0 0 0.1 0 0 0 0 0 0 0
 2014 7 6 3 2 1 70 70 3 0 0 0 0 0 0 0 0 0.5 0.333 0.167 0 0 0 0 0 0 0 0 0 0
 2014 7 6 3 2 1 72 72 4 0 0 0 0 0 0 0.2 0.2 0.2 0.4 0 0 0 0 0 0 0 0 0 0 0
 -2014 7 6 3 2 1 74 74 1 0 0 0 0 0 0 0 0.5 0 0 0 0 0 0 0 0.5 0 0 0 0 0
 2014 7 6 3 2 1 76 76 2 0 0 0 0 0 0 0 0 0 0.333 0 0 0 0 0.333 0.333 0 0 0 0 0
 2014 7 6 3 2 1 78 78 4 0 0 0 0 0 0 0 0.25 0 0 0.25 0 0 0.25 0 0 0 0 0.25 0 0
 -2014 7 6 3 2 1 80 80 1 0 0 0 0 0 0 0 0 0 0 0 0 0 0 0 0 0 0 0 1 0
 -2014 7 6 3 2 1 84 84 1 0 0 0 0 0 0 0 0 0 0 0 0 0 0 0 0 0 0 0 0 1
 2015 7 6 3 2 1 38 38 2 0 0 0 0 0.667 0.333 0 0 0 0 0 0 0 0 0 0 0 0 0 0 0
 2015 7 6 3 2 1 40 40 2 0 0 0 0 0.5 0.5 0 0 0 0 0 0 0 0 0 0 0 0 0 0 0
 -2015 7 6 3 2 1 44 44 1 0 0 0 0 0 1 0 0 0 0 0 0 0 0 0 0 0 0 0 0 0
 2015 7 6 3 2 1 46 46 2 0 0 0 0 0.667 0.333 0 0 0 0 0 0 0 0 0 0 0 0 0 0 0
 -2015 7 6 3 2 1 50 50 1 0 0 0 0 0 0 0 1 0 0 0 0 0 0 0 0 0 0 0 0 0
 2015 7 6 3 2 1 52 52 2 0 0 0 0 0 0.333 0 0.333 0 0.333 0 0 0 0 0 0 0 0 0 0 0
 2015 7 6 3 2 1 54 54 2 0 0 0 0 0 0.333 0 0 0 0.333 0 0.333 0 0 0 0 0 0 0 0 0
 2015 7 6 3 2 1 56 56 4 0 0 0 0 0 0.167 0.167 0.167 0.5 0 0 0 0 0 0 0 0 0 0 0 0
 2015 7 6 3 2 1 58 58 5 0 0 0 0 0 0 0.125 0.25 0.125 0.125 0.125 0.125 0.125 0 0 0 0 0 0 0 0
 2015 7 6 3 2 1 60 60 3 0 0 0 0 0 0 0.667 0 0 0 0.333 0 0 0 0 0 0 0 0 0 0
 2015 7 6 3 2 1 62 62 9 0 0 0 0 0 0 0 0.273 0.182 0.273 0.273 0 0 0 0 0 0 0 0 0 0
 2015 7 6 3 2 1 64 64 4 0 0 0 0 0 0 0 0 0.167 0.167 0.167 0 0.167 0.167 0 0 0 0.167 0 0 0
 2015 7 6 3 2 1 66 66 6 0 0 0 0 0 0 0 0 0.375 0.5 0 0.125 0 0 0 0 0 0 0 0 0
 2015 7 6 3 2 1 68 68 6 0 0 0 0 0 0 0 0.125 0.125 0.5 0.125 0 0 0 0 0 0 0 0.125 0 0
 2015 7 6 3 2 1 70 70 6 0 0 0 0 0 0 0 0.143 0 0.429 0.143 0.143 0 0.143 0 0 0 0 0 0 0
 2015 7 6 3 2 1 72 72 8 0 0 0 0 0 0 0 0.125 0.25 0.25 0.125 0.125 0 0 0 0.125 0 0 0 0 0
 2015 7 6 3 2 1 74 74 7 0 0 0 0 0 0 0 0.111 0.111 0.222 0.111 0.111 0.111 0.111 0 0 0.111 0 0 0 0
 2015 7 6 3 2 1 76 76 3 0 0 0 0 0 0 0 0 0.333 0 0 0 0 0 0 0 0 0.333 0 0.333 0
 2015 7 6 3 2 1 78 78 4 0 0 0 0 0 0 0 0 0.286 0 0.143 0.143 0 0 0 0 0 0.286 0 0 0.143
 -2015 7 6 3 2 1 80 80 1 0 0 0 0 0 0 0 0 0 0 0 0 0 0 0 0 1 0 0 0 0
 2015 7 6 3 2 1 82 82 3 0 0 0 0 0 0 0 0 0 0 0 0.333 0 0 0 0 0 0 0 0 0.667
 2015 7 6 3 2 1 86 86 2 0 0 0 0 0 0 0 0 0 0 0 0 0 0 0 0 0 0 0 0 1
 -2016 7 6 3 2 1 32 32 1 0 0 0 0 1 0 0 0 0 0 0 0 0 0 0 0 0 0 0 0 0
 2016 7 6 3 2 1 34 34 3 0 0 0 0.571 0.429 0 0 0 0 0 0 0 0 0 0 0 0 0 0 0 0
 2016 7 6 3 2 1 36 36 4 0 0 0 0.444 0.333 0 0 0.222 0 0 0 0 0 0 0 0 0 0 0 0 0
 2016 7 6 3 2 1 38 38 2 0 0 0.25 0.25 0.5 0 0 0 0 0 0 0 0 0 0 0 0 0 0 0 0
 2016 7 6 3 2 1 40 40 5 0 0 0 0.2 0.4 0.2 0.2 0 0 0 0 0 0 0 0 0 0 0 0 0 0
 2016 7 6 3 2 1 42 42 4 0 0 0 0.167 0.333 0.167 0.167 0.167 0 0 0 0 0 0 0 0 0 0 0 0 0
 2016 7 6 3 2 1 44 44 4 0 0 0 0 0 0.667 0.167 0.167 0 0 0 0 0 0 0 0 0 0 0 0 0
 2016 7 6 3 2 1 46 46 4 0 0 0 0 0 0.4 0.2 0.4 0 0 0 0 0 0 0 0 0 0 0 0 0
 2016 7 6 3 2 1 48 48 2 0 0 0 0 0.5 0.25 0.25 0 0 0 0 0 0 0 0 0 0 0 0 0 0
 2016 7 6 3 2 1 50 50 6 0 0 0 0 0.167 0.333 0.333 0.167 0 0 0 0 0 0 0 0 0 0 0 0 0
 2016 7 6 3 2 1 52 52 4 0 0 0 0 0.25 0.5 0 0 0 0 0 0.25 0 0 0 0 0 0 0 0 0
 2016 7 6 3 2 1 54 54 2 0 0 0 0 0 0 0.5 0 0 0.5 0 0 0 0 0 0 0 0 0 0 0
 2016 7 6 3 2 1 56 56 2 0 0 0 0 0 0.5 0 0 0 0 0 0.5 0 0 0 0 0 0 0 0 0
 -2016 7 6 3 2 1 58 58 1 0 0 0 0 1 0 0 0 0 0 0 0 0 0 0 0 0 0 0 0 0
 2016 7 6 3 2 1 60 60 4 0 0 0 0 0 0.25 0.5 0 0 0.25 0 0 0 0 0 0 0 0 0 0 0
 2016 7 6 3 2 1 62 62 3 0 0 0 0 0 0 0 0 0 0.667 0.333 0 0 0 0 0 0 0 0 0 0
 2016 7 6 3 2 1 64 64 2 0 0 0 0 0 0 0 0 0 0.5 0.25 0 0.25 0 0 0 0 0 0 0 0
 2016 7 6 3 2 1 66 66 4 0 0 0 0 0 0 0 0.2 0 0 0.8 0 0 0 0 0 0 0 0 0 0
 2016 7 6 3 2 1 68 68 5 0 0 0 0 0 0 0 0.167 0 0.167 0.167 0.167 0.333 0 0 0 0 0 0 0 0
 2016 7 6 3 2 1 70 70 8 0 0 0 0 0 0 0 0 0.222 0.222 0.222 0.222 0.111 0 0 0 0 0 0 0 0
 2016 7 6 3 2 1 72 72 4 0 0 0 0 0 0 0 0.167 0 0.167 0.333 0 0.333 0 0 0 0 0 0 0 0
 2016 7 6 3 2 1 74 74 3 0 0 0 0 0 0 0 0 0 0 0.333 0 0 0.333 0 0 0 0.333 0 0 0
 2016 7 6 3 2 1 76 76 3 0 0 0 0 0 0 0 0 0 0 0 0.333 0.667 0 0 0 0 0 0 0 0
 -2016 7 6 3 2 1 78 78 1 0 0 0 0 0 0 0 1 0 0 0 0 0 0 0 0 0 0 0 0 0
 -2016 7 6 3 2 1 80 80 1 0 0 0 0 0 0 0 0 0 0 0 0 0.5 0 0.5 0 0 0 0 0 0
 -2017 7 6 3 2 1 32 32 1 0 0 0 0 0 0 0 0 0 0 1 0 0 0 0 0 0 0 0 0 0
 -2017 7 6 3 2 1 44 44 1 0 0 0 0 0 0 0 0 0 1 0 0 0 0 0 0 0 0 0 0 0
 -2017 7 6 3 2 1 46 46 1 0 0 0 0 0 0 0 1 0 0 0 0 0 0 0 0 0 0 0 0 0
 -2017 7 6 3 2 1 48 48 1 0 0 0 0 0 1 0 0 0 0 0 0 0 0 0 0 0 0 0 0 0
 -2017 7 6 3 2 1 50 50 1 0 0 0 0 0 0 0 0 0 0 0 0 1 0 0 0 0 0 0 0 0
 -2017 7 6 3 2 1 52 52 1 0 0 0 0 0 0 0 0 0 0 0 0 0 0 0 1 0 0 0 0 0
 2017 7 6 3 2 1 56 56 2 0 0 0 0 0 0 0 0 0 0.5 0 0.5 0 0 0 0 0 0 0 0 0
 2017 7 6 3 2 1 58 58 3 0 0 0 0 0 0 0 0 0 0 0.333 0 0.333 0 0 0.333 0 0 0 0 0
 -2017 7 6 3 2 1 60 60 1 0 0 0 0 0 0 0 0 0 0 0 0 1 0 0 0 0 0 0 0 0
 2017 7 6 3 2 1 62 62 6 0 0 0 0 0 0.125 0 0 0.25 0.125 0 0.25 0.125 0 0 0 0 0 0.125 0 0
 2017 7 6 3 2 1 64 64 5 0 0 0 0 0 0 0 0 0 0 0.2 0.4 0.4 0 0 0 0 0 0 0 0
 2017 7 6 3 2 1 66 66 11 0 0 0 0 0 0 0 0.077 0.077 0 0.538 0.231 0.077 0 0 0 0 0 0 0 0
 2017 7 6 3 2 1 68 68 12 0 0 0 0 0 0 0 0 0 0.333 0.25 0.25 0 0.167 0 0 0 0 0 0 0
 2017 7 6 3 2 1 70 70 10 0 0 0 0 0 0 0 0.053 0 0 0.158 0.368 0.105 0.053 0.053 0.105 0 0 0.053 0 0.053
 2017 7 6 3 2 1 72 72 11 0 0 0 0 0 0 0 0.059 0 0.059 0.235 0.412 0.059 0.059 0 0 0 0.059 0 0 0.059
 2017 7 6 3 2 1 74 74 6 0 0 0 0 0 0 0 0 0 0 0.222 0.222 0.111 0 0.111 0.222 0 0.111 0 0 0
 2017 7 6 3 2 1 76 76 6 0 0 0 0 0 0 0 0 0 0 0.167 0.167 0.333 0 0.167 0 0.167 0 0 0 0
 2017 7 6 3 2 1 78 78 6 0 0 0 0 0 0 0 0 0 0 0.143 0.571 0 0 0 0.143 0 0 0 0.143 0
 2017 7 6 3 2 1 80 80 2 0 0 0 0 0 0 0 0 0 0 0.333 0.333 0 0.333 0 0 0 0 0 0 0
 2017 7 6 3 2 1 82 82 4 0 0 0 0 0 0 0 0 0 0.167 0 0 0 0.167 0 0 0 0 0.167 0 0.5
 2017 7 6 3 2 1 84 84 3 0 0 0 0 0 0 0 0 0 0 0 0 0 0 0 0 0.333 0 0 0 0.667
 -2018 7 6 3 2 1 40 40 1 0 0 0 0 0 0 0 0 1 0 0 0 0 0 0 0 0 0 0 0 0
 -2018 7 6 3 2 1 46 46 1 0 0 0 0 0 0 1 0 0 0 0 0 0 0 0 0 0 0 0 0 0
 2018 7 6 3 2 1 50 50 2 0 0 0 0 0 0 1 0 0 0 0 0 0 0 0 0 0 0 0 0 0
 2018 7 6 3 2 1 52 52 2 0 0 0 0 0 0 0 0 0 0 0.5 0 0.5 0 0 0 0 0 0 0 0
 2018 7 6 3 2 1 56 56 4 0 0 0 0 0 0 0 0.5 0 0.25 0 0 0.25 0 0 0 0 0 0 0 0
 2018 7 6 3 2 1 58 58 3 0 0 0 0 0 0 0 0 0 0 0.667 0 0 0.333 0 0 0 0 0 0 0
 2018 7 6 3 2 1 60 60 9 0 0 0 0 0 0 0.143 0.071 0.071 0.143 0.429 0.071 0 0.071 0 0 0 0 0 0 0
 2018 7 6 3 2 1 62 62 14 0 0 0 0 0 0 0.15 0.05 0.15 0.2 0.15 0.15 0.05 0.1 0 0 0 0 0 0 0
 2018 7 6 3 2 1 64 64 19 0 0 0 0 0 0 0.111 0.111 0.111 0.111 0.148 0.111 0.148 0.037 0.074 0 0 0 0 0.037 0
 2018 7 6 3 2 1 66 66 20 0 0 0 0 0 0 0.032 0.032 0.258 0.161 0.097 0.097 0.161 0.097 0.032 0.032 0 0 0 0 0
 2018 7 6 3 2 1 68 68 24 0 0 0 0 0 0 0 0.042 0.042 0.146 0.271 0.229 0.167 0.042 0 0 0 0.021 0 0.021 0.021
 2018 7 6 3 2 1 70 70 27 0 0 0 0 0 0 0 0.019 0 0.057 0.302 0.264 0.151 0.132 0.057 0 0 0 0.019 0 0
 2018 7 6 3 2 1 72 72 20 0 0 0 0 0.029 0 0 0.029 0.029 0.029 0.206 0.235 0.324 0.059 0.029 0 0.029 0 0 0 0
 2018 7 6 3 2 1 74 74 20 0 0 0 0 0 0 0 0 0 0.036 0.214 0.286 0.214 0.107 0 0.036 0.036 0.036 0 0 0.036
 2018 7 6 3 2 1 76 76 12 0 0 0 0 0 0 0 0 0 0.059 0.059 0.294 0.353 0.059 0.059 0.059 0 0 0 0 0.059
 2018 7 6 3 2 1 78 78 7 0 0 0 0 0 0 0 0 0 0 0.2 0.2 0.1 0.1 0.2 0 0 0 0.1 0 0.1
 2018 7 6 3 2 1 80 80 5 0 0 0 0 0 0 0 0 0 0 0 0.167 0 0 0 0 0 0 0.167 0.167 0.5
 -2018 7 6 3 2 1 82 82 1 0 0 0 0 0 0 0 0 0 0 0 0 0 0 0 0 0 0 0 0 1
 2018 7 6 3 2 1 84 84 3 0 0 0 0 0 0 0 0 0 0 0 0 0 0 0.25 0 0 0 0 0 0.75
 -2018 7 6 3 2 1 88 88 1 0 0 0 0 0 0 0 0 0 0 0 0 0 0 0 0 0 0 0 0 1
 -2019 7 6 3 2 1 30 30 1 0 0 0 1 0 0 0 0 0 0 0 0 0 0 0 0 0 0 0 0 0
 -2019 7 6 3 2 1 36 36 1 0 0 1 0 0 0 0 0 0 0 0 0 0 0 0 0 0 0 0 0 0
 2019 7 6 3 2 1 38 38 3 0 0 0.25 0.75 0 0 0 0 0 0 0 0 0 0 0 0 0 0 0 0 0
 2019 7 6 3 2 1 42 42 2 0 0 0 0 0 0.5 0.5 0 0 0 0 0 0 0 0 0 0 0 0 0 0
 2019 7 6 3 2 1 44 44 3 0 0 0 0.333 0.333 0 0 0 0 0 0.333 0 0 0 0 0 0 0 0 0 0
 2019 7 6 3 2 1 46 46 4 0 0 0 0 0 0.75 0.25 0 0 0 0 0 0 0 0 0 0 0 0 0 0
 2019 7 6 3 2 1 48 48 3 0 0 0 0 0.333 0.667 0 0 0 0 0 0 0 0 0 0 0 0 0 0 0
 2019 7 6 3 2 1 50 50 3 0 0 0 0 0.333 0 0 0.333 0.333 0 0 0 0 0 0 0 0 0 0 0 0
 2019 7 6 3 2 1 52 52 7 0 0 0 0 0.125 0.125 0.5 0 0.125 0.125 0 0 0 0 0 0 0 0 0 0 0
 2019 7 6 3 2 1 54 54 4 0 0 0 0 0 0 0 0.5 0.25 0.25 0 0 0 0 0 0 0 0 0 0 0
 2019 7 6 3 2 1 56 56 15 0 0 0 0 0 0 0.059 0.235 0.294 0.176 0.118 0.059 0 0 0 0 0 0 0 0 0.059
 2019 7 6 3 2 1 58 58 17 0 0 0 0 0 0.04 0.08 0.4 0.16 0.16 0.04 0 0.08 0 0 0.04 0 0 0 0 0
 2019 7 6 3 2 1 60 60 20 0 0 0 0 0 0 0.103 0.172 0.103 0.034 0.241 0.103 0.069 0.069 0.069 0.034 0 0 0 0 0
 2019 7 6 3 2 1 62 62 27 0 0 0 0 0 0 0.026 0.128 0.154 0.205 0.103 0.077 0.103 0.077 0.103 0 0.026 0 0 0 0
 2019 7 6 3 2 1 64 64 36 0 0 0 0 0 0 0.039 0.066 0.105 0.197 0.211 0.079 0.079 0.066 0.053 0.026 0.026 0.013 0.026 0 0.013
 2019 7 6 3 2 1 66 66 41 0 0 0 0 0 0 0.013 0.105 0.039 0.092 0.118 0.105 0.158 0.184 0.079 0.026 0.026 0.013 0.013 0 0.026
 2019 7 6 3 2 1 68 68 46 0 0 0 0 0 0 0 0.01 0.031 0.082 0.092 0.133 0.194 0.143 0.082 0.102 0.051 0.041 0.02 0.01 0.01
 2019 7 6 3 2 1 70 70 37 0 0 0 0 0 0 0.014 0.027 0.068 0.041 0.11 0.151 0.151 0.068 0.164 0.068 0.096 0.027 0 0.014 0
 2019 7 6 3 2 1 72 72 41 0 0 0 0 0 0 0 0.012 0.012 0.075 0.05 0.212 0.125 0.225 0.125 0.062 0.063 0 0.012 0.012 0.012
 2019 7 6 3 2 1 74 74 30 0 0 0 0 0 0 0 0 0.023 0 0.093 0.116 0.163 0.163 0.14 0.14 0.047 0.023 0 0 0.093
 2019 7 6 3 2 1 76 76 21 0 0 0 0 0 0 0 0 0.029 0.029 0.059 0.147 0.206 0.059 0.147 0.029 0.118 0.059 0 0 0.118
 2019 7 6 3 2 1 78 78 18 0 0 0 0 0 0 0 0 0 0 0 0.036 0.179 0.143 0.214 0.107 0.071 0 0.036 0 0.214
 2019 7 6 3 2 1 80 80 10 0 0 0 0 0 0 0 0 0 0.071 0 0.143 0 0.071 0 0.143 0.071 0.071 0.071 0.071 0.286
 2019 7 6 3 2 1 82 82 6 0 0 0 0 0 0 0 0 0 0 0 0 0 0.286 0.286 0 0 0 0 0 0.429
 2019 7 6 3 2 1 84 84 5 0 0 0 0 0 0 0 0 0 0 0 0 0 0 0 0.2 0 0 0 0 0.8
 2019 7 6 3 2 1 86 86 3 0 0 0 0 0 0 0 0 0 0 0 0 0 0 0 0 0 0 0 0 1
 -2019 7 6 3 2 1 88 88 1 0 0 0 0 0 0 0 0 0 0 0 0 0 0 0 0 0 0 0 0 1
 -2020 7 6 3 2 1 30 30 1 0 0 0 0 0 0 0 1 0 0 0 0 0 0 0 0 0 0 0 0 0
 -2020 7 6 3 2 1 36 36 1 0 0 0 1 0 0 0 0 0 0 0 0 0 0 0 0 0 0 0 0 0
 -2020 7 6 3 2 1 38 38 1 0 0 0 1 0 0 0 0 0 0 0 0 0 0 0 0 0 0 0 0 0
 2020 7 6 3 2 1 42 42 3 0 0 0 0 0.333 0 0.333 0.333 0 0 0 0 0 0 0 0 0 0 0 0 0
 2020 7 6 3 2 1 44 44 2 0 0 0 0 0 0.5 0.5 0 0 0 0 0 0 0 0 0 0 0 0 0 0
 2020 7 6 3 2 1 46 46 2 0 0 0 0 0.333 0 0 0.333 0 0 0 0 0 0 0.333 0 0 0 0 0 0
 2020 7 6 3 2 1 48 48 4 0 0 0 0 0.25 0 0.25 0 0.25 0.25 0 0 0 0 0 0 0 0 0 0 0
 2020 7 6 3 2 1 52 52 4 0 0 0 0 0.25 0 0 0.25 0.25 0 0 0 0.25 0 0 0 0 0 0 0 0
 2020 7 6 3 2 1 54 54 2 0 0 0 0 0 0 0 0.167 0 0.167 0 0 0.333 0.167 0.167 0 0 0 0 0 0
 2020 7 6 3 2 1 56 56 3 0 0 0 0 0 0 0 0.333 0 0 0.333 0 0 0 0.333 0 0 0 0 0 0
 2020 7 6 3 2 1 58 58 4 0 0 0 0 0 0 0.333 0.167 0.167 0.333 0 0 0 0 0 0 0 0 0 0 0
 2020 7 6 3 2 1 60 60 4 0 0 0 0 0 0 0.167 0.167 0.167 0 0 0 0.167 0.167 0 0 0 0 0 0.167 0
 2020 7 6 3 2 1 62 62 5 0 0 0 0 0 0 0.167 0 0.5 0 0.167 0 0.167 0 0 0 0 0 0 0 0
 2020 7 6 3 2 1 64 64 7 0 0 0 0 0 0 0 0 0.462 0.154 0.154 0.077 0 0.077 0.077 0 0 0 0 0 0
 2020 7 6 3 2 1 66 66 9 0 0 0 0 0 0 0 0 0.231 0.077 0.231 0.077 0.077 0.231 0 0.077 0 0 0 0 0
 2020 7 6 3 2 1 68 68 9 0 0 0 0 0 0 0 0.062 0.125 0.188 0.062 0.188 0.062 0.25 0.063 0 0 0 0 0 0
 2020 7 6 3 2 1 70 70 8 0 0 0 0 0 0 0 0 0 0.231 0.077 0.077 0.077 0.231 0.231 0 0.077 0 0 0 0
 2020 7 6 3 2 1 72 72 8 0 0 0 0 0 0 0 0.077 0 0.077 0.077 0 0.385 0.231 0.077 0 0.077 0 0 0 0
 2020 7 6 3 2 1 74 74 5 0 0 0 0 0 0 0 0 0 0 0.167 0 0 0 0.167 0.167 0.333 0 0 0 0.167
 2020 7 6 3 2 1 76 76 2 0 0 0 0 0 0 0 0 0 0 0 0 0 0.5 0 0 0.5 0 0 0 0
 2020 7 6 3 2 1 78 78 3 0 0 0 0 0 0 0 0 0 0 0 0 0 1 0 0 0 0 0 0 0
 -2020 7 6 3 2 1 84 84 1 0 0 0 0 0 0 0 0 0 0 0 0 0 1 0 0 0 0 0 0 0
 2021 7 6 3 2 1 54 54 3 0 0 0 0 0 0 0 0.333 0.333 0 0 0.333 0 0 0 0 0 0 0 0 0
 2021 7 6 3 2 1 56 56 5 0 0 0 0 0 0 0.2 0.2 0.2 0 0 0 0 0 0.2 0 0.2 0 0 0 0
 2021 7 6 3 2 1 58 58 2 0 0 0 0 0 0.5 0 0 0 0 0 0.5 0 0 0 0 0 0 0 0 0
 -2021 7 6 3 2 1 60 60 1 0 0 0 0 0 0 0 0 1 0 0 0 0 0 0 0 0 0 0 0 0
 2021 7 6 3 2 1 62 62 6 0 0 0 0 0 0 0 0.143 0.286 0.143 0 0 0.143 0 0 0.286 0 0 0 0 0
 2021 7 6 3 2 1 64 64 10 0 0 0 0 0 0 0 0 0.056 0.111 0.167 0.222 0.056 0.167 0.056 0.111 0 0.056 0 0 0
 2021 7 6 3 2 1 66 66 12 0 0 0 0 0 0 0 0.04 0.12 0.04 0.08 0.2 0 0.2 0.2 0.08 0 0 0 0 0.04
 2021 7 6 3 2 1 68 68 11 0 0 0 0 0 0 0.091 0 0 0.091 0.136 0.227 0.045 0.091 0.136 0.045 0 0.045 0.045 0 0.045
 2021 7 6 3 2 1 70 70 12 0 0 0 0 0 0 0 0 0 0.045 0 0.091 0.136 0.045 0.091 0.273 0.227 0 0.091 0 0
 2021 7 6 3 2 1 72 72 11 0 0 0 0 0 0 0 0.045 0.045 0 0.045 0.227 0.045 0.091 0.136 0.227 0.045 0.045 0 0 0.045
 2021 7 6 3 2 1 74 74 10 0 0 0 0 0 0 0 0 0.053 0.053 0.158 0.211 0 0.105 0.053 0.053 0.053 0.105 0 0.053 0.105
 2021 7 6 3 2 1 76 76 7 0 0 0 0 0 0 0 0 0 0 0 0 0 0.273 0.091 0.091 0.364 0 0.091 0 0.091
 2021 7 6 3 2 1 78 78 6 0 0 0 0 0 0 0 0 0 0 0.143 0.143 0.286 0 0.143 0 0 0 0.143 0 0.143
 2021 7 6 3 2 1 80 80 5 0 0 0 0 0 0 0 0 0 0 0 0 0 0.2 0 0 0.2 0 0.2 0.2 0.2
 -2021 7 6 3 2 1 82 82 1 0 0 0 0 0 0 0 0 0 0 0 0 0 0 0 0 0 0.5 0 0 0.5
 2021 7 6 3 2 1 84 84 2 0 0 0 0 0 0 0 0 0 0 0 0 0 0 0 0 0 0 0 0 1
 -2021 7 6 3 2 1 86 86 1 0 0 0 0 0 0 0 0 0 0 0 0 0 0 0 0 0 0 0 0 1
 -2021 7 6 3 2 1 88 88 1 0 0 0 0 0 0 0 0 0 0 0 0 0 0 0 0 0 0 0 0 1
 -2022 7 6 3 2 1 32 32 1 0 0 0 1 0 0 0 0 0 0 0 0 0 0 0 0 0 0 0 0 0
 2022 7 6 3 2 1 34 34 2 0 0 0 0.5 0 0 0.5 0 0 0 0 0 0 0 0 0 0 0 0 0 0
 2022 7 6 3 2 1 38 38 4 0 0 0 0.25 0.25 0.25 0 0.25 0 0 0 0 0 0 0 0 0 0 0 0 0
 2022 7 6 3 2 1 40 40 4 0 0 0 0.2 0.2 0.4 0.2 0 0 0 0 0 0 0 0 0 0 0 0 0 0
 2022 7 6 3 2 1 42 42 5 0 0 0 0.167 0.167 0.5 0 0 0.167 0 0 0 0 0 0 0 0 0 0 0 0
 2022 7 6 3 2 1 44 44 5 0 0 0 0 0.167 0.333 0.333 0 0.167 0 0 0 0 0 0 0 0 0 0 0 0
 2022 7 6 3 2 1 46 46 3 0 0 0 0 0.333 0.333 0.333 0 0 0 0 0 0 0 0 0 0 0 0 0 0
 2022 7 6 3 2 1 48 48 5 0 0 0 0 0 0.4 0.2 0.2 0.2 0 0 0 0 0 0 0 0 0 0 0 0
 2022 7 6 3 2 1 50 50 3 0 0 0 0 0 0 0 0 0.667 0 0 0 0.333 0 0 0 0 0 0 0 0
 2022 7 6 3 2 1 52 52 3 0 0 0 0 0 0 0.333 0.333 0 0 0 0.333 0 0 0 0 0 0 0 0 0
 2022 7 6 3 2 1 54 54 5 0 0 0 0 0.2 0.2 0 0 0.4 0 0.2 0 0 0 0 0 0 0 0 0 0
 2022 7 6 3 2 1 56 56 7 0 0 0 0 0.111 0 0.333 0.222 0.111 0.111 0 0 0 0 0 0 0 0.111 0 0 0
 2022 7 6 3 2 1 58 58 10 0 0 0 0 0 0.154 0.154 0.231 0.154 0.154 0.077 0.077 0 0 0 0 0 0 0 0 0
 2022 7 6 3 2 1 60 60 7 0 0 0 0 0 0.143 0 0.286 0.143 0.143 0.143 0.143 0 0 0 0 0 0 0 0 0
 2022 7 6 3 2 1 62 62 6 0 0 0 0 0 0 0 0.167 0.167 0 0.5 0 0.167 0 0 0 0 0 0 0 0
 2022 7 6 3 2 1 64 64 18 0 0 0 0 0 0 0.04 0.04 0.16 0.16 0.08 0.2 0.08 0 0.16 0.08 0 0 0 0 0
 2022 7 6 3 2 1 66 66 19 0 0 0 0 0 0 0.032 0.065 0.065 0.129 0.129 0.097 0.032 0.161 0.065 0.097 0.065 0.032 0 0.032 0
 2022 7 6 3 2 1 68 68 22 0 0 0 0 0 0 0.025 0.075 0.125 0.05 0.225 0.125 0.15 0.025 0.05 0.025 0.125 0 0 0 0
 2022 7 6 3 2 1 70 70 25 0 0 0 0 0 0 0 0 0.034 0.068 0.085 0.068 0.136 0.119 0.102 0.119 0.169 0.051 0.034 0 0.017
 2022 7 6 3 2 1 72 72 29 0 0 0 0 0 0 0 0 0.037 0.056 0.074 0.13 0.185 0.185 0.056 0.148 0.037 0.056 0.019 0 0.019
 2022 7 6 3 2 1 74 74 24 0 0 0 0 0 0 0 0 0.018 0.036 0.073 0.073 0.073 0.164 0.145 0.145 0.127 0.036 0.018 0.055 0.036
 2022 7 6 3 2 1 76 76 19 0 0 0 0 0 0 0 0 0 0 0.063 0.031 0.031 0.187 0 0.219 0.156 0.031 0.031 0.031 0.219
 2022 7 6 3 2 1 78 78 16 0 0 0 0 0 0 0 0 0 0 0 0.105 0 0.211 0.211 0.053 0.158 0.053 0 0.053 0.158
 2022 7 6 3 2 1 80 80 7 0 0 0 0 0 0 0 0 0 0 0 0 0 0.111 0.222 0.222 0 0 0 0 0.444
 2022 7 6 3 2 1 82 82 9 0 0 0 0 0.1 0 0 0 0 0 0 0 0 0 0 0 0.1 0.3 0 0.1 0.4
 2022 7 6 3 2 1 84 84 2 0 0 0 0 0 0 0 0 0 0 0 0 0 0 0.333 0 0 0 0 0 0.667
 2022 7 6 3 2 1 86 86 4 0 0 0 0 0 0 0 0 0 0 0 0 0 0 0 0.2 0.2 0.2 0.2 0 0.2
 -2023 7 6 3 2 1 40 40 1 0 0 0 0 0 1 0 0 0 0 0 0 0 0 0 0 0 0 0 0 0
 -2023 7 6 3 2 1 42 42 1 0 0 0 0 0 0 1 0 0 0 0 0 0 0 0 0 0 0 0 0 0
 -2023 7 6 3 2 1 46 46 1 0 0 0 0 0 0 1 0 0 0 0 0 0 0 0 0 0 0 0 0 0
 2023 7 6 3 2 1 48 48 3 0 0 0 0 0 0 0.75 0.25 0 0 0 0 0 0 0 0 0 0 0 0 0
 2023 7 6 3 2 1 50 50 2 0 0 0 0 0 0.333 0 0.667 0 0 0 0 0 0 0 0 0 0 0 0 0
 2023 7 6 3 2 1 54 54 6 0 0 0 0 0 0 0.5 0.167 0 0 0.167 0.167 0 0 0 0 0 0 0 0 0
 2023 7 6 3 2 1 56 56 6 0 0 0 0 0 0 0 0.143 0 0.143 0 0.143 0.143 0.143 0.143 0 0.143 0 0 0 0
 2023 7 6 3 2 1 58 58 5 0 0 0 0 0 0 0.143 0.143 0 0.143 0 0 0 0.143 0 0.143 0 0.143 0 0 0.143
 2023 7 6 3 2 1 60 60 4 0 0 0 0 0 0 0 0 0 0.25 0 0 0.5 0 0 0.25 0 0 0 0 0
 2023 7 6 3 2 1 62 62 8 0 0 0 0 0 0 0 0.143 0 0.071 0.143 0.071 0.071 0.071 0 0.143 0.143 0 0.071 0.071 0
 2023 7 6 3 2 1 64 64 11 0 0 0 0 0 0 0.038 0 0.038 0.038 0.038 0.077 0.115 0.038 0.154 0.231 0.077 0 0.038 0.077 0.038
 2023 7 6 3 2 1 66 66 19 0 0 0 0 0 0 0 0 0.036 0.071 0.214 0.071 0.179 0 0.107 0.107 0.179 0 0.036 0 0
 2023 7 6 3 2 1 68 68 21 0 0 0 0 0 0 0 0 0.086 0.057 0.2 0.057 0.086 0.057 0.057 0.171 0.171 0.029 0 0 0.029
 2023 7 6 3 2 1 70 70 24 0 0 0 0 0 0 0 0 0 0.063 0.175 0.079 0.127 0.143 0.048 0.127 0.095 0.063 0.048 0 0.032
 2023 7 6 3 2 1 72 72 27 0 0 0 0 0 0 0 0 0 0.034 0.017 0.068 0.085 0.203 0.085 0.085 0.153 0.085 0.102 0.017 0.068
 2023 7 6 3 2 1 74 74 25 0 0 0 0 0 0 0 0 0.022 0 0.044 0.067 0.067 0.156 0.111 0.089 0.2 0.133 0.089 0 0.022
 2023 7 6 3 2 1 76 76 19 0 0 0 0 0 0 0 0 0 0 0 0.054 0.108 0.108 0 0.054 0.297 0.189 0.027 0 0.162
 2023 7 6 3 2 1 78 78 14 0 0 0 0 0 0 0 0 0.037 0 0 0.037 0 0.037 0.037 0.222 0.111 0.111 0.037 0.222 0.148
 2023 7 6 3 2 1 80 80 15 0 0 0 0 0 0 0 0 0 0 0.05 0 0.1 0 0.1 0.2 0 0.3 0 0.15 0.1
 2023 7 6 3 2 1 82 82 7 0 0 0 0 0 0 0 0 0 0 0 0 0 0.111 0 0.222 0.111 0.111 0 0.111 0.333
 2023 7 6 3 2 1 84 84 6 0 0 0 0 0 0 0 0 0 0 0 0 0 0 0 0.286 0.143 0.143 0 0 0.429
 2023 7 6 3 2 1 86 86 2 0 0 0 0 0 0 0 0 0 0 0 0 0 0 0 0 0 0 0.5 0 0.5
 -1998 7 7 3 2 1 38 38 1 0 0 0 0 1 0 0 0 0 0 0 0 0 0 0 0 0 0 0 0 0
 -1998 7 7 3 2 1 42 42 1 0 0 0 0 0 1 0 0 0 0 0 0 0 0 0 0 0 0 0 0 0
 1998 7 7 3 2 1 44 44 3 0 0 0 0 0.667 0.333 0 0 0 0 0 0 0 0 0 0 0 0 0 0 0
 -1998 7 7 3 2 1 46 46 1 0 0 0 0 1 0 0 0 0 0 0 0 0 0 0 0 0 0 0 0 0
 -1998 7 7 3 2 1 48 48 1 0 0 0 0 1 0 0 0 0 0 0 0 0 0 0 0 0 0 0 0 0
 1998 7 7 3 2 1 50 50 2 0 0 0 0 0 1 0 0 0 0 0 0 0 0 0 0 0 0 0 0 0
 1998 7 7 3 2 1 52 52 3 0 0 0 0 0.333 0.667 0 0 0 0 0 0 0 0 0 0 0 0 0 0 0
 1998 7 7 3 2 1 54 54 2 0 0 0 0 0 1 0 0 0 0 0 0 0 0 0 0 0 0 0 0 0
 1998 7 7 3 2 1 56 56 2 0 0 0 0 0 0.5 0.5 0 0 0 0 0 0 0 0 0 0 0 0 0 0
 1998 7 7 3 2 1 58 58 2 0 0 0 0 0 0 1 0 0 0 0 0 0 0 0 0 0 0 0 0 0
 -1998 7 7 3 2 1 60 60 1 0 0 0 0 0 0 1 0 0 0 0 0 0 0 0 0 0 0 0 0 0
 -1998 7 7 3 2 1 62 62 1 0 0 0 0 0 0 1 0 0 0 0 0 0 0 0 0 0 0 0 0 0
 1998 7 7 3 2 1 68 68 3 0 0 0 0.333 0 0 0.333 0.333 0 0 0 0 0 0 0 0 0 0 0 0 0
 -1998 7 7 3 2 1 72 72 1 0 0 0 0 0 0 0 1 0 0 0 0 0 0 0 0 0 0 0 0 0
 -1999 7 7 3 2 1 38 38 1 0 0 0 0 1 0 0 0 0 0 0 0 0 0 0 0 0 0 0 0 0
 1999 7 7 3 2 1 40 40 3 0 0 0 0.2 0.8 0 0 0 0 0 0 0 0 0 0 0 0 0 0 0 0
 1999 7 7 3 2 1 42 42 4 0 0 0 0.2 0.6 0.2 0 0 0 0 0 0 0 0 0 0 0 0 0 0 0
 1999 7 7 3 2 1 44 44 7 0 0 0 0 0.857 0.143 0 0 0 0 0 0 0 0 0 0 0 0 0 0 0
 1999 7 7 3 2 1 46 46 8 0 0 0 0 0.7 0.2 0.1 0 0 0 0 0 0 0 0 0 0 0 0 0 0
 1999 7 7 3 2 1 48 48 4 0 0 0 0 0.833 0.167 0 0 0 0 0 0 0 0 0 0 0 0 0 0 0
 1999 7 7 3 2 1 50 50 10 0 0 0 0.091 0.636 0.182 0.091 0 0 0 0 0 0 0 0 0 0 0 0 0 0
 1999 7 7 3 2 1 52 52 10 0 0 0 0 0.5 0.5 0 0 0 0 0 0 0 0 0 0 0 0 0 0 0
 1999 7 7 3 2 1 54 54 4 0 0 0 0 0.25 0.25 0.25 0 0 0.25 0 0 0 0 0 0 0 0 0 0 0
 1999 7 7 3 2 1 56 56 4 0 0 0 0 0.571 0.286 0.143 0 0 0 0 0 0 0 0 0 0 0 0 0 0
 1999 7 7 3 2 1 58 58 4 0 0 0 0 0.167 0 0.833 0 0 0 0 0 0 0 0 0 0 0 0 0 0
 1999 7 7 3 2 1 60 60 3 0 0 0 0 0 0.2 0.2 0.6 0 0 0 0 0 0 0 0 0 0 0 0 0
 1999 7 7 3 2 1 62 62 3 0 0 0 0 0 0 1 0 0 0 0 0 0 0 0 0 0 0 0 0 0
 1999 7 7 3 2 1 64 64 4 0 0 0 0 0 0.25 0.75 0 0 0 0 0 0 0 0 0 0 0 0 0 0
 1999 7 7 3 2 1 66 66 2 0 0 0 0 0 0.333 0.333 0.333 0 0 0 0 0 0 0 0 0 0 0 0 0
 1999 7 7 3 2 1 68 68 2 0 0 0 0 0 0 1 0 0 0 0 0 0 0 0 0 0 0 0 0 0
 -1999 7 7 3 2 1 70 70 1 0 0 0 0 0 0 0 1 0 0 0 0 0 0 0 0 0 0 0 0 0
 1999 7 7 3 2 1 72 72 2 0 0 0 0 0 0 0.5 0 0 0.5 0 0 0 0 0 0 0 0 0 0 0
 -1999 7 7 3 2 1 86 86 1 0 0 0 0 0 0 0 0 0 0 0 0 0 0 0 0 0 0 0 0 1
 -2000 7 7 3 2 1 44 44 1 0 0 0 1 0 0 0 0 0 0 0 0 0 0 0 0 0 0 0 0 0
 2000 7 7 3 2 1 48 48 3 0 0 0 0.143 0.143 0.429 0.143 0.143 0 0 0 0 0 0 0 0 0 0 0 0 0
 2000 7 7 3 2 1 50 50 3 0 0 0 0 0.25 0.75 0 0 0 0 0 0 0 0 0 0 0 0 0 0 0
 2000 7 7 3 2 1 52 52 5 0 0 0 0 0.571 0.429 0 0 0 0 0 0 0 0 0 0 0 0 0 0 0
 2000 7 7 3 2 1 54 54 6 0 0 0 0 0.182 0.727 0.091 0 0 0 0 0 0 0 0 0 0 0 0 0 0
 2000 7 7 3 2 1 56 56 8 0 0 0 0 0.176 0.412 0.176 0.118 0.059 0.059 0 0 0 0 0 0 0 0 0 0 0
 2000 7 7 3 2 1 58 58 9 0 0 0 0 0.167 0.583 0.083 0 0.083 0.083 0 0 0 0 0 0 0 0 0 0 0
 2000 7 7 3 2 1 60 60 4 0 0 0 0 0 0.5 0.333 0.167 0 0 0 0 0 0 0 0 0 0 0 0 0
 2000 7 7 3 2 1 62 62 2 0 0 0 0 0 0.4 0.2 0.4 0 0 0 0 0 0 0 0 0 0 0 0 0
 2000 7 7 3 2 1 64 64 4 0 0 0 0 0 0.2 0.6 0 0 0.2 0 0 0 0 0 0 0 0 0 0 0
 -2000 7 7 3 2 1 68 68 1 0 0 0 0 0 0 1 0 0 0 0 0 0 0 0 0 0 0 0 0 0
 -2000 7 7 3 2 1 72 72 1 0 0 0 0 0 0 0 0 1 0 0 0 0 0 0 0 0 0 0 0 0
 2000 7 7 3 2 1 74 74 2 0 0 0 0 0 0 0.5 0 0 0 0 0 0 0.5 0 0 0 0 0 0 0
 -2000 7 7 3 2 1 76 76 1 0 0 0 0 0 0 0 0 0 1 0 0 0 0 0 0 0 0 0 0 0
 -2000 7 7 3 2 1 82 82 1 0 0 0 0 0 0 0 0 0 0 0 0 0 0 0 0 0 0 0 0 1
 -2000 7 7 3 2 1 84 84 1 0 0 0 0 0 0 0 0 0 0 0 0 0 0 0 0 0 0 1 0 0
 -2000 7 7 3 2 1 86 86 1 0 0 0 0 0 0 0 0 0 0 0 1 0 0 0 0 0 0 0 0 0
 -2000 7 7 3 2 1 90 90 1 0 0 0 0 0 0 0 0 0 0 0 0 0 0 0 0 0 0 0 0 1
 2001 7 7 3 2 1 48 48 5 0 0 0 0.333 0.5 0.167 0 0 0 0 0 0 0 0 0 0 0 0 0 0 0
 2001 7 7 3 2 1 50 50 4 0 0 0 0.167 0.667 0.167 0 0 0 0 0 0 0 0 0 0 0 0 0 0 0
 2001 7 7 3 2 1 52 52 5 0 0 0 0 0.8 0 0.2 0 0 0 0 0 0 0 0 0 0 0 0 0 0
 2001 7 7 3 2 1 54 54 6 0 0 0 0.167 0.333 0.5 0 0 0 0 0 0 0 0 0 0 0 0 0 0 0
 2001 7 7 3 2 1 56 56 6 0 0 0 0 0.222 0.556 0.222 0 0 0 0 0 0 0 0 0 0 0 0 0 0
 2001 7 7 3 2 1 58 58 7 0 0 0 0 0.375 0.125 0.375 0.125 0 0 0 0 0 0 0 0 0 0 0 0 0
 2001 7 7 3 2 1 60 60 7 0 0 0 0 0 0.25 0.625 0.125 0 0 0 0 0 0 0 0 0 0 0 0 0
 2001 7 7 3 2 1 62 62 6 0 0 0 0 0 0.429 0.571 0 0 0 0 0 0 0 0 0 0 0 0 0 0
 2001 7 7 3 2 1 64 64 7 0 0 0 0 0.286 0.286 0.429 0 0 0 0 0 0 0 0 0 0 0 0 0 0
 2001 7 7 3 2 1 66 66 7 0 0 0 0 0 0.5 0.25 0.25 0 0 0 0 0 0 0 0 0 0 0 0 0
 2001 7 7 3 2 1 68 68 4 0 0 0 0 0 0 0.75 0.25 0 0 0 0 0 0 0 0 0 0 0 0 0
 -2001 7 7 3 2 1 70 70 1 0 0 0 0 0 0 0 0 1 0 0 0 0 0 0 0 0 0 0 0 0
 2001 7 7 3 2 1 80 80 2 0 0 0 0 0 0 0 0 0 0.5 0 0 0 0 0 0 0 0 0 0 0.5
 -2002 7 7 3 2 1 36 36 1 0 0 0 1 0 0 0 0 0 0 0 0 0 0 0 0 0 0 0 0 0
 -2002 7 7 3 2 1 38 38 1 0 0 0 1 0 0 0 0 0 0 0 0 0 0 0 0 0 0 0 0 0
 -2002 7 7 3 2 1 40 40 1 0 1 0 0 0 0 0 0 0 0 0 0 0 0 0 0 0 0 0 0 0
 2002 7 7 3 2 1 42 42 4 0 0.25 0.25 0.25 0 0.25 0 0 0 0 0 0 0 0 0 0 0 0 0 0 0
 2002 7 7 3 2 1 44 44 5 0 0 0.4 0.2 0.4 0 0 0 0 0 0 0 0 0 0 0 0 0 0 0 0
 2002 7 7 3 2 1 46 46 3 0 0 0 0.667 0.333 0 0 0 0 0 0 0 0 0 0 0 0 0 0 0 0
 2002 7 7 3 2 1 48 48 7 0 0.125 0.125 0.25 0.25 0.125 0.125 0 0 0 0 0 0 0 0 0 0 0 0 0 0
 2002 7 7 3 2 1 50 50 5 0 0 0.2 0 0.6 0.2 0 0 0 0 0 0 0 0 0 0 0 0 0 0 0
 2002 7 7 3 2 1 52 52 6 0 0 0 0.333 0.333 0 0.167 0.167 0 0 0 0 0 0 0 0 0 0 0 0 0
 2002 7 7 3 2 1 54 54 9 0 0 0 0.1 0.5 0.3 0.1 0 0 0 0 0 0 0 0 0 0 0 0 0 0
 2002 7 7 3 2 1 56 56 7 0 0 0 0.25 0.25 0.25 0.25 0 0 0 0 0 0 0 0 0 0 0 0 0 0
 2002 7 7 3 2 1 58 58 10 0 0 0.083 0.167 0.083 0.25 0.333 0.083 0 0 0 0 0 0 0 0 0 0 0 0 0
 2002 7 7 3 2 1 60 60 13 0 0 0.154 0.154 0.154 0.077 0.308 0.154 0 0 0 0 0 0 0 0 0 0 0 0 0
 2002 7 7 3 2 1 62 62 14 0 0 0 0.267 0.2 0.267 0.2 0 0 0 0.067 0 0 0 0 0 0 0 0 0 0
 2002 7 7 3 2 1 64 64 11 0 0 0 0 0.167 0 0.5 0.25 0.083 0 0 0 0 0 0 0 0 0 0 0 0
 2002 7 7 3 2 1 66 66 16 0 0 0 0.1 0.15 0.15 0.3 0.15 0.05 0.1 0 0 0 0 0 0 0 0 0 0 0
 2002 7 7 3 2 1 68 68 11 0 0 0 0 0.267 0.2 0.267 0.133 0.067 0 0 0 0 0 0 0.067 0 0 0 0 0
 2002 7 7 3 2 1 70 70 7 0 0 0 0 0.286 0.286 0.143 0.143 0.143 0 0 0 0 0 0 0 0 0 0 0 0
 2002 7 7 3 2 1 72 72 8 0 0 0 0 0 0 0.125 0.75 0.125 0 0 0 0 0 0 0 0 0 0 0 0
 2002 7 7 3 2 1 74 74 5 0 0 0 0 0 0 0.167 0.167 0 0 0.167 0.167 0 0 0 0 0 0 0 0 0.333
 2002 7 7 3 2 1 78 78 2 0 0 0 0 0 0 0 0 0 0.5 0 0 0 0 0 0 0 0 0 0 0.5
 -2002 7 7 3 2 1 80 80 1 0 0 0 0 0 0 0 0 0 0 0 0 0 0 0 0 0 0 0 0 1
 -2002 7 7 3 2 1 82 82 1 0 0 0 0 0 0 0 0 0 0 0 0 0 0 0 0 0 0 0 0 1
 -2002 7 7 3 2 1 84 84 1 0 0 0 0 0 0 0 0 0 0 0 0 0 0 0 0 0 0 0 0 1
 -2002 7 7 3 2 1 86 86 1 0 0 0 0 0 0 0 0 0 0 0 0 0 0 0 0 0 0 0 0 1
 2003 7 7 3 2 1 38 38 2 0 0 0.5 0.5 0 0 0 0 0 0 0 0 0 0 0 0 0 0 0 0 0
 2003 7 7 3 2 1 40 40 5 0 0 0 0.6 0.4 0 0 0 0 0 0 0 0 0 0 0 0 0 0 0 0
 2003 7 7 3 2 1 42 42 5 0 0 0 0.6 0.2 0.2 0 0 0 0 0 0 0 0 0 0 0 0 0 0 0
 2003 7 7 3 2 1 44 44 7 0 0 0 0.143 0.429 0.429 0 0 0 0 0 0 0 0 0 0 0 0 0 0 0
 2003 7 7 3 2 1 46 46 14 0 0 0 0.375 0.5 0.125 0 0 0 0 0 0 0 0 0 0 0 0 0 0 0
 2003 7 7 3 2 1 48 48 9 0 0 0 0.182 0.545 0.182 0 0.091 0 0 0 0 0 0 0 0 0 0 0 0 0
 2003 7 7 3 2 1 50 50 18 0 0 0 0.211 0.526 0.263 0 0 0 0 0 0 0 0 0 0 0 0 0 0 0
 2003 7 7 3 2 1 52 52 14 0 0 0 0.412 0.412 0.118 0 0.059 0 0 0 0 0 0 0 0 0 0 0 0 0
 2003 7 7 3 2 1 54 54 14 0 0 0 0.071 0.429 0.5 0 0 0 0 0 0 0 0 0 0 0 0 0 0 0
 2003 7 7 3 2 1 56 56 7 0 0 0 0 0.5 0.125 0.375 0 0 0 0 0 0 0 0 0 0 0 0 0 0
 2003 7 7 3 2 1 58 58 10 0 0 0 0 0.2 0.6 0.1 0 0 0 0 0 0 0.1 0 0 0 0 0 0 0
 2003 7 7 3 2 1 60 60 8 0 0 0 0 0.111 0.556 0.333 0 0 0 0 0 0 0 0 0 0 0 0 0 0
 2003 7 7 3 2 1 62 62 5 0 0 0 0 0 0.167 0.167 0.333 0.167 0.167 0 0 0 0 0 0 0 0 0 0 0
 2003 7 7 3 2 1 64 64 5 0 0 0 0 0 0.111 0.333 0.222 0.222 0.111 0 0 0 0 0 0 0 0 0 0 0
 2003 7 7 3 2 1 66 66 7 0 0 0 0 0 0.25 0.375 0 0.375 0 0 0 0 0 0 0 0 0 0 0 0
 2003 7 7 3 2 1 68 68 7 0 0 0 0 0 0 0.143 0.286 0.429 0 0 0.143 0 0 0 0 0 0 0 0 0
 2003 7 7 3 2 1 70 70 4 0 0 0 0 0 0 0.25 0.5 0 0.25 0 0 0 0 0 0 0 0 0 0 0
 2003 7 7 3 2 1 72 72 2 0 0 0 0 0 0 1 0 0 0 0 0 0 0 0 0 0 0 0 0 0
 2003 7 7 3 2 1 74 74 2 0 0 0 0 0 0 0 0.5 0 0.5 0 0 0 0 0 0 0 0 0 0 0
 2003 7 7 3 2 1 76 76 3 0 0 0 0 0 0 0 0 0 0 0.333 0 0.333 0 0 0 0 0.333 0 0 0
 -2003 7 7 3 2 1 78 78 1 0 0 0 0 0 0 0 1 0 0 0 0 0 0 0 0 0 0 0 0 0
 -2003 7 7 3 2 1 82 82 1 0 0 0 0 0 0 0 0 0 0 0 0 0 0 0 0 0 0 0 0 1
 2003 7 7 3 2 1 84 84 2 0 0 0 0 0 0 0 0 0 0 0 0 0 0 0 0 0 0 0 0 1
 -2003 7 7 3 2 1 86 86 1 0 0 0 0 0 0 0 0 0 0 0 0 0 0 0 0 0 0 0 0 1
 -2003 7 7 3 2 1 88 88 1 0 0 0 0 0 0 0 0 0 0 0 0 0 0 0 1 0 0 0 0 0
 -2004 7 7 3 2 1 36 36 1 0 0 1 0 0 0 0 0 0 0 0 0 0 0 0 0 0 0 0 0 0
 2004 7 7 3 2 1 40 40 4 0 0 0.2 0.6 0.2 0 0 0 0 0 0 0 0 0 0 0 0 0 0 0 0
 2004 7 7 3 2 1 42 42 9 0 0 0 0.333 0.4 0.133 0.067 0.067 0 0 0 0 0 0 0 0 0 0 0 0 0
 2004 7 7 3 2 1 44 44 8 0 0 0 0.333 0.333 0.2 0.133 0 0 0 0 0 0 0 0 0 0 0 0 0 0
 2004 7 7 3 2 1 46 46 12 0 0 0 0.35 0.5 0.1 0.05 0 0 0 0 0 0 0 0 0 0 0 0 0 0
 2004 7 7 3 2 1 48 48 15 0 0 0 0.565 0.348 0.087 0 0 0 0 0 0 0 0 0 0 0 0 0 0 0
 2004 7 7 3 2 1 50 50 14 0 0 0 0.25 0.3 0.25 0.2 0 0 0 0 0 0 0 0 0 0 0 0 0 0
 2004 7 7 3 2 1 52 52 17 0 0 0.045 0.182 0.409 0.273 0 0.091 0 0 0 0 0 0 0 0 0 0 0 0 0
 2004 7 7 3 2 1 54 54 17 0 0 0 0.227 0.409 0.273 0 0 0.091 0 0 0 0 0 0 0 0 0 0 0 0
 2004 7 7 3 2 1 56 56 27 0 0 0 0.088 0.412 0.353 0.088 0.059 0 0 0 0 0 0 0 0 0 0 0 0 0
 2004 7 7 3 2 1 58 58 16 0 0 0 0.118 0.471 0.235 0.118 0.059 0 0 0 0 0 0 0 0 0 0 0 0 0
 2004 7 7 3 2 1 60 60 15 0 0 0 0.062 0.5 0.312 0.125 0 0 0 0 0 0 0 0 0 0 0 0 0 0
 2004 7 7 3 2 1 62 62 9 0 0 0 0 0.667 0.222 0.111 0 0 0 0 0 0 0 0 0 0 0 0 0 0
 2004 7 7 3 2 1 64 64 6 0 0 0 0 0 0.667 0 0.167 0.167 0 0 0 0 0 0 0 0 0 0 0 0
 -2004 7 7 3 2 1 66 66 1 0 0 0 0 0 0 0 0 1 0 0 0 0 0 0 0 0 0 0 0 0
 -2004 7 7 3 2 1 68 68 1 0 0 0 0 0 0 0 1 0 0 0 0 0 0 0 0 0 0 0 0 0
 2004 7 7 3 2 1 70 70 2 0 0 0 0 0 0 0.5 0 0 0 0.5 0 0 0 0 0 0 0 0 0 0
 -2004 7 7 3 2 1 72 72 1 0 0 0 0 1 0 0 0 0 0 0 0 0 0 0 0 0 0 0 0 0
 2004 7 7 3 2 1 76 76 2 0 0 0 0 0 0 0 0 0 0 0.5 0.5 0 0 0 0 0 0 0 0 0
 2004 7 7 3 2 1 82 82 2 0 0 0 0 0 0 0 0 0 0 0 0 0 0 0 0 0 0 0 0 1
 -2004 7 7 3 2 1 84 84 1 0 0 0 0 0 0 0 0 0 0 0 0 0 0 0 0 0 1 0 0 0
 2005 7 7 3 2 1 38 38 3 0 0 0.333 0.667 0 0 0 0 0 0 0 0 0 0 0 0 0 0 0 0 0
 2005 7 7 3 2 1 40 40 4 0 0 0 0.25 0.5 0 0.25 0 0 0 0 0 0 0 0 0 0 0 0 0 0
 2005 7 7 3 2 1 42 42 10 0 0 0.083 0.667 0.25 0 0 0 0 0 0 0 0 0 0 0 0 0 0 0 0
 2005 7 7 3 2 1 44 44 13 0 0 0.067 0.267 0.467 0.2 0 0 0 0 0 0 0 0 0 0 0 0 0 0 0
 2005 7 7 3 2 1 46 46 19 0 0 0 0.632 0.316 0.053 0 0 0 0 0 0 0 0 0 0 0 0 0 0 0
 2005 7 7 3 2 1 48 48 19 0 0 0.04 0.16 0.72 0.08 0 0 0 0 0 0 0 0 0 0 0 0 0 0 0
 2005 7 7 3 2 1 50 50 22 0 0 0 0.185 0.444 0.37 0 0 0 0 0 0 0 0 0 0 0 0 0 0 0
 2005 7 7 3 2 1 52 52 23 0 0 0 0.033 0.533 0.367 0.033 0.033 0 0 0 0 0 0 0 0 0 0 0 0 0
 2005 7 7 3 2 1 54 54 27 0 0 0 0.067 0.367 0.533 0.033 0 0 0 0 0 0 0 0 0 0 0 0 0 0
 2005 7 7 3 2 1 56 56 25 0 0 0 0.032 0.194 0.645 0.097 0.032 0 0 0 0 0 0 0 0 0 0 0 0 0
 2005 7 7 3 2 1 58 58 26 0 0 0 0 0.233 0.533 0.233 0 0 0 0 0 0 0 0 0 0 0 0 0 0
 2005 7 7 3 2 1 60 60 24 0 0 0 0 0.167 0.5 0.267 0.067 0 0 0 0 0 0 0 0 0 0 0 0 0
 2005 7 7 3 2 1 62 62 24 0 0 0 0 0.179 0.429 0.25 0.143 0 0 0 0 0 0 0 0 0 0 0 0 0
 2005 7 7 3 2 1 64 64 12 0 0 0 0 0 0.5 0.5 0 0 0 0 0 0 0 0 0 0 0 0 0 0
 2005 7 7 3 2 1 66 66 9 0 0 0 0 0.111 0.444 0.444 0 0 0 0 0 0 0 0 0 0 0 0 0 0
 2005 7 7 3 2 1 68 68 2 0 0 0 0 0 0.667 0 0.333 0 0 0 0 0 0 0 0 0 0 0 0 0
 -2005 7 7 3 2 1 70 70 1 0 0 0 0 0 0 1 0 0 0 0 0 0 0 0 0 0 0 0 0 0
 -2005 7 7 3 2 1 72 72 1 0 0 0 0 0 0 1 0 0 0 0 0 0 0 0 0 0 0 0 0 0
 -2005 7 7 3 2 1 76 76 1 0 0 0 0 0 0 0 0 0 0 0 0 1 0 0 0 0 0 0 0 0
 -2006 7 7 3 2 1 32 32 1 0 0 1 0 0 0 0 0 0 0 0 0 0 0 0 0 0 0 0 0 0
 -2006 7 7 3 2 1 34 34 1 0 0 1 0 0 0 0 0 0 0 0 0 0 0 0 0 0 0 0 0 0
 2006 7 7 3 2 1 36 36 2 0 0 0.5 0.5 0 0 0 0 0 0 0 0 0 0 0 0 0 0 0 0 0
 2006 7 7 3 2 1 38 38 4 0 0 0.25 0.5 0.25 0 0 0 0 0 0 0 0 0 0 0 0 0 0 0 0
 2006 7 7 3 2 1 40 40 3 0 0 0 0.4 0.6 0 0 0 0 0 0 0 0 0 0 0 0 0 0 0 0
 2006 7 7 3 2 1 42 42 9 0 0 0.1 0.4 0.5 0 0 0 0 0 0 0 0 0 0 0 0 0 0 0 0
 2006 7 7 3 2 1 44 44 6 0 0 0 0.5 0.5 0 0 0 0 0 0 0 0 0 0 0 0 0 0 0 0
 2006 7 7 3 2 1 46 46 11 0 0 0 0.273 0.727 0 0 0 0 0 0 0 0 0 0 0 0 0 0 0 0
 2006 7 7 3 2 1 48 48 12 0 0 0 0.143 0.571 0.143 0.143 0 0 0 0 0 0 0 0 0 0 0 0 0 0
 2006 7 7 3 2 1 50 50 11 0 0 0 0 0.692 0.231 0.077 0 0 0 0 0 0 0 0 0 0 0 0 0 0
 2006 7 7 3 2 1 52 52 14 0 0 0 0 0.571 0.214 0.214 0 0 0 0 0 0 0 0 0 0 0 0 0 0
 2006 7 7 3 2 1 54 54 18 0 0 0 0.05 0.4 0.4 0.1 0.05 0 0 0 0 0 0 0 0 0 0 0 0 0
 2006 7 7 3 2 1 56 56 13 0 0 0 0 0.5 0.429 0.071 0 0 0 0 0 0 0 0 0 0 0 0 0 0
 2006 7 7 3 2 1 58 58 15 0 0 0 0 0.158 0.474 0.316 0.053 0 0 0 0 0 0 0 0 0 0 0 0 0
 2006 7 7 3 2 1 60 60 13 0 0 0 0 0.25 0.25 0.5 0 0 0 0 0 0 0 0 0 0 0 0 0 0
 2006 7 7 3 2 1 62 62 13 0 0 0 0 0.063 0.25 0.437 0.25 0 0 0 0 0 0 0 0 0 0 0 0 0
 2006 7 7 3 2 1 64 64 11 0 0 0 0 0.182 0.182 0.545 0 0.091 0 0 0 0 0 0 0 0 0 0 0 0
 2006 7 7 3 2 1 66 66 6 0 0 0 0 0 0.143 0.571 0.286 0 0 0 0 0 0 0 0 0 0 0 0 0
 -2006 7 7 3 2 1 68 68 1 0 0 0 0 0 0 1 0 0 0 0 0 0 0 0 0 0 0 0 0 0
 2006 7 7 3 2 1 70 70 8 0 0 0 0 0 0 0.375 0.375 0.25 0 0 0 0 0 0 0 0 0 0 0 0
 -2006 7 7 3 2 1 74 74 1 0 0 0 0 0 0 1 0 0 0 0 0 0 0 0 0 0 0 0 0 0
 -2006 7 7 3 2 1 76 76 1 0 0 0 0 0 0 0 0 1 0 0 0 0 0 0 0 0 0 0 0 0
 2006 7 7 3 2 1 78 78 2 0 0 0 0 0 0 0 0 0 0 0 0 0.333 0.667 0 0 0 0 0 0 0
 2006 7 7 3 2 1 80 80 2 0 0 0 0 0 0 0 0 0 0.5 0 0 0 0 0 0 0.5 0 0 0 0
 -2007 7 7 3 2 1 34 34 1 0 1 0 0 0 0 0 0 0 0 0 0 0 0 0 0 0 0 0 0 0
 -2007 7 7 3 2 1 38 38 1 0 0 0 1 0 0 0 0 0 0 0 0 0 0 0 0 0 0 0 0 0
 2007 7 7 3 2 1 40 40 7 0 0 0 0.286 0.714 0 0 0 0 0 0 0 0 0 0 0 0 0 0 0 0
 2007 7 7 3 2 1 42 42 2 0 0.5 0 0 0.5 0 0 0 0 0 0 0 0 0 0 0 0 0 0 0 0
 2007 7 7 3 2 1 44 44 4 0 0 0 0.5 0.5 0 0 0 0 0 0 0 0 0 0 0 0 0 0 0 0
 2007 7 7 3 2 1 46 46 2 0 0 0 1 0 0 0 0 0 0 0 0 0 0 0 0 0 0 0 0 0
 2007 7 7 3 2 1 48 48 7 0 0 0 0.286 0.286 0.286 0.143 0 0 0 0 0 0 0 0 0 0 0 0 0 0
 2007 7 7 3 2 1 50 50 11 0 0 0 0.154 0.385 0.385 0.077 0 0 0 0 0 0 0 0 0 0 0 0 0 0
 2007 7 7 3 2 1 52 52 10 0 0 0 0.077 0.462 0.385 0.077 0 0 0 0 0 0 0 0 0 0 0 0 0 0
 2007 7 7 3 2 1 54 54 6 0 0 0 0 0.571 0.286 0.143 0 0 0 0 0 0 0 0 0 0 0 0 0 0
 2007 7 7 3 2 1 56 56 8 0 0 0 0 0.462 0.231 0.154 0.154 0 0 0 0 0 0 0 0 0 0 0 0 0
 2007 7 7 3 2 1 58 58 9 0 0 0 0 0.2 0.6 0.133 0.067 0 0 0 0 0 0 0 0 0 0 0 0 0
 2007 7 7 3 2 1 60 60 8 0 0 0 0 0.222 0.556 0.111 0.111 0 0 0 0 0 0 0 0 0 0 0 0 0
 2007 7 7 3 2 1 62 62 5 0 0 0 0 0 0.333 0.333 0.167 0.167 0 0 0 0 0 0 0 0 0 0 0 0
 2007 7 7 3 2 1 64 64 5 0 0 0 0 0 0.143 0.286 0.429 0.143 0 0 0 0 0 0 0 0 0 0 0 0
 2007 7 7 3 2 1 66 66 3 0 0 0 0 0 0.333 0.333 0.333 0 0 0 0 0 0 0 0 0 0 0 0 0
 2007 7 7 3 2 1 68 68 2 0 0 0 0 0 0 1 0 0 0 0 0 0 0 0 0 0 0 0 0 0
 2007 7 7 3 2 1 70 70 2 0 0 0 0 0 0 0.5 0 0.5 0 0 0 0 0 0 0 0 0 0 0 0
 -2007 7 7 3 2 1 74 74 1 0 0 0 0 0 0 0 1 0 0 0 0 0 0 0 0 0 0 0 0 0
 -2008 7 7 3 2 1 32 32 1 0 0 1 0 0 0 0 0 0 0 0 0 0 0 0 0 0 0 0 0 0
 -2008 7 7 3 2 1 34 34 1 0 0 0 0 0 1 0 0 0 0 0 0 0 0 0 0 0 0 0 0 0
 -2008 7 7 3 2 1 36 36 1 0 0 0 1 0 0 0 0 0 0 0 0 0 0 0 0 0 0 0 0 0
 -2008 7 7 3 2 1 38 38 1 0 0 0 1 0 0 0 0 0 0 0 0 0 0 0 0 0 0 0 0 0
 2008 7 7 3 2 1 40 40 11 0 0 0 1 0 0 0 0 0 0 0 0 0 0 0 0 0 0 0 0 0
 2008 7 7 3 2 1 42 42 6 0 0 0 0.714 0.286 0 0 0 0 0 0 0 0 0 0 0 0 0 0 0 0
 2008 7 7 3 2 1 44 44 7 0 0 0 0.625 0.375 0 0 0 0 0 0 0 0 0 0 0 0 0 0 0 0
 2008 7 7 3 2 1 46 46 15 0 0 0.158 0.158 0.632 0.053 0 0 0 0 0 0 0 0 0 0 0 0 0 0 0
 2008 7 7 3 2 1 48 48 18 0 0 0 0.35 0.3 0.35 0 0 0 0 0 0 0 0 0 0 0 0 0 0 0
 2008 7 7 3 2 1 50 50 21 0 0 0.033 0.033 0.533 0.367 0.033 0 0 0 0 0 0 0 0 0 0 0 0 0 0
 2008 7 7 3 2 1 52 52 29 0 0 0 0.067 0.356 0.511 0.067 0 0 0 0 0 0 0 0 0 0 0 0 0 0
 2008 7 7 3 2 1 54 54 20 0 0 0 0.027 0.27 0.595 0.054 0.054 0 0 0 0 0 0 0 0 0 0 0 0 0
 2008 7 7 3 2 1 56 56 26 0 0 0 0.047 0.233 0.558 0.14 0 0.023 0 0 0 0 0 0 0 0 0 0 0 0
 2008 7 7 3 2 1 58 58 22 0 0 0 0 0.152 0.697 0.152 0 0 0 0 0 0 0 0 0 0 0 0 0 0
 2008 7 7 3 2 1 60 60 16 0 0 0 0 0.111 0.667 0.167 0 0.056 0 0 0 0 0 0 0 0 0 0 0 0
 2008 7 7 3 2 1 62 62 10 0 0 0 0 0.091 0.545 0.182 0 0 0.091 0 0 0 0 0 0 0 0 0 0 0.091
 2008 7 7 3 2 1 64 64 7 0 0 0 0 0 0.125 0.5 0.25 0.125 0 0 0 0 0 0 0 0 0 0 0 0
 2008 7 7 3 2 1 66 66 7 0 0 0 0 0.125 0 0.25 0.5 0.125 0 0 0 0 0 0 0 0 0 0 0 0
 2008 7 7 3 2 1 68 68 4 0 0 0 0 0 0 0.667 0.167 0 0.167 0 0 0 0 0 0 0 0 0 0 0
 2008 7 7 3 2 1 72 72 2 0 0 0 0 0 0 0.5 0.5 0 0 0 0 0 0 0 0 0 0 0 0 0
 2008 7 7 3 2 1 74 74 2 0 0 0 0 0 0 0 0 1 0 0 0 0 0 0 0 0 0 0 0 0
 2009 7 7 3 2 1 34 34 2 0 0 0.5 0.5 0 0 0 0 0 0 0 0 0 0 0 0 0 0 0 0 0
 2009 7 7 3 2 1 36 36 2 0 0 0 1 0 0 0 0 0 0 0 0 0 0 0 0 0 0 0 0 0
 2009 7 7 3 2 1 38 38 3 0 0 0 0.667 0.333 0 0 0 0 0 0 0 0 0 0 0 0 0 0 0 0
 2009 7 7 3 2 1 40 40 2 0 0 0 1 0 0 0 0 0 0 0 0 0 0 0 0 0 0 0 0 0
 2009 7 7 3 2 1 42 42 5 0 0 0 0.6 0.4 0 0 0 0 0 0 0 0 0 0 0 0 0 0 0 0
 2009 7 7 3 2 1 44 44 7 0 0 0 0.75 0.25 0 0 0 0 0 0 0 0 0 0 0 0 0 0 0 0
 2009 7 7 3 2 1 46 46 6 0 0 0 0.091 0.727 0.182 0 0 0 0 0 0 0 0 0 0 0 0 0 0 0
 2009 7 7 3 2 1 48 48 4 0 0 0 0.286 0.143 0.429 0.143 0 0 0 0 0 0 0 0 0 0 0 0 0 0
 2009 7 7 3 2 1 50 50 7 0 0 0 0.1 0.5 0.4 0 0 0 0 0 0 0 0 0 0 0 0 0 0 0
 2009 7 7 3 2 1 52 52 4 0 0 0 0 0.25 0.5 0.25 0 0 0 0 0 0 0 0 0 0 0 0 0 0
 2009 7 7 3 2 1 54 54 8 0 0 0 0 0.4 0.3 0.3 0 0 0 0 0 0 0 0 0 0 0 0 0 0
 2009 7 7 3 2 1 56 56 6 0 0 0 0 0.25 0.625 0.125 0 0 0 0 0 0 0 0 0 0 0 0 0 0
 2009 7 7 3 2 1 58 58 3 0 0 0 0 0 0.75 0.25 0 0 0 0 0 0 0 0 0 0 0 0 0 0
 2009 7 7 3 2 1 60 60 4 0 0 0 0 0 0.4 0.6 0 0 0 0 0 0 0 0 0 0 0 0 0 0
 2009 7 7 3 2 1 62 62 5 0 0 0 0 0 0.222 0.556 0.111 0.111 0 0 0 0 0 0 0 0 0 0 0 0
 2009 7 7 3 2 1 64 64 3 0 0 0 0 0 0.333 0.667 0 0 0 0 0 0 0 0 0 0 0 0 0 0
 -2009 7 7 3 2 1 68 68 1 0 0 0 0 0 0 1 0 0 0 0 0 0 0 0 0 0 0 0 0 0
 -2009 7 7 3 2 1 70 70 1 0 0 0 0 0 0 1 0 0 0 0 0 0 0 0 0 0 0 0 0 0
 2010 7 7 3 2 1 36 36 4 0 0 0.25 0.25 0.25 0.25 0 0 0 0 0 0 0 0 0 0 0 0 0 0 0
 2010 7 7 3 2 1 38 38 10 0 0 0.2 0.6 0.2 0 0 0 0 0 0 0 0 0 0 0 0 0 0 0 0
 2010 7 7 3 2 1 40 40 24 0 0 0.083 0.375 0.458 0.042 0.042 0 0 0 0 0 0 0 0 0 0 0 0 0 0
 2010 7 7 3 2 1 42 42 45 0 0 0.022 0.196 0.717 0.043 0.022 0 0 0 0 0 0 0 0 0 0 0 0 0 0
 2010 7 7 3 2 1 44 44 63 0 0 0 0.2 0.677 0.108 0.015 0 0 0 0 0 0 0 0 0 0 0 0 0 0
 2010 7 7 3 2 1 46 46 59 0 0 0 0.119 0.559 0.305 0.017 0 0 0 0 0 0 0 0 0 0 0 0 0 0
 2010 7 7 3 2 1 48 48 69 0 0 0 0.038 0.595 0.316 0.038 0.013 0 0 0 0 0 0 0 0 0 0 0 0 0
 2010 7 7 3 2 1 50 50 82 0 0 0 0.047 0.494 0.4 0.047 0.012 0 0 0 0 0 0 0 0 0 0 0 0 0
 2010 7 7 3 2 1 52 52 79 0 0 0 0.08 0.31 0.506 0.092 0.011 0 0 0 0 0 0 0 0 0 0 0 0 0
 2010 7 7 3 2 1 54 54 76 0 0 0 0.049 0.317 0.512 0.061 0.049 0 0.012 0 0 0 0 0 0 0 0 0 0 0
 2010 7 7 3 2 1 56 56 72 0 0 0 0.047 0.209 0.558 0.14 0.035 0.012 0 0 0 0 0 0 0 0 0 0 0 0
 2010 7 7 3 2 1 58 58 78 0 0 0 0.024 0.2 0.624 0.071 0.059 0.024 0 0 0 0 0 0 0 0 0 0 0 0
 2010 7 7 3 2 1 60 60 69 0 0 0 0.012 0.181 0.627 0.157 0.024 0 0 0 0 0 0 0 0 0 0 0 0 0
 2010 7 7 3 2 1 62 62 52 0 0 0 0 0.115 0.443 0.361 0.066 0.016 0 0 0 0 0 0 0 0 0 0 0 0
 2010 7 7 3 2 1 64 64 50 0 0 0 0.018 0.123 0.404 0.316 0.14 0 0 0 0 0 0 0 0 0 0 0 0 0
 2010 7 7 3 2 1 66 66 28 0 0 0 0 0 0.323 0.419 0.161 0.065 0.032 0 0 0 0 0 0 0 0 0 0 0
 2010 7 7 3 2 1 68 68 21 0 0 0 0 0.083 0.292 0.292 0.292 0.042 0 0 0 0 0 0 0 0 0 0 0 0
 2010 7 7 3 2 1 70 70 15 0 0 0 0 0 0.187 0.25 0.5 0.062 0 0 0 0 0 0 0 0 0 0 0 0
 2010 7 7 3 2 1 72 72 10 0 0 0 0 0 0 0.5 0.3 0.2 0 0 0 0 0 0 0 0 0 0 0 0
 2010 7 7 3 2 1 74 74 5 0 0 0 0 0 0 0.4 0.4 0.2 0 0 0 0 0 0 0 0 0 0 0 0
 2010 7 7 3 2 1 76 76 3 0 0 0 0 0 0 0 0.333 0.667 0 0 0 0 0 0 0 0 0 0 0 0
 2010 7 7 3 2 1 80 80 2 0 0 0 0 0.5 0 0 0 0 0 0 0 0 0 0 0 0 0.5 0 0 0
 -2010 7 7 3 2 1 84 84 1 0 0 0 0 0 0 0 0 0 0 0 0 0 0 0 0 0 0 0 0 1
 -2011 7 7 3 2 1 30 30 1 0 0 0 1 0 0 0 0 0 0 0 0 0 0 0 0 0 0 0 0 0
 -2011 7 7 3 2 1 32 32 1 0 0 0 1 0 0 0 0 0 0 0 0 0 0 0 0 0 0 0 0 0
 -2011 7 7 3 2 1 36 36 1 0 0 0 1 0 0 0 0 0 0 0 0 0 0 0 0 0 0 0 0 0
 2011 7 7 3 2 1 38 38 5 0 0 0 0.8 0.2 0 0 0 0 0 0 0 0 0 0 0 0 0 0 0 0
 2011 7 7 3 2 1 40 40 4 0 0 0 0.25 0.75 0 0 0 0 0 0 0 0 0 0 0 0 0 0 0 0
 2011 7 7 3 2 1 42 42 13 0 0 0 0.286 0.429 0.286 0 0 0 0 0 0 0 0 0 0 0 0 0 0 0
 2011 7 7 3 2 1 44 44 24 0 0 0 0.08 0.56 0.36 0 0 0 0 0 0 0 0 0 0 0 0 0 0 0
 2011 7 7 3 2 1 46 46 34 0 0 0 0.025 0.5 0.4 0.05 0.025 0 0 0 0 0 0 0 0 0 0 0 0 0
 2011 7 7 3 2 1 48 48 28 0 0 0 0.033 0.267 0.567 0.1 0.033 0 0 0 0 0 0 0 0 0 0 0 0 0
 2011 7 7 3 2 1 50 50 50 0 0 0 0 0.37 0.63 0 0 0 0 0 0 0 0 0 0 0 0 0 0 0
 2011 7 7 3 2 1 52 52 47 0 0 0 0 0.339 0.464 0.196 0 0 0 0 0 0 0 0 0 0 0 0 0 0
 2011 7 7 3 2 1 54 54 44 0 0 0 0 0.208 0.562 0.188 0.042 0 0 0 0 0 0 0 0 0 0 0 0 0
 2011 7 7 3 2 1 56 56 46 0 0 0 0 0.145 0.509 0.255 0.073 0 0.018 0 0 0 0 0 0 0 0 0 0 0
 2011 7 7 3 2 1 58 58 29 0 0 0 0 0.061 0.303 0.485 0.091 0.03 0.03 0 0 0 0 0 0 0 0 0 0 0
 2011 7 7 3 2 1 60 60 36 0 0 0 0 0.098 0.341 0.39 0.122 0.049 0 0 0 0 0 0 0 0 0 0 0 0
 2011 7 7 3 2 1 62 62 29 0 0 0 0 0.062 0.188 0.562 0.188 0 0 0 0 0 0 0 0 0 0 0 0 0
 2011 7 7 3 2 1 64 64 36 0 0 0 0 0 0.211 0.474 0.316 0 0 0 0 0 0 0 0 0 0 0 0 0
 2011 7 7 3 2 1 66 66 23 0 0 0 0 0.043 0.13 0.435 0.348 0.043 0 0 0 0 0 0 0 0 0 0 0 0
 2011 7 7 3 2 1 68 68 21 0 0 0 0 0.04 0.2 0.44 0.2 0.08 0.04 0 0 0 0 0 0 0 0 0 0 0
 2011 7 7 3 2 1 70 70 11 0 0 0 0 0 0.091 0.545 0.273 0 0 0 0.091 0 0 0 0 0 0 0 0 0
 2011 7 7 3 2 1 72 72 4 0 0 0 0 0.25 0 0.25 0.25 0 0.25 0 0 0 0 0 0 0 0 0 0 0
 2011 7 7 3 2 1 74 74 6 0 0 0 0 0 0.143 0 0 0.571 0.143 0 0.143 0 0 0 0 0 0 0 0 0
 2011 7 7 3 2 1 76 76 2 0 0 0 0 0 0 0 0 1 0 0 0 0 0 0 0 0 0 0 0 0
 -2011 7 7 3 2 1 78 78 1 0 0 0 0 0 1 0 0 0 0 0 0 0 0 0 0 0 0 0 0 0
 -2012 7 7 3 2 1 38 38 1 0 0 0 1 0 0 0 0 0 0 0 0 0 0 0 0 0 0 0 0 0
 -2012 7 7 3 2 1 40 40 1 0 0 0 0 1 0 0 0 0 0 0 0 0 0 0 0 0 0 0 0 0
 -2012 7 7 3 2 1 42 42 1 0 0 0 0 1 0 0 0 0 0 0 0 0 0 0 0 0 0 0 0 0
 2012 7 7 3 2 1 44 44 4 0 0 0 0.2 0.6 0.2 0 0 0 0 0 0 0 0 0 0 0 0 0 0 0
 2012 7 7 3 2 1 46 46 14 0 0 0 0.071 0.357 0.286 0.214 0.071 0 0 0 0 0 0 0 0 0 0 0 0 0
 2012 7 7 3 2 1 48 48 7 0 0 0 0 0.286 0.571 0.143 0 0 0 0 0 0 0 0 0 0 0 0 0 0
 2012 7 7 3 2 1 50 50 16 0 0 0 0.062 0.063 0.375 0.437 0.062 0 0 0 0 0 0 0 0 0 0 0 0 0
 2012 7 7 3 2 1 52 52 13 0 0 0 0 0.176 0.471 0.235 0.118 0 0 0 0 0 0 0 0 0 0 0 0 0
 2012 7 7 3 2 1 54 54 22 0 0 0 0 0.217 0.522 0.13 0.087 0 0.043 0 0 0 0 0 0 0 0 0 0 0
 2012 7 7 3 2 1 56 56 22 0 0 0 0 0 0.4 0.36 0.24 0 0 0 0 0 0 0 0 0 0 0 0 0
 2012 7 7 3 2 1 58 58 21 0 0 0 0.045 0 0.182 0.636 0.091 0.045 0 0 0 0 0 0 0 0 0 0 0 0
 2012 7 7 3 2 1 60 60 19 0 0 0 0 0.105 0.368 0.421 0.105 0 0 0 0 0 0 0 0 0 0 0 0 0
 2012 7 7 3 2 1 62 62 12 0 0 0 0 0.083 0.167 0.583 0 0.167 0 0 0 0 0 0 0 0 0 0 0 0
 2012 7 7 3 2 1 64 64 17 0 0 0 0 0 0 0.35 0.45 0.1 0.05 0.05 0 0 0 0 0 0 0 0 0 0
 2012 7 7 3 2 1 66 66 9 0 0 0 0.091 0 0.091 0.273 0.455 0.091 0 0 0 0 0 0 0 0 0 0 0 0
 2012 7 7 3 2 1 68 68 13 0 0 0 0 0 0 0.231 0.385 0.154 0.154 0.077 0 0 0 0 0 0 0 0 0 0
 2012 7 7 3 2 1 70 70 10 0 0 0 0 0 0.167 0.25 0.25 0.167 0.167 0 0 0 0 0 0 0 0 0 0 0
 2012 7 7 3 2 1 72 72 5 0 0 0 0 0 0.4 0.2 0.4 0 0 0 0 0 0 0 0 0 0 0 0 0
 2012 7 7 3 2 1 74 74 2 0 0 0 0 0 0 0.5 0 0.5 0 0 0 0 0 0 0 0 0 0 0 0
 -2012 7 7 3 2 1 76 76 1 0 0 0 0 0 0 0 1 0 0 0 0 0 0 0 0 0 0 0 0 0
 -2012 7 7 3 2 1 78 78 1 0 0 0 0 0 0 0 1 0 0 0 0 0 0 0 0 0 0 0 0 0
 2012 7 7 3 2 1 82 82 2 0 0 0 0 0 0 1 0 0 0 0 0 0 0 0 0 0 0 0 0 0
 -2013 7 7 3 2 1 34 34 1 0 0 1 0 0 0 0 0 0 0 0 0 0 0 0 0 0 0 0 0 0
 2013 7 7 3 2 1 36 36 2 0 0 0.5 0.5 0 0 0 0 0 0 0 0 0 0 0 0 0 0 0 0 0
 2013 7 7 3 2 1 38 38 2 0 0 0 1 0 0 0 0 0 0 0 0 0 0 0 0 0 0 0 0 0
 2013 7 7 3 2 1 40 40 12 0 0 0 0.429 0.214 0.214 0.143 0 0 0 0 0 0 0 0 0 0 0 0 0 0
 2013 7 7 3 2 1 42 42 19 0 0 0 0.5 0.182 0.273 0 0.045 0 0 0 0 0 0 0 0 0 0 0 0 0
 2013 7 7 3 2 1 44 44 20 0 0 0 0.4 0.257 0.286 0.057 0 0 0 0 0 0 0 0 0 0 0 0 0 0
 2013 7 7 3 2 1 46 46 28 0 0 0.032 0.161 0.387 0.323 0.065 0.032 0 0 0 0 0 0 0 0 0 0 0 0 0
 2013 7 7 3 2 1 48 48 38 0 0 0 0.074 0.185 0.537 0.13 0.074 0 0 0 0 0 0 0 0 0 0 0 0 0
 2013 7 7 3 2 1 50 50 25 0 0 0 0.03 0.121 0.697 0.091 0.03 0.03 0 0 0 0 0 0 0 0 0 0 0 0
 2013 7 7 3 2 1 52 52 36 0 0 0 0.045 0.159 0.318 0.341 0.068 0.068 0 0 0 0 0 0 0 0 0 0 0 0
 2013 7 7 3 2 1 54 54 33 0 0 0 0 0.085 0.553 0.191 0.149 0.021 0 0 0 0 0 0 0 0 0 0 0 0
 2013 7 7 3 2 1 56 56 26 0 0 0 0 0.054 0.405 0.243 0.189 0.108 0 0 0 0 0 0 0 0 0 0 0 0
 2013 7 7 3 2 1 58 58 36 0 0 0 0 0.021 0.333 0.271 0.188 0.167 0.021 0 0 0 0 0 0 0 0 0 0 0
 2013 7 7 3 2 1 60 60 42 0 0 0 0 0.017 0.241 0.362 0.207 0.103 0.052 0 0.017 0 0 0 0 0 0 0 0 0
 2013 7 7 3 2 1 62 62 34 0 0 0 0 0 0.188 0.354 0.292 0.167 0 0 0 0 0 0 0 0 0 0 0 0
 2013 7 7 3 2 1 64 64 40 0 0 0 0 0 0.043 0.37 0.457 0.13 0 0 0 0 0 0 0 0 0 0 0 0
 2013 7 7 3 2 1 66 66 41 0 0 0 0 0 0.02 0.314 0.451 0.176 0.039 0 0 0 0 0 0 0 0 0 0 0
 2013 7 7 3 2 1 68 68 34 0 0 0 0 0 0 0.333 0.354 0.271 0.021 0.021 0 0 0 0 0 0 0 0 0 0
 2013 7 7 3 2 1 70 70 27 0 0 0 0 0 0.029 0.086 0.286 0.486 0.057 0.029 0.029 0 0 0 0 0 0 0 0 0
 2013 7 7 3 2 1 72 72 23 0 0 0 0 0 0 0.115 0.192 0.538 0.115 0 0 0 0.038 0 0 0 0 0 0 0
 2013 7 7 3 2 1 74 74 10 0 0 0 0 0 0 0 0.167 0.583 0.167 0 0 0.083 0 0 0 0 0 0 0 0
 2013 7 7 3 2 1 76 76 5 0 0 0 0 0 0 0 0.5 0.333 0 0 0 0 0 0.167 0 0 0 0 0 0
 2013 7 7 3 2 1 78 78 4 0 0 0 0 0 0 0 0 0.25 0.25 0.25 0 0.25 0 0 0 0 0 0 0 0
 -2013 7 7 3 2 1 88 88 1 0 0 0 0 0 0 0 0 0 0 0 0 0 0 0 0 0 0 0 0 1
 2014 7 7 3 2 1 34 34 3 0 0 0 1 0 0 0 0 0 0 0 0 0 0 0 0 0 0 0 0 0
 2014 7 7 3 2 1 36 36 9 0 0 0 0.8 0.1 0.1 0 0 0 0 0 0 0 0 0 0 0 0 0 0 0
 2014 7 7 3 2 1 38 38 9 0 0 0 0.7 0.2 0.1 0 0 0 0 0 0 0 0 0 0 0 0 0 0 0
 2014 7 7 3 2 1 40 40 22 0 0 0 0.586 0.345 0.069 0 0 0 0 0 0 0 0 0 0 0 0 0 0 0
 2014 7 7 3 2 1 42 42 25 0 0 0.075 0.375 0.475 0.075 0 0 0 0 0 0 0 0 0 0 0 0 0 0 0
 2014 7 7 3 2 1 44 44 35 0 0 0.033 0.217 0.45 0.167 0.083 0.017 0.033 0 0 0 0 0 0 0 0 0 0 0 0
 2014 7 7 3 2 1 46 46 31 0 0 0.017 0.086 0.569 0.207 0.103 0.017 0 0 0 0 0 0 0 0 0 0 0 0 0
 2014 7 7 3 2 1 48 48 48 0 0 0 0.136 0.364 0.258 0.136 0.03 0.061 0 0.015 0 0 0 0 0 0 0 0 0 0
 2014 7 7 3 2 1 50 50 49 0 0 0 0.064 0.462 0.244 0.141 0.038 0.026 0.026 0 0 0 0 0 0 0 0 0 0 0
 2014 7 7 3 2 1 52 52 49 0 0 0 0.024 0.262 0.286 0.262 0.06 0.036 0.071 0 0 0 0 0 0 0 0 0 0 0
 2014 7 7 3 2 1 54 54 41 0 0 0 0.016 0.266 0.25 0.266 0.063 0.094 0.047 0 0 0 0 0 0 0 0 0 0 0
 2014 7 7 3 2 1 56 56 45 0 0 0 0.031 0.047 0.281 0.422 0.141 0.031 0.047 0 0 0 0 0 0 0 0 0 0 0
 2014 7 7 3 2 1 58 58 41 0 0 0 0.016 0.065 0.274 0.403 0.081 0.097 0.048 0.016 0 0 0 0 0 0 0 0 0 0
 2014 7 7 3 2 1 60 60 40 0 0 0 0 0.016 0.081 0.5 0.145 0.113 0.097 0.048 0 0 0 0 0 0 0 0 0 0
 2014 7 7 3 2 1 62 62 51 0 0 0 0 0 0.118 0.353 0.191 0.191 0.118 0.029 0 0 0 0 0 0 0 0 0 0
 2014 7 7 3 2 1 64 64 50 0 0 0 0 0 0.113 0.258 0.306 0.226 0.065 0 0.032 0 0 0 0 0 0 0 0 0
 2014 7 7 3 2 1 66 66 47 0 0 0 0 0 0.026 0.13 0.234 0.351 0.195 0.065 0 0 0 0 0 0 0 0 0 0
 2014 7 7 3 2 1 68 68 49 0 0 0 0 0 0.015 0.077 0.262 0.431 0.169 0.031 0.015 0 0 0 0 0 0 0 0 0
 2014 7 7 3 2 1 70 70 40 0 0 0 0 0 0.036 0.109 0.309 0.273 0.2 0.055 0 0 0.018 0 0 0 0 0 0 0
 2014 7 7 3 2 1 72 72 40 0 0 0 0 0 0.02 0.02 0.184 0.286 0.347 0.143 0 0 0 0 0 0 0 0 0 0
 2014 7 7 3 2 1 74 74 27 0 0 0 0 0 0 0.028 0.111 0.25 0.417 0.194 0 0 0 0 0 0 0 0 0 0
 2014 7 7 3 2 1 76 76 15 0 0 0 0 0 0 0 0.05 0.2 0.45 0.15 0.1 0 0.05 0 0 0 0 0 0 0
 2014 7 7 3 2 1 78 78 4 0 0 0 0 0 0 0 0 0 0.5 0.25 0.25 0 0 0 0 0 0 0 0 0
 2014 7 7 3 2 1 80 80 2 0 0 0 0 0 0 0 0 0.5 0.5 0 0 0 0 0 0 0 0 0 0 0
 -2015 7 7 3 2 1 34 34 1 0 0 0 1 0 0 0 0 0 0 0 0 0 0 0 0 0 0 0 0 0
 2015 7 7 3 2 1 36 36 4 0 0 0.25 0.75 0 0 0 0 0 0 0 0 0 0 0 0 0 0 0 0 0
 2015 7 7 3 2 1 38 38 11 0 0 0.091 0.273 0.545 0 0 0.091 0 0 0 0 0 0 0 0 0 0 0 0 0
 2015 7 7 3 2 1 40 40 9 0 0 0.111 0.556 0.333 0 0 0 0 0 0 0 0 0 0 0 0 0 0 0 0
 2015 7 7 3 2 1 42 42 15 0 0 0.062 0.187 0.625 0 0 0.125 0 0 0 0 0 0 0 0 0 0 0 0 0
 2015 7 7 3 2 1 44 44 29 0 0 0 0.312 0.656 0.031 0 0 0 0 0 0 0 0 0 0 0 0 0 0 0
 2015 7 7 3 2 1 46 46 32 0 0 0.047 0.14 0.581 0.116 0.023 0.047 0.023 0.023 0 0 0 0 0 0 0 0 0 0 0
 2015 7 7 3 2 1 48 48 53 0 0 0.053 0.145 0.474 0.25 0.013 0.053 0 0.013 0 0 0 0 0 0 0 0 0 0 0
 2015 7 7 3 2 1 50 50 52 0 0 0.014 0.043 0.571 0.229 0.071 0.057 0.014 0 0 0 0 0 0 0 0 0 0 0 0
 2015 7 7 3 2 1 52 52 43 0 0 0 0.125 0.429 0.375 0 0.054 0.018 0 0 0 0 0 0 0 0 0 0 0 0
 2015 7 7 3 2 1 54 54 43 0 0 0 0.053 0.351 0.386 0.14 0.053 0 0.018 0 0 0 0 0 0 0 0 0 0 0
 2015 7 7 3 2 1 56 56 48 0 0 0 0.035 0.263 0.228 0.193 0.105 0.158 0 0.018 0 0 0 0 0 0 0 0 0 0
 2015 7 7 3 2 1 58 58 40 0 0 0 0.042 0.25 0.313 0.187 0.125 0.042 0.042 0 0 0 0 0 0 0 0 0 0 0
 2015 7 7 3 2 1 60 60 43 0 0 0 0.02 0.102 0.286 0.245 0.245 0.061 0.02 0.02 0 0 0 0 0 0 0 0 0 0
 2015 7 7 3 2 1 62 62 41 0 0 0 0.021 0.104 0.354 0.146 0.292 0.042 0.042 0 0 0 0 0 0 0 0 0 0 0
 2015 7 7 3 2 1 64 64 37 0 0 0 0 0.047 0.14 0.163 0.395 0.093 0.093 0.07 0 0 0 0 0 0 0 0 0 0
 2015 7 7 3 2 1 66 66 38 0 0 0 0 0 0.043 0.383 0.34 0.128 0.085 0.021 0 0 0 0 0 0 0 0 0 0
 2015 7 7 3 2 1 68 68 41 0 0 0 0 0 0.057 0.245 0.283 0.151 0.189 0.057 0 0.019 0 0 0 0 0 0 0 0
 2015 7 7 3 2 1 70 70 30 0 0 0 0 0 0.028 0.139 0.278 0.25 0.139 0.139 0.028 0 0 0 0 0 0 0 0 0
 2015 7 7 3 2 1 72 72 33 0 0 0 0 0 0 0.128 0.128 0.256 0.385 0.077 0 0.026 0 0 0 0 0 0 0 0
 2015 7 7 3 2 1 74 74 28 0 0 0 0 0 0 0 0.129 0.258 0.387 0.194 0.032 0 0 0 0 0 0 0 0 0
 2015 7 7 3 2 1 76 76 11 0 0 0 0 0 0 0 0.25 0.083 0.083 0.5 0.083 0 0 0 0 0 0 0 0 0
 2015 7 7 3 2 1 78 78 3 0 0 0 0 0 0 0 0 0.333 0 0.333 0 0 0.333 0 0 0 0 0 0 0
 -2015 7 7 3 2 1 80 80 1 0 0 0 0 0 0 0 0 0 1 0 0 0 0 0 0 0 0 0 0 0
 2015 7 7 3 2 1 82 82 2 0 0 0 0 0 0 0 0 0 1 0 0 0 0 0 0 0 0 0 0 0
 2015 7 7 3 2 1 88 88 2 0 0 0 0 0 0 0 0 0 0 0 0 0 0 0 0 0 0 0 0 1
 -2016 7 7 3 2 1 26 26 1 0 0 1 0 0 0 0 0 0 0 0 0 0 0 0 0 0 0 0 0 0
 -2016 7 7 3 2 1 28 28 1 0 0 1 0 0 0 0 0 0 0 0 0 0 0 0 0 0 0 0 0 0
 2016 7 7 3 2 1 30 30 2 0 0 1 0 0 0 0 0 0 0 0 0 0 0 0 0 0 0 0 0 0
 2016 7 7 3 2 1 32 32 5 0 0 0.8 0.2 0 0 0 0 0 0 0 0 0 0 0 0 0 0 0 0 0
 2016 7 7 3 2 1 34 34 15 0 0 0.933 0.067 0 0 0 0 0 0 0 0 0 0 0 0 0 0 0 0 0
 2016 7 7 3 2 1 36 36 16 0 0 0.688 0.187 0.063 0 0.063 0 0 0 0 0 0 0 0 0 0 0 0 0 0
 2016 7 7 3 2 1 38 38 32 0 0.031 0.688 0.187 0.094 0 0 0 0 0 0 0 0 0 0 0 0 0 0 0 0
 2016 7 7 3 2 1 40 40 29 0 0 0.31 0.483 0.172 0.034 0 0 0 0 0 0 0 0 0 0 0 0 0 0 0
 2016 7 7 3 2 1 42 42 33 0 0 0.03 0.485 0.364 0.091 0 0.03 0 0 0 0 0 0 0 0 0 0 0 0 0
 2016 7 7 3 2 1 44 44 26 0 0 0.077 0.538 0.115 0.231 0.038 0 0 0 0 0 0 0 0 0 0 0 0 0 0
 2016 7 7 3 2 1 46 46 40 0 0 0 0.341 0.268 0.244 0.073 0.024 0.024 0.024 0 0 0 0 0 0 0 0 0 0 0
 2016 7 7 3 2 1 48 48 60 0 0.017 0 0.217 0.383 0.3 0.05 0.017 0.017 0 0 0 0 0 0 0 0 0 0 0 0
 2016 7 7 3 2 1 50 50 44 0 0 0.023 0.182 0.295 0.432 0.068 0 0 0 0 0 0 0 0 0 0 0 0 0 0
 2016 7 7 3 2 1 52 52 63 0 0 0.016 0.062 0.297 0.484 0.063 0.016 0.047 0 0.016 0 0 0 0 0 0 0 0 0 0
 2016 7 7 3 2 1 54 54 36 0 0 0 0.028 0.167 0.556 0.139 0.028 0.083 0 0 0 0 0 0 0 0 0 0 0 0
 2016 7 7 3 2 1 56 56 57 0 0 0 0.035 0.228 0.474 0.158 0.088 0.018 0 0 0 0 0 0 0 0 0 0 0 0
 2016 7 7 3 2 1 58 58 58 0 0 0 0 0.115 0.459 0.279 0.049 0.066 0.033 0 0 0 0 0 0 0 0 0 0 0
 2016 7 7 3 2 1 60 60 38 0 0 0 0.026 0.026 0.395 0.316 0.105 0.079 0.026 0.026 0 0 0 0 0 0 0 0 0 0
 2016 7 7 3 2 1 62 62 52 0 0 0 0 0.018 0.375 0.357 0.107 0.089 0.036 0 0.018 0 0 0 0 0 0 0 0 0
 2016 7 7 3 2 1 64 64 31 0 0 0 0 0.031 0.187 0.25 0.187 0.219 0.062 0.031 0.031 0 0 0 0 0 0 0 0 0
 2016 7 7 3 2 1 66 66 36 0 0 0 0 0 0.132 0.263 0.237 0.105 0.132 0.079 0.026 0.026 0 0 0 0 0 0 0 0
 2016 7 7 3 2 1 68 68 36 0 0 0 0 0.028 0.083 0.111 0.194 0.306 0.167 0.083 0.028 0 0 0 0 0 0 0 0 0
 2016 7 7 3 2 1 70 70 34 0 0 0 0 0 0.029 0.029 0.176 0.235 0.265 0.206 0.059 0 0 0 0 0 0 0 0 0
 2016 7 7 3 2 1 72 72 28 0 0 0 0 0 0.071 0.036 0.071 0.107 0.393 0.25 0.071 0 0 0 0 0 0 0 0 0
 2016 7 7 3 2 1 74 74 18 0 0 0 0 0 0 0 0.167 0.167 0.278 0.333 0.056 0 0 0 0 0 0 0 0 0
 2016 7 7 3 2 1 76 76 12 0 0 0 0 0 0 0 0 0.25 0.167 0.167 0.25 0.083 0 0 0 0.083 0 0 0 0
 2016 7 7 3 2 1 78 78 8 0 0 0 0 0 0 0 0 0 0.125 0 0.625 0 0.125 0 0 0 0 0 0.125 0
 2016 7 7 3 2 1 80 80 2 0 0 0 0 0 0 0 0 0 0.5 0 0 0 0 0 0.5 0 0 0 0 0
 2016 7 7 3 2 1 82 82 2 0 0 0 0 0 0 0 0 0 0 0.5 0 0.5 0 0 0 0 0 0 0 0
 -2016 7 7 3 2 1 94 94 1 0 0 0 0 0 0 0 0 0 0 0 0 1 0 0 0 0 0 0 0 0
 2017 7 7 3 2 1 34 34 4 0 0 0.25 0.75 0 0 0 0 0 0 0 0 0 0 0 0 0 0 0 0 0
 2017 7 7 3 2 1 36 36 14 0 0 0.214 0.786 0 0 0 0 0 0 0 0 0 0 0 0 0 0 0 0 0
 2017 7 7 3 2 1 38 38 20 0 0 0.05 0.95 0 0 0 0 0 0 0 0 0 0 0 0 0 0 0 0 0
 2017 7 7 3 2 1 40 40 34 0 0 0.206 0.735 0.029 0.029 0 0 0 0 0 0 0 0 0 0 0 0 0 0 0
 2017 7 7 3 2 1 42 42 21 0 0 0.048 0.667 0.19 0.048 0.048 0 0 0 0 0 0 0 0 0 0 0 0 0 0
 2017 7 7 3 2 1 44 44 31 0 0 0.065 0.774 0.097 0.065 0 0 0 0 0 0 0 0 0 0 0 0 0 0 0
 2017 7 7 3 2 1 46 46 39 0 0 0.025 0.575 0.175 0.15 0.025 0 0.05 0 0 0 0 0 0 0 0 0 0 0 0
 2017 7 7 3 2 1 48 48 32 0 0 0.031 0.469 0.25 0.156 0.094 0 0 0 0 0 0 0 0 0 0 0 0 0 0
 2017 7 7 3 2 1 50 50 33 0 0 0.061 0.303 0.273 0.273 0.061 0.03 0 0 0 0 0 0 0 0 0 0 0 0 0
 2017 7 7 3 2 1 52 52 33 0 0 0 0.121 0.333 0.242 0.212 0.091 0 0 0 0 0 0 0 0 0 0 0 0 0
 2017 7 7 3 2 1 54 54 29 0 0 0 0.034 0.172 0.379 0.345 0 0 0.034 0.034 0 0 0 0 0 0 0 0 0 0
 2017 7 7 3 2 1 56 56 19 0 0 0 0 0.263 0.263 0.211 0.105 0.053 0.105 0 0 0 0 0 0 0 0 0 0 0
 2017 7 7 3 2 1 58 58 16 0 0 0 0 0.125 0.188 0.438 0.062 0.062 0.125 0 0 0 0 0 0 0 0 0 0 0
 2017 7 7 3 2 1 60 60 23 0 0 0 0 0 0.32 0.36 0.12 0.08 0.04 0.08 0 0 0 0 0 0 0 0 0 0
 2017 7 7 3 2 1 62 62 25 0 0 0 0 0.04 0.2 0.52 0.16 0.04 0.04 0 0 0 0 0 0 0 0 0 0 0
 2017 7 7 3 2 1 64 64 21 0 0 0 0 0.048 0.048 0.333 0.19 0.143 0.095 0 0.048 0.095 0 0 0 0 0 0 0 0
 2017 7 7 3 2 1 66 66 23 0 0 0 0 0 0.043 0.348 0.261 0.043 0.174 0.087 0 0.043 0 0 0 0 0 0 0 0
 2017 7 7 3 2 1 68 68 28 0 0 0 0 0 0.036 0.179 0.286 0.179 0.214 0.036 0 0.071 0 0 0 0 0 0 0 0
 2017 7 7 3 2 1 70 70 26 0 0 0 0 0 0.037 0.111 0.222 0.222 0.148 0.074 0.185 0 0 0 0 0 0 0 0 0
 2017 7 7 3 2 1 72 72 20 0 0 0 0 0 0 0.05 0.1 0.1 0.3 0.1 0.15 0.2 0 0 0 0 0 0 0 0
 2017 7 7 3 2 1 74 74 12 0 0 0 0 0 0 0 0 0 0.333 0.083 0 0.333 0.167 0.083 0 0 0 0 0 0
 2017 7 7 3 2 1 76 76 12 0 0 0 0 0 0 0 0.083 0 0.167 0 0.083 0.417 0.167 0 0.083 0 0 0 0 0
 2017 7 7 3 2 1 78 78 5 0 0 0 0 0 0 0 0 0 0.4 0.2 0.2 0.2 0 0 0 0 0 0 0 0
 2017 7 7 3 2 1 82 82 3 0 0 0 0 0 0 0 0 0 0 0 0 0.333 0 0.333 0 0 0 0.333 0 0
 -2017 7 7 3 2 1 90 90 1 0 0 0 0 0 0 0 0 0 0 0 0 0 0 0 0 0 0 0 0 1
 -2018 7 7 3 2 1 34 34 1 0 0 1 0 0 0 0 0 0 0 0 0 0 0 0 0 0 0 0 0 0
 2018 7 7 3 2 1 36 36 6 0 0 0 0.667 0.333 0 0 0 0 0 0 0 0 0 0 0 0 0 0 0 0
 2018 7 7 3 2 1 38 38 6 0 0 0.333 0.333 0.333 0 0 0 0 0 0 0 0 0 0 0 0 0 0 0 0
 2018 7 7 3 2 1 40 40 15 0 0 0.067 0.333 0.6 0 0 0 0 0 0 0 0 0 0 0 0 0 0 0 0
 2018 7 7 3 2 1 42 42 24 0 0 0 0.208 0.75 0.042 0 0 0 0 0 0 0 0 0 0 0 0 0 0 0
 2018 7 7 3 2 1 44 44 33 0 0 0 0.091 0.879 0 0.03 0 0 0 0 0 0 0 0 0 0 0 0 0 0
 2018 7 7 3 2 1 46 46 49 0 0 0 0.082 0.878 0.041 0 0 0 0 0 0 0 0 0 0 0 0 0 0 0
 2018 7 7 3 2 1 48 48 52 0 0 0 0.096 0.827 0.077 0 0 0 0 0 0 0 0 0 0 0 0 0 0 0
 2018 7 7 3 2 1 50 50 63 0 0 0.016 0.048 0.857 0.048 0.016 0 0 0.016 0 0 0 0 0 0 0 0 0 0 0
 2018 7 7 3 2 1 52 52 38 0 0 0 0.132 0.658 0.184 0.026 0 0 0 0 0 0 0 0 0 0 0 0 0 0
 2018 7 7 3 2 1 54 54 40 0 0 0 0.024 0.659 0.293 0 0 0 0.024 0 0 0 0 0 0 0 0 0 0 0
 2018 7 7 3 2 1 56 56 24 0 0 0 0.038 0.423 0.385 0.038 0.038 0.038 0.038 0 0 0 0 0 0 0 0 0 0 0
 2018 7 7 3 2 1 58 58 22 0 0 0 0.045 0.182 0.545 0.091 0.091 0 0.045 0 0 0 0 0 0 0 0 0 0 0
 2018 7 7 3 2 1 60 60 17 0 0 0 0 0.118 0.471 0.235 0.118 0.059 0 0 0 0 0 0 0 0 0 0 0 0
 2018 7 7 3 2 1 62 62 23 0 0 0 0.043 0.087 0.304 0.391 0.174 0 0 0 0 0 0 0 0 0 0 0 0 0
 2018 7 7 3 2 1 64 64 20 0 0 0 0.05 0.15 0.15 0.3 0.2 0.15 0 0 0 0 0 0 0 0 0 0 0 0
 2018 7 7 3 2 1 66 66 22 0 0 0 0 0 0.091 0.227 0.409 0.136 0 0.091 0 0.045 0 0 0 0 0 0 0 0
 2018 7 7 3 2 1 68 68 20 0 0 0 0 0 0 0.182 0.409 0.136 0.091 0.136 0 0.045 0 0 0 0 0 0 0 0
 2018 7 7 3 2 1 70 70 10 0 0 0 0 0 0 0.2 0.1 0.2 0.2 0 0.3 0 0 0 0 0 0 0 0 0
 2018 7 7 3 2 1 72 72 12 0 0 0 0 0 0 0 0.333 0.25 0.167 0.083 0 0.083 0.083 0 0 0 0 0 0 0
 2018 7 7 3 2 1 74 74 14 0 0 0 0 0 0 0.071 0.143 0.143 0 0.214 0.071 0.071 0.214 0 0.071 0 0 0 0 0
 2018 7 7 3 2 1 76 76 9 0 0 0 0 0 0 0 0.111 0 0.222 0.111 0.111 0.333 0.111 0 0 0 0 0 0 0
 2018 7 7 3 2 1 78 78 6 0 0 0 0 0 0 0 0 0 0.167 0.167 0.333 0.333 0 0 0 0 0 0 0 0
 2018 7 7 3 2 1 80 80 4 0 0 0 0 0 0 0 0 0 0 0 0 0.25 0.75 0 0 0 0 0 0 0
 -2018 7 7 3 2 1 82 82 1 0 0 0 0 0 0 0 0 0 0 0 0 0 1 0 0 0 0 0 0 0
 -2018 7 7 3 2 1 92 92 1 0 0 0 0 0 0 0 0 0 0 0 0 0 0 0 0 0 0 0 0 1
 -2019 7 7 3 2 1 30 30 1 0 1 0 0 0 0 0 0 0 0 0 0 0 0 0 0 0 0 0 0 0
 2019 7 7 3 2 1 34 34 4 0 0 0 0.75 0 0.25 0 0 0 0 0 0 0 0 0 0 0 0 0 0 0
 2019 7 7 3 2 1 36 36 6 0 0 0.667 0.167 0.167 0 0 0 0 0 0 0 0 0 0 0 0 0 0 0 0
 2019 7 7 3 2 1 38 38 11 0 0 0 0.636 0.364 0 0 0 0 0 0 0 0 0 0 0 0 0 0 0 0
 2019 7 7 3 2 1 40 40 16 0 0.059 0 0.176 0.235 0.529 0 0 0 0 0 0 0 0 0 0 0 0 0 0 0
 2019 7 7 3 2 1 42 42 36 0 0 0 0.105 0.211 0.684 0 0 0 0 0 0 0 0 0 0 0 0 0 0 0
 2019 7 7 3 2 1 44 44 36 0 0 0.026 0.079 0.184 0.684 0 0 0 0 0 0 0 0 0 0 0 0 0 0 0.026
 2019 7 7 3 2 1 46 46 69 0 0 0 0.082 0.356 0.548 0.014 0 0 0 0 0 0 0 0 0 0 0 0 0 0
 2019 7 7 3 2 1 48 48 63 0 0 0.014 0.07 0.239 0.648 0.014 0.014 0 0 0 0 0 0 0 0 0 0 0 0 0
 2019 7 7 3 2 1 50 50 73 0 0 0 0.096 0.123 0.753 0.027 0 0 0 0 0 0 0 0 0 0 0 0 0 0
 2019 7 7 3 2 1 52 52 79 0 0 0 0.024 0.22 0.683 0.037 0.024 0 0.012 0 0 0 0 0 0 0 0 0 0 0
 2019 7 7 3 2 1 54 54 62 0 0 0 0 0.048 0.871 0.065 0.016 0 0 0 0 0 0 0 0 0 0 0 0 0
 2019 7 7 3 2 1 56 56 65 0 0 0 0 0.091 0.803 0.091 0.015 0 0 0 0 0 0 0 0 0 0 0 0 0
 2019 7 7 3 2 1 58 58 42 0 0 0 0 0.156 0.689 0.111 0 0.022 0 0.022 0 0 0 0 0 0 0 0 0 0
 2019 7 7 3 2 1 60 60 30 0 0 0 0 0.129 0.613 0.258 0 0 0 0 0 0 0 0 0 0 0 0 0 0
 2019 7 7 3 2 1 62 62 27 0 0 0 0 0.071 0.643 0.179 0 0 0.071 0.036 0 0 0 0 0 0 0 0 0 0
 2019 7 7 3 2 1 64 64 31 0 0 0 0 0.094 0.719 0.156 0.031 0 0 0 0 0 0 0 0 0 0 0 0 0
 2019 7 7 3 2 1 66 66 21 0 0 0 0 0.048 0.333 0.19 0.143 0.095 0.095 0.048 0.048 0 0 0 0 0 0 0 0 0
 2019 7 7 3 2 1 68 68 15 0 0 0 0 0.067 0.267 0.133 0.2 0.067 0.067 0.067 0.067 0 0 0.067 0 0 0 0 0 0
 2019 7 7 3 2 1 70 70 16 0 0 0 0 0 0.062 0.062 0.125 0.25 0.125 0.25 0.062 0.063 0 0 0 0 0 0 0 0
 2019 7 7 3 2 1 72 72 26 0 0 0 0 0 0.038 0.038 0.115 0.231 0.192 0.038 0.192 0.038 0.038 0 0.038 0.038 0 0 0 0
 2019 7 7 3 2 1 74 74 9 0 0 0 0 0 0 0 0.111 0 0 0.333 0.333 0.111 0.111 0 0 0 0 0 0 0
 2019 7 7 3 2 1 76 76 17 0 0 0 0 0 0 0 0 0.059 0.059 0.059 0.294 0.176 0.235 0.059 0 0 0 0 0.059 0
 2019 7 7 3 2 1 78 78 13 0 0 0 0 0 0 0 0 0.077 0 0 0.154 0.462 0.154 0.077 0.077 0 0 0 0 0
 2019 7 7 3 2 1 80 80 2 0 0 0 0 0 0 0 0 0 0 0 0 0 0 0.5 0 0.5 0 0 0 0
 -2019 7 7 3 2 1 82 82 1 0 0 0 0 0 0 0 0 0 0 0 0 0 1 0 0 0 0 0 0 0
 -2019 7 7 3 2 1 84 84 1 0 0 0 0 0 0 0 0 0 0 0 0 0 0 0 0 0 0 0 0 1
 -2019 7 7 3 2 1 86 86 1 0 0 0 0 0 0 0 0 0 0 0 0 0 0 0 0 0 0 0 0 1
 -2019 7 7 3 2 1 88 88 1 0 0 0 0 0 0 0 0 0 0 0 0 0 0 0 1 0 0 0 0 0
 2019 7 7 3 2 1 90 90 2 0 0 0 0 0 0 0 0 0 0 0 0 0 0 0 0 0 0.5 0 0 0.5
 2020 7 7 3 2 1 34 34 2 0 0 0.5 0 0.5 0 0 0 0 0 0 0 0 0 0 0 0 0 0 0 0
 2020 7 7 3 2 1 36 36 4 0 0 0 0.75 0.25 0 0 0 0 0 0 0 0 0 0 0 0 0 0 0 0
 2020 7 7 3 2 1 38 38 4 0 0 0 0.25 0 0.5 0.25 0 0 0 0 0 0 0 0 0 0 0 0 0 0
 2020 7 7 3 2 1 40 40 6 0 0 0.167 0.167 0.667 0 0 0 0 0 0 0 0 0 0 0 0 0 0 0 0
 2020 7 7 3 2 1 42 42 13 0 0 0 0.077 0.692 0.077 0.154 0 0 0 0 0 0 0 0 0 0 0 0 0 0
 2020 7 7 3 2 1 44 44 16 0 0 0 0.062 0.375 0.375 0.187 0 0 0 0 0 0 0 0 0 0 0 0 0 0
 2020 7 7 3 2 1 46 46 18 0 0 0.05 0.05 0.35 0.3 0.25 0 0 0 0 0 0 0 0 0 0 0 0 0 0
 2020 7 7 3 2 1 48 48 18 0 0 0 0.105 0.211 0.316 0.368 0 0 0 0 0 0 0 0 0 0 0 0 0 0
 2020 7 7 3 2 1 50 50 14 0 0 0 0 0.214 0.286 0.5 0 0 0 0 0 0 0 0 0 0 0 0 0 0
 2020 7 7 3 2 1 52 52 22 0 0 0 0.038 0.115 0.269 0.538 0.038 0 0 0 0 0 0 0 0 0 0 0 0 0
 2020 7 7 3 2 1 54 54 19 0 0 0 0.048 0.143 0.19 0.619 0 0 0 0 0 0 0 0 0 0 0 0 0 0
 2020 7 7 3 2 1 56 56 19 0 0 0 0 0.125 0.292 0.458 0.042 0.083 0 0 0 0 0 0 0 0 0 0 0 0
 2020 7 7 3 2 1 58 58 17 0 0 0 0 0.143 0.095 0.714 0.048 0 0 0 0 0 0 0 0 0 0 0 0 0
 2020 7 7 3 2 1 60 60 24 0 0 0 0 0.034 0.172 0.655 0.069 0.034 0.034 0 0 0 0 0 0 0 0 0 0 0
 2020 7 7 3 2 1 62 62 22 0 0 0 0 0 0.182 0.636 0.182 0 0 0 0 0 0 0 0 0 0 0 0 0
 2020 7 7 3 2 1 64 64 15 0 0 0 0 0 0.25 0.625 0.062 0 0 0 0.062 0 0 0 0 0 0 0 0 0
 2020 7 7 3 2 1 66 66 9 0 0 0 0 0 0.111 0.556 0.111 0.111 0.111 0 0 0 0 0 0 0 0 0 0 0
 2020 7 7 3 2 1 68 68 10 0 0 0 0 0.091 0 0.364 0.091 0 0.091 0.182 0 0 0 0.091 0.091 0 0 0 0 0
 2020 7 7 3 2 1 70 70 4 0 0 0 0 0 0 0.25 0 0.25 0 0.25 0 0.25 0 0 0 0 0 0 0 0
 2020 7 7 3 2 1 72 72 4 0 0 0 0 0 0 0 0.25 0.25 0.25 0.25 0 0 0 0 0 0 0 0 0 0
 2020 7 7 3 2 1 76 76 3 0 0 0 0 0 0 0.333 0 0 0 0 0.667 0 0 0 0 0 0 0 0 0
 2020 7 7 3 2 1 78 78 3 0 0 0 0 0 0 0 0 0 0 0 0 0.333 0.333 0.333 0 0 0 0 0 0
 2021 7 7 3 2 1 36 36 3 0 0 0.333 0.667 0 0 0 0 0 0 0 0 0 0 0 0 0 0 0 0 0
 2021 7 7 3 2 1 38 38 5 0 0 0 0.2 0.6 0 0.2 0 0 0 0 0 0 0 0 0 0 0 0 0 0
 2021 7 7 3 2 1 40 40 5 0 0 0 0.6 0.2 0 0.2 0 0 0 0 0 0 0 0 0 0 0 0 0 0
 2021 7 7 3 2 1 42 42 9 0 0 0 0.333 0.333 0 0.111 0.111 0.111 0 0 0 0 0 0 0 0 0 0 0 0
 2021 7 7 3 2 1 44 44 8 0 0 0 0.25 0.5 0.125 0.125 0 0 0 0 0 0 0 0 0 0 0 0 0 0
 2021 7 7 3 2 1 46 46 11 0 0 0 0 0.273 0.455 0.182 0.091 0 0 0 0 0 0 0 0 0 0 0 0 0
 2021 7 7 3 2 1 48 48 13 0 0 0 0 0.8 0.067 0.133 0 0 0 0 0 0 0 0 0 0 0 0 0 0
 2021 7 7 3 2 1 50 50 25 0 0 0 0.04 0.4 0.32 0.12 0.12 0 0 0 0 0 0 0 0 0 0 0 0 0
 2021 7 7 3 2 1 52 52 31 0 0 0 0 0.406 0.313 0.187 0.094 0 0 0 0 0 0 0 0 0 0 0 0 0
 2021 7 7 3 2 1 54 54 26 0 0 0 0 0.308 0.269 0.269 0.115 0.038 0 0 0 0 0 0 0 0 0 0 0 0
 2021 7 7 3 2 1 56 56 23 0 0 0 0 0.208 0.25 0.208 0.333 0 0 0 0 0 0 0 0 0 0 0 0 0
 2021 7 7 3 2 1 58 58 31 0 0 0 0.032 0.097 0.355 0.323 0.129 0.065 0 0 0 0 0 0 0 0 0 0 0 0
 2021 7 7 3 2 1 60 60 34 0 0 0 0.029 0.118 0.412 0.206 0.235 0 0 0 0 0 0 0 0 0 0 0 0 0
 2021 7 7 3 2 1 62 62 21 0 0 0 0 0.095 0.381 0.095 0.381 0.048 0 0 0 0 0 0 0 0 0 0 0 0
 2021 7 7 3 2 1 64 64 41 0 0 0 0 0.023 0.227 0.364 0.364 0.023 0 0 0 0 0 0 0 0 0 0 0 0
 2021 7 7 3 2 1 66 66 29 0 0 0 0 0 0.032 0.29 0.613 0.065 0 0 0 0 0 0 0 0 0 0 0 0
 2021 7 7 3 2 1 68 68 27 0 0 0 0 0.037 0.037 0.148 0.63 0.111 0 0 0 0 0 0 0 0.037 0 0 0 0
 2021 7 7 3 2 1 70 70 23 0 0 0 0 0 0.083 0.125 0.583 0.125 0 0.083 0 0 0 0 0 0 0 0 0 0
 2021 7 7 3 2 1 72 72 19 0 0 0 0 0 0 0 0.737 0 0.053 0.105 0 0.105 0 0 0 0 0 0 0 0
 2021 7 7 3 2 1 74 74 8 0 0 0 0 0 0 0.111 0.444 0.111 0 0 0 0.222 0 0.111 0 0 0 0 0 0
 2021 7 7 3 2 1 76 76 4 0 0 0 0 0 0 0 0 0 0.2 0.4 0 0 0 0.2 0.2 0 0 0 0 0
 2021 7 7 3 2 1 78 78 2 0 0 0 0 0 0 0 0.333 0 0 0 0 0.333 0 0 0 0 0.333 0 0 0
 2022 7 7 3 2 1 32 32 2 0 0.5 0.5 0 0 0 0 0 0 0 0 0 0 0 0 0 0 0 0 0 0
 2022 7 7 3 2 1 34 34 5 0 0 0.6 0.4 0 0 0 0 0 0 0 0 0 0 0 0 0 0 0 0 0
 2022 7 7 3 2 1 36 36 7 0 0 0.286 0.571 0.143 0 0 0 0 0 0 0 0 0 0 0 0 0 0 0 0
 2022 7 7 3 2 1 38 38 18 0 0 0 0.778 0.111 0 0.056 0 0.056 0 0 0 0 0 0 0 0 0 0 0 0
 2022 7 7 3 2 1 40 40 34 0 0 0.029 0.735 0.176 0.029 0 0 0.029 0 0 0 0 0 0 0 0 0 0 0 0
 2022 7 7 3 2 1 42 42 50 0 0 0.04 0.66 0.16 0.06 0.02 0.02 0.04 0 0 0 0 0 0 0 0 0 0 0 0
 2022 7 7 3 2 1 44 44 50 0 0 0.02 0.52 0.24 0.08 0.02 0.06 0.06 0 0 0 0 0 0 0 0 0 0 0 0
 2022 7 7 3 2 1 46 46 54 0 0 0 0.222 0.315 0.222 0.093 0.056 0.093 0 0 0 0 0 0 0 0 0 0 0 0
 2022 7 7 3 2 1 48 48 73 0 0 0 0.123 0.247 0.205 0.178 0.068 0.178 0 0 0 0 0 0 0 0 0 0 0 0
 2022 7 7 3 2 1 50 50 76 0 0 0.013 0.13 0.247 0.338 0.117 0.065 0.091 0 0 0 0 0 0 0 0 0 0 0 0
 2022 7 7 3 2 1 52 52 75 0 0 0 0.026 0.256 0.308 0.154 0.103 0.154 0 0 0 0 0 0 0 0 0 0 0 0
 2022 7 7 3 2 1 54 54 91 0 0 0 0.01 0.115 0.365 0.187 0.135 0.177 0.01 0 0 0 0 0 0 0 0 0 0 0
 2022 7 7 3 2 1 56 56 122 0 0 0 0 0.081 0.374 0.22 0.138 0.179 0.008 0 0 0 0 0 0 0 0 0 0 0
 2022 7 7 3 2 1 58 58 110 0 0 0 0 0.071 0.348 0.223 0.143 0.196 0.018 0 0 0 0 0 0 0 0 0 0 0
 2022 7 7 3 2 1 60 60 129 0 0 0 0 0.046 0.277 0.215 0.185 0.277 0 0 0 0 0 0 0 0 0 0 0 0
 2022 7 7 3 2 1 62 62 104 0 0 0 0.01 0.029 0.171 0.257 0.162 0.371 0 0 0 0 0 0 0 0 0 0 0 0
 2022 7 7 3 2 1 64 64 118 0 0 0 0 0.017 0.225 0.25 0.175 0.3 0.033 0 0 0 0 0 0 0 0 0 0 0
 2022 7 7 3 2 1 66 66 120 0 0 0 0 0 0.098 0.244 0.244 0.333 0.041 0.008 0.016 0.008 0 0 0 0 0.008 0 0 0
 2022 7 7 3 2 1 68 68 119 0 0 0 0 0 0.058 0.15 0.225 0.483 0.05 0 0.008 0.017 0.008 0 0 0 0 0 0 0
 2022 7 7 3 2 1 70 70 107 0 0 0 0 0.009 0.037 0.138 0.147 0.606 0.028 0.028 0 0 0 0 0.009 0 0 0 0 0
 2022 7 7 3 2 1 72 72 72 0 0 0 0 0 0 0.069 0.167 0.694 0.028 0.014 0 0.014 0 0.014 0 0 0 0 0 0
 2022 7 7 3 2 1 74 74 57 0 0 0 0 0 0 0.017 0.153 0.695 0.034 0 0.017 0.017 0.034 0.017 0 0.017 0 0 0 0
 2022 7 7 3 2 1 76 76 21 0 0 0 0 0 0 0 0.143 0.571 0.048 0.048 0.048 0 0.048 0 0.095 0 0 0 0 0
 2022 7 7 3 2 1 78 78 11 0 0 0 0 0 0 0 0.182 0.273 0.091 0.091 0 0.091 0.091 0.182 0 0 0 0 0 0
 2022 7 7 3 2 1 80 80 6 0 0 0 0 0 0 0 0 0 0 0 0 0.167 0.167 0.167 0.333 0 0 0.167 0 0
 2022 7 7 3 2 1 82 82 3 0 0 0 0 0 0 0 0 0.333 0 0 0 0 0 0 0 0 0.333 0.333 0 0
 -2022 7 7 3 2 1 84 84 1 0 0 0 0 0 0 0 0 0 0 0 0 0 0 0 0 1 0 0 0 0
 2023 7 7 3 2 1 34 34 4 0 0 0.75 0.25 0 0 0 0 0 0 0 0 0 0 0 0 0 0 0 0 0
 2023 7 7 3 2 1 36 36 2 0 0 0 0.5 0.5 0 0 0 0 0 0 0 0 0 0 0 0 0 0 0 0
 2023 7 7 3 2 1 38 38 11 0 0 0.273 0.545 0.091 0 0 0.091 0 0 0 0 0 0 0 0 0 0 0 0 0
 2023 7 7 3 2 1 40 40 29 0 0 0.067 0.4 0.467 0 0.067 0 0 0 0 0 0 0 0 0 0 0 0 0 0
 2023 7 7 3 2 1 42 42 29 0 0 0.033 0.6 0.267 0 0.033 0.033 0.033 0 0 0 0 0 0 0 0 0 0 0 0
 2023 7 7 3 2 1 44 44 31 0 0 0 0.161 0.677 0.065 0.032 0.065 0 0 0 0 0 0 0 0 0 0 0 0 0
 2023 7 7 3 2 1 46 46 39 0 0 0 0.195 0.659 0.098 0.024 0 0.024 0 0 0 0 0 0 0 0 0 0 0 0
 2023 7 7 3 2 1 48 48 32 0 0 0 0.152 0.606 0.152 0.03 0.03 0.03 0 0 0 0 0 0 0 0 0 0 0 0
 2023 7 7 3 2 1 50 50 45 0 0 0 0.109 0.413 0.174 0.196 0.087 0 0.022 0 0 0 0 0 0 0 0 0 0 0
 2023 7 7 3 2 1 52 52 43 0 0 0 0 0.558 0.233 0.093 0.07 0.023 0.023 0 0 0 0 0 0 0 0 0 0 0
 2023 7 7 3 2 1 54 54 40 0 0 0 0.045 0.295 0.318 0.227 0.045 0.045 0 0.023 0 0 0 0 0 0 0 0 0 0
 2023 7 7 3 2 1 56 56 33 0 0 0 0.029 0.143 0.229 0.2 0.2 0.057 0.143 0 0 0 0 0 0 0 0 0 0 0
 2023 7 7 3 2 1 58 58 37 0 0 0 0 0.128 0.256 0.256 0.205 0.077 0.077 0 0 0 0 0 0 0 0 0 0 0
 2023 7 7 3 2 1 60 60 44 0 0 0 0 0.022 0.239 0.283 0.239 0.152 0.065 0 0 0 0 0 0 0 0 0 0 0
 2023 7 7 3 2 1 62 62 48 0 0 0 0 0 0.163 0.265 0.143 0.143 0.245 0.041 0 0 0 0 0 0 0 0 0 0
 2023 7 7 3 2 1 64 64 47 0 0 0 0 0 0.1 0.38 0.18 0.16 0.16 0 0.02 0 0 0 0 0 0 0 0 0
 2023 7 7 3 2 1 66 66 62 0 0 0 0 0 0.031 0.108 0.2 0.354 0.292 0 0.015 0 0 0 0 0 0 0 0 0
 2023 7 7 3 2 1 68 68 57 0 0 0 0 0 0 0.18 0.18 0.295 0.295 0.033 0 0 0 0 0.016 0 0 0 0 0
 2023 7 7 3 2 1 70 70 53 0 0 0 0 0 0.017 0.153 0.169 0.271 0.339 0.017 0.017 0 0.017 0 0 0 0 0 0 0
 2023 7 7 3 2 1 72 72 39 0 0 0 0 0 0.025 0.075 0.175 0.275 0.325 0 0.025 0.05 0 0.05 0 0 0 0 0 0
 2023 7 7 3 2 1 74 74 30 0 0 0 0 0 0 0 0.206 0.294 0.265 0.088 0.029 0.029 0.029 0.029 0.029 0 0 0 0 0
 2023 7 7 3 2 1 76 76 11 0 0 0 0 0 0 0 0.091 0.455 0.273 0 0 0 0 0 0.091 0 0 0.091 0 0
 2023 7 7 3 2 1 78 78 10 0 0 0 0 0 0 0 0.2 0.1 0.3 0 0.1 0.1 0 0 0.1 0 0 0 0.1 0
 2023 7 7 3 2 1 80 80 4 0 0 0 0 0 0 0 0 0 0 0 0 0.25 0 0 0 0 0.25 0 0 0.5
 -2023 7 7 3 2 1 82 82 1 0 0 0 0 0 0 0 0 0 0 0 0 0 0 0 0 1 0 0 0 0
 2023 7 7 3 2 1 84 84 2 0 0 0 0 0 0 0 0 0.5 0.5 0 0 0 0 0 0 0 0 0 0 0
 2017 7 8 3 2 1 38 38 3 0 0 0 1 0 0 0 0 0 0 0 0 0 0 0 0 0 0 0 0 0
 2017 7 8 3 2 1 40 40 2 0 0 0 1 0 0 0 0 0 0 0 0 0 0 0 0 0 0 0 0 0
 2017 7 8 3 2 1 44 44 2 0 0 0 1 0 0 0 0 0 0 0 0 0 0 0 0 0 0 0 0 0
 2017 7 8 3 2 1 46 46 2 0 0 0 1 0 0 0 0 0 0 0 0 0 0 0 0 0 0 0 0 0
 -2017 7 8 3 2 1 48 48 1 0 0 1 0 0 0 0 0 0 0 0 0 0 0 0 0 0 0 0 0 0
 2017 7 8 3 2 1 54 54 2 0 0 0 0.5 0 0 0.5 0 0 0 0 0 0 0 0 0 0 0 0 0 0
 -2017 7 8 3 2 1 56 56 1 0 0 0 1 0 0 0 0 0 0 0 0 0 0 0 0 0 0 0 0 0
 2017 7 8 3 2 1 60 60 2 0 0 0 0 0 0.5 0 0.5 0 0 0 0 0 0 0 0 0 0 0 0 0
 -2017 7 8 3 2 1 64 64 1 0 0 0 0 0 0 0.5 0 0 0 0 0 0 0 0 0.5 0 0 0 0 0
 2017 7 8 3 2 1 66 66 3 0 0 0 0 0 0 0 0 0 0.167 0.167 0.5 0 0 0 0.167 0 0 0 0 0
 2017 7 8 3 2 1 68 68 3 0 0 0 0 0 0 0 0 0 0.167 0.167 0.167 0.333 0 0 0.167 0 0 0 0 0
 2017 7 8 3 2 1 70 70 3 0 0 0 0 0 0 0 0 0 0.333 0.667 0 0 0 0 0 0 0 0 0 0
 -2017 7 8 3 2 1 72 72 1 0 0 0 0 0 0 0 0 0 0 0 0 0 0 1 0 0 0 0 0 0
 2017 7 8 3 2 1 74 74 2 0 0 0 0 0 0 0 0 0 0 0 0.5 0 0.5 0 0 0 0 0 0 0
 -2017 7 8 3 2 1 76 76 1 0 0 0 0 0 0 0 0 0 0 0 0 1 0 0 0 0 0 0 0 0
 -2018 7 8 3 2 1 32 32 1 0 0 0 0 1 0 0 0 0 0 0 0 0 0 0 0 0 0 0 0 0
 2018 7 8 3 2 1 40 40 2 0 0 0 0 1 0 0 0 0 0 0 0 0 0 0 0 0 0 0 0 0
 2018 7 8 3 2 1 42 42 5 0 0 0 0 1 0 0 0 0 0 0 0 0 0 0 0 0 0 0 0 0
 2018 7 8 3 2 1 44 44 10 0 0 0 0 1 0 0 0 0 0 0 0 0 0 0 0 0 0 0 0 0
 2018 7 8 3 2 1 46 46 12 0 0 0 0.083 0.833 0.083 0 0 0 0 0 0 0 0 0 0 0 0 0 0 0
 2018 7 8 3 2 1 48 48 14 0 0 0 0.071 0.929 0 0 0 0 0 0 0 0 0 0 0 0 0 0 0 0
 2018 7 8 3 2 1 50 50 4 0 0 0 0.25 0.75 0 0 0 0 0 0 0 0 0 0 0 0 0 0 0 0
 2018 7 8 3 2 1 52 52 2 0 0 0 0 0.333 0.667 0 0 0 0 0 0 0 0 0 0 0 0 0 0 0
 2018 7 8 3 2 1 54 54 3 0 0 0 0 1 0 0 0 0 0 0 0 0 0 0 0 0 0 0 0 0
 2018 7 8 3 2 1 56 56 5 0 0 0 0 0.8 0 0 0.2 0 0 0 0 0 0 0 0 0 0 0 0 0
 -2018 7 8 3 2 1 58 58 1 0 0 0 0 1 0 0 0 0 0 0 0 0 0 0 0 0 0 0 0 0
 2018 7 8 3 2 1 60 60 2 0 0 0 0 0 0 0.5 0 0 0 0.5 0 0 0 0 0 0 0 0 0 0
 2018 7 8 3 2 1 62 62 5 0 0 0 0 0.143 0 0.143 0 0 0.286 0 0.143 0.143 0 0.143 0 0 0 0 0 0
 2018 7 8 3 2 1 64 64 4 0 0 0 0 0 0 0.167 0 0.167 0.167 0 0.167 0.167 0.167 0 0 0 0 0 0 0
 2018 7 8 3 2 1 66 66 3 0 0 0 0 0 0 0.167 0 0 0 0.167 0.333 0.333 0 0 0 0 0 0 0 0
 2018 7 8 3 2 1 68 68 4 0 0 0 0 0 0 0 0 0 0.143 0.143 0 0.429 0.143 0 0 0.143 0 0 0 0
 2018 7 8 3 2 1 70 70 4 0 0 0 0 0 0 0 0 0 0 0.1 0.4 0.2 0 0 0.1 0.1 0 0 0.1 0
 2018 7 8 3 2 1 72 72 2 0 0 0 0 0 0 0 0 0 0 0 0.333 0.667 0 0 0 0 0 0 0 0
 2018 7 8 3 2 1 74 74 3 0 0 0 0 0 0 0 0 0 0 0.333 0 0 0 0.333 0.333 0 0 0 0 0
 2018 7 8 3 2 1 76 76 4 0 0 0 0 0 0 0 0 0 0 0 0 0.5 0.25 0.25 0 0 0 0 0 0
 2018 7 8 3 2 1 78 78 4 0 0 0 0 0 0 0 0 0 0 0 0.25 0.25 0.25 0.25 0 0 0 0 0 0
 2018 7 8 3 2 1 80 80 2 0 0 0 0 0 0 0 0 0 0 0 0 0 0 0.5 0.5 0 0 0 0 0
 -2018 7 8 3 2 1 82 82 1 0 0 0 0 0 0 0 0 0 0 0 0 0 1 0 0 0 0 0 0 0
 -2018 7 8 3 2 1 84 84 1 0 0 0 0 0 0 0 0 0 0 0 0 0 0 1 0 0 0 0 0 0
 -2019 7 8 3 2 1 36 36 1 0 0 0 0 1 0 0 0 0 0 0 0 0 0 0 0 0 0 0 0 0
 -2019 7 8 3 2 1 42 42 1 0 0 0 0 0 1 0 0 0 0 0 0 0 0 0 0 0 0 0 0 0
 2019 7 8 3 2 1 44 44 3 0 0 0 0 0.333 0.667 0 0 0 0 0 0 0 0 0 0 0 0 0 0 0
 2019 7 8 3 2 1 46 46 2 0 0 0 0 0.5 0.5 0 0 0 0 0 0 0 0 0 0 0 0 0 0 0
 2019 7 8 3 2 1 48 48 4 0 0 0 0 0.5 0.5 0 0 0 0 0 0 0 0 0 0 0 0 0 0 0
 2019 7 8 3 2 1 50 50 2 0 0 0 0 0 1 0 0 0 0 0 0 0 0 0 0 0 0 0 0 0
 2019 7 8 3 2 1 52 52 4 0 0 0 0 0 0.75 0 0 0 0 0 0.25 0 0 0 0 0 0 0 0 0
 2019 7 8 3 2 1 54 54 5 0 0 0 0 0.2 0.8 0 0 0 0 0 0 0 0 0 0 0 0 0 0 0
 2019 7 8 3 2 1 56 56 3 0 0 0 0 0 1 0 0 0 0 0 0 0 0 0 0 0 0 0 0 0
 2019 7 8 3 2 1 58 58 3 0 0 0 0 0 0.667 0 0 0.333 0 0 0 0 0 0 0 0 0 0 0 0
 2019 7 8 3 2 1 60 60 3 0 0 0 0 0 0.25 0 0 0 0 0.25 0 0.25 0 0.25 0 0 0 0 0 0
 2019 7 8 3 2 1 62 62 3 0 0 0 0 0 0.2 0 0.2 0.2 0.2 0 0 0.2 0 0 0 0 0 0 0 0
 2019 7 8 3 2 1 64 64 3 0 0 0 0 0 0 0 0 0 0.333 0 0.167 0.333 0.167 0 0 0 0 0 0 0
 2019 7 8 3 2 1 66 66 3 0 0 0 0 0 0 0 0 0 0 0.4 0 0.4 0.2 0 0 0 0 0 0 0
 2019 7 8 3 2 1 70 70 2 0 0 0 0 0 0.333 0 0 0 0 0 0.333 0.333 0 0 0 0 0 0 0 0
 2019 7 8 3 2 1 74 74 2 0 0 0 0 0 0 0 0 0 0 0 0 0.5 0 0 0.5 0 0 0 0 0
 -2020 7 8 3 2 1 40 40 1 0 0 0 0 0 1 0 0 0 0 0 0 0 0 0 0 0 0 0 0 0
 -2020 7 8 3 2 1 46 46 1 0 0 0 0 0 0 1 0 0 0 0 0 0 0 0 0 0 0 0 0 0
 2020 7 8 3 2 1 50 50 3 0 0 0 0.333 0 0 0.667 0 0 0 0 0 0 0 0 0 0 0 0 0 0
 -2020 7 8 3 2 1 52 52 1 0 0 0 0 0 1 0 0 0 0 0 0 0 0 0 0 0 0 0 0 0
 2020 7 8 3 2 1 54 54 2 0 0 0 0 0 0 1 0 0 0 0 0 0 0 0 0 0 0 0 0 0
 2020 7 8 3 2 1 56 56 2 0 0 0 0 0 0.25 0 0.25 0.25 0 0 0 0 0 0.25 0 0 0 0 0 0
 2020 7 8 3 2 1 58 58 7 0 0 0 0 0 0 0.5 0.375 0.125 0 0 0 0 0 0 0 0 0 0 0 0
 2020 7 8 3 2 1 60 60 6 0 0 0 0 0 0.333 0.5 0 0 0.167 0 0 0 0 0 0 0 0 0 0 0
 2020 7 8 3 2 1 62 62 3 0 0 0 0 0 0.333 0.333 0 0 0 0 0 0.333 0 0 0 0 0 0 0 0
 2020 7 8 3 2 1 64 64 3 0 0 0 0 0 0 0.333 0 0 0 0 0 0.333 0 0.333 0 0 0 0 0 0
 2020 7 8 3 2 1 66 66 4 0 0 0 0 0 0.25 0.5 0 0 0 0 0 0 0 0.25 0 0 0 0 0 0
 2020 7 8 3 2 1 68 68 3 0 0 0 0 0 0 0 0 0.333 0 0.333 0 0 0 0 0 0.333 0 0 0 0
 -2020 7 8 3 2 1 70 70 1 0 0 0 0 0 0 0 0 0 0 0 0 1 0 0 0 0 0 0 0 0
 2020 7 8 3 2 1 72 72 2 0 0 0 0 0 0 0 0 0 0 0 0 0 0.5 0 0 0.5 0 0 0 0
 2020 7 8 3 2 1 74 74 2 0 0 0 0 0 0 0.333 0.333 0 0 0 0 0 0.333 0 0 0 0 0 0 0
 -2020 7 8 3 2 1 76 76 1 0 0 0 0 0 0 0 0 0 0 0 0 0 0.333 0.333 0 0 0.333 0 0 0
 -2020 7 8 3 2 1 78 78 1 0 0 0 0 0 0 0 0 0 0 0 0 0 0 0 0 1 0 0 0 0
 -2020 7 8 3 2 1 80 80 1 0 0 0 0 0 0 0 0 0 0 0 0 0 0 0 0 0 0 0 0 1
 -2020 7 8 3 2 1 82 82 1 0 0 0 0 0 0 0 0 0 0 0 0 0 0 0 1 0 0 0 0 0
 2021 7 8 3 2 1 36 36 2 0 0 1 0 0 0 0 0 0 0 0 0 0 0 0 0 0 0 0 0 0
 2021 7 8 3 2 1 38 38 2 0 0 0 0.5 0 0.5 0 0 0 0 0 0 0 0 0 0 0 0 0 0 0
 2021 7 8 3 2 1 40 40 4 0 0 0.25 0 0.5 0 0.25 0 0 0 0 0 0 0 0 0 0 0 0 0 0
 2021 7 8 3 2 1 44 44 3 0 0 0 0 0.333 0.333 0.333 0 0 0 0 0 0 0 0 0 0 0 0 0 0
 2021 7 8 3 2 1 46 46 4 0 0 0 0 0.5 0.25 0 0.25 0 0 0 0 0 0 0 0 0 0 0 0 0
 2021 7 8 3 2 1 48 48 3 0 0 0 0 0.333 0.333 0.333 0 0 0 0 0 0 0 0 0 0 0 0 0 0
 2021 7 8 3 2 1 50 50 8 0 0 0 0 0.125 0.25 0 0.625 0 0 0 0 0 0 0 0 0 0 0 0 0
 2021 7 8 3 2 1 52 52 5 0 0 0 0 0 0.2 0.4 0.4 0 0 0 0 0 0 0 0 0 0 0 0 0
 2021 7 8 3 2 1 54 54 7 0 0 0 0 0.143 0.286 0.143 0.429 0 0 0 0 0 0 0 0 0 0 0 0 0
 2021 7 8 3 2 1 56 56 2 0 0 0 0 0 0.5 0 0.5 0 0 0 0 0 0 0 0 0 0 0 0 0
 2021 7 8 3 2 1 58 58 8 0 0 0 0 0.125 0.375 0.125 0.375 0 0 0 0 0 0 0 0 0 0 0 0 0
 2021 7 8 3 2 1 60 60 7 0 0 0 0 0 0.143 0.143 0.714 0 0 0 0 0 0 0 0 0 0 0 0 0
 2021 7 8 3 2 1 62 62 2 0 0 0 0 0 0 0.5 0.5 0 0 0 0 0 0 0 0 0 0 0 0 0
 2021 7 8 3 2 1 64 64 6 0 0 0 0 0 0.167 0.333 0.5 0 0 0 0 0 0 0 0 0 0 0 0 0
 2021 7 8 3 2 1 66 66 8 0 0 0 0 0 0.25 0.125 0.625 0 0 0 0 0 0 0 0 0 0 0 0 0
 2021 7 8 3 2 1 68 68 6 0 0 0 0 0 0 0.167 0.833 0 0 0 0 0 0 0 0 0 0 0 0 0
 2021 7 8 3 2 1 70 70 4 0 0 0 0 0 0 0 1 0 0 0 0 0 0 0 0 0 0 0 0 0
 2021 7 8 3 2 1 72 72 2 0 0 0 0 0 0 0.5 0.5 0 0 0 0 0 0 0 0 0 0 0 0 0
 -2021 7 8 3 2 1 74 74 1 0 0 0 0 0 0 1 0 0 0 0 0 0 0 0 0 0 0 0 0 0
 2021 7 8 3 2 1 78 78 2 0 0 0 0 0 0 0 0 0.5 0.5 0 0 0 0 0 0 0 0 0 0 0
 2022 7 8 3 2 1 38 38 2 0 0 0 1 0 0 0 0 0 0 0 0 0 0 0 0 0 0 0 0 0
 2022 7 8 3 2 1 40 40 3 0 0 0 0.667 0 0 0.333 0 0 0 0 0 0 0 0 0 0 0 0 0 0
 2022 7 8 3 2 1 42 42 6 0 0 0 0.5 0.167 0.167 0 0 0.167 0 0 0 0 0 0 0 0 0 0 0 0
 2022 7 8 3 2 1 44 44 5 0 0 0 0.2 0.4 0.2 0 0 0.2 0 0 0 0 0 0 0 0 0 0 0 0
 2022 7 8 3 2 1 46 46 2 0 0 0 0 0.5 0 0 0 0.5 0 0 0 0 0 0 0 0 0 0 0 0
 2022 7 8 3 2 1 48 48 7 0 0 0 0.143 0.143 0.143 0.286 0.143 0.143 0 0 0 0 0 0 0 0 0 0 0 0
 2022 7 8 3 2 1 50 50 9 0 0 0 0 0.222 0.444 0.222 0 0.111 0 0 0 0 0 0 0 0 0 0 0 0
 2022 7 8 3 2 1 52 52 5 0 0 0 0 0 0 0.4 0 0.6 0 0 0 0 0 0 0 0 0 0 0 0
 2022 7 8 3 2 1 54 54 6 0 0 0 0 0 0.167 0.333 0.167 0.333 0 0 0 0 0 0 0 0 0 0 0 0
 2022 7 8 3 2 1 56 56 6 0 0 0 0 0 0.167 0 0.167 0.667 0 0 0 0 0 0 0 0 0 0 0 0
 2022 7 8 3 2 1 58 58 8 0 0 0 0 0 0 0.125 0.25 0.625 0 0 0 0 0 0 0 0 0 0 0 0
 2022 7 8 3 2 1 60 60 13 0 0 0 0 0 0.077 0.231 0.077 0.615 0 0 0 0 0 0 0 0 0 0 0 0
 2022 7 8 3 2 1 62 62 7 0 0 0 0 0 0 0 0.143 0.857 0 0 0 0 0 0 0 0 0 0 0 0
 2022 7 8 3 2 1 64 64 14 0 0 0 0 0 0 0.214 0.214 0.571 0 0 0 0 0 0 0 0 0 0 0 0
 2022 7 8 3 2 1 66 66 12 0 0 0 0 0 0.083 0.083 0.167 0.667 0 0 0 0 0 0 0 0 0 0 0 0
 2022 7 8 3 2 1 68 68 7 0 0 0 0 0 0 0 0.429 0.286 0 0 0 0.143 0 0 0.143 0 0 0 0 0
 2022 7 8 3 2 1 70 70 8 0 0 0 0 0 0 0.125 0 0.75 0 0 0 0 0 0 0.125 0 0 0 0 0
 2022 7 8 3 2 1 72 72 12 0 0 0 0 0 0 0.071 0.071 0.5 0.071 0.071 0 0 0.071 0 0.143 0 0 0 0 0
 2022 7 8 3 2 1 74 74 3 0 0 0 0 0 0 0 0 0.667 0 0 0 0 0 0.333 0 0 0 0 0 0
 2022 7 8 3 2 1 76 76 5 0 0 0 0 0 0 0 0 0.333 0 0 0.167 0.167 0 0 0.167 0 0.167 0 0 0
 -2022 7 8 3 2 1 78 78 1 0 0 0 0 0 0 0 0 0 0 0 0 1 0 0 0 0 0 0 0 0
 2022 7 8 3 2 1 80 80 2 0 0 0 0 0 0 0 0 0 0 0 0.5 0 0 0 0 0 0 0 0.5 0
 2023 7 8 3 2 1 36 36 3 0 0.333 0.667 0 0 0 0 0 0 0 0 0 0 0 0 0 0 0 0 0 0
 2023 7 8 3 2 1 40 40 3 0 0 0 1 0 0 0 0 0 0 0 0 0 0 0 0 0 0 0 0 0
 2023 7 8 3 2 1 42 42 4 0 0 0.25 0.5 0 0.25 0 0 0 0 0 0 0 0 0 0 0 0 0 0 0
 2023 7 8 3 2 1 44 44 9 0 0 0 0.889 0.111 0 0 0 0 0 0 0 0 0 0 0 0 0 0 0 0
 2023 7 8 3 2 1 46 46 5 0 0 0 0.4 0.4 0.2 0 0 0 0 0 0 0 0 0 0 0 0 0 0 0
 2023 7 8 3 2 1 48 48 9 0 0 0 0.444 0.556 0 0 0 0 0 0 0 0 0 0 0 0 0 0 0 0
 2023 7 8 3 2 1 50 50 6 0 0 0 0.167 0.5 0.167 0.167 0 0 0 0 0 0 0 0 0 0 0 0 0 0
 2023 7 8 3 2 1 52 52 8 0 0 0 0 0.25 0.5 0 0.125 0.125 0 0 0 0 0 0 0 0 0 0 0 0
 2023 7 8 3 2 1 54 54 3 0 0 0 0 0 0 0.667 0 0 0.333 0 0 0 0 0 0 0 0 0 0 0
 2023 7 8 3 2 1 56 56 4 0 0 0 0 0 0.25 0.25 0.5 0 0 0 0 0 0 0 0 0 0 0 0 0
 2023 7 8 3 2 1 58 58 3 0 0 0 0 0 0 0 0 1 0 0 0 0 0 0 0 0 0 0 0 0
 2023 7 8 3 2 1 60 60 10 0 0 0 0 0.1 0 0.5 0.3 0.1 0 0 0 0 0 0 0 0 0 0 0 0
 2023 7 8 3 2 1 62 62 10 0 0 0 0 0 0.1 0.4 0.2 0.3 0 0 0 0 0 0 0 0 0 0 0 0
 2023 7 8 3 2 1 64 64 9 0 0 0 0 0 0.222 0.333 0 0.222 0.111 0.111 0 0 0 0 0 0 0 0 0 0
 2023 7 8 3 2 1 66 66 14 0 0 0 0 0 0 0.133 0.2 0.4 0.067 0.067 0 0.067 0 0.067 0 0 0 0 0 0
 2023 7 8 3 2 1 68 68 16 0 0 0 0 0 0.056 0.056 0.222 0 0.167 0.056 0.056 0 0.056 0.056 0.111 0.111 0 0.056 0 0
 2023 7 8 3 2 1 70 70 19 0 0 0 0 0 0 0.053 0.105 0.368 0.368 0.053 0.053 0 0 0 0 0 0 0 0 0
 2023 7 8 3 2 1 72 72 16 0 0 0 0 0 0 0 0.118 0.235 0.294 0.118 0 0.059 0.118 0.059 0 0 0 0 0 0
 2023 7 8 3 2 1 74 74 10 0 0 0 0 0 0 0 0.1 0.2 0.2 0.2 0 0 0 0 0 0.2 0 0.1 0 0
 2023 7 8 3 2 1 76 76 4 0 0 0 0 0 0 0 0 0.25 0.25 0 0 0 0.25 0 0 0.25 0 0 0 0
 2023 7 8 3 2 1 78 78 2 0 0 0 0 0 0 0 0 0 0 0 0 0 0 0 0.5 0 0 0.5 0 0
 -2023 7 8 3 2 1 82 82 1 0 0 0 0 0 0 0 0 0 0 0 0 0 0 0 0 1 0 0 0 0
 -2023 7 8 3 2 1 88 88 1 0 0 0 0 0 0 0 0 0 0 0 0 0 0 0 0 0 0 0 0 1
 2001 7 9 3 0 1 -1 -1 25 0 0 0 0.0119 0 0 0.0476 0.0833 0.131 0.0714 0.0595 0.0595 0.0952 0.0595 0.0595 0.0357 0.0833 0.0119 0.0119 0.0119 0.1666
 2002 7 9 3 0 1 -1 -1 35 0 0 0 0.0133 0 0.04 0.04 0.0533 0.0667 0.08 0.0667 0.12 0.04 0 0.0933 0.0133 0.04 0.0133 0.04 0.04 0.2398
 2003 7 9 3 0 1 -1 -1 20 0 0 0 0 0.0833 0.05 0.0667 0.1 0.05 0.0167 0.0667 0.1 0.0833 0.0667 0.0667 0.0667 0.0333 0 0.0167 0 0.1335
 2004 7 9 3 0 1 -1 -1 14 0 0 0 0 0.0204 0.1633 0.102 0.1633 0.1837 0.0612 0.0204 0 0.0408 0.0612 0.0204 0.0204 0.0408 0 0.0204 0.0204 0.0612
 2006 7 9 3 0 1 -1 -1 13 0 0 0 0 0 0 0 0.0645 0.0645 0.0968 0.0645 0 0.0323 0.0323 0 0.2258 0 0.0645 0.0645 0.0323 0.2582
 2007 7 9 3 0 1 -1 -1 13 0 0 0 0.0244 0 0 0.1707 0.122 0.1463 0.0244 0 0.0732 0.0244 0.0732 0.0732 0.0976 0 0 0.0244 0.0488 0.0976
 2009 7 9 3 0 1 -1 -1 22 0 0 0 0.0147 0.0147 0.1912 0.0882 0.0441 0.0588 0.0735 0.0735 0.0147 0.0588 0.0441 0.0294 0.0294 0.0441 0 0.0147 0.0294 0.1764
 2010 7 9 3 0 1 -1 -1 8 0 0 0 0 0.1212 0.2424 0.2727 0.0909 0.0303 0.0303 0.0303 0 0.0606 0 0 0 0.0606 0 0 0 0.0606
 2011 7 9 3 0 1 -1 -1 137 0 0 0.0018 0.0054 0.0341 0.1131 0.1831 0.2154 0.0808 0.0664 0.0359 0.0431 0.018 0.0251 0.0108 0.018 0.009 0.018 0.0144 0.0126 0.0953
 2012 7 9 3 0 1 -1 -1 19 0 0 0 0 0 0.0873 0.1429 0.2698 0.1349 0.0476 0.0556 0.0159 0.0317 0.0159 0.0079 0.0159 0.0317 0 0.0317 0.0159 0.0952
 2013 7 9 3 0 1 -1 -1 16 0 0 0 0 0 0.0116 0.0349 0.1279 0.1977 0.2558 0.0698 0.0465 0.0349 0.0349 0.0116 0.0233 0.0233 0 0.0116 0.0233 0.0931
 2014 7 9 3 0 1 -1 -1 12 0 0 0 0 0 0.0625 0.0625 0.0625 0.25 0.1458 0.1667 0.0417 0.0417 0 0.0208 0.0208 0 0.0208 0.0208 0 0.0833
 2015 7 9 3 0 1 -1 -1 26 0 0 0 0.009 0.009 0.0314 0.0717 0.1076 0.1883 0.1928 0.13 0.0717 0.0224 0.0045 0.0179 0.0179 0.009 0.0045 0.0179 0.0045 0.0898
 2016 7 9 3 0 1 -1 -1 27 0 0 0.0057 0 0 0.0115 0.023 0.1149 0.0402 0.1034 0.1897 0.1207 0.1207 0.0575 0.0402 0.0287 0.0287 0.0172 0.023 0 0.0744
 2017 7 9 3 0 1 -1 -1 39 0 0 0 0 0 0.015 0.0301 0.0639 0.094 0.0789 0.094 0.1729 0.1617 0.094 0.0489 0.0376 0.0188 0.0113 0 0.0075 0.0716
 2018 7 9 3 0 1 -1 -1 29 0 0 0 0.0054 0 0.0054 0.043 0.0806 0.0591 0.1129 0.1075 0.1237 0.1452 0.1129 0.1022 0.0215 0.0161 0.0054 0.0269 0.0054 0.027
 2019 7 9 3 0 1 -1 -1 24 0 0 0 0 0.0219 0.0109 0.0383 0.071 0.0874 0.082 0.0601 0.1202 0.1148 0.0874 0.1038 0.082 0.0328 0.0273 0.0109 0.0055 0.0438
 2021 7 9 3 0 1 -1 -1 22 0 0 0 0 0 0.0063 0.0443 0.0506 0.0633 0.0759 0.1266 0.0823 0.1076 0.0949 0.0506 0.1013 0.0696 0.057 0.0443 0.0063 0.019
 2022 7 9 3 0 1 -1 -1 23 0 0 0 0 0 0.0055 0.022 0.0549 0.044 0.0934 0.1044 0.0824 0.0934 0.0824 0.0934 0.0824 0.0659 0.0604 0.0385 0.0385 0.0385
 2023 7 9 3 0 1 -1 -1 32 0 0 0.004 0 0.004 0.004 0.0159 0.0238 0.0516 0.0556 0.0794 0.0873 0.0952 0.127 0.0714 0.0873 0.0913 0.0595 0.0635 0.0238 0.0556
 2001 7 10 3 0 1 -1 -1 2 0 0 0 0 0.5 0 0 0 0 0 0 0 0 0 0.5 0 0 0 0 0 0
 2002 7 10 3 0 1 -1 -1 2 0 0 0 0 0 0.5 0.5 0 0 0 0 0 0 0 0 0 0 0 0 0 0
 2003 7 10 3 0 1 -1 -1 3 0 0 0 0 0.6 0 0 0 0.2 0 0 0.2 0 0 0 0 0 0 0 0 0
 -2004 7 10 3 0 1 -1 -1 1 0 0 0 0 0 0 0.5 0 0 0.5 0 0 0 0 0 0 0 0 0 0 0
 -2005 7 10 3 0 1 -1 -1 1 0 0 0 0 0 0 1 0 0 0 0 0 0 0 0 0 0 0 0 0 0
 -2006 7 10 3 0 1 -1 -1 1 0 0 0 0 0 0 0 0 0 0 0 0 0 0 0 0 0 0 0 0 1
 2009 7 10 3 0 1 -1 -1 2 0 0 0 0 0 0 1 0 0 0 0 0 0 0 0 0 0 0 0 0 0
 2010 7 10 3 0 1 -1 -1 7 0 0 0 0 0.4545 0.3636 0 0 0 0.0909 0 0 0 0.0909 0 0 0 0 0 0 0
 2011 7 10 3 0 1 -1 -1 42 0 0 0 0.0073 0.1168 0.2117 0.292 0.219 0.0584 0.0292 0 0.0073 0.0073 0 0.0219 0 0 0.0073 0.0073 0 0.0146
 2012 7 10 3 0 1 -1 -1 3 0 0 0 0 0 0.0833 0.1667 0.4167 0.0833 0 0 0 0 0.0833 0 0.0833 0 0.0833 0 0 0
 2013 7 10 3 0 1 -1 -1 3 0 0 0 0 0 0 0.25 0.625 0.125 0 0 0 0 0 0 0 0 0 0 0 0
 2014 7 10 3 0 1 -1 -1 7 0 0 0 0 0 0 0.0909 0 0.1818 0.1818 0.1818 0 0 0.2727 0 0 0 0 0.0909 0 0
 2015 7 10 3 0 1 -1 -1 9 0 0 0 0 0.0476 0 0 0.2381 0.1905 0.1905 0.0952 0.1429 0 0.0476 0 0 0 0 0 0 0.0476
 2016 7 10 3 0 1 -1 -1 8 0 0 0 0 0.02 0.04 0.02 0.12 0.06 0.14 0.26 0.26 0.04 0 0.02 0 0 0 0 0 0.02
 2017 7 10 3 0 1 -1 -1 4 0 0 0 0 0 0 0 0 0 0 0 0.2 0.6 0.2 0 0 0 0 0 0 0
 2018 7 10 3 0 1 -1 -1 4 0 0 0 0 0 0 0 0.0769 0.2308 0.1538 0 0.0769 0.0769 0.3077 0 0 0 0 0 0 0.0769
 2019 7 10 3 0 1 -1 -1 4 0 0 0 0 0 0.0667 0 0.0667 0 0.0667 0.0667 0.2 0 0.0667 0.0667 0.1333 0.0667 0.0667 0.0667 0 0.0667
 2021 7 10 3 0 1 -1 -1 2 0 0 0 0 0 0 0 0.0909 0 0 0 0 0 0 0 0.2727 0.0909 0.1818 0.0909 0 0.2727
 2022 7 10 3 0 1 -1 -1 4 0 0 0 0 0.0667 0.0667 0.0667 0.1333 0.0667 0 0 0 0.0667 0 0.0667 0.0667 0.2 0.2 0 0 0
 -2023 7 10 3 0 1 -1 -1 1 0 0 0 0 0 0 0 0 0 0 0 0 0 0 0 0 0 0 1 0 0
 -2001 7 11 3 0 1 -1 -1 1 0 0 0 0 0 0 1 0 0 0 0 0 0 0 0 0 0 0 0 0 0
 2003 7 11 3 0 1 -1 -1 2 0 0 0 0 1 0 0 0 0 0 0 0 0 0 0 0 0 0 0 0 0
 2004 7 11 3 0 1 -1 -1 3 0 0 0 0 0.4 0.6 0 0 0 0 0 0 0 0 0 0 0 0 0 0 0
 -2005 7 11 3 0 1 -1 -1 1 0 0 0 0 0 0.5 0.5 0 0 0 0 0 0 0 0 0 0 0 0 0 0
 -2006 7 11 3 0 1 -1 -1 1 0 0 0 0 0 0 1 0 0 0 0 0 0 0 0 0 0 0 0 0 0
 2007 7 11 3 0 1 -1 -1 2 0 0 0 0 0.1667 0.5 0.3333 0 0 0 0 0 0 0 0 0 0 0 0 0 0
 2009 7 11 3 0 1 -1 -1 4 0 0 0 0 0 0.3333 0.1667 0.5 0 0 0 0 0 0 0 0 0 0 0 0 0
 2010 7 11 3 0 1 -1 -1 5 0 0 0 0 0.2857 0.1429 0.5714 0 0 0 0 0 0 0 0 0 0 0 0 0 0
 2011 7 11 3 0 1 -1 -1 28 0 0 0 0.0222 0.2 0.3556 0.2222 0.1333 0.0444 0.0222 0 0 0 0 0 0 0 0 0 0 0
 2012 7 11 3 0 1 -1 -1 2 0 0 0 0 0 0 0.5 0 0 0.5 0 0 0 0 0 0 0 0 0 0 0
 -2013 7 11 3 0 1 -1 -1 1 0 0 0 0 0 0.1111 0.1111 0.6667 0.1111 0 0 0 0 0 0 0 0 0 0 0 0
 2016 7 11 3 0 1 -1 -1 3 0 0 0.2 0 0 0.2 0.2 0.2 0 0 0 0 0 0 0.2 0 0 0 0 0 0
 -2017 7 11 3 0 1 -1 -1 1 0 0 0 1 0 0 0 0 0 0 0 0 0 0 0 0 0 0 0 0 0
 -2018 7 11 3 0 1 -1 -1 1 0 0 0 1 0 0 0 0 0 0 0 0 0 0 0 0 0 0 0 0 0
 2019 7 11 3 0 1 -1 -1 2 0 0 0 0 0.6667 0 0 0.3333 0 0 0 0 0 0 0 0 0 0 0 0 0
 2020 7 11 3 0 1 -1 -1 3 0 0 0 0 0.2 0.2 0 0.6 0 0 0 0 0 0 0 0 0 0 0 0 0
 2021 7 11 3 0 1 -1 -1 2 0 0 0 0 0.5 0 0 0 0 0 0 0 0.5 0 0 0 0 0 0 0 0
 2022 7 11 3 0 1 -1 -1 2 0 0 0 0.1667 0 0 0 0.5 0.1667 0 0 0.1667 0 0 0 0 0 0 0 0 0
 2023 7 11 3 0 1 -1 -1 4 0 0 0 0.1667 0 0 0 0 0.25 0.3333 0.1667 0 0 0 0 0 0 0 0 0.0833 0
 1991 7 12 3 2 1 28 28 3 0 0.667 0.333 0 0 0 0 0 0 0 0 0 0 0 0 0 0 0 0 0 0
 1991 7 12 3 2 1 30 30 12 0 0.333 0.583 0.083 0 0 0 0 0 0 0 0 0 0 0 0 0 0 0 0 0
 1991 7 12 3 2 1 32 32 17 0 0.167 0.7 0.133 0 0 0 0 0 0 0 0 0 0 0 0 0 0 0 0 0
 1991 7 12 3 2 1 34 34 14 0 0 0.8 0.2 0 0 0 0 0 0 0 0 0 0 0 0 0 0 0 0 0
 1991 7 12 3 2 1 36 36 14 0 0 0.762 0.238 0 0 0 0 0 0 0 0 0 0 0 0 0 0 0 0 0
 1991 7 12 3 2 1 38 38 19 0 0 0.414 0.586 0 0 0 0 0 0 0 0 0 0 0 0 0 0 0 0 0
 1991 7 12 3 2 1 40 40 22 0 0 0.423 0.577 0 0 0 0 0 0 0 0 0 0 0 0 0 0 0 0 0
 1991 7 12 3 2 1 42 42 8 0 0 0.182 0.818 0 0 0 0 0 0 0 0 0 0 0 0 0 0 0 0 0
 1991 7 12 3 2 1 44 44 12 0 0 0.231 0.769 0 0 0 0 0 0 0 0 0 0 0 0 0 0 0 0 0
 1991 7 12 3 2 1 46 46 12 0 0 0.214 0.786 0 0 0 0 0 0 0 0 0 0 0 0 0 0 0 0 0
 1991 7 12 3 2 1 48 48 8 0 0 0.111 0.667 0.222 0 0 0 0 0 0 0 0 0 0 0 0 0 0 0 0
 1991 7 12 3 2 1 50 50 16 0 0 0.176 0.706 0.118 0 0 0 0 0 0 0 0 0 0 0 0 0 0 0 0
 1991 7 12 3 2 1 52 52 5 0 0 0 1 0 0 0 0 0 0 0 0 0 0 0 0 0 0 0 0 0
 1991 7 12 3 2 1 54 54 2 0 0 0 1 0 0 0 0 0 0 0 0 0 0 0 0 0 0 0 0 0
 1991 7 12 3 2 1 58 58 2 0 0 0 0.5 0 0.5 0 0 0 0 0 0 0 0 0 0 0 0 0 0 0
 1991 7 12 3 2 1 60 60 3 0 0 0 0 1 0 0 0 0 0 0 0 0 0 0 0 0 0 0 0 0
 1991 7 12 3 2 1 64 64 2 0 0 0 0 0.5 0.5 0 0 0 0 0 0 0 0 0 0 0 0 0 0 0
 1991 7 12 3 2 1 66 66 2 0 0 0 0 0.5 0.5 0 0 0 0 0 0 0 0 0 0 0 0 0 0 0
 1991 7 12 3 2 1 68 68 2 0 0 0 0 0 0.75 0.25 0 0 0 0 0 0 0 0 0 0 0 0 0 0
 -1991 7 12 3 2 1 70 70 1 0 0 0 0 0 1 0 0 0 0 0 0 0 0 0 0 0 0 0 0 0
 1992 7 12 3 2 1 28 28 3 0 0.75 0.25 0 0 0 0 0 0 0 0 0 0 0 0 0 0 0 0 0 0
 1992 7 12 3 2 1 30 30 5 0 0.444 0.556 0 0 0 0 0 0 0 0 0 0 0 0 0 0 0 0 0 0
 1992 7 12 3 2 1 32 32 22 0 0.138 0.759 0.069 0 0.034 0 0 0 0 0 0 0 0 0 0 0 0 0 0 0
 1992 7 12 3 2 1 34 34 26 0 0.111 0.722 0.167 0 0 0 0 0 0 0 0 0 0 0 0 0 0 0 0 0
 1992 7 12 3 2 1 36 36 23 0 0.029 0.588 0.353 0.029 0 0 0 0 0 0 0 0 0 0 0 0 0 0 0 0
 1992 7 12 3 2 1 38 38 30 0 0 0.444 0.444 0.083 0.028 0 0 0 0 0 0 0 0 0 0 0 0 0 0 0
 1992 7 12 3 2 1 40 40 30 0 0 0.417 0.556 0.028 0 0 0 0 0 0 0 0 0 0 0 0 0 0 0 0
 1992 7 12 3 2 1 42 42 22 0 0 0.111 0.63 0.259 0 0 0 0 0 0 0 0 0 0 0 0 0 0 0 0
 1992 7 12 3 2 1 44 44 18 0 0 0.2 0.55 0.25 0 0 0 0 0 0 0 0 0 0 0 0 0 0 0 0
 1992 7 12 3 2 1 46 46 12 0 0 0.071 0.5 0.357 0.071 0 0 0 0 0 0 0 0 0 0 0 0 0 0 0
 1992 7 12 3 2 1 48 48 9 0 0 0 0.429 0.571 0 0 0 0 0 0 0 0 0 0 0 0 0 0 0 0
 1992 7 12 3 2 1 50 50 15 0 0 0 0.312 0.688 0 0 0 0 0 0 0 0 0 0 0 0 0 0 0 0
 1992 7 12 3 2 1 52 52 12 0 0 0 0.5 0.5 0 0 0 0 0 0 0 0 0 0 0 0 0 0 0 0
 1992 7 12 3 2 1 54 54 10 0 0 0 0.2 0.8 0 0 0 0 0 0 0 0 0 0 0 0 0 0 0 0
 1992 7 12 3 2 1 56 56 7 0 0 0 0.286 0.714 0 0 0 0 0 0 0 0 0 0 0 0 0 0 0 0
 1992 7 12 3 2 1 58 58 9 0 0 0 0.3 0.5 0.2 0 0 0 0 0 0 0 0 0 0 0 0 0 0 0
 1992 7 12 3 2 1 60 60 10 0 0 0 0.2 0.6 0.2 0 0 0 0 0 0 0 0 0 0 0 0 0 0 0
 1992 7 12 3 2 1 62 62 8 0 0 0.125 0.125 0.625 0 0.125 0 0 0 0 0 0 0 0 0 0 0 0 0 0
 1992 7 12 3 2 1 64 64 2 0 0 0 0.5 0.5 0 0 0 0 0 0 0 0 0 0 0 0 0 0 0 0
 1992 7 12 3 2 1 66 66 4 0 0 0 0.25 0.5 0.25 0 0 0 0 0 0 0 0 0 0 0 0 0 0 0
 1992 7 12 3 2 1 68 68 4 0 0 0 0 0.25 0 0.75 0 0 0 0 0 0 0 0 0 0 0 0 0 0
 -1992 7 12 3 2 1 70 70 1 0 0 0 0 0 1 0 0 0 0 0 0 0 0 0 0 0 0 0 0 0
 1992 7 12 3 2 1 72 72 3 0 0 0 0 0 0 0.667 0 0.333 0 0 0 0 0 0 0 0 0 0 0 0
 -1992 7 12 3 2 1 74 74 1 0 0 0 0 0 0 1 0 0 0 0 0 0 0 0 0 0 0 0 0 0
 1993 7 12 3 2 1 28 28 2 0 0 1 0 0 0 0 0 0 0 0 0 0 0 0 0 0 0 0 0 0
 1993 7 12 3 2 1 30 30 10 0 0 0.929 0.071 0 0 0 0 0 0 0 0 0 0 0 0 0 0 0 0 0
 1993 7 12 3 2 1 32 32 30 0 0 0.917 0.062 0.021 0 0 0 0 0 0 0 0 0 0 0 0 0 0 0 0
 1993 7 12 3 2 1 34 34 37 0 0 0.773 0.182 0.045 0 0 0 0 0 0 0 0 0 0 0 0 0 0 0 0
 1993 7 12 3 2 1 36 36 26 0 0 0.677 0.258 0.065 0 0 0 0 0 0 0 0 0 0 0 0 0 0 0 0
 1993 7 12 3 2 1 38 38 23 0 0 0.621 0.379 0 0 0 0 0 0 0 0 0 0 0 0 0 0 0 0 0
 1993 7 12 3 2 1 40 40 26 0 0 0.344 0.531 0.094 0.031 0 0 0 0 0 0 0 0 0 0 0 0 0 0 0
 1993 7 12 3 2 1 42 42 20 0 0 0.28 0.64 0.08 0 0 0 0 0 0 0 0 0 0 0 0 0 0 0 0
 1993 7 12 3 2 1 44 44 20 0 0 0.125 0.792 0.042 0.042 0 0 0 0 0 0 0 0 0 0 0 0 0 0 0
 1993 7 12 3 2 1 46 46 19 0 0 0.217 0.565 0.174 0.043 0 0 0 0 0 0 0 0 0 0 0 0 0 0 0
 1993 7 12 3 2 1 48 48 24 0 0 0.038 0.615 0.269 0.077 0 0 0 0 0 0 0 0 0 0 0 0 0 0 0
 1993 7 12 3 2 1 50 50 16 0 0 0 0.842 0.158 0 0 0 0 0 0 0 0 0 0 0 0 0 0 0 0
 1993 7 12 3 2 1 52 52 14 0 0 0.063 0.375 0.562 0 0 0 0 0 0 0 0 0 0 0 0 0 0 0 0
 1993 7 12 3 2 1 54 54 6 0 0 0 0.429 0.571 0 0 0 0 0 0 0 0 0 0 0 0 0 0 0 0
 1993 7 12 3 2 1 56 56 4 0 0 0 0.75 0.25 0 0 0 0 0 0 0 0 0 0 0 0 0 0 0 0
 1993 7 12 3 2 1 58 58 8 0 0 0 0.222 0.667 0.111 0 0 0 0 0 0 0 0 0 0 0 0 0 0 0
 1993 7 12 3 2 1 60 60 10 0 0 0 0.1 0.5 0.4 0 0 0 0 0 0 0 0 0 0 0 0 0 0 0
 1993 7 12 3 2 1 62 62 2 0 0 0 0 0 1 0 0 0 0 0 0 0 0 0 0 0 0 0 0 0
 1993 7 12 3 2 1 64 64 15 0 0 0 0 0.562 0.375 0.063 0 0 0 0 0 0 0 0 0 0 0 0 0 0
 1993 7 12 3 2 1 66 66 6 0 0 0 0 0.667 0.333 0 0 0 0 0 0 0 0 0 0 0 0 0 0 0
 1993 7 12 3 2 1 68 68 2 0 0 0 0 0 1 0 0 0 0 0 0 0 0 0 0 0 0 0 0 0
 1993 7 12 3 2 1 70 70 2 0 0 0 0 0.5 0.5 0 0 0 0 0 0 0 0 0 0 0 0 0 0 0
 1993 7 12 3 2 1 72 72 3 0 0 0 0 0 0 0 1 0 0 0 0 0 0 0 0 0 0 0 0 0
 1993 7 12 3 2 1 74 74 2 0 0 0 0 0 0 0 1 0 0 0 0 0 0 0 0 0 0 0 0 0
 -1993 7 12 3 2 1 76 76 1 0 0 0 0 0 0 1 0 0 0 0 0 0 0 0 0 0 0 0 0 0
 -1993 7 12 3 2 1 78 78 1 0 0 0 0 0 0 0 1 0 0 0 0 0 0 0 0 0 0 0 0 0
 -1993 7 12 3 2 1 80 80 1 0 0 0 0 0 0 0 0 0 0 0 1 0 0 0 0 0 0 0 0 0
 -1994 7 12 3 2 1 24 24 1 0 0 1 0 0 0 0 0 0 0 0 0 0 0 0 0 0 0 0 0 0
 1994 7 12 3 2 1 30 30 9 0 0 1 0 0 0 0 0 0 0 0 0 0 0 0 0 0 0 0 0 0
 1994 7 12 3 2 1 32 32 23 0 0.067 0.867 0.067 0 0 0 0 0 0 0 0 0 0 0 0 0 0 0 0 0
 1994 7 12 3 2 1 34 34 33 0 0.019 0.774 0.189 0.019 0 0 0 0 0 0 0 0 0 0 0 0 0 0 0 0
 1994 7 12 3 2 1 36 36 22 0 0 0.633 0.367 0 0 0 0 0 0 0 0 0 0 0 0 0 0 0 0 0
 1994 7 12 3 2 1 38 38 26 0 0 0.303 0.606 0.061 0.03 0 0 0 0 0 0 0 0 0 0 0 0 0 0 0
 1994 7 12 3 2 1 40 40 28 0 0 0.028 0.861 0.111 0 0 0 0 0 0 0 0 0 0 0 0 0 0 0 0
 1994 7 12 3 2 1 42 42 27 0 0 0.03 0.848 0.091 0 0.03 0 0 0 0 0 0 0 0 0 0 0 0 0 0
 1994 7 12 3 2 1 44 44 19 0 0 0 0.87 0.087 0 0.043 0 0 0 0 0 0 0 0 0 0 0 0 0 0
 1994 7 12 3 2 1 46 46 19 0 0 0 0.75 0.2 0.05 0 0 0 0 0 0 0 0 0 0 0 0 0 0 0
 1994 7 12 3 2 1 48 48 15 0 0 0 0.75 0.25 0 0 0 0 0 0 0 0 0 0 0 0 0 0 0 0
 1994 7 12 3 2 1 50 50 16 0 0 0 0.588 0.294 0.118 0 0 0 0 0 0 0 0 0 0 0 0 0 0 0
 1994 7 12 3 2 1 52 52 14 0 0 0 0.375 0.375 0.125 0.125 0 0 0 0 0 0 0 0 0 0 0 0 0 0
 1994 7 12 3 2 1 54 54 16 0 0 0 0.19 0.571 0.238 0 0 0 0 0 0 0 0 0 0 0 0 0 0 0
 1994 7 12 3 2 1 56 56 19 0 0 0 0.087 0.696 0.217 0 0 0 0 0 0 0 0 0 0 0 0 0 0 0
 1994 7 12 3 2 1 58 58 15 0 0 0 0.067 0.6 0.267 0.067 0 0 0 0 0 0 0 0 0 0 0 0 0 0
 1994 7 12 3 2 1 60 60 9 0 0 0 0 0.5 0.3 0.1 0.1 0 0 0 0 0 0 0 0 0 0 0 0 0
 1994 7 12 3 2 1 62 62 9 0 0 0 0 0.5 0.3 0.2 0 0 0 0 0 0 0 0 0 0 0 0 0 0
 1994 7 12 3 2 1 64 64 8 0 0 0 0 0.375 0.5 0.125 0 0 0 0 0 0 0 0 0 0 0 0 0 0
 1994 7 12 3 2 1 66 66 8 0 0 0 0 0.25 0.125 0.625 0 0 0 0 0 0 0 0 0 0 0 0 0 0
 1994 7 12 3 2 1 68 68 2 0 0 0 0 0 1 0 0 0 0 0 0 0 0 0 0 0 0 0 0 0
 1994 7 12 3 2 1 70 70 4 0 0 0 0 0 0.4 0.2 0.2 0 0.2 0 0 0 0 0 0 0 0 0 0 0
 1994 7 12 3 2 1 74 74 3 0 0 0 0 0 0.333 0.667 0 0 0 0 0 0 0 0 0 0 0 0 0 0
 -1994 7 12 3 2 1 76 76 1 0 0 0 0 0 0 1 0 0 0 0 0 0 0 0 0 0 0 0 0 0
 1995 7 12 3 2 1 26 26 3 0 0.571 0.429 0 0 0 0 0 0 0 0 0 0 0 0 0 0 0 0 0 0
 1995 7 12 3 2 1 28 28 3 0 0.2 0.8 0 0 0 0 0 0 0 0 0 0 0 0 0 0 0 0 0 0
 1995 7 12 3 2 1 30 30 4 0 0 0.889 0.111 0 0 0 0 0 0 0 0 0 0 0 0 0 0 0 0 0
 1995 7 12 3 2 1 32 32 6 0 0.222 0.778 0 0 0 0 0 0 0 0 0 0 0 0 0 0 0 0 0 0
 1995 7 12 3 2 1 34 34 17 0 0.04 0.68 0.28 0 0 0 0 0 0 0 0 0 0 0 0 0 0 0 0 0
 1995 7 12 3 2 1 36 36 15 0 0 0.76 0.2 0 0.04 0 0 0 0 0 0 0 0 0 0 0 0 0 0 0
 1995 7 12 3 2 1 38 38 13 0 0 0.667 0.25 0.083 0 0 0 0 0 0 0 0 0 0 0 0 0 0 0 0
 1995 7 12 3 2 1 40 40 9 0 0 0.5 0.444 0.056 0 0 0 0 0 0 0 0 0 0 0 0 0 0 0 0
 1995 7 12 3 2 1 42 42 13 0 0 0.421 0.368 0.211 0 0 0 0 0 0 0 0 0 0 0 0 0 0 0 0
 1995 7 12 3 2 1 44 44 21 0 0 0.32 0.44 0.16 0.08 0 0 0 0 0 0 0 0 0 0 0 0 0 0 0
 1995 7 12 3 2 1 46 46 14 0 0 0 0.294 0.588 0.118 0 0 0 0 0 0 0 0 0 0 0 0 0 0 0
 1995 7 12 3 2 1 48 48 16 0 0 0 0.368 0.579 0.053 0 0 0 0 0 0 0 0 0 0 0 0 0 0 0
 1995 7 12 3 2 1 50 50 11 0 0 0 0.267 0.733 0 0 0 0 0 0 0 0 0 0 0 0 0 0 0 0
 1995 7 12 3 2 1 52 52 14 0 0 0 0.368 0.579 0.053 0 0 0 0 0 0 0 0 0 0 0 0 0 0 0
 1995 7 12 3 2 1 54 54 14 0 0 0 0.353 0.471 0.118 0 0.059 0 0 0 0 0 0 0 0 0 0 0 0 0
 1995 7 12 3 2 1 56 56 15 0 0 0 0.235 0.471 0.118 0.176 0 0 0 0 0 0 0 0 0 0 0 0 0 0
 1995 7 12 3 2 1 58 58 10 0 0 0 0.1 0.7 0.1 0.1 0 0 0 0 0 0 0 0 0 0 0 0 0 0
 1995 7 12 3 2 1 60 60 8 0 0 0 0 0.778 0.111 0.111 0 0 0 0 0 0 0 0 0 0 0 0 0 0
 1995 7 12 3 2 1 62 62 11 0 0 0 0 0.2 0.733 0.067 0 0 0 0 0 0 0 0 0 0 0 0 0 0
 1995 7 12 3 2 1 64 64 14 0 0 0 0.059 0.235 0.412 0.294 0 0 0 0 0 0 0 0 0 0 0 0 0 0
 1995 7 12 3 2 1 66 66 7 0 0 0 0 0.286 0.286 0.143 0.143 0 0.143 0 0 0 0 0 0 0 0 0 0 0
 1995 7 12 3 2 1 68 68 11 0 0 0 0 0 0.538 0.308 0.077 0.077 0 0 0 0 0 0 0 0 0 0 0 0
 1995 7 12 3 2 1 70 70 3 0 0 0 0 0 0 0.5 0.25 0 0.25 0 0 0 0 0 0 0 0 0 0 0
 1995 7 12 3 2 1 72 72 6 0 0 0 0 0.25 0.25 0.25 0.125 0 0.125 0 0 0 0 0 0 0 0 0 0 0
 1995 7 12 3 2 1 74 74 2 0 0 0 0 0 0 0 1 0 0 0 0 0 0 0 0 0 0 0 0 0
 -1995 7 12 3 2 1 76 76 1 0 0 0 0 0 0 0 0 0 1 0 0 0 0 0 0 0 0 0 0 0
 -1995 7 12 3 2 1 80 80 1 0 0 0 0 0 0 0 0 0 0 1 0 0 0 0 0 0 0 0 0 0
 -1995 7 12 3 2 1 82 82 1 0 0 0 0 0 0 0 0 0 0 1 0 0 0 0 0 0 0 0 0 0
 -1995 7 12 3 2 1 86 86 1 0 0 0 0 0 0 0 0 0 0 0 0 0 0 0 0 0 0 0 0 1
 -1995 7 12 3 2 1 88 88 1 0 0 0 0 0 0 0 0 0 0 0 0 0 0 0 0 0 0 0 0 1
 1996 7 12 3 2 1 32 32 2 0 0 1 0 0 0 0 0 0 0 0 0 0 0 0 0 0 0 0 0 0
 1996 7 12 3 2 1 34 34 9 0 0.071 0.643 0.286 0 0 0 0 0 0 0 0 0 0 0 0 0 0 0 0 0
 1996 7 12 3 2 1 36 36 11 0 0 0.357 0.643 0 0 0 0 0 0 0 0 0 0 0 0 0 0 0 0 0
 1996 7 12 3 2 1 38 38 11 0 0 0.429 0.571 0 0 0 0 0 0 0 0 0 0 0 0 0 0 0 0 0
 1996 7 12 3 2 1 40 40 11 0 0 0.143 0.786 0.071 0 0 0 0 0 0 0 0 0 0 0 0 0 0 0 0
 1996 7 12 3 2 1 42 42 6 0 0 0 1 0 0 0 0 0 0 0 0 0 0 0 0 0 0 0 0 0
 1996 7 12 3 2 1 44 44 9 0 0 0 0.818 0.182 0 0 0 0 0 0 0 0 0 0 0 0 0 0 0 0
 1996 7 12 3 2 1 46 46 4 0 0 0 1 0 0 0 0 0 0 0 0 0 0 0 0 0 0 0 0 0
 1996 7 12 3 2 1 48 48 3 0 0 0 0.5 0.5 0 0 0 0 0 0 0 0 0 0 0 0 0 0 0 0
 1996 7 12 3 2 1 50 50 2 0 0 0 0 1 0 0 0 0 0 0 0 0 0 0 0 0 0 0 0 0
 1996 7 12 3 2 1 52 52 4 0 0 0 0.25 0.75 0 0 0 0 0 0 0 0 0 0 0 0 0 0 0 0
 1996 7 12 3 2 1 58 58 2 0 0 0 0 0.5 0.5 0 0 0 0 0 0 0 0 0 0 0 0 0 0 0
 -1996 7 12 3 2 1 60 60 1 0 0 0 0 0 0 1 0 0 0 0 0 0 0 0 0 0 0 0 0 0
 -1996 7 12 3 2 1 62 62 1 0 0 0 0 0 0 0 1 0 0 0 0 0 0 0 0 0 0 0 0 0
 -1996 7 12 3 2 1 64 64 1 0 0 0 0 0 1 0 0 0 0 0 0 0 0 0 0 0 0 0 0 0
 -1996 7 12 3 2 1 68 68 1 0 0 0 0 0 0 0 0 0 1 0 0 0 0 0 0 0 0 0 0 0
 -1996 7 12 3 2 1 70 70 1 0 0 0 0 0 0 0 1 0 0 0 0 0 0 0 0 0 0 0 0 0
 -1996 7 12 3 2 1 72 72 1 0 0 0 0 0 0 0 1 0 0 0 0 0 0 0 0 0 0 0 0 0
 -1996 7 12 3 2 1 74 74 1 0 0 0 0 0 0 0 0 0 0 1 0 0 0 0 0 0 0 0 0 0
 -1996 7 12 3 2 1 82 82 1 0 0 0 0 0 0 0 0 0 0 1 0 0 0 0 0 0 0 0 0 0
 1997 7 12 3 2 1 32 32 3 0 0 1 0 0 0 0 0 0 0 0 0 0 0 0 0 0 0 0 0 0
 1997 7 12 3 2 1 34 34 10 0 0 1 0 0 0 0 0 0 0 0 0 0 0 0 0 0 0 0 0 0
 1997 7 12 3 2 1 36 36 11 0 0 1 0 0 0 0 0 0 0 0 0 0 0 0 0 0 0 0 0 0
 1997 7 12 3 2 1 38 38 2 0 0 1 0 0 0 0 0 0 0 0 0 0 0 0 0 0 0 0 0 0
 -1997 7 12 3 2 1 40 40 1 0 0 0 1 0 0 0 0 0 0 0 0 0 0 0 0 0 0 0 0 0
 1997 7 12 3 2 1 46 46 2 0 0 0.333 0.333 0 0.333 0 0 0 0 0 0 0 0 0 0 0 0 0 0 0
 -1997 7 12 3 2 1 48 48 1 0 0 0 1 0 0 0 0 0 0 0 0 0 0 0 0 0 0 0 0 0
 1997 7 12 3 2 1 50 50 3 0 0 0 0.667 0.333 0 0 0 0 0 0 0 0 0 0 0 0 0 0 0 0
 -1997 7 12 3 2 1 54 54 1 0 0 0 0 1 0 0 0 0 0 0 0 0 0 0 0 0 0 0 0 0
 -1997 7 12 3 2 1 56 56 1 0 0 0 0 1 0 0 0 0 0 0 0 0 0 0 0 0 0 0 0 0
 -1997 7 12 3 2 1 58 58 1 0 0 0 1 0 0 0 0 0 0 0 0 0 0 0 0 0 0 0 0 0
 -1997 7 12 3 2 1 66 66 1 0 0 0 0 1 0 0 0 0 0 0 0 0 0 0 0 0 0 0 0 0
 -1997 7 12 3 2 1 68 68 1 0 0 0 0 0 0 1 0 0 0 0 0 0 0 0 0 0 0 0 0 0
 -1997 7 12 3 2 1 70 70 1 0 0 0 0 0 0 1 0 0 0 0 0 0 0 0 0 0 0 0 0 0
 1997 7 12 3 2 1 72 72 2 0 0 0 0 0.5 0 0.5 0 0 0 0 0 0 0 0 0 0 0 0 0 0
 -1998 7 12 3 2 1 30 30 1 0 0 0.5 0.5 0 0 0 0 0 0 0 0 0 0 0 0 0 0 0 0 0
 1998 7 12 3 2 1 32 32 8 0 0 0.636 0.182 0.091 0.091 0 0 0 0 0 0 0 0 0 0 0 0 0 0 0
 1998 7 12 3 2 1 34 34 34 0 0 0.605 0.361 0.034 0 0 0 0 0 0 0 0 0 0 0 0 0 0 0 0
 1998 7 12 3 2 1 36 36 39 0 0 0.412 0.558 0.024 0.006 0 0 0 0 0 0 0 0 0 0 0 0 0 0 0
 1998 7 12 3 2 1 38 38 46 0 0 0.226 0.667 0.108 0 0 0 0 0 0 0 0 0 0 0 0 0 0 0 0
 1998 7 12 3 2 1 40 40 48 0 0 0.146 0.713 0.134 0.006 0 0 0 0 0 0 0 0 0 0 0 0 0 0 0
 1998 7 12 3 2 1 42 42 37 0 0 0.038 0.673 0.279 0.01 0 0 0 0 0 0 0 0 0 0 0 0 0 0 0
 1998 7 12 3 2 1 44 44 30 0 0 0 0.672 0.328 0 0 0 0 0 0 0 0 0 0 0 0 0 0 0 0
 1998 7 12 3 2 1 46 46 28 0 0 0.022 0.652 0.304 0 0 0 0.022 0 0 0 0 0 0 0 0 0 0 0 0
 1998 7 12 3 2 1 48 48 14 0 0 0 0.655 0.31 0 0.034 0 0 0 0 0 0 0 0 0 0 0 0 0 0
 1998 7 12 3 2 1 50 50 12 0 0 0 0.5 0.417 0.083 0 0 0 0 0 0 0 0 0 0 0 0 0 0 0
 1998 7 12 3 2 1 52 52 5 0 0 0 0.5 0.167 0.333 0 0 0 0 0 0 0 0 0 0 0 0 0 0 0
 1998 7 12 3 2 1 54 54 7 0 0 0 0.286 0.571 0 0.143 0 0 0 0 0 0 0 0 0 0 0 0 0 0
 1998 7 12 3 2 1 56 56 5 0 0 0 0.286 0.429 0.143 0.143 0 0 0 0 0 0 0 0 0 0 0 0 0 0
 1998 7 12 3 2 1 58 58 4 0 0 0 0 0.25 0.5 0.25 0 0 0 0 0 0 0 0 0 0 0 0 0 0
 1998 7 12 3 2 1 60 60 5 0 0 0 0 0.4 0.4 0.2 0 0 0 0 0 0 0 0 0 0 0 0 0 0
 1998 7 12 3 2 1 62 62 2 0 0 0 0 0 1 0 0 0 0 0 0 0 0 0 0 0 0 0 0 0
 1998 7 12 3 2 1 64 64 3 0 0 0 0 0 1 0 0 0 0 0 0 0 0 0 0 0 0 0 0 0
 1998 7 12 3 2 1 66 66 3 0 0 0 0 0 1 0 0 0 0 0 0 0 0 0 0 0 0 0 0 0
 1998 7 12 3 2 1 68 68 2 0 0 0 0 0 0.5 0.5 0 0 0 0 0 0 0 0 0 0 0 0 0 0
 1999 7 12 3 2 1 32 32 2 0 0 0.5 0 0.5 0 0 0 0 0 0 0 0 0 0 0 0 0 0 0 0
 1999 7 12 3 2 1 34 34 20 0 0 0.259 0.556 0.185 0 0 0 0 0 0 0 0 0 0 0 0 0 0 0 0
 1999 7 12 3 2 1 36 36 34 0 0 0.107 0.8 0.093 0 0 0 0 0 0 0 0 0 0 0 0 0 0 0 0
 1999 7 12 3 2 1 38 38 51 0 0 0.096 0.675 0.219 0.009 0 0 0 0 0 0 0 0 0 0 0 0 0 0 0
 1999 7 12 3 2 1 40 40 49 0 0 0.009 0.73 0.261 0 0 0 0 0 0 0 0 0 0 0 0 0 0 0 0
 1999 7 12 3 2 1 42 42 45 0 0 0.02 0.441 0.52 0.02 0 0 0 0 0 0 0 0 0 0 0 0 0 0 0
 1999 7 12 3 2 1 44 44 35 0 0 0 0.396 0.604 0 0 0 0 0 0 0 0 0 0 0 0 0 0 0 0
 1999 7 12 3 2 1 46 46 34 0 0 0 0.25 0.673 0.077 0 0 0 0 0 0 0 0 0 0 0 0 0 0 0
 1999 7 12 3 2 1 48 48 27 0 0 0 0.068 0.909 0.023 0 0 0 0 0 0 0 0 0 0 0 0 0 0 0
 1999 7 12 3 2 1 50 50 21 0 0 0 0.065 0.839 0.097 0 0 0 0 0 0 0 0 0 0 0 0 0 0 0
 1999 7 12 3 2 1 52 52 14 0 0 0 0.056 0.833 0.111 0 0 0 0 0 0 0 0 0 0 0 0 0 0 0
 1999 7 12 3 2 1 54 54 8 0 0 0 0 0.889 0.111 0 0 0 0 0 0 0 0 0 0 0 0 0 0 0
 1999 7 12 3 2 1 56 56 8 0 0 0 0.125 0.75 0.125 0 0 0 0 0 0 0 0 0 0 0 0 0 0 0
 -1999 7 12 3 2 1 58 58 1 0 0 0 0 1 0 0 0 0 0 0 0 0 0 0 0 0 0 0 0 0
 1999 7 12 3 2 1 60 60 5 0 0 0 0 0.667 0.167 0.167 0 0 0 0 0 0 0 0 0 0 0 0 0 0
 1999 7 12 3 2 1 62 62 2 0 0 0 0 0 1 0 0 0 0 0 0 0 0 0 0 0 0 0 0 0
 -1999 7 12 3 2 1 66 66 1 0 0 0 0 0 0 1 0 0 0 0 0 0 0 0 0 0 0 0 0 0
 -1999 7 12 3 2 1 68 68 1 0 0 0 0 0 0 1 0 0 0 0 0 0 0 0 0 0 0 0 0 0
 -1999 7 12 3 2 1 72 72 1 0 0 0 0 0 0 0 1 0 0 0 0 0 0 0 0 0 0 0 0 0
 2000 7 12 3 2 1 32 32 2 0 0 1 0 0 0 0 0 0 0 0 0 0 0 0 0 0 0 0 0 0
 2000 7 12 3 2 1 34 34 7 0 0 0.333 0.556 0.111 0 0 0 0 0 0 0 0 0 0 0 0 0 0 0 0
 2000 7 12 3 2 1 36 36 57 0 0 0.181 0.606 0.191 0.021 0 0 0 0 0 0 0 0 0 0 0 0 0 0 0
 2000 7 12 3 2 1 38 38 69 0 0 0.047 0.764 0.149 0.041 0 0 0 0 0 0 0 0 0 0 0 0 0 0 0
 2000 7 12 3 2 1 40 40 60 0 0 0.077 0.626 0.242 0.055 0 0 0 0 0 0 0 0 0 0 0 0 0 0 0
 2000 7 12 3 2 1 42 42 43 0 0 0.036 0.625 0.321 0.018 0 0 0 0 0 0 0 0 0 0 0 0 0 0 0
 2000 7 12 3 2 1 44 44 22 0 0 0.037 0.704 0.148 0.111 0 0 0 0 0 0 0 0 0 0 0 0 0 0 0
 2000 7 12 3 2 1 46 46 16 0 0 0 0.381 0.524 0.095 0 0 0 0 0 0 0 0 0 0 0 0 0 0 0
 2000 7 12 3 2 1 48 48 17 0 0 0.056 0.222 0.611 0.111 0 0 0 0 0 0 0 0 0 0 0 0 0 0 0
 2000 7 12 3 2 1 50 50 10 0 0 0 0.167 0.833 0 0 0 0 0 0 0 0 0 0 0 0 0 0 0 0
 2000 7 12 3 2 1 52 52 8 0 0 0 0.2 0.7 0.1 0 0 0 0 0 0 0 0 0 0 0 0 0 0 0
 2000 7 12 3 2 1 54 54 4 0 0 0 0 0.5 0.25 0.25 0 0 0 0 0 0 0 0 0 0 0 0 0 0
 2000 7 12 3 2 1 56 56 3 0 0 0 0.333 0.667 0 0 0 0 0 0 0 0 0 0 0 0 0 0 0 0
 2000 7 12 3 2 1 58 58 2 0 0 0 0.5 0.5 0 0 0 0 0 0 0 0 0 0 0 0 0 0 0 0
 2000 7 12 3 2 1 60 60 2 0 0 0 0 0.5 0.5 0 0 0 0 0 0 0 0 0 0 0 0 0 0 0
 2000 7 12 3 2 1 62 62 2 0 0 0 0 0 0.5 0.5 0 0 0 0 0 0 0 0 0 0 0 0 0 0
 2000 7 12 3 2 1 64 64 2 0 0 0 0 0 1 0 0 0 0 0 0 0 0 0 0 0 0 0 0 0
 -2000 7 12 3 2 1 68 68 1 0 0 0 0 0 1 0 0 0 0 0 0 0 0 0 0 0 0 0 0 0
 2001 7 12 3 2 1 34 34 8 0 0 0.4 0.5 0.1 0 0 0 0 0 0 0 0 0 0 0 0 0 0 0 0
 2001 7 12 3 2 1 36 36 34 0 0 0.588 0.309 0.088 0.015 0 0 0 0 0 0 0 0 0 0 0 0 0 0 0
 2001 7 12 3 2 1 38 38 59 0 0 0.457 0.39 0.133 0.019 0 0 0 0 0 0 0 0 0 0 0 0 0 0 0
 2001 7 12 3 2 1 40 40 32 0 0 0.275 0.549 0.137 0.039 0 0 0 0 0 0 0 0 0 0 0 0 0 0 0
 2001 7 12 3 2 1 42 42 31 0 0 0.286 0.5 0.19 0 0.024 0 0 0 0 0 0 0 0 0 0 0 0 0 0
 2001 7 12 3 2 1 44 44 22 0 0 0.069 0.69 0.241 0 0 0 0 0 0 0 0 0 0 0 0 0 0 0 0
 2001 7 12 3 2 1 46 46 18 0 0 0 0.593 0.296 0.111 0 0 0 0 0 0 0 0 0 0 0 0 0 0 0
 2001 7 12 3 2 1 48 48 11 0 0 0 0.846 0.077 0.077 0 0 0 0 0 0 0 0 0 0 0 0 0 0 0
 2001 7 12 3 2 1 50 50 11 0 0 0 0.091 0.909 0 0 0 0 0 0 0 0 0 0 0 0 0 0 0 0
 2001 7 12 3 2 1 52 52 4 0 0 0 0 0.75 0.25 0 0 0 0 0 0 0 0 0 0 0 0 0 0 0
 2001 7 12 3 2 1 54 54 4 0 0 0 0 0.25 0.75 0 0 0 0 0 0 0 0 0 0 0 0 0 0 0
 -2001 7 12 3 2 1 56 56 1 0 0 0 0 1 0 0 0 0 0 0 0 0 0 0 0 0 0 0 0 0
 2001 7 12 3 2 1 58 58 2 0 0 0 0 0.5 0.5 0 0 0 0 0 0 0 0 0 0 0 0 0 0 0
 -2001 7 12 3 2 1 60 60 1 0 0 0 0 0 1 0 0 0 0 0 0 0 0 0 0 0 0 0 0 0
 -2001 7 12 3 2 1 62 62 1 0 0 0 0 0 1 0 0 0 0 0 0 0 0 0 0 0 0 0 0 0
 2001 7 12 3 2 1 64 64 3 0 0 0 0 0 0.5 0.25 0.25 0 0 0 0 0 0 0 0 0 0 0 0 0
 2001 7 12 3 2 1 66 66 2 0 0 0 0 0 1 0 0 0 0 0 0 0 0 0 0 0 0 0 0 0
 -2001 7 12 3 2 1 68 68 1 0 0 0 0 0 1 0 0 0 0 0 0 0 0 0 0 0 0 0 0 0
 -2002 7 12 3 2 1 32 32 1 0 0 1 0 0 0 0 0 0 0 0 0 0 0 0 0 0 0 0 0 0
 2002 7 12 3 2 1 34 34 12 0 0 0.474 0.368 0.158 0 0 0 0 0 0 0 0 0 0 0 0 0 0 0 0
 2002 7 12 3 2 1 36 36 123 0 0 0.411 0.494 0.087 0.004 0.004 0 0 0 0 0 0 0 0 0 0 0 0 0 0
 2002 7 12 3 2 1 38 38 188 0 0 0.279 0.574 0.128 0.019 0 0 0 0 0 0 0 0 0 0 0 0 0 0 0
 2002 7 12 3 2 1 40 40 191 0 0 0.172 0.643 0.151 0.025 0.009 0 0 0 0 0 0 0 0 0 0 0 0 0 0
 2002 7 12 3 2 1 42 42 155 0 0 0.104 0.644 0.224 0.025 0.003 0 0 0 0 0 0 0 0 0 0 0 0 0 0
 2002 7 12 3 2 1 44 44 131 0 0 0.096 0.679 0.177 0.032 0.012 0.004 0 0 0 0 0 0 0 0 0 0 0 0 0
 2002 7 12 3 2 1 46 46 103 0 0 0.064 0.643 0.204 0.057 0.013 0.019 0 0 0 0 0 0 0 0 0 0 0 0 0
 2002 7 12 3 2 1 48 48 82 0 0 0.026 0.573 0.291 0.077 0.017 0.009 0.009 0 0 0 0 0 0 0 0 0 0 0 0
 2002 7 12 3 2 1 50 50 59 0 0 0.012 0.337 0.362 0.238 0.025 0.025 0 0 0 0 0 0 0 0 0 0 0 0 0
 2002 7 12 3 2 1 52 52 43 0 0 0.035 0.193 0.474 0.193 0.053 0.053 0 0 0 0 0 0 0 0 0 0 0 0 0
 2002 7 12 3 2 1 54 54 40 0 0 0 0.118 0.412 0.333 0.098 0.02 0.02 0 0 0 0 0 0 0 0 0 0 0 0
 2002 7 12 3 2 1 56 56 38 0 0 0 0.059 0.333 0.451 0.098 0.059 0 0 0 0 0 0 0 0 0 0 0 0 0
 2002 7 12 3 2 1 58 58 35 0 0 0 0.024 0.167 0.571 0.214 0.024 0 0 0 0 0 0 0 0 0 0 0 0 0
 2002 7 12 3 2 1 60 60 31 0 0 0 0.027 0.108 0.459 0.27 0.081 0.054 0 0 0 0 0 0 0 0 0 0 0 0
 2002 7 12 3 2 1 62 62 27 0 0 0 0.033 0.1 0.467 0.3 0.067 0.033 0 0 0 0 0 0 0 0 0 0 0 0
 2002 7 12 3 2 1 64 64 24 0 0 0 0.033 0.033 0.567 0.233 0.133 0 0 0 0 0 0 0 0 0 0 0 0 0
 2002 7 12 3 2 1 66 66 19 0 0 0 0 0 0.238 0.429 0.333 0 0 0 0 0 0 0 0 0 0 0 0 0
 2002 7 12 3 2 1 68 68 10 0 0 0 0 0.1 0 0.8 0.1 0 0 0 0 0 0 0 0 0 0 0 0 0
 2002 7 12 3 2 1 70 70 9 0 0 0 0 0.091 0.182 0.273 0.455 0 0 0 0 0 0 0 0 0 0 0 0 0
 2002 7 12 3 2 1 72 72 9 0 0 0 0 0 0 0.2 0.5 0.3 0 0 0 0 0 0 0 0 0 0 0 0
 2002 7 12 3 2 1 74 74 6 0 0 0 0 0 0 0.333 0.5 0 0.167 0 0 0 0 0 0 0 0 0 0 0
 -2002 7 12 3 2 1 76 76 1 0 0 0 0 0 0 0 0 0 1 0 0 0 0 0 0 0 0 0 0 0
 2002 7 12 3 2 1 80 80 4 0 0 0 0 0 0.25 0 0 0 0 0.25 0 0 0.5 0 0 0 0 0 0 0
 2002 7 12 3 2 1 82 82 2 0 0 0 0 0 0 0 0 0 0 0 0.5 0.5 0 0 0 0 0 0 0 0
 -2003 7 12 3 2 1 30 30 1 0 0 0 1 0 0 0 0 0 0 0 0 0 0 0 0 0 0 0 0 0
 2003 7 12 3 2 1 32 32 4 0 0 0.6 0.4 0 0 0 0 0 0 0 0 0 0 0 0 0 0 0 0 0
 2003 7 12 3 2 1 34 34 56 0 0.035 0.632 0.298 0.035 0 0 0 0 0 0 0 0 0 0 0 0 0 0 0 0
 2003 7 12 3 2 1 36 36 650 0 0.004 0.5 0.417 0.068 0.008 0.003 0 0 0 0 0 0 0 0 0 0 0 0 0 0
 2003 7 12 3 2 1 38 38 1011 0 0 0.299 0.547 0.124 0.021 0.006 0.002 0 0 0 0 0 0 0 0 0 0 0 0 0
 2003 7 12 3 2 1 40 40 847 0 0 0.124 0.655 0.197 0.016 0.007 0.001 0 0 0 0 0 0 0 0 0 0 0 0 0
 2003 7 12 3 2 1 42 42 679 0 0 0.056 0.64 0.261 0.032 0.01 0.001 0 0 0 0 0 0 0 0 0 0 0 0 0
 2003 7 12 3 2 1 44 44 428 0 0 0.036 0.563 0.34 0.052 0.008 0.002 0 0 0 0 0 0 0 0 0 0 0 0 0
 2003 7 12 3 2 1 46 46 323 0 0 0.011 0.405 0.504 0.066 0.011 0.003 0 0 0 0 0 0 0 0 0 0 0 0 0
 2003 7 12 3 2 1 48 48 223 0 0 0.004 0.269 0.647 0.064 0.016 0 0 0 0 0 0 0 0 0 0 0 0 0 0
 2003 7 12 3 2 1 50 50 178 0 0 0.005 0.18 0.727 0.063 0.01 0.015 0 0 0 0 0 0 0 0 0 0 0 0 0
 2003 7 12 3 2 1 52 52 135 0 0 0 0.087 0.738 0.141 0.02 0.013 0 0 0 0 0 0 0 0 0 0 0 0 0
 2003 7 12 3 2 1 54 54 116 0 0 0 0.106 0.705 0.129 0.053 0 0.008 0 0 0 0 0 0 0 0 0 0 0 0
 2003 7 12 3 2 1 56 56 75 0 0 0.012 0.047 0.616 0.244 0.047 0.035 0 0 0 0 0 0 0 0 0 0 0 0 0
 2003 7 12 3 2 1 58 58 68 0 0 0 0.014 0.635 0.189 0.122 0.027 0 0.014 0 0 0 0 0 0 0 0 0 0 0
 2003 7 12 3 2 1 60 60 44 0 0 0 0.043 0.447 0.277 0.191 0.043 0 0 0 0 0 0 0 0 0 0 0 0 0
 2003 7 12 3 2 1 62 62 45 0 0 0.021 0 0.25 0.375 0.208 0.104 0.042 0 0 0 0 0 0 0 0 0 0 0 0
 2003 7 12 3 2 1 64 64 37 0 0 0 0 0.179 0.282 0.359 0.154 0 0.026 0 0 0 0 0 0 0 0 0 0 0
 2003 7 12 3 2 1 66 66 39 0 0 0 0 0.049 0.268 0.366 0.244 0.073 0 0 0 0 0 0 0 0 0 0 0 0
 2003 7 12 3 2 1 68 68 22 0 0 0 0 0 0.091 0.5 0.273 0.091 0.045 0 0 0 0 0 0 0 0 0 0 0
 2003 7 12 3 2 1 70 70 19 0 0 0 0 0 0.25 0.25 0.35 0.15 0 0 0 0 0 0 0 0 0 0 0 0
 2003 7 12 3 2 1 72 72 21 0 0 0 0 0 0 0.273 0.455 0.182 0 0 0 0.045 0 0 0.045 0 0 0 0 0
 2003 7 12 3 2 1 74 74 12 0 0 0 0 0 0.083 0.083 0.25 0.333 0.25 0 0 0 0 0 0 0 0 0 0 0
 2003 7 12 3 2 1 76 76 7 0 0 0 0 0 0 0.143 0.429 0.143 0 0.143 0 0 0 0 0 0 0 0 0 0.143
 2003 7 12 3 2 1 78 78 2 0 0 0 0 0 0 0.5 0 0 0 0 0 0 0 0 0 0 0 0 0 0.5
 2003 7 12 3 2 1 80 80 4 0 0 0 0 0 0 0.25 0.5 0.25 0 0 0 0 0 0 0 0 0 0 0 0
 2003 7 12 3 2 1 82 82 2 0 0 0 0 0 0 0 0 0 0 0.5 0 0 0 0.5 0 0 0 0 0 0
 -2003 7 12 3 2 1 84 84 1 0 0 0 0 0 0 0 0 1 0 0 0 0 0 0 0 0 0 0 0 0
 2003 7 12 3 2 1 86 86 2 0 0 0 0 0 0 0 0 0 0 0 0 0 0 0 0 0 0.5 0 0 0.5
 -2003 7 12 3 2 1 88 88 1 0 0 0 0 0 0 0 0 0 0 0 0 0 0 0 0 0 0 0 0 1
 -2003 7 12 3 2 1 90 90 1 0 0 0 0 0 0 0 0 0 0 0 0 0 0 0 0 0 0 0 0 1
 -2003 7 12 3 2 1 92 92 1 0 0 0 0 0 0 0 0 0 0 0 0 0 0 0 0 0 0 0 0 1
 -2004 7 12 3 2 1 30 30 1 0 0 1 0 0 0 0 0 0 0 0 0 0 0 0 0 0 0 0 0 0
 -2004 7 12 3 2 1 32 32 1 0 0 1 0 0 0 0 0 0 0 0 0 0 0 0 0 0 0 0 0 0
 2004 7 12 3 2 1 34 34 30 0 0.033 0.5 0.333 0.1 0.033 0 0 0 0 0 0 0 0 0 0 0 0 0 0 0
 2004 7 12 3 2 1 36 36 381 0 0.002 0.469 0.388 0.106 0.029 0.002 0 0.002 0 0 0 0 0 0 0 0 0 0 0 0
 2004 7 12 3 2 1 38 38 692 0 0.003 0.279 0.548 0.137 0.027 0.007 0.001 0 0 0 0 0 0 0 0 0 0 0 0 0
 2004 7 12 3 2 1 40 40 586 0 0.002 0.09 0.639 0.202 0.054 0.009 0.002 0.003 0 0 0 0 0 0 0 0 0 0 0 0
 2004 7 12 3 2 1 42 42 449 0 0 0.043 0.564 0.288 0.081 0.012 0.01 0.002 0 0 0 0 0 0 0 0 0 0 0 0
 2004 7 12 3 2 1 44 44 324 0 0 0.028 0.442 0.414 0.088 0.017 0.006 0.003 0.003 0 0 0 0 0 0 0 0 0 0 0
 2004 7 12 3 2 1 46 46 221 0 0.004 0.034 0.307 0.542 0.097 0.008 0 0.008 0 0 0 0 0 0 0 0 0 0 0 0
 2004 7 12 3 2 1 48 48 172 0 0.005 0.016 0.187 0.565 0.212 0.005 0.01 0 0 0 0 0 0 0 0 0 0 0 0 0
 2004 7 12 3 2 1 50 50 133 0 0 0.014 0.122 0.612 0.245 0.007 0 0 0 0 0 0 0 0 0 0 0 0 0 0
 2004 7 12 3 2 1 52 52 81 0 0 0.011 0.098 0.478 0.391 0.022 0 0 0 0 0 0 0 0 0 0 0 0 0 0
 2004 7 12 3 2 1 54 54 81 0 0 0 0.036 0.476 0.417 0.048 0.012 0.012 0 0 0 0 0 0 0 0 0 0 0 0
 2004 7 12 3 2 1 56 56 53 0 0 0 0 0.393 0.411 0.089 0.089 0.018 0 0 0 0 0 0 0 0 0 0 0 0
 2004 7 12 3 2 1 58 58 56 0 0 0 0.052 0.121 0.586 0.103 0.069 0.052 0.017 0 0 0 0 0 0 0 0 0 0 0
 2004 7 12 3 2 1 60 60 47 0 0 0 0 0.208 0.542 0.146 0.062 0.042 0 0 0 0 0 0 0 0 0 0 0 0
 2004 7 12 3 2 1 62 62 34 0 0 0 0 0.176 0.412 0.147 0.206 0.059 0 0 0 0 0 0 0 0 0 0 0 0
 2004 7 12 3 2 1 64 64 26 0 0 0 0 0.077 0.577 0.154 0.154 0 0.038 0 0 0 0 0 0 0 0 0 0 0
 2004 7 12 3 2 1 66 66 28 0 0 0 0 0.069 0.31 0.207 0.207 0.138 0.034 0 0 0 0.034 0 0 0 0 0 0 0
 2004 7 12 3 2 1 68 68 24 0 0 0 0 0 0.28 0.4 0.16 0.12 0 0 0 0.04 0 0 0 0 0 0 0 0
 2004 7 12 3 2 1 70 70 26 0 0 0 0 0 0.107 0.321 0.429 0.071 0 0 0.036 0.036 0 0 0 0 0 0 0 0
 2004 7 12 3 2 1 72 72 21 0 0 0 0 0 0.095 0.238 0.143 0.143 0.19 0.048 0 0.143 0 0 0 0 0 0 0 0
 2004 7 12 3 2 1 74 74 7 0 0 0 0 0 0 0.125 0.125 0.25 0.375 0 0.125 0 0 0 0 0 0 0 0 0
 2004 7 12 3 2 1 76 76 5 0 0 0 0 0 0 0.2 0.2 0.2 0 0.4 0 0 0 0 0 0 0 0 0 0
 2004 7 12 3 2 1 78 78 3 0 0 0 0 0 0 0 0 0 0.333 0 0 0.333 0 0 0 0 0 0 0 0.333
 2004 7 12 3 2 1 80 80 2 0 0 0 0 0 0 0 0 0.5 0 0 0 0 0 0 0.5 0 0 0 0 0
 -2004 7 12 3 2 1 82 82 1 0 0 0 0 0 0 0 1 0 0 0 0 0 0 0 0 0 0 0 0 0
 2004 7 12 3 2 1 84 84 6 0 0 0 0 0 0 0 0.167 0 0 0.167 0.5 0 0 0 0 0 0 0 0 0.167
 2004 7 12 3 2 1 86 86 2 0 0 0 0 0 0 0 0 0 0 0 0 0 0 0 0.5 0 0 0 0 0.5
 -2004 7 12 3 2 1 88 88 1 0 0 0 0 0 0 0 0 0 0 0 0 0 0 0 0 0 0 0 0 1
 -2004 7 12 3 2 1 94 94 1 0 0 0 0 0 0 0 0 0 0 0 0 0 0 0 0 0 0 1 0 0
 -2004 7 12 3 2 1 96 96 1 0 0 0 0 0 0 0 0 0 0 0 0 0 0 0 0 0 0 0 0 1
 2005 7 12 3 2 1 30 30 4 0 0 0.4 0.4 0 0 0.2 0 0 0 0 0 0 0 0 0 0 0 0 0 0
 2005 7 12 3 2 1 32 32 6 0 0 0.667 0 0.167 0.167 0 0 0 0 0 0 0 0 0 0 0 0 0 0 0
 2005 7 12 3 2 1 34 34 79 0 0 0.686 0.256 0.058 0 0 0 0 0 0 0 0 0 0 0 0 0 0 0 0
 2005 7 12 3 2 1 36 36 849 0 0 0.456 0.485 0.041 0.013 0.004 0 0 0 0 0 0 0 0 0 0 0 0 0 0
 2005 7 12 3 2 1 38 38 1145 0 0 0.286 0.61 0.068 0.028 0.005 0.001 0.002 0 0 0 0 0 0 0 0 0 0 0 0
 2005 7 12 3 2 1 40 40 781 0 0 0.148 0.683 0.123 0.036 0.009 0 0 0 0 0 0 0 0 0 0 0 0 0 0
 2005 7 12 3 2 1 42 42 520 0 0 0.042 0.7 0.173 0.061 0.017 0.007 0 0 0 0 0 0 0 0 0 0 0 0 0
 2005 7 12 3 2 1 44 44 390 0 0 0.017 0.615 0.235 0.095 0.029 0.01 0 0 0 0 0 0 0 0 0 0 0 0 0
 2005 7 12 3 2 1 46 46 250 0 0 0 0.531 0.302 0.124 0.031 0.004 0 0.004 0.004 0 0 0 0 0 0 0 0 0 0
 2005 7 12 3 2 1 48 48 171 0 0 0.016 0.373 0.351 0.184 0.049 0.005 0.022 0 0 0 0 0 0 0 0 0 0 0 0
 2005 7 12 3 2 1 50 50 116 0 0 0.008 0.278 0.46 0.19 0.056 0.008 0 0 0 0 0 0 0 0 0 0 0 0 0
 2005 7 12 3 2 1 52 52 73 0 0 0.013 0.16 0.52 0.24 0.053 0 0.013 0 0 0 0 0 0 0 0 0 0 0 0
 2005 7 12 3 2 1 54 54 69 0 0 0 0.097 0.597 0.194 0.083 0.028 0 0 0 0 0 0 0 0 0 0 0 0 0
 2005 7 12 3 2 1 56 56 62 0 0 0 0.061 0.485 0.394 0.03 0.03 0 0 0 0 0 0 0 0 0 0 0 0 0
 2005 7 12 3 2 1 58 58 42 0 0 0 0 0.442 0.326 0.186 0.023 0.023 0 0 0 0 0 0 0 0 0 0 0 0
 2005 7 12 3 2 1 60 60 40 0 0 0 0.023 0.209 0.488 0.209 0.047 0.023 0 0 0 0 0 0 0 0 0 0 0 0
 2005 7 12 3 2 1 62 62 29 0 0 0 0 0.167 0.3 0.467 0.067 0 0 0 0 0 0 0 0 0 0 0 0 0
 2005 7 12 3 2 1 64 64 29 0 0 0 0 0.241 0.448 0.276 0 0.034 0 0 0 0 0 0 0 0 0 0 0 0
 2005 7 12 3 2 1 66 66 27 0 0 0 0 0.069 0.448 0.448 0.034 0 0 0 0 0 0 0 0 0 0 0 0 0
 2005 7 12 3 2 1 68 68 15 0 0 0 0 0 0.467 0.4 0 0.133 0 0 0 0 0 0 0 0 0 0 0 0
 2005 7 12 3 2 1 70 70 9 0 0 0 0.111 0 0.556 0.111 0 0.111 0 0.111 0 0 0 0 0 0 0 0 0 0
 2005 7 12 3 2 1 72 72 5 0 0 0 0 0 0 0.8 0 0.2 0 0 0 0 0 0 0 0 0 0 0 0
 2005 7 12 3 2 1 74 74 10 0 0 0 0 0 0 0.3 0.3 0 0.3 0.1 0 0 0 0 0 0 0 0 0 0
 2005 7 12 3 2 1 76 76 3 0 0 0 0 0 0 0 0.667 0 0 0.333 0 0 0 0 0 0 0 0 0 0
 2005 7 12 3 2 1 78 78 4 0 0 0 0 0 0 0 0 0.5 0 0.25 0 0 0 0.25 0 0 0 0 0 0
 2005 7 12 3 2 1 80 80 2 0 0 0 0 0 0 0 0 0 0 0 0 0 0.5 0 0 0 0 0 0 0.5
 2005 7 12 3 2 1 82 82 2 0 0 0 0 0 0 0 0 0 0.5 0 0 0 0 0.5 0 0 0 0 0 0
 -2005 7 12 3 2 1 84 84 1 0 0 0 0 0.333 0 0 0 0 0 0 0 0 0 0.667 0 0 0 0 0 0
 -2005 7 12 3 2 1 86 86 1 0 0 0 0 0 0 0 0 0 0 0 0 0 0 0 0 0 0 0 0 1
 -2006 7 12 3 2 1 22 22 1 0 1 0 0 0 0 0 0 0 0 0 0 0 0 0 0 0 0 0 0 0
 2006 7 12 3 2 1 24 24 2 0 1 0 0 0 0 0 0 0 0 0 0 0 0 0 0 0 0 0 0 0
 2006 7 12 3 2 1 32 32 3 0 0 0.333 0.667 0 0 0 0 0 0 0 0 0 0 0 0 0 0 0 0 0
 2006 7 12 3 2 1 34 34 35 0 0 0.644 0.333 0.022 0 0 0 0 0 0 0 0 0 0 0 0 0 0 0 0
 2006 7 12 3 2 1 36 36 478 0 0 0.399 0.521 0.067 0.009 0.004 0 0 0 0 0 0 0 0 0 0 0 0 0 0
 2006 7 12 3 2 1 38 38 775 0 0 0.205 0.672 0.097 0.015 0.009 0.001 0.001 0 0 0 0 0 0 0 0 0 0 0 0
 2006 7 12 3 2 1 40 40 546 0 0 0.099 0.655 0.202 0.031 0.008 0.003 0.002 0 0 0 0 0 0 0 0 0 0 0 0
 2006 7 12 3 2 1 42 42 305 0 0 0.035 0.652 0.246 0.035 0.02 0.009 0 0.003 0 0 0 0 0 0 0 0 0 0 0
 2006 7 12 3 2 1 44 44 220 0 0 0.021 0.559 0.319 0.05 0.05 0 0 0 0 0 0 0 0 0 0 0 0 0 0
 2006 7 12 3 2 1 46 46 158 0 0 0.012 0.343 0.512 0.072 0.03 0.03 0 0 0 0 0 0 0 0 0 0 0 0 0
 2006 7 12 3 2 1 48 48 100 0 0 0 0.183 0.663 0.077 0.038 0.038 0 0 0 0 0 0 0 0 0 0 0 0 0
 2006 7 12 3 2 1 50 50 73 0 0 0.013 0.091 0.61 0.182 0.065 0.039 0 0 0 0 0 0 0 0 0 0 0 0 0
 2006 7 12 3 2 1 52 52 61 0 0 0 0.046 0.585 0.2 0.092 0.077 0 0 0 0 0 0 0 0 0 0 0 0 0
 2006 7 12 3 2 1 54 54 47 0 0 0 0.062 0.396 0.396 0.104 0.042 0 0 0 0 0 0 0 0 0 0 0 0 0
 2006 7 12 3 2 1 56 56 34 0 0 0 0 0.528 0.222 0.222 0.028 0 0 0 0 0 0 0 0 0 0 0 0 0
 2006 7 12 3 2 1 58 58 24 0 0 0 0 0.333 0.458 0.042 0.083 0.042 0.042 0 0 0 0 0 0 0 0 0 0 0
 2006 7 12 3 2 1 60 60 21 0 0 0 0 0.16 0.48 0.24 0.08 0 0.04 0 0 0 0 0 0 0 0 0 0 0
 2006 7 12 3 2 1 62 62 21 0 0 0 0 0.174 0.435 0.304 0.043 0.043 0 0 0 0 0 0 0 0 0 0 0 0
 2006 7 12 3 2 1 64 64 14 0 0 0 0 0.067 0.333 0.4 0.2 0 0 0 0 0 0 0 0 0 0 0 0 0
 2006 7 12 3 2 1 66 66 18 0 0 0 0 0 0.111 0.5 0.333 0.056 0 0 0 0 0 0 0 0 0 0 0 0
 2006 7 12 3 2 1 68 68 15 0 0 0 0 0 0.118 0.471 0.235 0 0.118 0 0.059 0 0 0 0 0 0 0 0 0
 2006 7 12 3 2 1 70 70 8 0 0 0 0 0 0 0.5 0.375 0 0 0 0.125 0 0 0 0 0 0 0 0 0
 2006 7 12 3 2 1 72 72 10 0 0 0 0 0 0 0.6 0.4 0 0 0 0 0 0 0 0 0 0 0 0 0
 2006 7 12 3 2 1 74 74 5 0 0 0 0 0 0 0.2 0.6 0 0 0 0 0 0.2 0 0 0 0 0 0 0
 -2006 7 12 3 2 1 76 76 1 0 0 0 0 0 0 1 0 0 0 0 0 0 0 0 0 0 0 0 0 0
 2006 7 12 3 2 1 78 78 3 0 0 0 0 0 0 0 0.5 0.5 0 0 0 0 0 0 0 0 0 0 0 0
 2006 7 12 3 2 1 80 80 3 0 0 0 0 0 0 0 0.333 0 0 0 0 0.333 0 0 0 0 0 0 0 0.333
 -2006 7 12 3 2 1 86 86 1 0 0 0 0 0 0 0 0 0 0 0 0 0 0 0 0 1 0 0 0 0
 -2007 7 12 3 2 1 32 32 1 0 0 1 0 0 0 0 0 0 0 0 0 0 0 0 0 0 0 0 0 0
 2007 7 12 3 2 1 34 34 4 0 0 0.8 0.2 0 0 0 0 0 0 0 0 0 0 0 0 0 0 0 0 0
 2007 7 12 3 2 1 36 36 28 0 0 0.485 0.485 0.03 0 0 0 0 0 0 0 0 0 0 0 0 0 0 0 0
 2007 7 12 3 2 1 38 38 39 0 0 0.275 0.627 0.078 0.02 0 0 0 0 0 0 0 0 0 0 0 0 0 0 0
 2007 7 12 3 2 1 40 40 61 0 0 0.103 0.779 0.118 0 0 0 0 0 0 0 0 0 0 0 0 0 0 0 0
 2007 7 12 3 2 1 42 42 46 0 0 0 0.842 0.14 0.018 0 0 0 0 0 0 0 0 0 0 0 0 0 0 0
 2007 7 12 3 2 1 44 44 45 0 0 0.017 0.759 0.224 0 0 0 0 0 0 0 0 0 0 0 0 0 0 0 0
 2007 7 12 3 2 1 46 46 27 0 0 0 0.806 0.161 0 0.032 0 0 0 0 0 0 0 0 0 0 0 0 0 0
 2007 7 12 3 2 1 48 48 20 0 0 0 0.6 0.32 0.04 0.04 0 0 0 0 0 0 0 0 0 0 0 0 0 0
 2007 7 12 3 2 1 50 50 14 0 0 0 0.4 0.467 0.133 0 0 0 0 0 0 0 0 0 0 0 0 0 0 0
 2007 7 12 3 2 1 52 52 10 0 0 0 0.091 0.818 0 0 0.091 0 0 0 0 0 0 0 0 0 0 0 0 0
 2007 7 12 3 2 1 54 54 8 0 0 0 0.2 0.6 0.2 0 0 0 0 0 0 0 0 0 0 0 0 0 0 0
 2007 7 12 3 2 1 56 56 8 0 0 0 0.25 0.375 0.375 0 0 0 0 0 0 0 0 0 0 0 0 0 0 0
 2007 7 12 3 2 1 58 58 6 0 0 0 0 0.833 0 0 0.167 0 0 0 0 0 0 0 0 0 0 0 0 0
 2007 7 12 3 2 1 60 60 2 0 0 0 0 1 0 0 0 0 0 0 0 0 0 0 0 0 0 0 0 0
 2007 7 12 3 2 1 62 62 4 0 0 0 0 0 0.25 0.5 0 0.25 0 0 0 0 0 0 0 0 0 0 0 0
 2007 7 12 3 2 1 64 64 4 0 0 0 0 0 0.5 0.5 0 0 0 0 0 0 0 0 0 0 0 0 0 0
 2007 7 12 3 2 1 68 68 3 0 0 0 0 0 0 0 1 0 0 0 0 0 0 0 0 0 0 0 0 0
 -2007 7 12 3 2 1 70 70 1 0 0 0 0 0 0 0 0 1 0 0 0 0 0 0 0 0 0 0 0 0
 -2007 7 12 3 2 1 76 76 1 0 0 0 0 0 0 0 0 0 0 0 1 0 0 0 0 0 0 0 0 0
 2007 7 12 3 2 1 80 80 2 0 0 0 0 0 0 0 0 0.5 0 0 0 0 0.5 0 0 0 0 0 0 0
 -2007 7 12 3 2 1 82 82 1 0 0 0 0 0 0 0 0 0 0 1 0 0 0 0 0 0 0 0 0 0
 2008 7 12 3 2 1 34 34 2 0 0 0.5 0 0.5 0 0 0 0 0 0 0 0 0 0 0 0 0 0 0 0
 2008 7 12 3 2 1 36 36 15 0 0 0.476 0.429 0.095 0 0 0 0 0 0 0 0 0 0 0 0 0 0 0 0
 2008 7 12 3 2 1 38 38 36 0 0 0.404 0.526 0.053 0.018 0 0 0 0 0 0 0 0 0 0 0 0 0 0 0
 2008 7 12 3 2 1 40 40 48 0 0 0.241 0.621 0.138 0 0 0 0 0 0 0 0 0 0 0 0 0 0 0 0
 2008 7 12 3 2 1 42 42 49 0 0 0.07 0.684 0.228 0.018 0 0 0 0 0 0 0 0 0 0 0 0 0 0 0
 2008 7 12 3 2 1 44 44 38 0 0 0.083 0.542 0.333 0.042 0 0 0 0 0 0 0 0 0 0 0 0 0 0 0
 2008 7 12 3 2 1 46 46 36 0 0 0.023 0.5 0.409 0.068 0 0 0 0 0 0 0 0 0 0 0 0 0 0 0
 2008 7 12 3 2 1 48 48 26 0 0 0 0.5 0.393 0.107 0 0 0 0 0 0 0 0 0 0 0 0 0 0 0
 2008 7 12 3 2 1 50 50 11 0 0 0 0.545 0.455 0 0 0 0 0 0 0 0 0 0 0 0 0 0 0 0
 2008 7 12 3 2 1 52 52 11 0 0 0 0.182 0.818 0 0 0 0 0 0 0 0 0 0 0 0 0 0 0 0
 2008 7 12 3 2 1 54 54 8 0 0 0 0.375 0.375 0.125 0.125 0 0 0 0 0 0 0 0 0 0 0 0 0 0
 2008 7 12 3 2 1 56 56 5 0 0 0 0 0.833 0.167 0 0 0 0 0 0 0 0 0 0 0 0 0 0 0
 2008 7 12 3 2 1 58 58 8 0 0 0 0 0.667 0.333 0 0 0 0 0 0 0 0 0 0 0 0 0 0 0
 -2008 7 12 3 2 1 60 60 1 0 0 0 0 1 0 0 0 0 0 0 0 0 0 0 0 0 0 0 0 0
 -2008 7 12 3 2 1 62 62 1 0 0 0 0 0 1 0 0 0 0 0 0 0 0 0 0 0 0 0 0 0
 -2008 7 12 3 2 1 64 64 1 0 0 0 0 0 1 0 0 0 0 0 0 0 0 0 0 0 0 0 0 0
 2008 7 12 3 2 1 66 66 2 0 0 0 0 0 1 0 0 0 0 0 0 0 0 0 0 0 0 0 0 0
 -2008 7 12 3 2 1 68 68 1 0 0 0 0 0 0 1 0 0 0 0 0 0 0 0 0 0 0 0 0 0
 -2009 7 12 3 2 1 32 32 1 0 0 0 1 0 0 0 0 0 0 0 0 0 0 0 0 0 0 0 0 0
 -2009 7 12 3 2 1 34 34 1 0 0 0 1 0 0 0 0 0 0 0 0 0 0 0 0 0 0 0 0 0
 2009 7 12 3 2 1 36 36 8 0 0 0 0.875 0.125 0 0 0 0 0 0 0 0 0 0 0 0 0 0 0 0
 2009 7 12 3 2 1 38 38 28 0 0 0.026 0.737 0.184 0.053 0 0 0 0 0 0 0 0 0 0 0 0 0 0 0
 2009 7 12 3 2 1 40 40 43 0 0 0.022 0.674 0.239 0.043 0 0.022 0 0 0 0 0 0 0 0 0 0 0 0 0
 2009 7 12 3 2 1 42 42 50 0 0 0 0.638 0.276 0.086 0 0 0 0 0 0 0 0 0 0 0 0 0 0 0
 2009 7 12 3 2 1 44 44 45 0 0 0.018 0.473 0.4 0.091 0.018 0 0 0 0 0 0 0 0 0 0 0 0 0 0
 2009 7 12 3 2 1 46 46 47 0 0.018 0 0.182 0.545 0.255 0 0 0 0 0 0 0 0 0 0 0 0 0 0 0
 2009 7 12 3 2 1 48 48 32 0 0 0 0.265 0.588 0.118 0.029 0 0 0 0 0 0 0 0 0 0 0 0 0 0
 2009 7 12 3 2 1 50 50 40 0 0 0 0.042 0.667 0.187 0.083 0.021 0 0 0 0 0 0 0 0 0 0 0 0 0
 2009 7 12 3 2 1 52 52 22 0 0 0 0 0.682 0.273 0 0.045 0 0 0 0 0 0 0 0 0 0 0 0 0
 2009 7 12 3 2 1 54 54 23 0 0 0 0 0.609 0.348 0.043 0 0 0 0 0 0 0 0 0 0 0 0 0 0
 2009 7 12 3 2 1 56 56 27 0 0 0 0 0.548 0.355 0.065 0 0 0.032 0 0 0 0 0 0 0 0 0 0 0
 2009 7 12 3 2 1 58 58 19 0 0 0 0.048 0.524 0.429 0 0 0 0 0 0 0 0 0 0 0 0 0 0 0
 2009 7 12 3 2 1 60 60 23 0 0 0 0 0.28 0.6 0.12 0 0 0 0 0 0 0 0 0 0 0 0 0 0
 2009 7 12 3 2 1 62 62 16 0 0 0 0 0.105 0.684 0.211 0 0 0 0 0 0 0 0 0 0 0 0 0 0
 2009 7 12 3 2 1 64 64 9 0 0 0 0 0.111 0.444 0.222 0.111 0.111 0 0 0 0 0 0 0 0 0 0 0 0
 2009 7 12 3 2 1 66 66 7 0 0 0 0 0.111 0.444 0.444 0 0 0 0 0 0 0 0 0 0 0 0 0 0
 2009 7 12 3 2 1 68 68 3 0 0 0 0 0 0.4 0.2 0.2 0.2 0 0 0 0 0 0 0 0 0 0 0 0
 2009 7 12 3 2 1 70 70 3 0 0 0 0 0.333 0.333 0.333 0 0 0 0 0 0 0 0 0 0 0 0 0 0
 2009 7 12 3 2 1 72 72 3 0 0 0 0 0 0.333 0 0.333 0.333 0 0 0 0 0 0 0 0 0 0 0 0
 2009 7 12 3 2 1 74 74 3 0 0 0 0 0 0.333 0.333 0.333 0 0 0 0 0 0 0 0 0 0 0 0 0
 -2009 7 12 3 2 1 78 78 1 0 0 0 0 0 0 0 1 0 0 0 0 0 0 0 0 0 0 0 0 0
 -2009 7 12 3 2 1 82 82 1 0 0 0 0 0 0 0 0 0 1 0 0 0 0 0 0 0 0 0 0 0
 2010 7 12 3 2 1 34 34 4 0 0 0 0.5 0.5 0 0 0 0 0 0 0 0 0 0 0 0 0 0 0 0
 2010 7 12 3 2 1 36 36 30 0 0 0.097 0.516 0.258 0.065 0.065 0 0 0 0 0 0 0 0 0 0 0 0 0 0
 2010 7 12 3 2 1 38 38 74 0 0 0.014 0.432 0.419 0.095 0.041 0 0 0 0 0 0 0 0 0 0 0 0 0 0
 2010 7 12 3 2 1 40 40 93 0 0 0.022 0.441 0.419 0.065 0.043 0.011 0 0 0 0 0 0 0 0 0 0 0 0 0
 2010 7 12 3 2 1 42 42 107 0 0 0 0.324 0.459 0.162 0.045 0 0.009 0 0 0 0 0 0 0 0 0 0 0 0
 2010 7 12 3 2 1 44 44 115 0 0 0 0.297 0.517 0.127 0.034 0.017 0.008 0 0 0 0 0 0 0 0 0 0 0 0
 2010 7 12 3 2 1 46 46 103 0 0 0 0.163 0.558 0.173 0.077 0.01 0.019 0 0 0 0 0 0 0 0 0 0 0 0
 2010 7 12 3 2 1 48 48 127 0 0 0 0.101 0.659 0.147 0.07 0.023 0 0 0 0 0 0 0 0 0 0 0 0 0
 2010 7 12 3 2 1 50 50 129 0 0 0 0.059 0.622 0.244 0.052 0.015 0 0.007 0 0 0 0 0 0 0 0 0 0 0
 2010 7 12 3 2 1 52 52 105 0 0 0 0.037 0.673 0.206 0.019 0.019 0.047 0 0 0 0 0 0 0 0 0 0 0 0
 2010 7 12 3 2 1 54 54 85 0 0 0 0.011 0.659 0.227 0.034 0.068 0 0 0 0 0 0 0 0 0 0 0 0 0
 2010 7 12 3 2 1 56 56 55 0 0 0 0.017 0.5 0.241 0.155 0.017 0.069 0 0 0 0 0 0 0 0 0 0 0 0
 2010 7 12 3 2 1 58 58 60 0 0 0 0 0.393 0.361 0.148 0.066 0 0.016 0 0.016 0 0 0 0 0 0 0 0 0
 2010 7 12 3 2 1 60 60 45 0 0 0 0 0.204 0.449 0.265 0.061 0.02 0 0 0 0 0 0 0 0 0 0 0 0
 2010 7 12 3 2 1 62 62 27 0 0 0 0.036 0.071 0.393 0.429 0.071 0 0 0 0 0 0 0 0 0 0 0 0 0
 2010 7 12 3 2 1 64 64 29 0 0 0 0 0 0.483 0.276 0.172 0 0.069 0 0 0 0 0 0 0 0 0 0 0
 2010 7 12 3 2 1 66 66 21 0 0 0 0 0.048 0.571 0.381 0 0 0 0 0 0 0 0 0 0 0 0 0 0
 2010 7 12 3 2 1 68 68 12 0 0 0 0 0.077 0.538 0.385 0 0 0 0 0 0 0 0 0 0 0 0 0 0
 2010 7 12 3 2 1 70 70 6 0 0 0 0 0 0.333 0.667 0 0 0 0 0 0 0 0 0 0 0 0 0 0
 2010 7 12 3 2 1 72 72 3 0 0 0 0 0 0 0 0.333 0.333 0.333 0 0 0 0 0 0 0 0 0 0 0
 2010 7 12 3 2 1 74 74 3 0 0 0 0 0 0 1 0 0 0 0 0 0 0 0 0 0 0 0 0 0
 -2010 7 12 3 2 1 76 76 1 0 0 0 0 0 0 1 0 0 0 0 0 0 0 0 0 0 0 0 0 0
 2010 7 12 3 2 1 78 78 2 0 0 0 0 0 0 0.5 0.5 0 0 0 0 0 0 0 0 0 0 0 0 0
 -2010 7 12 3 2 1 80 80 1 0 0 0 0 0 0 0 0 0 1 0 0 0 0 0 0 0 0 0 0 0
 -2011 7 12 3 2 1 34 34 1 0 0 0 0 0 1 0 0 0 0 0 0 0 0 0 0 0 0 0 0 0
 2011 7 12 3 2 1 36 36 13 0 0 0 0.067 0.533 0.333 0.067 0 0 0 0 0 0 0 0 0 0 0 0 0 0
 2011 7 12 3 2 1 38 38 49 0 0 0.019 0.208 0.453 0.226 0.038 0.038 0.019 0 0 0 0 0 0 0 0 0 0 0 0
 2011 7 12 3 2 1 40 40 86 0 0 0 0.08 0.455 0.352 0.08 0.034 0 0 0 0 0 0 0 0 0 0 0 0 0
 2011 7 12 3 2 1 42 42 70 0 0 0 0.154 0.359 0.295 0.167 0.026 0 0 0 0 0 0 0 0 0 0 0 0 0
 2011 7 12 3 2 1 44 44 89 0 0 0 0.075 0.333 0.419 0.129 0.032 0.011 0 0 0 0 0 0 0 0 0 0 0 0
 2011 7 12 3 2 1 46 46 76 0 0 0 0.024 0.373 0.386 0.181 0.024 0 0 0.012 0 0 0 0 0 0 0 0 0 0
 2011 7 12 3 2 1 48 48 65 0 0 0 0 0.235 0.544 0.147 0.029 0.044 0 0 0 0 0 0 0 0 0 0 0 0
 2011 7 12 3 2 1 50 50 81 0 0 0 0.011 0.337 0.453 0.168 0.032 0 0 0 0 0 0 0 0 0 0 0 0 0
 2011 7 12 3 2 1 52 52 54 0 0 0 0 0.266 0.531 0.156 0.031 0.016 0 0 0 0 0 0 0 0 0 0 0 0
 2011 7 12 3 2 1 54 54 61 0 0 0 0 0.135 0.486 0.311 0.068 0 0 0 0 0 0 0 0 0 0 0 0 0
 2011 7 12 3 2 1 56 56 66 0 0 0 0 0.089 0.557 0.241 0.089 0.025 0 0 0 0 0 0 0 0 0 0 0 0
 2011 7 12 3 2 1 58 58 57 0 0 0 0 0.055 0.616 0.219 0.082 0.014 0.014 0 0 0 0 0 0 0 0 0 0 0
 2011 7 12 3 2 1 60 60 42 0 0 0 0 0 0.463 0.407 0.056 0.074 0 0 0 0 0 0 0 0 0 0 0 0
 2011 7 12 3 2 1 62 62 38 0 0 0 0 0 0.42 0.42 0.16 0 0 0 0 0 0 0 0 0 0 0 0 0
 2011 7 12 3 2 1 64 64 38 0 0 0 0 0 0.34 0.404 0.17 0.064 0.021 0 0 0 0 0 0 0 0 0 0 0
 2011 7 12 3 2 1 66 66 37 0 0 0 0 0 0.182 0.568 0.205 0.045 0 0 0 0 0 0 0 0 0 0 0 0
 2011 7 12 3 2 1 68 68 23 0 0 0 0 0 0.103 0.483 0.345 0 0.069 0 0 0 0 0 0 0 0 0 0 0
 2011 7 12 3 2 1 70 70 16 0 0 0 0 0 0.1 0.55 0.3 0.05 0 0 0 0 0 0 0 0 0 0 0 0
 2011 7 12 3 2 1 72 72 11 0 0 0 0 0 0.077 0.154 0.615 0.077 0.077 0 0 0 0 0 0 0 0 0 0 0
 2011 7 12 3 2 1 74 74 3 0 0 0 0 0 0 0 0 0.667 0.333 0 0 0 0 0 0 0 0 0 0 0
 2011 7 12 3 2 1 76 76 2 0 0 0 0 0 0 0 0.5 0.5 0 0 0 0 0 0 0 0 0 0 0 0
 -2011 7 12 3 2 1 78 78 1 0 0 0 0 0 0 0 1 0 0 0 0 0 0 0 0 0 0 0 0 0
 -2011 7 12 3 2 1 84 84 1 0 0 0 0 0 0 0 0 0 0 0 1 0 0 0 0 0 0 0 0 0
 2012 7 12 3 2 1 36 36 9 0 0 0 0.636 0 0.273 0.091 0 0 0 0 0 0 0 0 0 0 0 0 0 0
 2012 7 12 3 2 1 38 38 46 0 0 0.04 0.42 0.06 0.32 0.14 0.02 0 0 0 0 0 0 0 0 0 0 0 0 0
 2012 7 12 3 2 1 40 40 79 0 0 0 0.262 0.214 0.31 0.119 0.083 0.012 0 0 0 0 0 0 0 0 0 0 0 0
 2012 7 12 3 2 1 42 42 113 0 0 0 0.263 0.178 0.347 0.153 0.042 0.017 0 0 0 0 0 0 0 0 0 0 0 0
 2012 7 12 3 2 1 44 44 104 0 0 0 0.128 0.183 0.376 0.22 0.064 0.028 0 0 0 0 0 0 0 0 0 0 0 0
 2012 7 12 3 2 1 46 46 119 0 0 0 0.096 0.144 0.416 0.248 0.072 0.016 0.008 0 0 0 0 0 0 0 0 0 0 0
 2012 7 12 3 2 1 48 48 98 0 0 0 0.038 0.238 0.352 0.238 0.105 0 0.019 0.01 0 0 0 0 0 0 0 0 0 0
 2012 7 12 3 2 1 50 50 102 0 0 0 0.018 0.162 0.387 0.324 0.081 0.027 0 0 0 0 0 0 0 0 0 0 0 0
 2012 7 12 3 2 1 52 52 110 0 0 0 0 0.164 0.418 0.295 0.098 0.016 0 0.008 0 0 0 0 0 0 0 0 0 0
 2012 7 12 3 2 1 54 54 123 0 0 0 0 0.116 0.473 0.279 0.116 0.016 0 0 0 0 0 0 0 0 0 0 0 0
 2012 7 12 3 2 1 56 56 81 0 0 0 0 0.056 0.348 0.404 0.157 0.034 0 0 0 0 0 0 0 0 0 0 0 0
 2012 7 12 3 2 1 58 58 86 0 0 0 0 0.055 0.33 0.418 0.143 0.044 0.011 0 0 0 0 0 0 0 0 0 0 0
 2012 7 12 3 2 1 60 60 92 0 0 0 0 0.047 0.252 0.467 0.178 0.028 0.028 0 0 0 0 0 0 0 0 0 0 0
 2012 7 12 3 2 1 62 62 87 0 0 0 0 0.021 0.198 0.583 0.167 0.031 0 0 0 0 0 0 0 0 0 0 0 0
 2012 7 12 3 2 1 64 64 71 0 0 0 0 0 0.167 0.526 0.218 0.077 0.013 0 0 0 0 0 0 0 0 0 0 0
 2012 7 12 3 2 1 66 66 55 0 0 0 0 0 0.119 0.475 0.254 0.102 0.034 0 0 0.017 0 0 0 0 0 0 0 0
 2012 7 12 3 2 1 68 68 48 0 0 0 0 0 0.055 0.436 0.327 0.182 0 0 0 0 0 0 0 0 0 0 0 0
 2012 7 12 3 2 1 70 70 41 0 0 0 0 0 0.023 0.455 0.432 0.091 0 0 0 0 0 0 0 0 0 0 0 0
 2012 7 12 3 2 1 72 72 27 0 0 0 0 0 0 0.333 0.37 0.296 0 0 0 0 0 0 0 0 0 0 0 0
 2012 7 12 3 2 1 74 74 16 0 0 0 0 0 0 0.188 0.438 0.312 0 0 0.062 0 0 0 0 0 0 0 0 0
 2012 7 12 3 2 1 76 76 10 0 0 0 0 0 0 0 0.3 0.3 0.3 0.1 0 0 0 0 0 0 0 0 0 0
 2012 7 12 3 2 1 78 78 5 0 0 0 0 0 0 0 0.8 0 0 0.2 0 0 0 0 0 0 0 0 0 0
 2012 7 12 3 2 1 80 80 3 0 0 0 0 0 0 0 0 0.333 0.333 0 0 0 0 0 0 0 0 0 0 0.333
 2012 7 12 3 2 1 82 82 2 0 0 0 0 0 0 0 0 0.5 0 0 0.5 0 0 0 0 0 0 0 0 0
 -2012 7 12 3 2 1 84 84 1 0 0 0 0 0 0 0 0 0 0 0 0 0 0 0 0 0 1 0 0 0
 2012 7 12 3 2 1 86 86 2 0 0 0 0 0 0 0 0 0 0 0.5 0 0 0 0 0 0 0 0.5 0 0
 -2012 7 12 3 2 1 88 88 1 0 0 0 0 0 0 0 0 0 0 0 0 0 1 0 0 0 0 0 0 0
 -2013 7 12 3 2 1 34 34 1 0 0 0 0 0 0 1 0 0 0 0 0 0 0 0 0 0 0 0 0 0
 2013 7 12 3 2 1 36 36 29 0 0 0.345 0.31 0.069 0.138 0.138 0 0 0 0 0 0 0 0 0 0 0 0 0 0
 2013 7 12 3 2 1 38 38 108 0 0 0.196 0.33 0.241 0.027 0.134 0.062 0.009 0 0 0 0 0 0 0 0 0 0 0 0
 2013 7 12 3 2 1 40 40 110 0 0 0.148 0.252 0.252 0.043 0.2 0.07 0.026 0 0.009 0 0 0 0 0 0 0 0 0 0
 2013 7 12 3 2 1 42 42 129 0 0 0.095 0.234 0.241 0.088 0.219 0.066 0.058 0 0 0 0 0 0 0 0 0 0 0 0
 2013 7 12 3 2 1 44 44 148 0 0 0.046 0.164 0.303 0.086 0.224 0.086 0.059 0.026 0 0 0.007 0 0 0 0 0 0 0 0
 2013 7 12 3 2 1 46 46 138 0 0 0.021 0.076 0.331 0.083 0.262 0.131 0.069 0.021 0.007 0 0 0 0 0 0 0 0 0 0
 2013 7 12 3 2 1 48 48 154 0 0 0 0.071 0.295 0.09 0.244 0.186 0.051 0.058 0 0.006 0 0 0 0 0 0 0 0 0
 2013 7 12 3 2 1 50 50 147 0 0 0 0.033 0.171 0.118 0.375 0.171 0.059 0.066 0.007 0 0 0 0 0 0 0 0 0 0
 2013 7 12 3 2 1 52 52 118 0 0 0 0.008 0.172 0.102 0.359 0.25 0.094 0.008 0.008 0 0 0 0 0 0 0 0 0 0
 2013 7 12 3 2 1 54 54 112 0 0 0 0 0.132 0.149 0.421 0.182 0.083 0.017 0.017 0 0 0 0 0 0 0 0 0 0
 2013 7 12 3 2 1 56 56 91 0 0 0 0.01 0.071 0.133 0.439 0.204 0.112 0.02 0.01 0 0 0 0 0 0 0 0 0 0
 2013 7 12 3 2 1 58 58 97 0 0 0 0 0.058 0.155 0.408 0.262 0.097 0.019 0 0 0 0 0 0 0 0 0 0 0
 2013 7 12 3 2 1 60 60 95 0 0 0 0 0.03 0.149 0.495 0.238 0.069 0.02 0 0 0 0 0 0 0 0 0 0 0
 2013 7 12 3 2 1 62 62 76 0 0 0 0 0.013 0.139 0.405 0.253 0.139 0.038 0 0 0.013 0 0 0 0 0 0 0 0
 2013 7 12 3 2 1 64 64 91 0 0 0 0 0.022 0.043 0.376 0.344 0.183 0.022 0 0 0 0.011 0 0 0 0 0 0 0
 2013 7 12 3 2 1 66 66 62 0 0 0 0 0 0.119 0.343 0.358 0.104 0.03 0.03 0.015 0 0 0 0 0 0 0 0 0
 2013 7 12 3 2 1 68 68 63 0 0 0 0 0 0.06 0.299 0.433 0.164 0.045 0 0 0 0 0 0 0 0 0 0 0
 2013 7 12 3 2 1 70 70 43 0 0 0 0 0 0 0.256 0.512 0.163 0.07 0 0 0 0 0 0 0 0 0 0 0
 2013 7 12 3 2 1 72 72 30 0 0 0 0 0 0 0.1 0.533 0.333 0.033 0 0 0 0 0 0 0 0 0 0 0
 2013 7 12 3 2 1 74 74 19 0 0 0 0 0 0 0.095 0.333 0.286 0.143 0.143 0 0 0 0 0 0 0 0 0 0
 2013 7 12 3 2 1 76 76 13 0 0 0 0 0 0 0 0.308 0.385 0.231 0 0 0 0.077 0 0 0 0 0 0 0
 2013 7 12 3 2 1 78 78 4 0 0 0 0 0 0 0 0 0.2 0.6 0 0 0 0 0 0 0.2 0 0 0 0
 2013 7 12 3 2 1 80 80 2 0 0 0 0 0 0 0 0 0.5 0 0.5 0 0 0 0 0 0 0 0 0 0
 -2013 7 12 3 2 1 82 82 1 0 0 0 0 0 0 0 0 0 0 0 0 0 0 0 0 0 0 1 0 0
 -2014 7 12 3 2 1 26 26 1 0 0 1 0 0 0 0 0 0 0 0 0 0 0 0 0 0 0 0 0 0
 -2014 7 12 3 2 1 34 34 1 0 0 0 1 0 0 0 0 0 0 0 0 0 0 0 0 0 0 0 0 0
 2014 7 12 3 2 1 36 36 11 0 0 0.273 0.455 0.273 0 0 0 0 0 0 0 0 0 0 0 0 0 0 0 0
 2014 7 12 3 2 1 38 38 62 0 0 0.141 0.547 0.187 0.063 0 0.047 0.016 0 0 0 0 0 0 0 0 0 0 0 0
 2014 7 12 3 2 1 40 40 64 0 0 0 0.485 0.288 0.045 0.03 0.076 0.045 0.03 0 0 0 0 0 0 0 0 0 0 0
 2014 7 12 3 2 1 42 42 74 0 0 0.024 0.386 0.253 0.12 0.048 0.084 0.036 0.036 0.012 0 0 0 0 0 0 0 0 0 0
 2014 7 12 3 2 1 44 44 68 0 0 0 0.347 0.125 0.167 0.069 0.208 0.069 0 0.014 0 0 0 0 0 0 0 0 0 0
 2014 7 12 3 2 1 46 46 70 0 0 0 0.211 0.276 0.211 0.013 0.211 0.039 0.026 0.013 0 0 0 0 0 0 0 0 0 0
 2014 7 12 3 2 1 48 48 71 0 0 0 0.104 0.299 0.182 0.039 0.221 0.104 0.013 0.039 0 0 0 0 0 0 0 0 0 0
 2014 7 12 3 2 1 50 50 62 0 0 0 0.059 0.235 0.324 0.059 0.147 0.118 0.044 0.015 0 0 0 0 0 0 0 0 0 0
 2014 7 12 3 2 1 52 52 53 0 0 0 0.038 0.226 0.132 0.075 0.34 0.132 0.057 0 0 0 0 0 0 0 0 0 0 0
 2014 7 12 3 2 1 54 54 34 0 0 0 0 0.108 0.162 0.162 0.27 0.216 0.081 0 0 0 0 0 0 0 0 0 0 0
 2014 7 12 3 2 1 56 56 34 0 0 0 0.029 0.057 0.257 0.086 0.371 0.171 0.029 0 0 0 0 0 0 0 0 0 0 0
 2014 7 12 3 2 1 58 58 33 0 0 0 0 0.088 0.294 0.176 0.265 0.147 0.029 0 0 0 0 0 0 0 0 0 0 0
 2014 7 12 3 2 1 60 60 29 0 0 0 0 0 0.207 0.138 0.345 0.241 0.069 0 0 0 0 0 0 0 0 0 0 0
 2014 7 12 3 2 1 62 62 22 0 0 0 0 0.043 0 0 0.565 0.13 0.174 0.043 0 0 0.043 0 0 0 0 0 0 0
 2014 7 12 3 2 1 64 64 18 0 0 0 0 0 0.111 0 0.389 0.389 0.056 0 0 0 0.056 0 0 0 0 0 0 0
 2014 7 12 3 2 1 66 66 19 0 0 0 0 0 0.105 0.105 0.474 0.316 0 0 0 0 0 0 0 0 0 0 0 0
 2014 7 12 3 2 1 68 68 26 0 0 0 0 0 0.037 0.037 0.407 0.37 0.074 0.037 0.037 0 0 0 0 0 0 0 0 0
 2014 7 12 3 2 1 70 70 17 0 0 0 0 0 0 0.056 0.5 0.222 0.111 0.111 0 0 0 0 0 0 0 0 0 0
 2014 7 12 3 2 1 72 72 13 0 0 0 0 0 0 0 0.308 0.462 0.077 0.077 0.077 0 0 0 0 0 0 0 0 0
 2014 7 12 3 2 1 74 74 7 0 0 0 0 0 0 0 0.143 0.571 0.143 0.143 0 0 0 0 0 0 0 0 0 0
 2014 7 12 3 2 1 76 76 3 0 0 0 0 0 0 0 0.333 0.333 0.333 0 0 0 0 0 0 0 0 0 0 0
 2014 7 12 3 2 1 78 78 3 0 0 0 0 0 0 0 0 0.333 0.333 0.333 0 0 0 0 0 0 0 0 0 0
 -2015 7 12 3 2 1 30 30 1 0 0 0 1 0 0 0 0 0 0 0 0 0 0 0 0 0 0 0 0 0
 2015 7 12 3 2 1 34 34 3 0 0 0 1 0 0 0 0 0 0 0 0 0 0 0 0 0 0 0 0 0
 2015 7 12 3 2 1 36 36 32 0 0 0.125 0.425 0.325 0.1 0 0 0.025 0 0 0 0 0 0 0 0 0 0 0 0
 2015 7 12 3 2 1 38 38 106 0 0 0.042 0.438 0.222 0.09 0.042 0.049 0.076 0.028 0.007 0 0 0.007 0 0 0 0 0 0 0
 2015 7 12 3 2 1 40 40 137 0 0 0.04 0.449 0.261 0.119 0.051 0.017 0.051 0.006 0 0.006 0 0 0 0 0 0 0 0 0
 2015 7 12 3 2 1 42 42 146 0 0 0.025 0.308 0.284 0.189 0.055 0.01 0.09 0.035 0.005 0 0 0 0 0 0 0 0 0 0
 2015 7 12 3 2 1 44 44 143 0 0 0.011 0.257 0.24 0.168 0.089 0.039 0.156 0.022 0.017 0 0 0 0 0 0 0 0 0 0
 2015 7 12 3 2 1 46 46 135 0 0 0 0.109 0.267 0.145 0.085 0.103 0.152 0.091 0.042 0.006 0 0 0 0 0 0 0 0 0
 2015 7 12 3 2 1 48 48 116 0 0 0 0.047 0.339 0.165 0.079 0.094 0.181 0.087 0.008 0 0 0 0 0 0 0 0 0 0
 2015 7 12 3 2 1 50 50 102 0 0 0 0.034 0.216 0.164 0.172 0.078 0.216 0.112 0.009 0 0 0 0 0 0 0 0 0 0
 2015 7 12 3 2 1 52 52 83 0 0 0 0 0.122 0.204 0.255 0.071 0.163 0.082 0.071 0.01 0.02 0 0 0 0 0 0 0 0
 2015 7 12 3 2 1 54 54 63 0 0 0 0 0.11 0.195 0.256 0.098 0.134 0.146 0.037 0.012 0.012 0 0 0 0 0 0 0 0
 2015 7 12 3 2 1 56 56 63 0 0 0 0.015 0.088 0.118 0.265 0.059 0.279 0.118 0.044 0.015 0 0 0 0 0 0 0 0 0
 2015 7 12 3 2 1 58 58 49 0 0 0 0 0.111 0.093 0.241 0.056 0.259 0.185 0.019 0.037 0 0 0 0 0 0 0 0 0
 2015 7 12 3 2 1 60 60 47 0 0 0 0.017 0 0.155 0.31 0.155 0.172 0.172 0.017 0 0 0 0 0 0 0 0 0 0
 2015 7 12 3 2 1 62 62 54 0 0 0 0 0 0.06 0.313 0.119 0.254 0.134 0.075 0.015 0.015 0.015 0 0 0 0 0 0 0
 2015 7 12 3 2 1 64 64 29 0 0 0 0 0 0 0.167 0.167 0.333 0.233 0.067 0.033 0 0 0 0 0 0 0 0 0
 2015 7 12 3 2 1 66 66 28 0 0 0 0 0 0 0.069 0.276 0.379 0.172 0.069 0.034 0 0 0 0 0 0 0 0 0
 2015 7 12 3 2 1 68 68 18 0 0 0 0 0 0 0.05 0.3 0.35 0.25 0.05 0 0 0 0 0 0 0 0 0 0
 2015 7 12 3 2 1 70 70 18 0 0 0 0 0 0.05 0 0 0.55 0.1 0.25 0.05 0 0 0 0 0 0 0 0 0
 2015 7 12 3 2 1 72 72 20 0 0 0 0 0 0 0 0.208 0.333 0.292 0.125 0 0 0 0.042 0 0 0 0 0 0
 2015 7 12 3 2 1 74 74 15 0 0 0 0 0 0 0 0.067 0.467 0.4 0.067 0 0 0 0 0 0 0 0 0 0
 2015 7 12 3 2 1 76 76 9 0 0 0 0 0 0 0 0 0.333 0.444 0.111 0.111 0 0 0 0 0 0 0 0 0
 2015 7 12 3 2 1 78 78 4 0 0 0 0 0 0 0 0 0.25 0.5 0.25 0 0 0 0 0 0 0 0 0 0
 2015 7 12 3 2 1 80 80 2 0 0 0 0 0 0 0 0.5 0 0 0.5 0 0 0 0 0 0 0 0 0 0
 -2015 7 12 3 2 1 88 88 1 0 0 0 0 0 0 0 0 0 0 0 1 0 0 0 0 0 0 0 0 0
 -2016 7 12 3 2 1 34 34 1 0 0 0 1 0 0 0 0 0 0 0 0 0 0 0 0 0 0 0 0 0
 2016 7 12 3 2 1 36 36 12 0 0 0.385 0.538 0 0.077 0 0 0 0 0 0 0 0 0 0 0 0 0 0 0
 2016 7 12 3 2 1 38 38 66 0 0 0.233 0.322 0.256 0.133 0.033 0 0.011 0.011 0 0 0 0 0 0 0 0 0 0 0
 2016 7 12 3 2 1 40 40 79 0 0 0.191 0.382 0.236 0.073 0.027 0.018 0.018 0.027 0.018 0.009 0 0 0 0 0 0 0 0 0
 2016 7 12 3 2 1 42 42 82 0 0 0.143 0.296 0.357 0.133 0.031 0.01 0.02 0.01 0 0 0 0 0 0 0 0 0 0 0
 2016 7 12 3 2 1 44 44 92 0 0 0.06 0.259 0.422 0.112 0.043 0.017 0.026 0.052 0.009 0 0 0 0 0 0 0 0 0 0
 2016 7 12 3 2 1 46 46 70 0 0 0.047 0.186 0.349 0.186 0.07 0.047 0 0.081 0.035 0 0 0 0 0 0 0 0 0 0
 2016 7 12 3 2 1 48 48 69 0 0 0 0.122 0.3 0.244 0.156 0.056 0.033 0.033 0.033 0.011 0 0 0.011 0 0 0 0 0 0
 2016 7 12 3 2 1 50 50 56 0 0 0 0.239 0.313 0.134 0.09 0.075 0.03 0.075 0.03 0.015 0 0 0 0 0 0 0 0 0
 2016 7 12 3 2 1 52 52 62 0 0 0 0.097 0.333 0.264 0.111 0.028 0.014 0.097 0.042 0.014 0 0 0 0 0 0 0 0 0
 2016 7 12 3 2 1 54 54 48 0 0 0 0.097 0.339 0.161 0.145 0.081 0.032 0.065 0.032 0.048 0 0 0 0 0 0 0 0 0
 2016 7 12 3 2 1 56 56 64 0 0 0.013 0.089 0.203 0.241 0.114 0.114 0.051 0.114 0.051 0.013 0 0 0 0 0 0 0 0 0
 2016 7 12 3 2 1 58 58 35 0 0 0 0.1 0.25 0.2 0.15 0.075 0.025 0.1 0.075 0.025 0 0 0 0 0 0 0 0 0
 2016 7 12 3 2 1 60 60 33 0 0 0 0.083 0.139 0.139 0 0.139 0.139 0.306 0.056 0 0 0 0 0 0 0 0 0 0
 2016 7 12 3 2 1 62 62 39 0 0 0 0.023 0.07 0.14 0.047 0.279 0.14 0.047 0.093 0.047 0.07 0.023 0 0 0.023 0 0 0 0
 2016 7 12 3 2 1 64 64 23 0 0 0 0.038 0.038 0.038 0.077 0.154 0.077 0.385 0.115 0.038 0.038 0 0 0 0 0 0 0 0
 2016 7 12 3 2 1 66 66 18 0 0 0 0.053 0.211 0.158 0.053 0.105 0 0.368 0 0.053 0 0 0 0 0 0 0 0 0
 2016 7 12 3 2 1 68 68 17 0 0 0 0 0.1 0.1 0 0.25 0.05 0.15 0.1 0.2 0.05 0 0 0 0 0 0 0 0
 2016 7 12 3 2 1 70 70 19 0 0 0 0 0 0.05 0 0.15 0.1 0.5 0.15 0.05 0 0 0 0 0 0 0 0 0
 2016 7 12 3 2 1 72 72 14 0 0 0 0 0 0 0 0 0.071 0.357 0.5 0.071 0 0 0 0 0 0 0 0 0
 2016 7 12 3 2 1 74 74 18 0 0 0 0 0.048 0.048 0.048 0.048 0.095 0.095 0.429 0.095 0.095 0 0 0 0 0 0 0 0
 2016 7 12 3 2 1 76 76 14 0 0 0 0.059 0 0 0.059 0.176 0.059 0.294 0.059 0.176 0.118 0 0 0 0 0 0 0 0
 2016 7 12 3 2 1 78 78 8 0 0 0 0 0 0 0 0 0 0.25 0.375 0.25 0 0.125 0 0 0 0 0 0 0
 2016 7 12 3 2 1 80 80 6 0 0 0 0 0 0 0.167 0 0 0.333 0 0 0.333 0.167 0 0 0 0 0 0 0
 2016 7 12 3 2 1 82 82 5 0 0 0 0 0 0 0 0 0 0.2 0.4 0.4 0 0 0 0 0 0 0 0 0
 2016 7 12 3 2 1 86 86 2 0 0 0 0 0 0 0 0 0 0.5 0 0 0 0 0 0 0 0 0 0 0.5
 -2016 7 12 3 2 1 90 90 1 0 0 0 0 0 0 0 0 0 0 0 0 0 1 0 0 0 0 0 0 0
 2017 7 12 3 2 1 36 36 18 0 0 0.333 0.524 0.143 0 0 0 0 0 0 0 0 0 0 0 0 0 0 0 0
 2017 7 12 3 2 1 38 38 35 0 0 0.306 0.469 0.184 0.02 0 0.02 0 0 0 0 0 0 0 0 0 0 0 0 0
 2017 7 12 3 2 1 40 40 49 0 0 0.083 0.667 0.167 0.05 0.017 0.017 0 0 0 0 0 0 0 0 0 0 0 0 0
 2017 7 12 3 2 1 42 42 62 0 0 0.041 0.411 0.26 0.137 0.041 0.027 0.014 0.041 0.014 0.014 0 0 0 0 0 0 0 0 0
 2017 7 12 3 2 1 44 44 47 0 0 0.016 0.516 0.21 0.145 0.032 0.048 0 0 0.032 0 0 0 0 0 0 0 0 0 0
 2017 7 12 3 2 1 46 46 32 0 0 0 0.136 0.364 0.227 0.159 0.023 0 0 0.023 0.045 0 0.023 0 0 0 0 0 0 0
 2017 7 12 3 2 1 48 48 40 0 0 0 0.265 0.224 0.245 0.102 0.02 0.041 0.041 0.02 0.02 0.02 0 0 0 0 0 0 0 0
 2017 7 12 3 2 1 50 50 26 0 0 0 0.067 0.367 0.333 0.1 0 0 0.067 0.033 0.033 0 0 0 0 0 0 0 0 0
 2017 7 12 3 2 1 52 52 31 0 0 0 0.154 0.128 0.41 0.051 0.026 0.077 0.026 0 0 0.077 0.026 0.026 0 0 0 0 0 0
 2017 7 12 3 2 1 54 54 30 0 0 0 0.029 0.114 0.486 0.057 0.114 0.057 0 0.029 0.057 0.029 0 0.029 0 0 0 0 0 0
 2017 7 12 3 2 1 56 56 37 0 0 0 0.021 0.128 0.404 0.128 0.106 0.043 0 0.064 0.064 0 0.021 0.021 0 0 0 0 0 0
 2017 7 12 3 2 1 58 58 22 0 0 0 0 0.087 0.391 0.217 0 0.087 0.087 0.043 0.043 0 0.043 0 0 0 0 0 0 0
 2017 7 12 3 2 1 60 60 19 0 0 0 0 0 0.25 0.15 0.25 0.05 0 0.15 0.05 0.05 0.05 0 0 0 0 0 0 0
 2017 7 12 3 2 1 62 62 22 0 0 0 0 0 0.333 0.375 0.042 0 0.083 0.042 0.042 0.083 0 0 0 0 0 0 0 0
 2017 7 12 3 2 1 64 64 19 0 0 0.05 0 0 0.2 0.3 0.1 0.2 0.05 0.05 0.05 0 0 0 0 0 0 0 0 0
 2017 7 12 3 2 1 66 66 13 0 0 0 0 0 0.143 0.143 0.214 0.214 0 0.071 0.071 0.071 0 0.071 0 0 0 0 0 0
 2017 7 12 3 2 1 68 68 10 0 0 0 0 0 0 0.182 0 0.091 0.091 0.091 0.182 0.182 0.182 0 0 0 0 0 0 0
 2017 7 12 3 2 1 70 70 13 0 0 0 0 0 0 0.214 0.071 0.357 0.143 0.143 0.071 0 0 0 0 0 0 0 0 0
 2017 7 12 3 2 1 72 72 7 0 0 0 0 0 0 0.111 0.111 0.111 0.111 0.222 0.333 0 0 0 0 0 0 0 0 0
 2017 7 12 3 2 1 74 74 11 0 0 0 0 0 0 0.091 0 0.364 0.182 0.273 0 0.091 0 0 0 0 0 0 0 0
 2017 7 12 3 2 1 76 76 2 0 0 0 0 0 0 0 0 0.5 0 0 0.5 0 0 0 0 0 0 0 0 0
 2017 7 12 3 2 1 78 78 4 0 0 0 0 0 0 0 0 0.25 0 0.5 0.25 0 0 0 0 0 0 0 0 0
 -2017 7 12 3 2 1 80 80 1 0 0 0 0 0 0 0 0 0 0 1 0 0 0 0 0 0 0 0 0 0
 2017 7 12 3 2 1 82 82 2 0 0 0 0 0 0 0 0 0 0 0.333 0 0 0.333 0 0 0 0 0.333 0 0
 2017 7 12 3 2 1 86 86 2 0 0 0 0 0 0 0 0 0 0 0 0 0.5 0 0 0 0 0 0 0 0.5
 -2018 7 12 3 2 1 30 30 1 0 0 0 0 0 1 0 0 0 0 0 0 0 0 0 0 0 0 0 0 0
 -2018 7 12 3 2 1 32 32 1 0 0 1 0 0 0 0 0 0 0 0 0 0 0 0 0 0 0 0 0 0
 2018 7 12 3 2 1 36 36 18 0 0 0.5 0.4 0.1 0 0 0 0 0 0 0 0 0 0 0 0 0 0 0 0
 2018 7 12 3 2 1 38 38 50 0 0 0.221 0.588 0.176 0.015 0 0 0 0 0 0 0 0 0 0 0 0 0 0 0
 2018 7 12 3 2 1 40 40 74 0 0 0.079 0.564 0.337 0.01 0.01 0 0 0 0 0 0 0 0 0 0 0 0 0 0
 2018 7 12 3 2 1 42 42 89 0 0 0.025 0.387 0.555 0.017 0.008 0 0 0 0 0.008 0 0 0 0 0 0 0 0 0
 2018 7 12 3 2 1 44 44 102 0 0 0.007 0.391 0.522 0.029 0.029 0.022 0 0 0 0 0 0 0 0 0 0 0 0 0
 2018 7 12 3 2 1 46 46 84 0 0 0 0.205 0.705 0.036 0.018 0.018 0.009 0 0 0.009 0 0 0 0 0 0 0 0 0
 2018 7 12 3 2 1 48 48 75 0 0 0 0.13 0.739 0.033 0.065 0 0 0 0 0.033 0 0 0 0 0 0 0 0 0
 2018 7 12 3 2 1 50 50 52 0 0 0 0.127 0.587 0.143 0.048 0.016 0 0.016 0 0.016 0.016 0.016 0.016 0 0 0 0 0 0
 2018 7 12 3 2 1 52 52 34 0 0 0 0.049 0.585 0.073 0.073 0.098 0.024 0 0 0.024 0.049 0.024 0 0 0 0 0 0 0
 2018 7 12 3 2 1 54 54 29 0 0 0 0 0.588 0.029 0.118 0.059 0.029 0 0 0.029 0.118 0.029 0 0 0 0 0 0 0
 2018 7 12 3 2 1 56 56 21 0 0 0 0 0.261 0.043 0.174 0.087 0.174 0.087 0 0.13 0 0.043 0 0 0 0 0 0 0
 2018 7 12 3 2 1 58 58 25 0 0 0 0 0.038 0.231 0.192 0.077 0.038 0.077 0.038 0.154 0.115 0.038 0 0 0 0 0 0 0
 2018 7 12 3 2 1 60 60 22 0 0 0 0 0.087 0.304 0.304 0.043 0.087 0.043 0 0.043 0.087 0 0 0 0 0 0 0 0
 2018 7 12 3 2 1 62 62 17 0 0 0 0 0.053 0.368 0.158 0.105 0.105 0.105 0.053 0 0.053 0 0 0 0 0 0 0 0
 2018 7 12 3 2 1 64 64 16 0 0 0 0.063 0 0.125 0.187 0 0 0.063 0.125 0.125 0.125 0.125 0 0 0.062 0 0 0 0
 2018 7 12 3 2 1 66 66 11 0 0 0 0 0.071 0 0 0.143 0.071 0.357 0.071 0.286 0 0 0 0 0 0 0 0 0
 2018 7 12 3 2 1 68 68 9 0 0 0 0 0 0 0.222 0.222 0.111 0.222 0 0.111 0 0.111 0 0 0 0 0 0 0
 2018 7 12 3 2 1 70 70 8 0 0 0 0 0 0 0.1 0 0.1 0.2 0.2 0.3 0.1 0 0 0 0 0 0 0 0
 2018 7 12 3 2 1 72 72 13 0 0 0 0 0 0 0.077 0.231 0.154 0.154 0 0.077 0.154 0.154 0 0 0 0 0 0 0
 2018 7 12 3 2 1 74 74 9 0 0 0 0 0 0 0.1 0 0 0 0 0.2 0.4 0.1 0 0.1 0.1 0 0 0 0
 2018 7 12 3 2 1 76 76 5 0 0 0 0 0 0 0 0 0 0 0.2 0.2 0.4 0.2 0 0 0 0 0 0 0
 2018 7 12 3 2 1 78 78 8 0 0 0 0 0 0 0 0 0 0.125 0 0.375 0.25 0.125 0.125 0 0 0 0 0 0
 2018 7 12 3 2 1 80 80 4 0 0 0 0 0 0 0 0 0 0 0 0 0.6 0.2 0 0.2 0 0 0 0 0
 2018 7 12 3 2 1 82 82 2 0 0 0 0 0 0 0 0 0 0 0 0 0 0 0.5 0.5 0 0 0 0 0
 -2018 7 12 3 2 1 84 84 1 0 0 0 0 0 0 0 0 0 0 0 0 1 0 0 0 0 0 0 0 0
 2018 7 12 3 2 1 86 86 2 0 0 0 0 0 0 0 0 0 0 0 0.5 0.5 0 0 0 0 0 0 0 0
 -2019 7 12 3 2 1 26 26 1 0 0 0 1 0 0 0 0 0 0 0 0 0 0 0 0 0 0 0 0 0
 -2019 7 12 3 2 1 30 30 1 0 0 0 1 0 0 0 0 0 0 0 0 0 0 0 0 0 0 0 0 0
 2019 7 12 3 2 1 32 32 2 0 0 0.5 0.5 0 0 0 0 0 0 0 0 0 0 0 0 0 0 0 0 0
 2019 7 12 3 2 1 34 34 7 0 0 0.5 0.5 0 0 0 0 0 0 0 0 0 0 0 0 0 0 0 0 0
 2019 7 12 3 2 1 36 36 37 0 0 0.047 0.791 0.116 0.047 0 0 0 0 0 0 0 0 0 0 0 0 0 0 0
 2019 7 12 3 2 1 38 38 78 0 0 0.01 0.79 0.16 0.01 0.03 0 0 0 0 0 0 0 0 0 0 0 0 0 0
 2019 7 12 3 2 1 40 40 88 0 0 0.018 0.682 0.227 0.073 0 0 0 0 0 0 0 0 0 0 0 0 0 0 0
 2019 7 12 3 2 1 42 42 91 0 0 0.009 0.538 0.264 0.113 0.057 0.019 0 0 0 0 0 0 0 0 0 0 0 0 0
 2019 7 12 3 2 1 44 44 99 0 0 0.008 0.496 0.264 0.149 0.041 0.033 0 0 0 0 0.008 0 0 0 0 0 0 0 0
 2019 7 12 3 2 1 46 46 85 0 0 0 0.276 0.381 0.276 0.038 0.019 0 0.01 0 0 0 0 0 0 0 0 0 0 0
 2019 7 12 3 2 1 48 48 89 0 0 0 0.267 0.376 0.238 0.059 0.059 0 0 0 0 0 0 0 0 0 0 0 0 0
 2019 7 12 3 2 1 50 50 82 0 0 0 0.128 0.362 0.383 0.074 0.011 0.021 0 0.011 0 0 0 0 0.011 0 0 0 0 0
 2019 7 12 3 2 1 52 52 81 0 0 0 0.052 0.268 0.505 0.103 0.021 0 0.031 0 0.01 0 0.01 0 0 0 0 0 0 0
 2019 7 12 3 2 1 54 54 68 0 0 0 0 0.329 0.529 0.082 0.035 0 0 0.012 0 0 0.012 0 0 0 0 0 0 0
 2019 7 12 3 2 1 56 56 64 0 0 0 0.051 0.266 0.494 0.114 0.025 0.025 0 0 0 0 0.013 0.013 0 0 0 0 0 0
 2019 7 12 3 2 1 58 58 57 0 0 0 0.029 0.294 0.412 0.147 0.044 0 0.015 0.029 0.015 0 0 0 0.015 0 0 0 0 0
 2019 7 12 3 2 1 60 60 41 0 0 0 0 0.167 0.396 0.25 0.104 0 0 0.042 0 0.042 0 0 0 0 0 0 0 0
 2019 7 12 3 2 1 62 62 31 0 0 0 0 0.15 0.45 0.075 0.125 0.05 0 0.05 0 0.05 0.025 0 0.025 0 0 0 0 0
 2019 7 12 3 2 1 64 64 22 0 0 0 0 0.074 0.148 0.148 0.222 0.111 0.074 0.037 0 0.037 0.074 0.074 0 0 0 0 0 0
 2019 7 12 3 2 1 66 66 19 0 0 0 0 0.05 0.25 0.05 0.35 0.05 0 0.05 0.05 0 0.05 0.1 0 0 0 0 0 0
 2019 7 12 3 2 1 68 68 14 0 0 0 0 0 0.133 0.133 0.133 0.133 0 0 0.2 0.067 0.067 0.133 0 0 0 0 0 0
 2019 7 12 3 2 1 70 70 9 0 0 0 0 0.1 0.1 0.1 0.4 0 0 0.2 0 0 0.1 0 0 0 0 0 0 0
 2019 7 12 3 2 1 72 72 8 0 0 0 0 0.125 0.125 0 0.125 0.125 0.125 0 0 0.375 0 0 0 0 0 0 0 0
 2019 7 12 3 2 1 74 74 5 0 0 0 0 0 0.2 0 0 0 0.2 0 0 0.4 0 0.2 0 0 0 0 0 0
 2019 7 12 3 2 1 76 76 6 0 0 0 0 0 0 0 0.167 0.167 0.167 0 0.167 0.167 0.167 0 0 0 0 0 0 0
 2019 7 12 3 2 1 78 78 8 0 0 0 0 0 0 0 0.25 0 0 0 0 0 0.25 0.125 0 0.125 0.25 0 0 0
 2019 7 12 3 2 1 80 80 5 0 0 0 0 0 0 0 0 0.2 0 0 0.2 0 0.2 0.2 0 0 0.2 0 0 0
 2019 7 12 3 2 1 82 82 4 0 0 0 0 0 0 0 0 0 0 0.25 0.5 0 0 0 0 0 0 0 0.25 0
 2019 7 12 3 2 1 84 84 2 0 0 0 0 0 0 0 0 0 0 0 0 1 0 0 0 0 0 0 0 0
 -2019 7 12 3 2 1 92 92 1 0 0 0 0 0 0 0 0 0 0 0 0 0 0 1 0 0 0 0 0 0
 2020 7 12 3 2 1 34 34 3 0 0 0.333 0.333 0.333 0 0 0 0 0 0 0 0 0 0 0 0 0 0 0 0
 2020 7 12 3 2 1 36 36 28 0 0 0.152 0.515 0.333 0 0 0 0 0 0 0 0 0 0 0 0 0 0 0 0
 2020 7 12 3 2 1 38 38 42 0 0 0.078 0.471 0.392 0.039 0.02 0 0 0 0 0 0 0 0 0 0 0 0 0 0
 2020 7 12 3 2 1 40 40 55 0 0 0.029 0.261 0.594 0.116 0 0 0 0 0 0 0 0 0 0 0 0 0 0 0
 2020 7 12 3 2 1 42 42 59 0 0 0 0.184 0.671 0.132 0 0.013 0 0 0 0 0 0 0 0 0 0 0 0 0
 2020 7 12 3 2 1 44 44 55 0 0 0 0.154 0.662 0.138 0.046 0 0 0 0 0 0 0 0 0 0 0 0 0 0
 2020 7 12 3 2 1 46 46 49 0 0 0.017 0.034 0.586 0.241 0.103 0 0.017 0 0 0 0 0 0 0 0 0 0 0 0
 2020 7 12 3 2 1 48 48 39 0 0 0 0.093 0.605 0.163 0.023 0.093 0 0 0.023 0 0 0 0 0 0 0 0 0 0
 2020 7 12 3 2 1 50 50 33 0 0 0 0.026 0.308 0.179 0.308 0.179 0 0 0 0 0 0 0 0 0 0 0 0 0
 2020 7 12 3 2 1 52 52 22 0 0 0 0 0.333 0.167 0.375 0.042 0.083 0 0 0 0 0 0 0 0 0 0 0 0
 2020 7 12 3 2 1 54 54 24 0 0 0 0 0.1 0.5 0.233 0 0.067 0.033 0 0 0.067 0 0 0 0 0 0 0 0
 2020 7 12 3 2 1 56 56 25 0 0 0 0 0.346 0.192 0.423 0 0.038 0 0 0 0 0 0 0 0 0 0 0 0
 2020 7 12 3 2 1 58 58 24 0 0 0 0 0.269 0.308 0.192 0.077 0.038 0.038 0 0 0 0.038 0.038 0 0 0 0 0 0
 2020 7 12 3 2 1 60 60 22 0 0 0 0 0.087 0.261 0.391 0.13 0.087 0 0.043 0 0 0 0 0 0 0 0 0 0
 2020 7 12 3 2 1 62 62 10 0 0 0 0 0.077 0.231 0.538 0.077 0 0 0.077 0 0 0 0 0 0 0 0 0 0
 2020 7 12 3 2 1 64 64 13 0 0 0 0 0 0.154 0.308 0.077 0.154 0.154 0 0 0 0 0.077 0 0 0 0.077 0 0
 2020 7 12 3 2 1 66 66 6 0 0 0 0 0 0.333 0.333 0 0.167 0 0.167 0 0 0 0 0 0 0 0 0 0
 2020 7 12 3 2 1 68 68 10 0 0 0 0 0 0.1 0.3 0.1 0.2 0.2 0 0 0 0 0.1 0 0 0 0 0 0
 2020 7 12 3 2 1 70 70 8 0 0 0 0 0 0.125 0.125 0.25 0.125 0 0 0.25 0 0 0.125 0 0 0 0 0 0
 2020 7 12 3 2 1 72 72 6 0 0 0 0 0 0 0 0.286 0.143 0 0.143 0.429 0 0 0 0 0 0 0 0 0
 2020 7 12 3 2 1 74 74 8 0 0 0 0 0 0 0.125 0 0 0 0.125 0.125 0 0.125 0.25 0.125 0.125 0 0 0 0
 2020 7 12 3 2 1 76 76 4 0 0 0 0 0 0 0 0 0 0.25 0.25 0.25 0.25 0 0 0 0 0 0 0 0
 2020 7 12 3 2 1 78 78 6 0 0 0 0 0 0 0 0 0.167 0 0 0.167 0 0 0.167 0.333 0.167 0 0 0 0
 2020 7 12 3 2 1 80 80 3 0 0 0 0 0 0 0 0 0 0 0.333 0 0 0.333 0.333 0 0 0 0 0 0
 2020 7 12 3 2 1 82 82 2 0 0 0 0 0 0 0 0 0 0.5 0 0 0 0 0 0.5 0 0 0 0 0
 2020 7 12 3 2 1 84 84 3 0 0 0 0 0 0 0 0 0 0 0 0 0 0 1 0 0 0 0 0 0
 2020 7 12 3 2 1 86 86 2 0 0 0 0 0 0 0.5 0 0 0 0 0 0 0.5 0 0 0 0 0 0 0
 -2021 7 12 3 2 1 24 24 1 0 0 0 0 0 1 0 0 0 0 0 0 0 0 0 0 0 0 0 0 0
 -2021 7 12 3 2 1 26 26 1 0 0 0 1 0 0 0 0 0 0 0 0 0 0 0 0 0 0 0 0 0
 -2021 7 12 3 2 1 28 28 1 0 0 0 0 0 1 0 0 0 0 0 0 0 0 0 0 0 0 0 0 0
 -2021 7 12 3 2 1 30 30 1 0 0 1 0 0 0 0 0 0 0 0 0 0 0 0 0 0 0 0 0 0
 -2021 7 12 3 2 1 32 32 1 0 0 0 1 0 0 0 0 0 0 0 0 0 0 0 0 0 0 0 0 0
 2021 7 12 3 2 1 34 34 7 0 0 0.571 0.286 0.143 0 0 0 0 0 0 0 0 0 0 0 0 0 0 0 0
 2021 7 12 3 2 1 36 36 54 0 0 0.347 0.486 0.111 0.056 0 0 0 0 0 0 0 0 0 0 0 0 0 0 0
 2021 7 12 3 2 1 38 38 81 0 0 0.193 0.523 0.229 0.055 0 0 0 0 0 0 0 0 0 0 0 0 0 0 0
 2021 7 12 3 2 1 40 40 75 0 0 0.08 0.61 0.21 0.06 0.03 0.01 0 0 0 0 0 0 0 0 0 0 0 0 0
 2021 7 12 3 2 1 42 42 94 0 0 0.016 0.504 0.336 0.136 0 0.008 0 0 0 0 0 0 0 0 0 0 0 0 0
 2021 7 12 3 2 1 44 44 74 0 0 0 0.348 0.393 0.213 0.022 0.022 0 0 0 0 0 0 0 0 0 0 0 0 0
 2021 7 12 3 2 1 46 46 63 0 0 0.013 0.213 0.36 0.267 0.093 0.053 0 0 0 0 0 0 0 0 0 0 0 0 0
 2021 7 12 3 2 1 48 48 61 0 0 0 0.171 0.357 0.286 0.114 0.029 0.014 0.029 0 0 0 0 0 0 0 0 0 0 0
 2021 7 12 3 2 1 50 50 49 0 0 0 0.088 0.368 0.404 0.07 0.053 0.018 0 0 0 0 0 0 0 0 0 0 0 0
 2021 7 12 3 2 1 52 52 39 0 0 0 0.095 0.262 0.452 0.119 0.071 0 0 0 0 0 0 0 0 0 0 0 0 0
 2021 7 12 3 2 1 54 54 32 0 0 0 0.026 0.105 0.579 0.158 0.105 0.026 0 0 0 0 0 0 0 0 0 0 0 0
 2021 7 12 3 2 1 56 56 30 0 0 0 0 0 0.647 0.147 0.147 0.029 0 0 0 0 0 0.029 0 0 0 0 0 0
 2021 7 12 3 2 1 58 58 27 0 0 0 0 0.069 0.517 0.103 0.207 0.034 0.034 0 0 0 0 0 0.034 0 0 0 0 0
 2021 7 12 3 2 1 60 60 17 0 0 0 0 0 0.526 0.158 0.211 0.053 0 0 0 0 0.053 0 0 0 0 0 0 0
 2021 7 12 3 2 1 62 62 13 0 0 0 0 0.077 0.385 0.077 0.462 0 0 0 0 0 0 0 0 0 0 0 0 0
 2021 7 12 3 2 1 64 64 20 0 0 0 0 0.045 0.182 0.136 0.545 0.045 0 0 0 0 0 0 0 0 0.045 0 0 0
 2021 7 12 3 2 1 66 66 11 0 0 0 0 0 0.182 0.273 0.455 0.091 0 0 0 0 0 0 0 0 0 0 0 0
 2021 7 12 3 2 1 68 68 16 0 0 0 0 0 0.118 0.176 0.412 0.118 0 0 0 0 0.059 0.059 0.059 0 0 0 0 0
 2021 7 12 3 2 1 70 70 10 0 0 0 0 0 0 0.3 0.5 0 0 0.1 0 0.1 0 0 0 0 0 0 0 0
 2021 7 12 3 2 1 72 72 10 0 0 0 0 0 0 0.1 0.8 0 0 0 0 0 0 0 0.1 0 0 0 0 0
 2021 7 12 3 2 1 74 74 6 0 0 0 0 0 0 0 0.667 0.167 0.167 0 0 0 0 0 0 0 0 0 0 0
 2021 7 12 3 2 1 76 76 5 0 0 0 0 0 0 0.2 0.2 0.2 0 0 0 0 0 0.2 0.2 0 0 0 0 0
 2021 7 12 3 2 1 78 78 4 0 0 0 0 0 0 0 0.2 0 0 0 0 0.2 0.4 0 0 0 0 0.2 0 0
 2021 7 12 3 2 1 80 80 4 0 0 0 0 0 0 0 0 0 0 0.25 0.25 0 0 0 0.25 0.25 0 0 0 0
 2021 7 12 3 2 1 82 82 2 0 0 0 0 0 0 0 0 0 0 0 0 0 0 0 0.5 0.5 0 0 0 0
 2021 7 12 3 2 1 84 84 2 0 0 0 0 0 0 0 0 0 0 0 0 0 0 0.5 0.5 0 0 0 0 0
 2021 7 12 3 2 1 88 88 2 0 0 0 0 0 0 0 0 0 0 0 0 0 0 0.5 0 0 0.5 0 0 0
 -2022 7 12 3 2 1 28 28 1 0 0 1 0 0 0 0 0 0 0 0 0 0 0 0 0 0 0 0 0 0
 2022 7 12 3 2 1 34 34 11 0 0 0.385 0.538 0.077 0 0 0 0 0 0 0 0 0 0 0 0 0 0 0 0
 2022 7 12 3 2 1 36 36 51 0 0 0.164 0.658 0.123 0.041 0 0 0.014 0 0 0 0 0 0 0 0 0 0 0 0
 2022 7 12 3 2 1 38 38 97 0 0 0.14 0.62 0.171 0.054 0.008 0.008 0 0 0 0 0 0 0 0 0 0 0 0 0
 2022 7 12 3 2 1 40 40 81 0 0 0.028 0.541 0.321 0.055 0.046 0.009 0 0 0 0 0 0 0 0 0 0 0 0 0
 2022 7 12 3 2 1 42 42 90 0 0 0 0.533 0.318 0.056 0.075 0.009 0 0.009 0 0 0 0 0 0 0 0 0 0 0
 2022 7 12 3 2 1 44 44 66 0 0 0 0.316 0.443 0.165 0.038 0.013 0.025 0 0 0 0 0 0 0 0 0 0 0 0
 2022 7 12 3 2 1 46 46 33 0 0 0 0.222 0.444 0.139 0.111 0.083 0 0 0 0 0 0 0 0 0 0 0 0 0
 2022 7 12 3 2 1 48 48 38 0 0 0 0.122 0.512 0.195 0.146 0.024 0 0 0 0 0 0 0 0 0 0 0 0 0
 2022 7 12 3 2 1 50 50 35 0 0 0 0.083 0.417 0.167 0.083 0.167 0.083 0 0 0 0 0 0 0 0 0 0 0 0
 2022 7 12 3 2 1 52 52 32 0 0 0 0.059 0.382 0.353 0.118 0.029 0.029 0.029 0 0 0 0 0 0 0 0 0 0 0
 2022 7 12 3 2 1 54 54 27 0 0 0 0.036 0.25 0.607 0.071 0.036 0 0 0 0 0 0 0 0 0 0 0 0 0
 2022 7 12 3 2 1 56 56 22 0 0 0 0 0.136 0.364 0.318 0.091 0.045 0 0 0.045 0 0 0 0 0 0 0 0 0
 2022 7 12 3 2 1 58 58 10 0 0 0 0 0.1 0.2 0.3 0.1 0.3 0 0 0 0 0 0 0 0 0 0 0 0
 2022 7 12 3 2 1 60 60 18 0 0 0 0 0 0.278 0.222 0.167 0.222 0.056 0.056 0 0 0 0 0 0 0 0 0 0
 2022 7 12 3 2 1 62 62 21 0 0 0 0 0.043 0.087 0.478 0.174 0.087 0.043 0.087 0 0 0 0 0 0 0 0 0 0
 2022 7 12 3 2 1 64 64 12 0 0 0 0 0 0.143 0.357 0.214 0.143 0.143 0 0 0 0 0 0 0 0 0 0 0
 2022 7 12 3 2 1 66 66 19 0 0 0 0 0 0.1 0.25 0.1 0.45 0.1 0 0 0 0 0 0 0 0 0 0 0
 2022 7 12 3 2 1 68 68 12 0 0 0 0 0 0 0.154 0.308 0.385 0 0 0 0.077 0 0 0 0.077 0 0 0 0
 2022 7 12 3 2 1 70 70 11 0 0 0 0 0 0 0.091 0.182 0.636 0 0 0.091 0 0 0 0 0 0 0 0 0
 2022 7 12 3 2 1 72 72 10 0 0 0 0 0 0 0.083 0 0.667 0.167 0 0 0.083 0 0 0 0 0 0 0 0
 2022 7 12 3 2 1 74 74 16 0 0 0 0 0 0 0 0.118 0.471 0.235 0 0.059 0 0 0 0.059 0 0 0.059 0 0
 2022 7 12 3 2 1 76 76 11 0 0 0 0 0 0 0 0.077 0.538 0.077 0.077 0.154 0 0 0 0 0 0.077 0 0 0
 2022 7 12 3 2 1 78 78 4 0 0 0 0 0 0 0 0 0.25 0.25 0.25 0 0 0 0 0 0.25 0 0 0 0
 2022 7 12 3 2 1 80 80 2 0 0 0 0 0 0 0 0 0 0 0 0.5 0 0 0 0 0 0.5 0 0 0
 2022 7 12 3 2 1 82 82 2 0 0 0 0 0 0 0 0 0 0 0 0 0 0 0.5 0 0.5 0 0 0 0
 2022 7 12 3 2 1 84 84 4 0 0 0 0 0 0 0 0 0 0 0 0 0 0 0 0.25 0.5 0.25 0 0 0
 2022 7 12 3 2 1 86 86 2 0 0 0 0 0 0 0 0 0 0 0 0.5 0.5 0 0 0 0 0 0 0 0
 2023 7 12 3 2 1 34 34 2 0 0 0.5 0.5 0 0 0 0 0 0 0 0 0 0 0 0 0 0 0 0 0
 2023 7 12 3 2 1 36 36 21 0 0 0.292 0.583 0.042 0.042 0 0.042 0 0 0 0 0 0 0 0 0 0 0 0 0
 2023 7 12 3 2 1 38 38 82 0 0 0.173 0.609 0.182 0.009 0.009 0.018 0 0 0 0 0 0 0 0 0 0 0 0 0
 2023 7 12 3 2 1 40 40 83 0 0 0.115 0.54 0.292 0.018 0.027 0 0.009 0 0 0 0 0 0 0 0 0 0 0 0
 2023 7 12 3 2 1 42 42 85 0 0 0.069 0.529 0.294 0.078 0.01 0.02 0 0 0 0 0 0 0 0 0 0 0 0 0
 2023 7 12 3 2 1 44 44 89 0 0 0.009 0.411 0.421 0.084 0.056 0.019 0 0 0 0 0 0 0 0 0 0 0 0 0
 2023 7 12 3 2 1 46 46 57 0 0 0 0.261 0.507 0.101 0.072 0.043 0.014 0 0 0 0 0 0 0 0 0 0 0 0
 2023 7 12 3 2 1 48 48 53 0 0 0 0.271 0.475 0.102 0.051 0.085 0.017 0 0 0 0 0 0 0 0 0 0 0 0
 2023 7 12 3 2 1 50 50 45 0 0 0 0.062 0.583 0.188 0.062 0.042 0.062 0 0 0 0 0 0 0 0 0 0 0 0
 2023 7 12 3 2 1 52 52 35 0 0 0 0 0.486 0.351 0.135 0 0.027 0 0 0 0 0 0 0 0 0 0 0 0
 2023 7 12 3 2 1 54 54 23 0 0 0 0 0.6 0.28 0.04 0.04 0.04 0 0 0 0 0 0 0 0 0 0 0 0
 2023 7 12 3 2 1 56 56 20 0 0 0 0 0.35 0.35 0.1 0.05 0 0.05 0 0.05 0 0.05 0 0 0 0 0 0 0
 2023 7 12 3 2 1 58 58 22 0 0 0 0 0.2 0.24 0.24 0.2 0.04 0.08 0 0 0 0 0 0 0 0 0 0 0
 2023 7 12 3 2 1 60 60 4 0 0 0 0 0.5 0.25 0 0.25 0 0 0 0 0 0 0 0 0 0 0 0 0
 2023 7 12 3 2 1 62 62 10 0 0 0 0 0.2 0.2 0.1 0.2 0 0.2 0.1 0 0 0 0 0 0 0 0 0 0
 2023 7 12 3 2 1 64 64 6 0 0 0 0 0 0.167 0.333 0.333 0 0.167 0 0 0 0 0 0 0 0 0 0 0
 2023 7 12 3 2 1 66 66 5 0 0 0 0 0 0.2 0 0.4 0.2 0.2 0 0 0 0 0 0 0 0 0 0 0
 2023 7 12 3 2 1 68 68 7 0 0 0 0 0 0.143 0.143 0.143 0.143 0.286 0 0 0.143 0 0 0 0 0 0 0 0
 2023 7 12 3 2 1 70 70 6 0 0 0 0 0 0.167 0 0 0 0.333 0 0 0.167 0 0.333 0 0 0 0 0 0
 2023 7 12 3 2 1 72 72 10 0 0 0 0 0 0 0 0.091 0.182 0.364 0.091 0.182 0 0 0 0.091 0 0 0 0 0
 2023 7 12 3 2 1 74 74 8 0 0 0 0 0 0.111 0 0.222 0.111 0.111 0 0 0.111 0 0 0 0.111 0.222 0 0 0
 2023 7 12 3 2 1 76 76 4 0 0 0 0 0 0 0 0.25 0.25 0 0 0 0 0 0 0 0 0.25 0 0 0.25
 2023 7 12 3 2 1 78 78 8 0 0 0 0 0 0 0 0.222 0 0.111 0.111 0 0.111 0 0.111 0 0 0.333 0 0 0
 2023 7 12 3 2 1 80 80 3 0 0 0 0 0 0 0 0 0.333 0 0 0 0 0 0 0 0 0 0.333 0 0.333
 2023 7 12 3 2 1 82 82 2 0 0 0 0 0 0 0 0 0 1 0 0 0 0 0 0 0 0 0 0 0
 2023 7 12 3 2 1 84 84 3 0 0 0 0 0 0 0 0 0 0 0 0 0 0 0.667 0.333 0 0 0 0 0
 -2023 7 12 3 2 1 86 86 1 0 0 0 0 0 0 0 0 0 0 0 0 0 0 0 1 0 0 0 0 0
 -2023 7 12 3 2 1 90 90 1 0 0 0 0 0 0 0 0 0 0 0 0 0 0 0 0 0 0 1 0 0
 1991 7 13 3 2 1 28 28 7 0 0.111 0.778 0.111 0 0 0 0 0 0 0 0 0 0 0 0 0 0 0 0 0
 1991 7 13 3 2 1 30 30 34 0 0.01 0.825 0.165 0 0 0 0 0 0 0 0 0 0 0 0 0 0 0 0 0
 1991 7 13 3 2 1 32 32 42 0 0 0.807 0.186 0.007 0 0 0 0 0 0 0 0 0 0 0 0 0 0 0 0
 1991 7 13 3 2 1 34 34 42 0 0 0.786 0.214 0 0 0 0 0 0 0 0 0 0 0 0 0 0 0 0 0
 1991 7 13 3 2 1 36 36 32 0 0 0.533 0.44 0.027 0 0 0 0 0 0 0 0 0 0 0 0 0 0 0 0
 1991 7 13 3 2 1 38 38 24 0 0 0.604 0.377 0.019 0 0 0 0 0 0 0 0 0 0 0 0 0 0 0 0
 1991 7 13 3 2 1 40 40 12 0 0 0.389 0.611 0 0 0 0 0 0 0 0 0 0 0 0 0 0 0 0 0
 1991 7 13 3 2 1 42 42 8 0 0 0.769 0.231 0 0 0 0 0 0 0 0 0 0 0 0 0 0 0 0 0
 1991 7 13 3 2 1 44 44 3 0 0 0.333 0.333 0.333 0 0 0 0 0 0 0 0 0 0 0 0 0 0 0 0
 1991 7 13 3 2 1 46 46 4 0 0 0 0.8 0.2 0 0 0 0 0 0 0 0 0 0 0 0 0 0 0 0
 1991 7 13 3 2 1 48 48 2 0 0 0.5 0.5 0 0 0 0 0 0 0 0 0 0 0 0 0 0 0 0 0
 -1991 7 13 3 2 1 50 50 1 0 0 0 1 0 0 0 0 0 0 0 0 0 0 0 0 0 0 0 0 0
 1991 7 13 3 2 1 52 52 2 0 0 0 0.5 0.5 0 0 0 0 0 0 0 0 0 0 0 0 0 0 0 0
 -1991 7 13 3 2 1 54 54 1 0 0 0 0 1 0 0 0 0 0 0 0 0 0 0 0 0 0 0 0 0
 -1991 7 13 3 2 1 56 56 1 0 0 0 0 1 0 0 0 0 0 0 0 0 0 0 0 0 0 0 0 0
 -1991 7 13 3 2 1 60 60 1 0 0 0 0 1 0 0 0 0 0 0 0 0 0 0 0 0 0 0 0 0
 -1991 7 13 3 2 1 62 62 1 0 0 0 0 0 1 0 0 0 0 0 0 0 0 0 0 0 0 0 0 0
 1992 7 13 3 2 1 28 28 8 0 0 0.769 0.231 0 0 0 0 0 0 0 0 0 0 0 0 0 0 0 0 0
 1992 7 13 3 2 1 30 30 26 0 0 0.71 0.274 0.016 0 0 0 0 0 0 0 0 0 0 0 0 0 0 0 0
 1992 7 13 3 2 1 32 32 32 0 0 0.664 0.327 0.009 0 0 0 0 0 0 0 0 0 0 0 0 0 0 0 0
 1992 7 13 3 2 1 34 34 28 0 0 0.419 0.581 0 0 0 0 0 0 0 0 0 0 0 0 0 0 0 0 0
 1992 7 13 3 2 1 36 36 30 0 0 0.121 0.879 0 0 0 0 0 0 0 0 0 0 0 0 0 0 0 0 0
 1992 7 13 3 2 1 38 38 26 0 0 0.038 0.887 0.075 0 0 0 0 0 0 0 0 0 0 0 0 0 0 0 0
 1992 7 13 3 2 1 40 40 18 0 0 0.028 0.833 0.139 0 0 0 0 0 0 0 0 0 0 0 0 0 0 0 0
 1992 7 13 3 2 1 42 42 15 0 0 0 0.808 0.192 0 0 0 0 0 0 0 0 0 0 0 0 0 0 0 0
 1992 7 13 3 2 1 44 44 9 0 0 0 0.812 0.188 0 0 0 0 0 0 0 0 0 0 0 0 0 0 0 0
 1992 7 13 3 2 1 46 46 7 0 0 0 0.714 0.286 0 0 0 0 0 0 0 0 0 0 0 0 0 0 0 0
 1992 7 13 3 2 1 48 48 4 0 0 0 0.25 0.75 0 0 0 0 0 0 0 0 0 0 0 0 0 0 0 0
 1992 7 13 3 2 1 50 50 4 0 0 0 0.5 0.5 0 0 0 0 0 0 0 0 0 0 0 0 0 0 0 0
 1992 7 13 3 2 1 52 52 3 0 0 0 0 0.8 0.2 0 0 0 0 0 0 0 0 0 0 0 0 0 0 0
 1992 7 13 3 2 1 54 54 2 0 0 0 0.5 0.5 0 0 0 0 0 0 0 0 0 0 0 0 0 0 0 0
 -1992 7 13 3 2 1 56 56 1 0 0 0 0 0 1 0 0 0 0 0 0 0 0 0 0 0 0 0 0 0
 1992 7 13 3 2 1 58 58 2 0 0 0 0 0 0.5 0.5 0 0 0 0 0 0 0 0 0 0 0 0 0 0
 1992 7 13 3 2 1 60 60 2 0 0 0 0 0.25 0.75 0 0 0 0 0 0 0 0 0 0 0 0 0 0 0
 1992 7 13 3 2 1 62 62 5 0 0 0 0 0.167 0.5 0.333 0 0 0 0 0 0 0 0 0 0 0 0 0 0
 1992 7 13 3 2 1 64 64 3 0 0 0 0 0 0.667 0.333 0 0 0 0 0 0 0 0 0 0 0 0 0 0
 1992 7 13 3 2 1 66 66 4 0 0 0 0 0 0.25 0.5 0.25 0 0 0 0 0 0 0 0 0 0 0 0 0
 1992 7 13 3 2 1 68 68 3 0 0 0 0 0 0.333 0 0.667 0 0 0 0 0 0 0 0 0 0 0 0 0
 1992 7 13 3 2 1 70 70 4 0 0 0 0 0 0 0.5 0.5 0 0 0 0 0 0 0 0 0 0 0 0 0
 1992 7 13 3 2 1 72 72 2 0 0 0 0 0 0 0 1 0 0 0 0 0 0 0 0 0 0 0 0 0
 -1992 7 13 3 2 1 74 74 1 0 0 0 0 0 0 0 1 0 0 0 0 0 0 0 0 0 0 0 0 0
 1993 7 13 3 2 1 30 30 5 0 0 1 0 0 0 0 0 0 0 0 0 0 0 0 0 0 0 0 0 0
 1993 7 13 3 2 1 32 32 9 0 0 1 0 0 0 0 0 0 0 0 0 0 0 0 0 0 0 0 0 0
 1993 7 13 3 2 1 34 34 13 0 0.02 0.959 0.02 0 0 0 0 0 0 0 0 0 0 0 0 0 0 0 0 0
 1993 7 13 3 2 1 36 36 13 0 0.051 0.846 0.103 0 0 0 0 0 0 0 0 0 0 0 0 0 0 0 0 0
 1993 7 13 3 2 1 38 38 7 0 0 0.923 0.077 0 0 0 0 0 0 0 0 0 0 0 0 0 0 0 0 0
 1993 7 13 3 2 1 40 40 8 0 0 0.778 0.111 0.111 0 0 0 0 0 0 0 0 0 0 0 0 0 0 0 0
 1993 7 13 3 2 1 42 42 9 0 0 0.643 0.286 0.071 0 0 0 0 0 0 0 0 0 0 0 0 0 0 0 0
 1993 7 13 3 2 1 44 44 7 0 0 0.571 0.429 0 0 0 0 0 0 0 0 0 0 0 0 0 0 0 0 0
 1993 7 13 3 2 1 46 46 4 0 0 0.5 0.5 0 0 0 0 0 0 0 0 0 0 0 0 0 0 0 0 0
 1993 7 13 3 2 1 48 48 5 0 0 0.25 0.625 0.125 0 0 0 0 0 0 0 0 0 0 0 0 0 0 0 0
 1993 7 13 3 2 1 50 50 5 0 0 0.333 0.667 0 0 0 0 0 0 0 0 0 0 0 0 0 0 0 0 0
 1993 7 13 3 2 1 52 52 3 0 0 0 1 0 0 0 0 0 0 0 0 0 0 0 0 0 0 0 0 0
 1993 7 13 3 2 1 56 56 2 0 0 0 1 0 0 0 0 0 0 0 0 0 0 0 0 0 0 0 0 0
 -1993 7 13 3 2 1 58 58 1 0 0 0 1 0 0 0 0 0 0 0 0 0 0 0 0 0 0 0 0 0
 1993 7 13 3 2 1 60 60 2 0 0 0 0 1 0 0 0 0 0 0 0 0 0 0 0 0 0 0 0 0
 -1998 7 13 3 2 1 34 34 1 0 1 0 0 0 0 0 0 0 0 0 0 0 0 0 0 0 0 0 0 0
 1998 7 13 3 2 1 36 36 5 0 0.143 0.429 0.429 0 0 0 0 0 0 0 0 0 0 0 0 0 0 0 0 0
 1998 7 13 3 2 1 38 38 5 0 0.125 0.125 0.75 0 0 0 0 0 0 0 0 0 0 0 0 0 0 0 0 0
 1998 7 13 3 2 1 40 40 5 0 0 0.182 0.727 0.091 0 0 0 0 0 0 0 0 0 0 0 0 0 0 0 0
 1998 7 13 3 2 1 42 42 9 0 0 0.333 0.467 0.2 0 0 0 0 0 0 0 0 0 0 0 0 0 0 0 0
 1998 7 13 3 2 1 44 44 8 0 0 0.091 0.909 0 0 0 0 0 0 0 0 0 0 0 0 0 0 0 0 0
 1998 7 13 3 2 1 46 46 6 0 0 0 0.769 0.231 0 0 0 0 0 0 0 0 0 0 0 0 0 0 0 0
 1998 7 13 3 2 1 48 48 6 0 0 0 0.688 0.312 0 0 0 0 0 0 0 0 0 0 0 0 0 0 0 0
 1998 7 13 3 2 1 50 50 6 0 0 0.1 0.6 0.2 0.1 0 0 0 0 0 0 0 0 0 0 0 0 0 0 0
 1998 7 13 3 2 1 52 52 4 0 0 0 0.333 0.333 0.333 0 0 0 0 0 0 0 0 0 0 0 0 0 0 0
 1998 7 13 3 2 1 54 54 4 0 0 0 0.5 0.375 0 0.125 0 0 0 0 0 0 0 0 0 0 0 0 0 0
 1998 7 13 3 2 1 56 56 3 0 0 0 0.4 0.4 0.2 0 0 0 0 0 0 0 0 0 0 0 0 0 0 0
 1998 7 13 3 2 1 58 58 3 0 0 0 0.2 0.6 0 0.2 0 0 0 0 0 0 0 0 0 0 0 0 0 0
 1998 7 13 3 2 1 60 60 2 0 0 0 0.333 0.667 0 0 0 0 0 0 0 0 0 0 0 0 0 0 0 0
 1998 7 13 3 2 1 62 62 3 0 0 0 0.25 0.25 0.5 0 0 0 0 0 0 0 0 0 0 0 0 0 0 0
 1998 7 13 3 2 1 64 64 3 0 0 0 0.25 0.5 0.25 0 0 0 0 0 0 0 0 0 0 0 0 0 0 0
 1998 7 13 3 2 1 66 66 3 0 0 0 0 1 0 0 0 0 0 0 0 0 0 0 0 0 0 0 0 0
 1998 7 13 3 2 1 68 68 2 0 0 0 0 0.5 0.5 0 0 0 0 0 0 0 0 0 0 0 0 0 0 0
 1998 7 13 3 2 1 70 70 2 0 0 0 0 0 0.5 0.5 0 0 0 0 0 0 0 0 0 0 0 0 0 0
 -1998 7 13 3 2 1 74 74 1 0 0 0 0 0 0 0 0 1 0 0 0 0 0 0 0 0 0 0 0 0
 -1999 7 13 3 2 1 38 38 1 0 0 0 0 1 0 0 0 0 0 0 0 0 0 0 0 0 0 0 0 0
 1999 7 13 3 2 1 40 40 2 0 0 0.333 0.5 0.167 0 0 0 0 0 0 0 0 0 0 0 0 0 0 0 0
 1999 7 13 3 2 1 42 42 2 0 0 0.053 0.842 0.105 0 0 0 0 0 0 0 0 0 0 0 0 0 0 0 0
 1999 7 13 3 2 1 44 44 2 0 0 0 0.714 0.286 0 0 0 0 0 0 0 0 0 0 0 0 0 0 0 0
 1999 7 13 3 2 1 46 46 2 0 0 0 0.333 0.417 0.25 0 0 0 0 0 0 0 0 0 0 0 0 0 0 0
 1999 7 13 3 2 1 48 48 2 0 0 0 0.429 0.571 0 0 0 0 0 0 0 0 0 0 0 0 0 0 0 0
 1999 7 13 3 2 1 50 50 2 0 0 0 0 0.909 0.091 0 0 0 0 0 0 0 0 0 0 0 0 0 0 0
 1999 7 13 3 2 1 52 52 2 0 0 0 0 0.778 0.222 0 0 0 0 0 0 0 0 0 0 0 0 0 0 0
 1999 7 13 3 2 1 54 54 2 0 0 0 0 0.857 0.143 0 0 0 0 0 0 0 0 0 0 0 0 0 0 0
 -1999 7 13 3 2 1 56 56 1 0 0 0 0 1 0 0 0 0 0 0 0 0 0 0 0 0 0 0 0 0
 -1999 7 13 3 2 1 64 64 1 0 0 0 0 0 1 0 0 0 0 0 0 0 0 0 0 0 0 0 0 0
 1999 7 13 3 2 1 66 66 2 0 0 0 0 0 0 0.667 0.333 0 0 0 0 0 0 0 0 0 0 0 0 0
 1999 7 13 3 2 1 68 68 2 0 0 0 0 0.333 0 0.667 0 0 0 0 0 0 0 0 0 0 0 0 0 0
 1999 7 13 3 2 1 70 70 2 0 0 0 0 0 0 1 0 0 0 0 0 0 0 0 0 0 0 0 0 0
 -2000 7 13 3 2 1 68 68 1 0 0 0 0 0 0 0 1 0 0 0 0 0 0 0 0 0 0 0 0 0
 -2000 7 13 3 2 1 78 78 1 0 0 0 0 0 0 0 0 0 0 0 0 0 0 0 0 1 0 0 0 0
 -2002 7 13 3 2 1 30 30 1 0 0 1 0 0 0 0 0 0 0 0 0 0 0 0 0 0 0 0 0 0
 -2002 7 13 3 2 1 32 32 1 0 0 0 1 0 0 0 0 0 0 0 0 0 0 0 0 0 0 0 0 0
 -2002 7 13 3 2 1 34 34 1 0 0 0 1 0 0 0 0 0 0 0 0 0 0 0 0 0 0 0 0 0
 2002 7 13 3 2 1 36 36 15 0 0 0.147 0.765 0.088 0 0 0 0 0 0 0 0 0 0 0 0 0 0 0 0
 2002 7 13 3 2 1 38 38 26 0 0.02 0.176 0.686 0.118 0 0 0 0 0 0 0 0 0 0 0 0 0 0 0 0
 2002 7 13 3 2 1 40 40 23 0 0.022 0.156 0.6 0.222 0 0 0 0 0 0 0 0 0 0 0 0 0 0 0 0
 2002 7 13 3 2 1 42 42 17 0 0 0.094 0.531 0.375 0 0 0 0 0 0 0 0 0 0 0 0 0 0 0 0
 2002 7 13 3 2 1 44 44 15 0 0 0.111 0.444 0.389 0 0 0.056 0 0 0 0 0 0 0 0 0 0 0 0 0
 2002 7 13 3 2 1 46 46 10 0 0 0.077 0.308 0.615 0 0 0 0 0 0 0 0 0 0 0 0 0 0 0 0
 2002 7 13 3 2 1 48 48 10 0 0 0.067 0.333 0.267 0.333 0 0 0 0 0 0 0 0 0 0 0 0 0 0 0
 2002 7 13 3 2 1 50 50 6 0 0 0 0.143 0.714 0.143 0 0 0 0 0 0 0 0 0 0 0 0 0 0 0
 2002 7 13 3 2 1 52 52 4 0 0 0 0 0.4 0.6 0 0 0 0 0 0 0 0 0 0 0 0 0 0 0
 -2002 7 13 3 2 1 54 54 1 0 0 0 0 0 0.5 0.5 0 0 0 0 0 0 0 0 0 0 0 0 0 0
 -2002 7 13 3 2 1 56 56 1 0 0 0 0 1 0 0 0 0 0 0 0 0 0 0 0 0 0 0 0 0
 2002 7 13 3 2 1 58 58 3 0 0 0 0 1 0 0 0 0 0 0 0 0 0 0 0 0 0 0 0 0
 2002 7 13 3 2 1 60 60 3 0 0 0 0.333 0.333 0.333 0 0 0 0 0 0 0 0 0 0 0 0 0 0 0
 2002 7 13 3 2 1 62 62 5 0 0 0 0.2 0.2 0.6 0 0 0 0 0 0 0 0 0 0 0 0 0 0 0
 2002 7 13 3 2 1 64 64 2 0 0 0 0 0.5 0.5 0 0 0 0 0 0 0 0 0 0 0 0 0 0 0
 2002 7 13 3 2 1 66 66 2 0 0 0 0 0 0 0.5 0.5 0 0 0 0 0 0 0 0 0 0 0 0 0
 2002 7 13 3 2 1 68 68 2 0 0 0 0 0 0.5 0.5 0 0 0 0 0 0 0 0 0 0 0 0 0 0
 -2002 7 13 3 2 1 70 70 1 0 0 0 0 0 0 0.333 0.667 0 0 0 0 0 0 0 0 0 0 0 0 0
 2003 7 13 3 2 1 34 34 4 0 0 0 0.667 0.167 0.167 0 0 0 0 0 0 0 0 0 0 0 0 0 0 0
 2003 7 13 3 2 1 36 36 25 0 0 0.195 0.341 0.244 0.195 0.024 0 0 0 0 0 0 0 0 0 0 0 0 0 0
 2003 7 13 3 2 1 38 38 28 0 0 0.081 0.405 0.378 0.108 0.027 0 0 0 0 0 0 0 0 0 0 0 0 0 0
 2003 7 13 3 2 1 40 40 21 0 0 0.056 0.444 0.222 0.194 0.083 0 0 0 0 0 0 0 0 0 0 0 0 0 0
 2003 7 13 3 2 1 42 42 22 0 0 0 0.452 0.161 0.097 0.226 0.032 0 0 0 0 0 0.032 0 0 0 0 0 0 0
 2003 7 13 3 2 1 44 44 13 0 0 0.062 0.313 0.125 0.125 0.187 0.188 0 0 0 0 0 0 0 0 0 0 0 0 0
 2003 7 13 3 2 1 46 46 4 0 0 0 0 0.6 0.4 0 0 0 0 0 0 0 0 0 0 0 0 0 0 0
 2003 7 13 3 2 1 48 48 10 0 0 0 0.3 0.5 0 0.1 0 0.1 0 0 0 0 0 0 0 0 0 0 0 0
 2003 7 13 3 2 1 50 50 5 0 0 0 0.333 0 0.5 0 0.167 0 0 0 0 0 0 0 0 0 0 0 0 0
 2003 7 13 3 2 1 52 52 4 0 0 0 0.2 0 0.4 0 0.2 0.2 0 0 0 0 0 0 0 0 0 0 0 0
 2003 7 13 3 2 1 54 54 5 0 0 0 0.2 0.4 0 0.4 0 0 0 0 0 0 0 0 0 0 0 0 0 0
 2003 7 13 3 2 1 56 56 3 0 0 0 0 0.333 0.333 0.333 0 0 0 0 0 0 0 0 0 0 0 0 0 0
 -2003 7 13 3 2 1 58 58 1 0 0 0 0 0 0 0 0 0 1 0 0 0 0 0 0 0 0 0 0 0
 2003 7 13 3 2 1 60 60 4 0 0 0 0 0.25 0.25 0.25 0.25 0 0 0 0 0 0 0 0 0 0 0 0 0
 2003 7 13 3 2 1 62 62 3 0 0 0 0 0 0 0.333 0.333 0 0.333 0 0 0 0 0 0 0 0 0 0 0
 2003 7 13 3 2 1 64 64 5 0 0 0 0 0.2 0.2 0.2 0.4 0 0 0 0 0 0 0 0 0 0 0 0 0
 2003 7 13 3 2 1 66 66 5 0 0 0 0 0.143 0 0.286 0.143 0.286 0.143 0 0 0 0 0 0 0 0 0 0 0
 2003 7 13 3 2 1 68 68 4 0 0 0 0 0.25 0 0.25 0 0 0 0.25 0 0 0.25 0 0 0 0 0 0 0
 2003 7 13 3 2 1 70 70 3 0 0 0 0 0 0.333 0.333 0 0.333 0 0 0 0 0 0 0 0 0 0 0 0
 -2003 7 13 3 2 1 72 72 1 0 0 0 0 0 0 0 1 0 0 0 0 0 0 0 0 0 0 0 0 0
 -2003 7 13 3 2 1 76 76 1 0 0 0 0 0 0 0 1 0 0 0 0 0 0 0 0 0 0 0 0 0
 2003 7 13 3 2 1 78 78 2 0 0 0 0 0 0 0 0 0 0 0 0 0 0 0.5 0 0.5 0 0 0 0
 -2004 7 13 3 2 1 26 26 1 0 0 0 1 0 0 0 0 0 0 0 0 0 0 0 0 0 0 0 0 0
 -2004 7 13 3 2 1 30 30 1 0 0 1 0 0 0 0 0 0 0 0 0 0 0 0 0 0 0 0 0 0
 2004 7 13 3 2 1 32 32 2 0 0 0 1 0 0 0 0 0 0 0 0 0 0 0 0 0 0 0 0 0
 2004 7 13 3 2 1 34 34 6 0 0 0.04 0.92 0.04 0 0 0 0 0 0 0 0 0 0 0 0 0 0 0 0
 2004 7 13 3 2 1 36 36 22 0 0 0.319 0.596 0.064 0 0.021 0 0 0 0 0 0 0 0 0 0 0 0 0 0
 2004 7 13 3 2 1 38 38 36 0 0 0.393 0.482 0.125 0 0 0 0 0 0 0 0 0 0 0 0 0 0 0 0
 2004 7 13 3 2 1 40 40 30 0 0 0.172 0.724 0.069 0.034 0 0 0 0 0 0 0 0 0 0 0 0 0 0 0
 2004 7 13 3 2 1 42 42 26 0 0 0.254 0.507 0.224 0.015 0 0 0 0 0 0 0 0 0 0 0 0 0 0 0
 2004 7 13 3 2 1 44 44 29 0 0 0.173 0.635 0.173 0.019 0 0 0 0 0 0 0 0 0 0 0 0 0 0 0
 2004 7 13 3 2 1 46 46 22 0 0 0.083 0.722 0.139 0 0.056 0 0 0 0 0 0 0 0 0 0 0 0 0 0
 2004 7 13 3 2 1 48 48 12 0 0 0 0.588 0.294 0.118 0 0 0 0 0 0 0 0 0 0 0 0 0 0 0
 2004 7 13 3 2 1 50 50 7 0 0 0 0.4 0.6 0 0 0 0 0 0 0 0 0 0 0 0 0 0 0 0
 2004 7 13 3 2 1 52 52 5 0 0 0 0.4 0.4 0.2 0 0 0 0 0 0 0 0 0 0 0 0 0 0 0
 2004 7 13 3 2 1 54 54 3 0 0 0 0.333 0.667 0 0 0 0 0 0 0 0 0 0 0 0 0 0 0 0
 2004 7 13 3 2 1 56 56 6 0 0 0 0.429 0.571 0 0 0 0 0 0 0 0 0 0 0 0 0 0 0 0
 2004 7 13 3 2 1 58 58 2 0 0 0 0.5 0.5 0 0 0 0 0 0 0 0 0 0 0 0 0 0 0 0
 2004 7 13 3 2 1 60 60 2 0 0 0 0.5 0.5 0 0 0 0 0 0 0 0 0 0 0 0 0 0 0 0
 -2004 7 13 3 2 1 62 62 1 0 0 0 0 1 0 0 0 0 0 0 0 0 0 0 0 0 0 0 0 0
 2004 7 13 3 2 1 64 64 2 0 0 0 0 0.5 0 0.5 0 0 0 0 0 0 0 0 0 0 0 0 0 0
 2004 7 13 3 2 1 66 66 2 0 0 0 0 0.5 0.5 0 0 0 0 0 0 0 0 0 0 0 0 0 0 0
 2004 7 13 3 2 1 68 68 2 0 0 0 0 0.5 0.5 0 0 0 0 0 0 0 0 0 0 0 0 0 0 0
 -2004 7 13 3 2 1 74 74 1 0 0 0 0 0 0 1 0 0 0 0 0 0 0 0 0 0 0 0 0 0
 -2005 7 13 3 2 1 30 30 1 0 0 0 1 0 0 0 0 0 0 0 0 0 0 0 0 0 0 0 0 0
 2005 7 13 3 2 1 34 34 2 0 0 0 0.333 0.333 0.333 0 0 0 0 0 0 0 0 0 0 0 0 0 0 0
 2005 7 13 3 2 1 36 36 20 0 0.034 0.276 0.379 0.207 0.034 0.034 0.034 0 0 0 0 0 0 0 0 0 0 0 0 0
 2005 7 13 3 2 1 38 38 39 0 0.013 0.227 0.307 0.28 0.12 0.027 0.027 0 0 0 0 0 0 0 0 0 0 0 0 0
 2005 7 13 3 2 1 40 40 45 0 0 0.098 0.463 0.268 0.11 0.024 0.012 0.024 0 0 0 0 0 0 0 0 0 0 0 0
 2005 7 13 3 2 1 42 42 42 0 0 0.11 0.479 0.219 0.11 0.055 0.014 0.014 0 0 0 0 0 0 0 0 0 0 0 0
 2005 7 13 3 2 1 44 44 25 0 0 0 0.512 0.256 0.186 0.047 0 0 0 0 0 0 0 0 0 0 0 0 0 0
 2005 7 13 3 2 1 46 46 24 0 0 0 0.389 0.278 0.278 0 0.028 0.028 0 0 0 0 0 0 0 0 0 0 0 0
 2005 7 13 3 2 1 48 48 18 0 0 0 0.476 0.238 0.238 0 0.048 0 0 0 0 0 0 0 0 0 0 0 0 0
 2005 7 13 3 2 1 50 50 12 0 0 0.071 0.214 0.357 0.143 0.214 0 0 0 0 0 0 0 0 0 0 0 0 0 0
 2005 7 13 3 2 1 52 52 10 0 0 0.1 0.4 0.3 0 0.2 0 0 0 0 0 0 0 0 0 0 0 0 0 0
 2005 7 13 3 2 1 54 54 8 0 0 0 0.333 0.111 0.333 0.111 0.111 0 0 0 0 0 0 0 0 0 0 0 0 0
 2005 7 13 3 2 1 56 56 3 0 0 0 0 0.333 0.667 0 0 0 0 0 0 0 0 0 0 0 0 0 0 0
 2005 7 13 3 2 1 58 58 3 0 0 0 0 0.333 0 0.667 0 0 0 0 0 0 0 0 0 0 0 0 0 0
 2005 7 13 3 2 1 60 60 6 0 0 0 0 0.667 0.167 0.167 0 0 0 0 0 0 0 0 0 0 0 0 0 0
 2005 7 13 3 2 1 62 62 5 0 0 0 0 0.6 0.2 0.2 0 0 0 0 0 0 0 0 0 0 0 0 0 0
 2005 7 13 3 2 1 64 64 3 0 0 0 0 0.333 0.667 0 0 0 0 0 0 0 0 0 0 0 0 0 0 0
 2005 7 13 3 2 1 66 66 5 0 0 0 0 0 0.4 0.4 0.2 0 0 0 0 0 0 0 0 0 0 0 0 0
 -2005 7 13 3 2 1 68 68 1 0 0 0 0 0 0 0 1 0 0 0 0 0 0 0 0 0 0 0 0 0
 -2005 7 13 3 2 1 70 70 1 0 0 0 0 0 0 0 0 1 0 0 0 0 0 0 0 0 0 0 0 0
 2005 7 13 3 2 1 72 72 4 0 0 0 0 0 0.2 0.2 0 0.2 0 0.2 0.2 0 0 0 0 0 0 0 0 0
 2005 7 13 3 2 1 74 74 4 0 0 0 0 0 0 0 0.2 0.6 0 0 0.2 0 0 0 0 0 0 0 0 0
 2005 7 13 3 2 1 76 76 2 0 0 0 0 0 0 0 0.5 0 0 0 0.5 0 0 0 0 0 0 0 0 0
 -2005 7 13 3 2 1 78 78 1 0 0 0 0 0 0 0 1 0 0 0 0 0 0 0 0 0 0 0 0 0
 -2005 7 13 3 2 1 80 80 1 0 0 0 0 0 0 0 0 0 0 0 0 0 0 1 0 0 0 0 0 0
 -2005 7 13 3 2 1 84 84 1 0 0 0 0 0 0 0 0 0 0 1 0 0 0 0 0 0 0 0 0 0
 2006 7 13 3 2 1 34 34 2 0 0 0 0.5 0.5 0 0 0 0 0 0 0 0 0 0 0 0 0 0 0 0
 2006 7 13 3 2 1 36 36 18 0 0 0.238 0.476 0.286 0 0 0 0 0 0 0 0 0 0 0 0 0 0 0 0
 2006 7 13 3 2 1 38 38 35 0 0 0.106 0.682 0.182 0.015 0.015 0 0 0 0 0 0 0 0 0 0 0 0 0 0
 2006 7 13 3 2 1 40 40 28 0 0 0.096 0.538 0.308 0.038 0 0 0.019 0 0 0 0 0 0 0 0 0 0 0 0
 2006 7 13 3 2 1 42 42 23 0 0 0.068 0.455 0.432 0.023 0.023 0 0 0 0 0 0 0 0 0 0 0 0 0 0
 2006 7 13 3 2 1 44 44 18 0 0 0.037 0.37 0.519 0.074 0 0 0 0 0 0 0 0 0 0 0 0 0 0 0
 2006 7 13 3 2 1 46 46 13 0 0 0 0.667 0.267 0.067 0 0 0 0 0 0 0 0 0 0 0 0 0 0 0
 2006 7 13 3 2 1 48 48 7 0 0 0.111 0.222 0.444 0.222 0 0 0 0 0 0 0 0 0 0 0 0 0 0 0
 2006 7 13 3 2 1 50 50 8 0 0 0 0.25 0.375 0.125 0.125 0 0.125 0 0 0 0 0 0 0 0 0 0 0 0
 2006 7 13 3 2 1 52 52 3 0 0 0 0 1 0 0 0 0 0 0 0 0 0 0 0 0 0 0 0 0
 2006 7 13 3 2 1 54 54 2 0 0 0 0 1 0 0 0 0 0 0 0 0 0 0 0 0 0 0 0 0
 2006 7 13 3 2 1 56 56 5 0 0 0 0.2 0.4 0.2 0.2 0 0 0 0 0 0 0 0 0 0 0 0 0 0
 2006 7 13 3 2 1 58 58 3 0 0 0 0 1 0 0 0 0 0 0 0 0 0 0 0 0 0 0 0 0
 2006 7 13 3 2 1 60 60 2 0 0 0 0 0.5 0 0 0.5 0 0 0 0 0 0 0 0 0 0 0 0 0
 2006 7 13 3 2 1 62 62 3 0 0 0 0 0.667 0 0.333 0 0 0 0 0 0 0 0 0 0 0 0 0 0
 2006 7 13 3 2 1 64 64 2 0 0 0 0 0 0.5 0.5 0 0 0 0 0 0 0 0 0 0 0 0 0 0
 2006 7 13 3 2 1 66 66 4 0 0 0 0 0 0.5 0.25 0.25 0 0 0 0 0 0 0 0 0 0 0 0 0
 -2006 7 13 3 2 1 68 68 1 0 0 0 0 0 0 1 0 0 0 0 0 0 0 0 0 0 0 0 0 0
 2006 7 13 3 2 1 70 70 3 0 0 0 0 0 0.333 0 0.333 0.333 0 0 0 0 0 0 0 0 0 0 0 0
 2006 7 13 3 2 1 72 72 2 0 0 0 0 0 0 1 0 0 0 0 0 0 0 0 0 0 0 0 0 0
 2006 7 13 3 2 1 76 76 2 0 0 0 0 0 0 0.5 0.5 0 0 0 0 0 0 0 0 0 0 0 0 0
 -2006 7 13 3 2 1 84 84 1 0 0 0 0 0 0 0 0 0 0 0 0 0 0 0 0 0 0 0 1 0
 2007 7 13 3 2 1 34 34 2 0 0 0 1 0 0 0 0 0 0 0 0 0 0 0 0 0 0 0 0 0
 2007 7 13 3 2 1 36 36 13 0 0 0.3 0.55 0.15 0 0 0 0 0 0 0 0 0 0 0 0 0 0 0 0
 2007 7 13 3 2 1 38 38 36 0 0 0.22 0.644 0.102 0.034 0 0 0 0 0 0 0 0 0 0 0 0 0 0 0
 2007 7 13 3 2 1 40 40 42 0 0 0.067 0.767 0.15 0.017 0 0 0 0 0 0 0 0 0 0 0 0 0 0 0
 2007 7 13 3 2 1 42 42 37 0 0 0 0.741 0.204 0.056 0 0 0 0 0 0 0 0 0 0 0 0 0 0 0
 2007 7 13 3 2 1 44 44 52 0 0 0.052 0.623 0.299 0.026 0 0 0 0 0 0 0 0 0 0 0 0 0 0 0
 2007 7 13 3 2 1 46 46 41 0 0 0.046 0.646 0.262 0.046 0 0 0 0 0 0 0 0 0 0 0 0 0 0 0
 2007 7 13 3 2 1 48 48 30 0 0 0 0.647 0.294 0.029 0.029 0 0 0 0 0 0 0 0 0 0 0 0 0 0
 2007 7 13 3 2 1 50 50 21 0 0 0 0.52 0.44 0.04 0 0 0 0 0 0 0 0 0 0 0 0 0 0 0
 2007 7 13 3 2 1 52 52 17 0 0 0 0.4 0.5 0.1 0 0 0 0 0 0 0 0 0 0 0 0 0 0 0
 2007 7 13 3 2 1 54 54 10 0 0 0 0.2 0.7 0 0.1 0 0 0 0 0 0 0 0 0 0 0 0 0 0
 2007 7 13 3 2 1 56 56 10 0 0 0 0.091 0.636 0 0.182 0.091 0 0 0 0 0 0 0 0 0 0 0 0 0
 2007 7 13 3 2 1 58 58 6 0 0 0 0.125 0.25 0.25 0 0 0.25 0.125 0 0 0 0 0 0 0 0 0 0 0
 2007 7 13 3 2 1 60 60 5 0 0 0 0 0.6 0 0.4 0 0 0 0 0 0 0 0 0 0 0 0 0 0
 2007 7 13 3 2 1 62 62 6 0 0 0.111 0 0.111 0.444 0 0.111 0 0.222 0 0 0 0 0 0 0 0 0 0 0
 2007 7 13 3 2 1 64 64 5 0 0 0 0 0.2 0.2 0.2 0.2 0 0.2 0 0 0 0 0 0 0 0 0 0 0
 2007 7 13 3 2 1 66 66 3 0 0 0 0 0 0.25 0.5 0.25 0 0 0 0 0 0 0 0 0 0 0 0 0
 2007 7 13 3 2 1 68 68 4 0 0 0 0.25 0.25 0 0 0.5 0 0 0 0 0 0 0 0 0 0 0 0 0
 -2007 7 13 3 2 1 72 72 1 0 0 0 0 0 0 1 0 0 0 0 0 0 0 0 0 0 0 0 0 0
 -2007 7 13 3 2 1 74 74 1 0 0 0 0 0 0 0 0 0 0 0 1 0 0 0 0 0 0 0 0 0
 2007 7 13 3 2 1 76 76 3 0 0 0 0.333 0 0 0 0 0 0.333 0 0 0.333 0 0 0 0 0 0 0 0
 -2007 7 13 3 2 1 82 82 1 0 0 0 0 0 0 0 0 0 0 0 0 0 0 0 0 0 0 0 0 1
 -2008 7 13 3 2 1 34 34 1 0 0 0 1 0 0 0 0 0 0 0 0 0 0 0 0 0 0 0 0 0
 2008 7 13 3 2 1 36 36 2 0 0 0 0.667 0.333 0 0 0 0 0 0 0 0 0 0 0 0 0 0 0 0
 2008 7 13 3 2 1 38 38 6 0 0 0.375 0.625 0 0 0 0 0 0 0 0 0 0 0 0 0 0 0 0 0
 2008 7 13 3 2 1 40 40 17 0 0 0.182 0.591 0.227 0 0 0 0 0 0 0 0 0 0 0 0 0 0 0 0
 2008 7 13 3 2 1 42 42 18 0 0 0 0.63 0.296 0.074 0 0 0 0 0 0 0 0 0 0 0 0 0 0 0
 2008 7 13 3 2 1 44 44 27 0 0 0.071 0.5 0.357 0.071 0 0 0 0 0 0 0 0 0 0 0 0 0 0 0
 2008 7 13 3 2 1 46 46 28 0 0 0.061 0.469 0.388 0.061 0.02 0 0 0 0 0 0 0 0 0 0 0 0 0 0
 2008 7 13 3 2 1 48 48 31 0 0 0 0.409 0.591 0 0 0 0 0 0 0 0 0 0 0 0 0 0 0 0
 2008 7 13 3 2 1 50 50 38 0 0 0.018 0.309 0.564 0.091 0.018 0 0 0 0 0 0 0 0 0 0 0 0 0 0
 2008 7 13 3 2 1 52 52 36 0 0 0 0.236 0.618 0.091 0.036 0.018 0 0 0 0 0 0 0 0 0 0 0 0 0
 2008 7 13 3 2 1 54 54 28 0 0 0 0.135 0.676 0.189 0 0 0 0 0 0 0 0 0 0 0 0 0 0 0
 2008 7 13 3 2 1 56 56 27 0 0 0 0.071 0.762 0.143 0.024 0 0 0 0 0 0 0 0 0 0 0 0 0 0
 2008 7 13 3 2 1 58 58 24 0 0 0 0 0.735 0.235 0.029 0 0 0 0 0 0 0 0 0 0 0 0 0 0
 2008 7 13 3 2 1 60 60 18 0 0 0 0 0.5 0.417 0.083 0 0 0 0 0 0 0 0 0 0 0 0 0 0
 2008 7 13 3 2 1 62 62 8 0 0 0 0 0.556 0.333 0 0 0 0 0 0.111 0 0 0 0 0 0 0 0 0
 2008 7 13 3 2 1 64 64 6 0 0 0 0 0 0.833 0.167 0 0 0 0 0 0 0 0 0 0 0 0 0 0
 2008 7 13 3 2 1 66 66 5 0 0 0 0 0 0.667 0.333 0 0 0 0 0 0 0 0 0 0 0 0 0 0
 -2008 7 13 3 2 1 68 68 1 0 0 0 0 0 0 0 0 1 0 0 0 0 0 0 0 0 0 0 0 0
 2008 7 13 3 2 1 74 74 2 0 0 0 0 0 0 0 0 0 0.5 0 0.5 0 0 0 0 0 0 0 0 0
 -2009 7 13 3 2 1 36 36 1 0 0 0 1 0 0 0 0 0 0 0 0 0 0 0 0 0 0 0 0 0
 -2009 7 13 3 2 1 38 38 1 0 0 0 0 1 0 0 0 0 0 0 0 0 0 0 0 0 0 0 0 0
 2009 7 13 3 2 1 40 40 5 0 0 0 0.6 0.2 0.2 0 0 0 0 0 0 0 0 0 0 0 0 0 0 0
 2009 7 13 3 2 1 42 42 15 0 0.053 0.053 0.474 0.368 0.053 0 0 0 0 0 0 0 0 0 0 0 0 0 0 0
 2009 7 13 3 2 1 44 44 20 0 0 0.057 0.514 0.314 0.114 0 0 0 0 0 0 0 0 0 0 0 0 0 0 0
 2009 7 13 3 2 1 46 46 25 0 0 0 0.375 0.5 0.094 0.031 0 0 0 0 0 0 0 0 0 0 0 0 0 0
 2009 7 13 3 2 1 48 48 26 0 0 0 0.278 0.389 0.278 0.056 0 0 0 0 0 0 0 0 0 0 0 0 0 0
 2009 7 13 3 2 1 50 50 28 0 0 0 0.171 0.512 0.293 0.024 0 0 0 0 0 0 0 0 0 0 0 0 0 0
 2009 7 13 3 2 1 52 52 36 0 0 0.023 0.023 0.651 0.256 0.047 0 0 0 0 0 0 0 0 0 0 0 0 0 0
 2009 7 13 3 2 1 54 54 31 0 0 0 0.103 0.564 0.282 0.051 0 0 0 0 0 0 0 0 0 0 0 0 0 0
 2009 7 13 3 2 1 56 56 24 0 0 0 0.059 0.559 0.265 0.118 0 0 0 0 0 0 0 0 0 0 0 0 0 0
 2009 7 13 3 2 1 58 58 27 0 0 0 0.028 0.583 0.333 0.056 0 0 0 0 0 0 0 0 0 0 0 0 0 0
 2009 7 13 3 2 1 60 60 28 0 0 0 0.059 0.294 0.529 0.118 0 0 0 0 0 0 0 0 0 0 0 0 0 0
 2009 7 13 3 2 1 62 62 14 0 0 0 0 0.182 0.5 0.227 0.045 0.045 0 0 0 0 0 0 0 0 0 0 0 0
 2009 7 13 3 2 1 64 64 18 0 0 0 0 0.136 0.636 0.182 0 0.045 0 0 0 0 0 0 0 0 0 0 0 0
 2009 7 13 3 2 1 66 66 8 0 0 0 0 0.125 0.375 0.5 0 0 0 0 0 0 0 0 0 0 0 0 0 0
 2009 7 13 3 2 1 68 68 8 0 0 0 0 0 0.5 0.375 0.125 0 0 0 0 0 0 0 0 0 0 0 0 0
 2009 7 13 3 2 1 70 70 3 0 0 0 0 0 0.5 0 0 0.25 0 0 0.25 0 0 0 0 0 0 0 0 0
 2009 7 13 3 2 1 74 74 2 0 0 0 0 0 0 0 0 0 0.5 0 0 0 0 0 0.5 0 0 0 0 0
 2009 7 13 3 2 1 76 76 3 0 0 0 0 0 0 0 0 0.333 0.333 0 0.333 0 0 0 0 0 0 0 0 0
 -2009 7 13 3 2 1 78 78 1 0 0 0 0 0 0 0 0 0 0 0 0 0 0 0 0 0 0 0 0 1
 -2009 7 13 3 2 1 80 80 1 0 0 0 0 0 0 0 0 0 0 0 0 0 0 0 0 0 0 0 0 1
 -2010 7 13 3 2 1 44 44 1 0 0 0 1 0 0 0 0 0 0 0 0 0 0 0 0 0 0 0 0 0
 2010 7 13 3 2 1 46 46 4 0 0 0 0.2 0.4 0.4 0 0 0 0 0 0 0 0 0 0 0 0 0 0 0
 -2010 7 13 3 2 1 48 48 1 0 0 0 1 0 0 0 0 0 0 0 0 0 0 0 0 0 0 0 0 0
 2010 7 13 3 2 1 50 50 5 0 0 0 0 0.4 0.4 0.2 0 0 0 0 0 0 0 0 0 0 0 0 0 0
 2010 7 13 3 2 1 52 52 2 0 0 0 0 0.4 0.4 0.2 0 0 0 0 0 0 0 0 0 0 0 0 0 0
 2010 7 13 3 2 1 54 54 3 0 0 0 0 1 0 0 0 0 0 0 0 0 0 0 0 0 0 0 0 0
 2010 7 13 3 2 1 56 56 5 0 0 0 0 0.25 0.375 0.375 0 0 0 0 0 0 0 0 0 0 0 0 0 0
 2010 7 13 3 2 1 58 58 8 0 0 0 0 0.364 0.455 0.182 0 0 0 0 0 0 0 0 0 0 0 0 0 0
 2010 7 13 3 2 1 60 60 2 0 0 0 0 0.5 0 0.5 0 0 0 0 0 0 0 0 0 0 0 0 0 0
 2010 7 13 3 2 1 62 62 2 0 0 0 0 0 0.667 0.333 0 0 0 0 0 0 0 0 0 0 0 0 0 0
 2010 7 13 3 2 1 64 64 2 0 0 0 0 0 0.5 0.5 0 0 0 0 0 0 0 0 0 0 0 0 0 0
 -2010 7 13 3 2 1 66 66 1 0 0 0 0 0 1 0 0 0 0 0 0 0 0 0 0 0 0 0 0 0
 -2011 7 13 3 2 1 38 38 1 0 0 0 0 1 0 0 0 0 0 0 0 0 0 0 0 0 0 0 0 0
 2011 7 13 3 2 1 40 40 2 0 0 0 0 1 0 0 0 0 0 0 0 0 0 0 0 0 0 0 0 0
 2011 7 13 3 2 1 42 42 3 0 0 0 0.667 0.333 0 0 0 0 0 0 0 0 0 0 0 0 0 0 0 0
 2011 7 13 3 2 1 44 44 4 0 0 0 0 1 0 0 0 0 0 0 0 0 0 0 0 0 0 0 0 0
 2011 7 13 3 2 1 46 46 5 0 0 0 0.167 0.833 0 0 0 0 0 0 0 0 0 0 0 0 0 0 0 0
 2011 7 13 3 2 1 48 48 9 0 0 0 0 0.692 0.231 0 0.077 0 0 0 0 0 0 0 0 0 0 0 0 0
 2011 7 13 3 2 1 50 50 7 0 0 0 0 0.6 0.4 0 0 0 0 0 0 0 0 0 0 0 0 0 0 0
 2011 7 13 3 2 1 52 52 19 0 0 0 0.034 0.379 0.448 0.138 0 0 0 0 0 0 0 0 0 0 0 0 0 0
 2011 7 13 3 2 1 54 54 15 0 0 0 0 0.208 0.583 0.167 0 0 0.042 0 0 0 0 0 0 0 0 0 0 0
 2011 7 13 3 2 1 56 56 20 0 0 0 0 0.286 0.571 0.086 0.057 0 0 0 0 0 0 0 0 0 0 0 0 0
 2011 7 13 3 2 1 58 58 33 0 0 0 0 0.075 0.509 0.358 0.038 0.019 0 0 0 0 0 0 0 0 0 0 0 0
 2011 7 13 3 2 1 60 60 28 0 0 0 0 0 0.533 0.333 0.133 0 0 0 0 0 0 0 0 0 0 0 0 0
 2011 7 13 3 2 1 62 62 39 0 0 0 0 0.032 0.444 0.429 0.095 0 0 0 0 0 0 0 0 0 0 0 0 0
 2011 7 13 3 2 1 64 64 34 0 0 0 0 0 0.182 0.636 0.164 0 0.018 0 0 0 0 0 0 0 0 0 0 0
 2011 7 13 3 2 1 66 66 27 0 0 0 0 0.026 0.132 0.605 0.158 0.079 0 0 0 0 0 0 0 0 0 0 0 0
 2011 7 13 3 2 1 68 68 14 0 0 0 0 0 0.056 0.833 0.111 0 0 0 0 0 0 0 0 0 0 0 0 0
 2011 7 13 3 2 1 70 70 11 0 0 0 0 0 0 0.308 0.615 0 0.077 0 0 0 0 0 0 0 0 0 0 0
 2011 7 13 3 2 1 72 72 3 0 0 0 0 0 0 0.4 0.4 0.2 0 0 0 0 0 0 0 0 0 0 0 0
 -2011 7 13 3 2 1 76 76 1 0 0 0 0 0 0 0 0.5 0 0 0 0 0 0 0 0 0 0 0 0 0.5
 -2011 7 13 3 2 1 80 80 1 0 0 0 0 0 0 0 0 0 0 0 0 0 0 0 0 0 0 0 0 1
 2012 7 13 3 2 1 40 40 2 0 0 0 1 0 0 0 0 0 0 0 0 0 0 0 0 0 0 0 0 0
 2012 7 13 3 2 1 42 42 6 0 0 0 0.833 0 0 0 0.167 0 0 0 0 0 0 0 0 0 0 0 0 0
 2012 7 13 3 2 1 44 44 4 0 0 0 1 0 0 0 0 0 0 0 0 0 0 0 0 0 0 0 0 0
 2012 7 13 3 2 1 46 46 10 0 0 0 0.722 0.278 0 0 0 0 0 0 0 0 0 0 0 0 0 0 0 0
 2012 7 13 3 2 1 48 48 11 0 0 0 0.667 0.133 0.2 0 0 0 0 0 0 0 0 0 0 0 0 0 0 0
 2012 7 13 3 2 1 50 50 11 0 0 0 0.231 0.308 0.385 0.077 0 0 0 0 0 0 0 0 0 0 0 0 0 0
 2012 7 13 3 2 1 52 52 15 0 0 0 0.1 0.15 0.55 0.15 0 0 0 0 0 0.05 0 0 0 0 0 0 0 0
 2012 7 13 3 2 1 54 54 10 0 0 0 0 0.154 0.615 0.231 0 0 0 0 0 0 0 0 0 0 0 0 0 0
 2012 7 13 3 2 1 56 56 18 0 0 0 0 0 0.593 0.333 0.037 0 0.037 0 0 0 0 0 0 0 0 0 0 0
 2012 7 13 3 2 1 58 58 23 0 0 0 0 0.04 0.4 0.36 0.16 0.04 0 0 0 0 0 0 0 0 0 0 0 0
 2012 7 13 3 2 1 60 60 25 0 0 0 0 0 0.294 0.529 0.118 0 0.029 0 0 0 0 0 0 0.029 0 0 0 0
 2012 7 13 3 2 1 62 62 31 0 0 0 0 0 0.255 0.426 0.255 0.064 0 0 0 0 0 0 0 0 0 0 0 0
 2012 7 13 3 2 1 64 64 37 0 0 0 0 0 0.091 0.621 0.212 0.076 0 0 0 0 0 0 0 0 0 0 0 0
 2012 7 13 3 2 1 66 66 33 0 0 0 0 0 0.019 0.556 0.315 0.074 0.037 0 0 0 0 0 0 0 0 0 0 0
 2012 7 13 3 2 1 68 68 25 0 0 0 0 0 0 0.364 0.455 0.152 0.03 0 0 0 0 0 0 0 0 0 0 0
 2012 7 13 3 2 1 70 70 16 0 0 0 0 0 0.05 0.05 0.6 0.2 0.1 0 0 0 0 0 0 0 0 0 0 0
 2012 7 13 3 2 1 72 72 6 0 0 0 0 0 0 0.143 0.286 0.286 0.143 0.143 0 0 0 0 0 0 0 0 0 0
 2012 7 13 3 2 1 74 74 3 0 0 0 0 0 0 0.25 0 0.75 0 0 0 0 0 0 0 0 0 0 0 0
 2012 7 13 3 2 1 76 76 2 0 0 0 0 0 0 0.667 0 0.333 0 0 0 0 0 0 0 0 0 0 0 0
 2012 7 13 3 2 1 80 80 2 0 0 0 0 0 0 0 0.5 0 0 0 0 0 0 0 0 0 0 0 0 0.5
 -2012 7 13 3 2 1 84 84 1 0 0 0 0 0 0 0 0 0 0 0 0 0 0 0 0 0 0 0 0 1
 -2013 7 13 3 2 1 38 38 1 0 0 0 0 1 0 0 0 0 0 0 0 0 0 0 0 0 0 0 0 0
 2013 7 13 3 2 1 40 40 5 0 0 0 0.8 0 0 0.2 0 0 0 0 0 0 0 0 0 0 0 0 0 0
 2013 7 13 3 2 1 42 42 8 0 0 0.364 0.364 0.273 0 0 0 0 0 0 0 0 0 0 0 0 0 0 0 0
 2013 7 13 3 2 1 44 44 8 0 0 0 0.091 0.818 0.091 0 0 0 0 0 0 0 0 0 0 0 0 0 0 0
 2013 7 13 3 2 1 46 46 21 0 0 0 0.079 0.895 0 0.026 0 0 0 0 0 0 0 0 0 0 0 0 0 0
 2013 7 13 3 2 1 48 48 29 0 0 0.026 0.053 0.789 0.053 0.053 0 0.026 0 0 0 0 0 0 0 0 0 0 0 0
 2013 7 13 3 2 1 50 50 33 0 0 0.033 0.067 0.733 0.133 0.033 0 0 0 0 0 0 0 0 0 0 0 0 0 0
 2013 7 13 3 2 1 52 52 26 0 0 0 0.077 0.692 0.205 0.026 0 0 0 0 0 0 0 0 0 0 0 0 0 0
 2013 7 13 3 2 1 54 54 31 0 0 0 0.065 0.543 0.239 0.109 0.022 0.022 0 0 0 0 0 0 0 0 0 0 0 0
 2013 7 13 3 2 1 56 56 37 0 0 0 0.036 0.661 0.179 0.107 0.018 0 0 0 0 0 0 0 0 0 0 0 0 0
 2013 7 13 3 2 1 58 58 37 0 0 0 0.018 0.327 0.291 0.236 0.109 0 0.018 0 0 0 0 0 0 0 0 0 0 0
 2013 7 13 3 2 1 60 60 39 0 0 0 0 0.191 0.17 0.362 0.17 0.043 0.043 0.021 0 0 0 0 0 0 0 0 0 0
 2013 7 13 3 2 1 62 62 40 0 0 0 0 0.063 0.156 0.375 0.328 0.031 0.016 0.016 0 0.016 0 0 0 0 0 0 0 0
 2013 7 13 3 2 1 64 64 32 0 0 0 0 0.062 0.104 0.333 0.375 0.083 0.021 0 0 0 0 0.021 0 0 0 0 0 0
 2013 7 13 3 2 1 66 66 32 0 0 0 0 0.02 0.1 0.18 0.42 0.18 0.08 0.02 0 0 0 0 0 0 0 0 0 0
 2013 7 13 3 2 1 68 68 24 0 0 0 0 0 0.067 0.167 0.433 0.233 0.033 0.033 0 0.033 0 0 0 0 0 0 0 0
 2013 7 13 3 2 1 70 70 16 0 0 0 0 0 0.1 0.1 0.35 0.3 0.1 0.05 0 0 0 0 0 0 0 0 0 0
 2013 7 13 3 2 1 72 72 5 0 0 0 0 0 0 0 0.5 0 0.333 0 0 0 0 0 0 0 0 0 0 0.167
 2013 7 13 3 2 1 74 74 2 0 0 0 0.5 0 0 0 0 0 0.5 0 0 0 0 0 0 0 0 0 0 0
 2013 7 13 3 2 1 76 76 2 0 0 0 0 0 0 0 0 0 0 0.5 0 0 0 0.5 0 0 0 0 0 0
 -2013 7 13 3 2 1 78 78 1 0 0 0 0 0 0 0 0 0.5 0 0 0 0 0.5 0 0 0 0 0 0 0
 2013 7 13 3 2 1 80 80 2 0 0 0 0 0 0 0 0 0 0 0 0 0 0 0 0.5 0 0 0 0 0.5
 -2013 7 13 3 2 1 82 82 1 0 0 0 0 0 0 0 1 0 0 0 0 0 0 0 0 0 0 0 0 0
 -2013 7 13 3 2 1 94 94 1 0 0 0 0 0 0 0 0 0 0 0 0 0 0 0 0 0 0 0 0 1
 2014 7 13 3 2 1 38 38 2 0 0 0 1 0 0 0 0 0 0 0 0 0 0 0 0 0 0 0 0 0
 2014 7 13 3 2 1 40 40 2 0 0 0 0.75 0.25 0 0 0 0 0 0 0 0 0 0 0 0 0 0 0 0
 2014 7 13 3 2 1 42 42 4 0 0 0.167 0.833 0 0 0 0 0 0 0 0 0 0 0 0 0 0 0 0 0
 2014 7 13 3 2 1 44 44 7 0 0 0 1 0 0 0 0 0 0 0 0 0 0 0 0 0 0 0 0 0
 2014 7 13 3 2 1 46 46 5 0 0 0 0.714 0.143 0.143 0 0 0 0 0 0 0 0 0 0 0 0 0 0 0
 2014 7 13 3 2 1 48 48 4 0 0 0 0.6 0.2 0.2 0 0 0 0 0 0 0 0 0 0 0 0 0 0 0
 2014 7 13 3 2 1 50 50 5 0 0 0 0.4 0.4 0.2 0 0 0 0 0 0 0 0 0 0 0 0 0 0 0
 2014 7 13 3 2 1 52 52 6 0 0 0 0 0.571 0.429 0 0 0 0 0 0 0 0 0 0 0 0 0 0 0
 2014 7 13 3 2 1 54 54 10 0 0 0 0 0.385 0.615 0 0 0 0 0 0 0 0 0 0 0 0 0 0 0
 2014 7 13 3 2 1 56 56 11 0 0 0 0 0.357 0.571 0 0 0.071 0 0 0 0 0 0 0 0 0 0 0 0
 2014 7 13 3 2 1 58 58 16 0 0 0 0 0 0.538 0.115 0.154 0.192 0 0 0 0 0 0 0 0 0 0 0 0
 2014 7 13 3 2 1 60 60 16 0 0 0 0 0 0.35 0 0.45 0.1 0.05 0.05 0 0 0 0 0 0 0 0 0 0
 2014 7 13 3 2 1 62 62 15 0 0 0 0 0 0.217 0.174 0.261 0.261 0.087 0 0 0 0 0 0 0 0 0 0 0
 2014 7 13 3 2 1 64 64 19 0 0 0 0 0 0.172 0.31 0.207 0.207 0.069 0.034 0 0 0 0 0 0 0 0 0 0
 2014 7 13 3 2 1 66 66 17 0 0 0 0 0 0.043 0.174 0.348 0.348 0.087 0 0 0 0 0 0 0 0 0 0 0
 2014 7 13 3 2 1 68 68 19 0 0 0 0 0 0 0.04 0.36 0.48 0.08 0 0.04 0 0 0 0 0 0 0 0 0
 2014 7 13 3 2 1 70 70 9 0 0 0 0 0 0 0 0.438 0.188 0.375 0 0 0 0 0 0 0 0 0 0 0
 2014 7 13 3 2 1 72 72 5 0 0 0 0 0 0 0 0.2 0.4 0 0.4 0 0 0 0 0 0 0 0 0 0
 -2014 7 13 3 2 1 80 80 1 0 0 0 0 0 0 0 0 1 0 0 0 0 0 0 0 0 0 0 0 0
 2015 7 13 3 2 1 36 36 2 0 0 0 0.667 0.333 0 0 0 0 0 0 0 0 0 0 0 0 0 0 0 0
 2015 7 13 3 2 1 38 38 2 0 0 0 0.5 0.5 0 0 0 0 0 0 0 0 0 0 0 0 0 0 0 0
 2015 7 13 3 2 1 40 40 5 0 0 0 1 0 0 0 0 0 0 0 0 0 0 0 0 0 0 0 0 0
 2015 7 13 3 2 1 42 42 7 0 0 0 0.625 0.25 0.125 0 0 0 0 0 0 0 0 0 0 0 0 0 0 0
 2015 7 13 3 2 1 44 44 9 0 0 0 0.231 0.462 0.231 0.077 0 0 0 0 0 0 0 0 0 0 0 0 0 0
 2015 7 13 3 2 1 46 46 20 0 0 0 0.192 0.423 0.308 0.038 0.038 0 0 0 0 0 0 0 0 0 0 0 0 0
 2015 7 13 3 2 1 48 48 14 0 0 0 0.263 0.474 0.211 0.053 0 0 0 0 0 0 0 0 0 0 0 0 0 0
 2015 7 13 3 2 1 50 50 20 0 0 0 0.143 0.357 0.286 0.107 0.071 0.036 0 0 0 0 0 0 0 0 0 0 0 0
 2015 7 13 3 2 1 52 52 25 0 0 0 0.167 0.361 0.333 0.139 0 0 0 0 0 0 0 0 0 0 0 0 0 0
 2015 7 13 3 2 1 54 54 27 0 0 0 0.081 0.405 0.162 0.243 0.027 0.027 0.027 0.027 0 0 0 0 0 0 0 0 0 0
 2015 7 13 3 2 1 56 56 28 0 0 0 0.05 0.15 0.3 0.35 0.05 0.05 0.05 0 0 0 0 0 0 0 0 0 0 0
 2015 7 13 3 2 1 58 58 32 0 0 0 0 0.065 0.087 0.5 0.152 0.13 0.065 0 0 0 0 0 0 0 0 0 0 0
 2015 7 13 3 2 1 60 60 39 0 0 0 0 0.015 0.136 0.47 0.136 0.121 0.121 0 0 0 0 0 0 0 0 0 0 0
 2015 7 13 3 2 1 62 62 36 0 0 0 0 0.02 0.102 0.286 0.224 0.184 0.122 0.061 0 0 0 0 0 0 0 0 0 0
 2015 7 13 3 2 1 64 64 29 0 0 0 0 0.024 0.119 0.262 0.119 0.214 0.167 0.095 0 0 0 0 0 0 0 0 0 0
 2015 7 13 3 2 1 66 66 28 0 0 0 0 0.024 0.024 0.167 0.214 0.31 0.167 0.048 0.048 0 0 0 0 0 0 0 0 0
 2015 7 13 3 2 1 68 68 26 0 0 0 0 0 0 0.182 0.152 0.485 0.121 0.03 0.03 0 0 0 0 0 0 0 0 0
 2015 7 13 3 2 1 70 70 13 0 0 0 0 0 0 0.2 0.133 0.2 0.267 0.133 0.067 0 0 0 0 0 0 0 0 0
 2015 7 13 3 2 1 72 72 9 0 0 0 0 0 0 0 0 0.667 0.333 0 0 0 0 0 0 0 0 0 0 0
 2015 7 13 3 2 1 74 74 5 0 0 0 0 0 0 0 0 0.4 0.4 0 0 0 0 0 0 0 0 0 0 0.2
 -2015 7 13 3 2 1 78 78 1 0 0 0 0 0 0 0 0 0 0 1 0 0 0 0 0 0 0 0 0 0
 -2016 7 13 3 2 1 38 38 1 0 0 0 1 0 0 0 0 0 0 0 0 0 0 0 0 0 0 0 0 0
 2016 7 13 3 2 1 40 40 5 0 0 0 0.5 0.5 0 0 0 0 0 0 0 0 0 0 0 0 0 0 0 0
 2016 7 13 3 2 1 42 42 6 0 0 0 0.429 0.571 0 0 0 0 0 0 0 0 0 0 0 0 0 0 0 0
 2016 7 13 3 2 1 44 44 8 0 0 0 0.333 0.667 0 0 0 0 0 0 0 0 0 0 0 0 0 0 0 0
 2016 7 13 3 2 1 46 46 11 0 0 0 0.176 0.706 0.059 0.059 0 0 0 0 0 0 0 0 0 0 0 0 0 0
 2016 7 13 3 2 1 48 48 11 0 0 0 0.176 0.706 0.118 0 0 0 0 0 0 0 0 0 0 0 0 0 0 0
 2016 7 13 3 2 1 50 50 23 0 0 0 0.05 0.75 0.15 0.025 0.025 0 0 0 0 0 0 0 0 0 0 0 0 0
 2016 7 13 3 2 1 52 52 24 0 0 0 0 0.73 0.108 0.054 0.054 0.054 0 0 0 0 0 0 0 0 0 0 0 0
 2016 7 13 3 2 1 54 54 22 0 0 0 0 0.387 0.323 0.194 0.032 0.032 0 0.032 0 0 0 0 0 0 0 0 0 0
 2016 7 13 3 2 1 56 56 26 0 0 0 0.026 0.256 0.359 0.231 0.103 0 0 0 0 0 0 0 0 0 0.026 0 0 0
 2016 7 13 3 2 1 58 58 37 0 0 0 0 0.151 0.34 0.264 0.094 0.094 0.057 0 0 0 0 0 0 0 0 0 0 0
 2016 7 13 3 2 1 60 60 22 0 0 0 0 0.059 0.235 0.118 0.353 0.147 0.059 0.029 0 0 0 0 0 0 0 0 0 0
 2016 7 13 3 2 1 62 62 39 0 0 0 0 0.019 0.283 0.151 0.17 0.094 0.113 0.132 0.019 0 0 0 0 0 0 0.019 0 0
 2016 7 13 3 2 1 64 64 24 0 0 0 0 0 0.211 0.105 0.211 0.132 0.132 0.132 0.079 0 0 0 0 0 0 0 0 0
 2016 7 13 3 2 1 66 66 28 0 0 0 0 0 0.073 0.098 0.122 0.244 0.244 0.098 0.073 0.024 0.024 0 0 0 0 0 0 0
 2016 7 13 3 2 1 68 68 18 0 0 0 0 0 0.034 0.103 0.069 0.138 0.207 0.241 0.138 0.034 0 0 0 0.034 0 0 0 0
 2016 7 13 3 2 1 70 70 12 0 0 0 0 0 0 0 0.062 0.125 0.187 0.375 0.125 0.063 0 0 0.063 0 0 0 0 0
 2016 7 13 3 2 1 72 72 7 0 0 0 0 0 0 0 0 0 0.125 0.375 0.125 0.375 0 0 0 0 0 0 0 0
 2016 7 13 3 2 1 74 74 5 0 0 0 0 0 0 0 0.2 0 0.2 0 0.4 0 0 0.2 0 0 0 0 0 0
 2016 7 13 3 2 1 76 76 5 0 0 0 0 0 0 0 0 0 0 0.4 0.2 0.2 0 0 0 0.2 0 0 0 0
 -2017 7 13 3 2 1 34 34 1 0 0 0 0 0 0 0 1 0 0 0 0 0 0 0 0 0 0 0 0 0
 2017 7 13 3 2 1 38 38 3 0 0 0 1 0 0 0 0 0 0 0 0 0 0 0 0 0 0 0 0 0
 2017 7 13 3 2 1 40 40 7 0 0 0.091 0.909 0 0 0 0 0 0 0 0 0 0 0 0 0 0 0 0 0
 2017 7 13 3 2 1 42 42 28 0 0 0.028 0.75 0.194 0.028 0 0 0 0 0 0 0 0 0 0 0 0 0 0 0
 2017 7 13 3 2 1 44 44 26 0 0 0 0.676 0.235 0.059 0 0 0.029 0 0 0 0 0 0 0 0 0 0 0 0
 2017 7 13 3 2 1 46 46 23 0 0 0 0.636 0.333 0 0 0.03 0 0 0 0 0 0 0 0 0 0 0 0 0
 2017 7 13 3 2 1 48 48 32 0 0 0 0.347 0.51 0.122 0 0 0 0 0 0 0 0.02 0 0 0 0 0 0 0
 2017 7 13 3 2 1 50 50 31 0 0 0 0.119 0.571 0.19 0.095 0.024 0 0 0 0 0 0 0 0 0 0 0 0 0
 2017 7 13 3 2 1 52 52 38 0 0 0 0.087 0.326 0.413 0.13 0.022 0 0.022 0 0 0 0 0 0 0 0 0 0 0
 2017 7 13 3 2 1 54 54 42 0 0 0 0 0.173 0.75 0.038 0.019 0.019 0 0 0 0 0 0 0 0 0 0 0 0
 2017 7 13 3 2 1 56 56 33 0 0 0 0 0.042 0.604 0.229 0 0 0.062 0 0.062 0 0 0 0 0 0 0 0 0
 2017 7 13 3 2 1 58 58 43 0 0 0 0 0.063 0.5 0.172 0.078 0.078 0.031 0.062 0 0.016 0 0 0 0 0 0 0 0
 2017 7 13 3 2 1 60 60 43 0 0 0 0 0.03 0.388 0.299 0.134 0.045 0.045 0.03 0.03 0 0 0 0 0 0 0 0 0
 2017 7 13 3 2 1 62 62 49 0 0 0 0 0 0.176 0.426 0.147 0.059 0.044 0.088 0.015 0.044 0 0 0 0 0 0 0 0
 2017 7 13 3 2 1 64 64 51 0 0 0 0 0 0.25 0.206 0.162 0.118 0.118 0.074 0.044 0.015 0.015 0 0 0 0 0 0 0
 2017 7 13 3 2 1 66 66 40 0 0 0 0 0.02 0.22 0.1 0.18 0.16 0.1 0.1 0.08 0.04 0 0 0 0 0 0 0 0
 2017 7 13 3 2 1 68 68 27 0 0 0 0 0 0.081 0.108 0.189 0.162 0.081 0.135 0.135 0.108 0 0 0 0 0 0 0 0
 2017 7 13 3 2 1 70 70 20 0 0 0 0 0 0 0.037 0.148 0.148 0.148 0.185 0.111 0.074 0.148 0 0 0 0 0 0 0
 2017 7 13 3 2 1 72 72 16 0 0 0 0 0 0.056 0.167 0.111 0.222 0.056 0.222 0.111 0.056 0 0 0 0 0 0 0 0
 2017 7 13 3 2 1 74 74 7 0 0 0 0 0 0 0 0.25 0.125 0.25 0.25 0 0.125 0 0 0 0 0 0 0 0
 -2017 7 13 3 2 1 78 78 1 0 0 0 0 0 0 0 0 0 0 0 0 1 0 0 0 0 0 0 0 0
 2017 7 13 3 2 1 82 82 2 0 0 0 0 0 0 0 0 0 0 0.5 0 0 0 0 0 0 0 0 0 0.5
 -2017 7 13 3 2 1 88 88 1 0 0 0 0 0 0 0 0 0 0 0 0 0 0 0 0 0 0 0 0 1
 -2018 7 13 3 2 1 32 32 1 0 0 0 0 0 1 0 0 0 0 0 0 0 0 0 0 0 0 0 0 0
 -2018 7 13 3 2 1 36 36 1 0 0 0 1 0 0 0 0 0 0 0 0 0 0 0 0 0 0 0 0 0
 2018 7 13 3 2 1 38 38 5 0 0 0 0.4 0.6 0 0 0 0 0 0 0 0 0 0 0 0 0 0 0 0
 2018 7 13 3 2 1 40 40 12 0 0 0 0.462 0.462 0.077 0 0 0 0 0 0 0 0 0 0 0 0 0 0 0
 2018 7 13 3 2 1 42 42 13 0 0 0.062 0.563 0.25 0.125 0 0 0 0 0 0 0 0 0 0 0 0 0 0 0
 2018 7 13 3 2 1 44 44 18 0 0 0 0.333 0.571 0.095 0 0 0 0 0 0 0 0 0 0 0 0 0 0 0
 2018 7 13 3 2 1 46 46 16 0 0 0 0.222 0.556 0.111 0 0.056 0.056 0 0 0 0 0 0 0 0 0 0 0 0
 2018 7 13 3 2 1 48 48 31 0 0 0 0.176 0.529 0.176 0.088 0 0 0.029 0 0 0 0 0 0 0 0 0 0 0
 2018 7 13 3 2 1 50 50 35 0 0 0 0.167 0.452 0.262 0.095 0 0 0.024 0 0 0 0 0 0 0 0 0 0 0
 2018 7 13 3 2 1 52 52 24 0 0 0 0.071 0.286 0.357 0.071 0.143 0.071 0 0 0 0 0 0 0 0 0 0 0 0
 2018 7 13 3 2 1 54 54 32 0 0 0 0 0.368 0.368 0.211 0.026 0 0 0 0.026 0 0 0 0 0 0 0 0 0
 2018 7 13 3 2 1 56 56 39 0 0 0 0.05 0.25 0.125 0.3 0.15 0.075 0 0.025 0 0.025 0 0 0 0 0 0 0 0
 2018 7 13 3 2 1 58 58 51 0 0 0 0 0.018 0.14 0.386 0.175 0.07 0.123 0 0.018 0.018 0.053 0 0 0 0 0 0 0
 2018 7 13 3 2 1 60 60 52 0 0 0 0 0.059 0.132 0.338 0.206 0.088 0.088 0.044 0.029 0.015 0 0 0 0 0 0 0 0
 2018 7 13 3 2 1 62 62 65 0 0 0 0 0.034 0.068 0.432 0.193 0.091 0.068 0.034 0.011 0.045 0.011 0 0.011 0 0 0 0 0
 2018 7 13 3 2 1 64 64 56 0 0 0 0 0 0.041 0.219 0.233 0.137 0.096 0.068 0.082 0.082 0 0.041 0 0 0 0 0 0
 2018 7 13 3 2 1 66 66 64 0 0 0 0 0 0.041 0.192 0.178 0.123 0.11 0.11 0.151 0.041 0.041 0 0.014 0 0 0 0 0
 2018 7 13 3 2 1 68 68 57 0 0 0 0 0 0 0.114 0.071 0.143 0.157 0.171 0.143 0.1 0.086 0 0 0.014 0 0 0 0
 2018 7 13 3 2 1 70 70 54 0 0 0 0 0 0.033 0.049 0.049 0.066 0.148 0.164 0.148 0.164 0.148 0.016 0 0.016 0 0 0 0
 2018 7 13 3 2 1 72 72 40 0 0 0 0 0 0 0 0.041 0.061 0.122 0.061 0.224 0.245 0.082 0.061 0.082 0.02 0 0 0 0
 2018 7 13 3 2 1 74 74 23 0 0 0 0.034 0.034 0 0 0 0 0.103 0.207 0.207 0.241 0.103 0.069 0 0 0 0 0 0
 2018 7 13 3 2 1 76 76 16 0 0 0 0 0 0 0 0 0.059 0 0.059 0.059 0.176 0.294 0.176 0.118 0 0 0 0 0.059
 2018 7 13 3 2 1 78 78 9 0 0 0 0 0 0 0 0 0.111 0 0.111 0.222 0.333 0.222 0 0 0 0 0 0 0
 2018 7 13 3 2 1 80 80 2 0 0 0 0 0 0 0 0 0 0 0 0.5 0 0 0 0.5 0 0 0 0 0
 -2018 7 13 3 2 1 82 82 1 0 0 0 0 0 0 0 0 0 0 0 0 1 0 0 0 0 0 0 0 0
 2018 7 13 3 2 1 84 84 2 0 0 0 0 0 0 0 0 0 0 0 0 0 0.5 0.5 0 0 0 0 0 0
 -2018 7 13 3 2 1 88 88 1 0 0 0 0 0 0 0 1 0 0 0 0 0 0 0 0 0 0 0 0 0
 2019 7 13 3 2 1 38 38 5 0 0 0.2 0.8 0 0 0 0 0 0 0 0 0 0 0 0 0 0 0 0 0
 2019 7 13 3 2 1 40 40 8 0 0 0 0.25 0.667 0.083 0 0 0 0 0 0 0 0 0 0 0 0 0 0 0
 2019 7 13 3 2 1 42 42 14 0 0 0 0.2 0.65 0.15 0 0 0 0 0 0 0 0 0 0 0 0 0 0 0
 2019 7 13 3 2 1 44 44 16 0 0 0 0.526 0.263 0.211 0 0 0 0 0 0 0 0 0 0 0 0 0 0 0
 2019 7 13 3 2 1 46 46 19 0 0 0 0.238 0.286 0.429 0.048 0 0 0 0 0 0 0 0 0 0 0 0 0 0
 2019 7 13 3 2 1 48 48 23 0 0 0 0.194 0.355 0.419 0.032 0 0 0 0 0 0 0 0 0 0 0 0 0 0
 2019 7 13 3 2 1 50 50 24 0 0 0 0.065 0.419 0.29 0.129 0.065 0 0.032 0 0 0 0 0 0 0 0 0 0 0
 2019 7 13 3 2 1 52 52 27 0 0 0 0 0.241 0.483 0.241 0.034 0 0 0 0 0 0 0 0 0 0 0 0 0
 2019 7 13 3 2 1 54 54 27 0 0 0 0 0.2 0.371 0.114 0.229 0.057 0 0 0.029 0 0 0 0 0 0 0 0 0
 2019 7 13 3 2 1 56 56 23 0 0 0 0 0.267 0.267 0.2 0.2 0.067 0 0 0 0 0 0 0 0 0 0 0 0
 2019 7 13 3 2 1 58 58 27 0 0 0 0 0.079 0.263 0.211 0.237 0.158 0.026 0.026 0 0 0 0 0 0 0 0 0 0
 2019 7 13 3 2 1 60 60 27 0 0 0 0 0.143 0.2 0.057 0.286 0.114 0.057 0.057 0 0.057 0.029 0 0 0 0 0 0 0
 2019 7 13 3 2 1 62 62 31 0 0 0 0 0.028 0.278 0.222 0.194 0.139 0.083 0.028 0.028 0 0 0 0 0 0 0 0 0
 2019 7 13 3 2 1 64 64 30 0 0 0 0 0.024 0.119 0.095 0.214 0.262 0.143 0.071 0.024 0.024 0 0.024 0 0 0 0 0 0
 2019 7 13 3 2 1 66 66 31 0 0 0 0 0 0.045 0.068 0.364 0.182 0.114 0.068 0.045 0.068 0.023 0.023 0 0 0 0 0 0
 2019 7 13 3 2 1 68 68 27 0 0 0 0 0 0 0.053 0.342 0.289 0.026 0.105 0.026 0.053 0 0.079 0.026 0 0 0 0 0
 2019 7 13 3 2 1 70 70 21 0 0 0 0 0 0 0.136 0.227 0.182 0.045 0.273 0.091 0.045 0 0 0 0 0 0 0 0
 2019 7 13 3 2 1 72 72 14 0 0 0 0 0 0 0 0.125 0.125 0.062 0 0.313 0.25 0 0.062 0 0.062 0 0 0 0
 2019 7 13 3 2 1 74 74 6 0 0 0 0 0 0 0 0 0 0 0 0.333 0.333 0 0.333 0 0 0 0 0 0
 2019 7 13 3 2 1 76 76 4 0 0 0 0 0 0 0.25 0 0 0 0 0 0.5 0.25 0 0 0 0 0 0 0
 2019 7 13 3 2 1 78 78 2 0 0 0 0 0 0 0 0.5 0 0 0 0 0 0.5 0 0 0 0 0 0 0
 2019 7 13 3 2 1 80 80 2 0 0 0 0 0 0 0 0 0 0 0 0 0 0.5 0.5 0 0 0 0 0 0
 2019 7 13 3 2 1 82 82 4 0 0 0 0 0 0 0 0 0 0 0 0.25 0 0 0.25 0 0.25 0 0 0 0.25
 -2019 7 13 3 2 1 84 84 1 0 0 0 0 0 0 0 0 0 0 0 0 0 0 0 0 0 0 1 0 0
 -2020 7 13 3 2 1 38 38 1 0 0 0 0 1 0 0 0 0 0 0 0 0 0 0 0 0 0 0 0 0
 -2020 7 13 3 2 1 40 40 1 0 0 0 0 1 0 0 0 0 0 0 0 0 0 0 0 0 0 0 0 0
 2020 7 13 3 2 1 42 42 4 0 0 0 0.167 0.667 0 0.167 0 0 0 0 0 0 0 0 0 0 0 0 0 0
 2020 7 13 3 2 1 44 44 9 0 0 0 0.273 0.364 0 0.273 0.091 0 0 0 0 0 0 0 0 0 0 0 0 0
 2020 7 13 3 2 1 46 46 16 0 0 0 0.312 0.375 0.125 0 0.188 0 0 0 0 0 0 0 0 0 0 0 0 0
 2020 7 13 3 2 1 48 48 7 0 0 0 0.25 0.25 0.25 0.25 0 0 0 0 0 0 0 0 0 0 0 0 0 0
 2020 7 13 3 2 1 50 50 16 0 0 0 0 0.056 0.389 0.333 0.167 0.056 0 0 0 0 0 0 0 0 0 0 0 0
 2020 7 13 3 2 1 52 52 18 0 0 0 0.043 0.217 0.13 0.435 0.087 0.043 0.043 0 0 0 0 0 0 0 0 0 0 0
 2020 7 13 3 2 1 54 54 20 0 0 0 0 0.115 0.231 0.192 0.346 0.115 0 0 0 0 0 0 0 0 0 0 0 0
 2020 7 13 3 2 1 56 56 16 0 0 0 0 0 0.368 0.316 0.158 0.105 0.053 0 0 0 0 0 0 0 0 0 0 0
 2020 7 13 3 2 1 58 58 26 0 0 0 0 0 0.088 0.382 0.176 0.206 0.059 0.059 0 0 0.029 0 0 0 0 0 0 0
 2020 7 13 3 2 1 60 60 24 0 0 0 0 0.033 0.1 0.3 0.1 0.267 0.1 0.033 0 0 0.067 0 0 0 0 0 0 0
 2020 7 13 3 2 1 62 62 27 0 0 0 0 0 0.086 0.114 0.143 0.4 0.114 0.029 0.029 0.057 0 0.029 0 0 0 0 0 0
 2020 7 13 3 2 1 64 64 27 0 0 0 0 0 0.03 0.061 0.182 0.364 0.182 0.061 0.03 0 0.03 0.03 0 0.03 0 0 0 0
 2020 7 13 3 2 1 66 66 22 0 0 0 0 0 0.074 0.111 0.148 0.519 0.037 0.074 0 0.037 0 0 0 0 0 0 0 0
 2020 7 13 3 2 1 68 68 18 0 0 0 0 0 0.038 0.154 0.115 0.346 0.077 0 0 0.115 0.038 0.077 0 0.038 0 0 0 0
 2020 7 13 3 2 1 70 70 13 0 0 0 0 0 0 0 0.286 0.214 0 0 0.071 0.214 0.143 0 0.071 0 0 0 0 0
 2020 7 13 3 2 1 72 72 9 0 0 0 0 0 0 0 0 0.167 0.25 0.083 0.083 0.083 0.083 0.083 0 0.083 0 0 0 0.083
 2020 7 13 3 2 1 74 74 8 0 0 0 0 0 0 0 0.125 0.125 0.125 0 0.375 0 0.25 0 0 0 0 0 0 0
 2020 7 13 3 2 1 76 76 4 0 0 0 0 0 0 0 0 0 0 0 0 0 0.5 0 0.25 0 0.25 0 0 0
 2020 7 13 3 2 1 78 78 2 0 0 0 0 0 0 0 0 0 0 0 0 0 0 0.5 0.5 0 0 0 0 0
 2020 7 13 3 2 1 80 80 2 0 0 0 0 0 0 0 0 0 0.5 0 0 0 0 0 0 0 0 0 0 0.5
 2021 7 13 3 2 1 34 34 2 0 0 0 1 0 0 0 0 0 0 0 0 0 0 0 0 0 0 0 0 0
 2021 7 13 3 2 1 36 36 7 0 0 0.1 0.5 0.3 0.1 0 0 0 0 0 0 0 0 0 0 0 0 0 0 0
 2021 7 13 3 2 1 38 38 6 0 0 0 0.375 0.5 0.125 0 0 0 0 0 0 0 0 0 0 0 0 0 0 0
 2021 7 13 3 2 1 40 40 18 0 0 0.042 0.5 0.333 0.042 0.042 0 0 0 0 0.042 0 0 0 0 0 0 0 0 0
 2021 7 13 3 2 1 42 42 13 0 0 0.071 0.357 0.286 0.214 0.071 0 0 0 0 0 0 0 0 0 0 0 0 0 0
 2021 7 13 3 2 1 44 44 17 0 0 0 0.474 0.211 0.211 0.053 0 0.053 0 0 0 0 0 0 0 0 0 0 0 0
 2021 7 13 3 2 1 46 46 24 0 0 0 0.429 0.321 0.107 0.071 0.036 0.036 0 0 0 0 0 0 0 0 0 0 0 0
 2021 7 13 3 2 1 48 48 20 0 0 0 0.2 0.32 0.36 0.04 0.04 0 0.04 0 0 0 0 0 0 0 0 0 0 0
 2021 7 13 3 2 1 50 50 27 0 0 0 0.167 0.2 0.3 0.2 0.1 0 0 0 0 0 0 0 0 0 0 0 0 0.033
 2021 7 13 3 2 1 52 52 17 0 0 0 0.095 0.238 0.238 0.286 0.095 0.048 0 0 0 0 0 0 0 0 0 0 0 0
 2021 7 13 3 2 1 54 54 22 0 0 0 0.154 0.077 0.192 0.115 0.269 0.115 0.077 0 0 0 0 0 0 0 0 0 0 0
 2021 7 13 3 2 1 56 56 36 0 0 0 0 0.179 0.256 0.179 0.205 0.103 0.051 0 0.026 0 0 0 0 0 0 0 0 0
 2021 7 13 3 2 1 58 58 17 0 0 0 0.045 0 0.273 0.227 0.182 0.091 0.136 0.045 0 0 0 0 0 0 0 0 0 0
 2021 7 13 3 2 1 60 60 23 0 0 0 0 0 0.321 0.286 0.214 0 0.107 0.036 0 0 0 0 0 0 0.036 0 0 0
 2021 7 13 3 2 1 62 62 21 0 0 0 0 0 0.2 0.2 0.24 0.12 0.08 0.12 0 0 0.04 0 0 0 0 0 0 0
 2021 7 13 3 2 1 64 64 25 0 0 0 0 0 0.103 0.207 0.241 0.172 0.034 0.103 0.069 0.034 0 0.034 0 0 0 0 0 0
 2021 7 13 3 2 1 66 66 17 0 0 0 0 0 0.115 0.154 0.192 0.115 0.231 0.038 0.077 0.077 0 0 0 0 0 0 0 0
 2021 7 13 3 2 1 68 68 16 0 0 0 0 0 0 0.1 0.15 0.1 0.15 0.1 0.1 0.05 0 0.15 0.05 0 0 0.05 0 0
 2021 7 13 3 2 1 70 70 12 0 0 0 0 0 0.083 0.083 0.083 0.167 0.083 0.167 0.083 0.167 0 0.083 0 0 0 0 0 0
 2021 7 13 3 2 1 72 72 11 0 0 0 0 0 0 0 0 0.143 0.286 0.143 0.071 0.143 0 0.071 0 0.071 0 0.071 0 0
 2021 7 13 3 2 1 74 74 4 0 0 0 0 0 0 0 0 0 0.25 0 0 0.25 0 0 0 0 0.25 0 0 0.25
 2021 7 13 3 2 1 76 76 3 0 0 0 0 0 0 0 0 0 0 0.5 0 0 0 0 0 0.25 0 0 0 0.25
 2021 7 13 3 2 1 78 78 2 0 0 0 0 0 0 0 0 0 0 0 0 0 0.5 0 0 0.5 0 0 0 0
 2021 7 13 3 2 1 82 82 2 0 0 0 0 0 0 0 0 0 0 0 0 0 0 0.5 0 0 0 0 0 0.5
 -2021 7 13 3 2 1 84 84 1 0 0 0 0 0 0 0 0 0 0 0 0 0 0 0 0 0 0 1 0 0
 -2021 7 13 3 2 1 88 88 1 0 0 0 0 0 1 0 0 0 0 0 0 0 0 0 0 0 0 0 0 0
 -2022 7 13 3 2 1 34 34 1 0 0 0 0 1 0 0 0 0 0 0 0 0 0 0 0 0 0 0 0 0
 2022 7 13 3 2 1 36 36 3 0 0 0 0.6 0.4 0 0 0 0 0 0 0 0 0 0 0 0 0 0 0 0
 2022 7 13 3 2 1 38 38 4 0 0 0.25 0.25 0.25 0.25 0 0 0 0 0 0 0 0 0 0 0 0 0 0 0
 2022 7 13 3 2 1 40 40 8 0 0 0.167 0.25 0.417 0.167 0 0 0 0 0 0 0 0 0 0 0 0 0 0 0
 2022 7 13 3 2 1 42 42 13 0 0 0 0.267 0.467 0.267 0 0 0 0 0 0 0 0 0 0 0 0 0 0 0
 2022 7 13 3 2 1 44 44 9 0 0 0 0.385 0.385 0.231 0 0 0 0 0 0 0 0 0 0 0 0 0 0 0
 2022 7 13 3 2 1 46 46 9 0 0 0 0.091 0.545 0.091 0.182 0.091 0 0 0 0 0 0 0 0 0 0 0 0 0
 2022 7 13 3 2 1 48 48 4 0 0 0 0.333 0.5 0.167 0 0 0 0 0 0 0 0 0 0 0 0 0 0 0
 2022 7 13 3 2 1 50 50 8 0 0 0 0 0.222 0.667 0.111 0 0 0 0 0 0 0 0 0 0 0 0 0 0
 2022 7 13 3 2 1 52 52 14 0 0 0 0 0.438 0.25 0.125 0 0.062 0.062 0.062 0 0 0 0 0 0 0 0 0 0
 2022 7 13 3 2 1 54 54 12 0 0 0 0.067 0.267 0.2 0.333 0.067 0.067 0 0 0 0 0 0 0 0 0 0 0 0
 2022 7 13 3 2 1 56 56 8 0 0 0 0 0.222 0.111 0.333 0.222 0 0 0.111 0 0 0 0 0 0 0 0 0 0
 2022 7 13 3 2 1 58 58 11 0 0 0 0 0.083 0.25 0.25 0.167 0.25 0 0 0 0 0 0 0 0 0 0 0 0
 2022 7 13 3 2 1 60 60 8 0 0 0 0 0.1 0.3 0.4 0.1 0.1 0 0 0 0 0 0 0 0 0 0 0 0
 2022 7 13 3 2 1 62 62 6 0 0 0 0 0 0.143 0.286 0.429 0 0.143 0 0 0 0 0 0 0 0 0 0 0
 2022 7 13 3 2 1 64 64 7 0 0 0 0 0 0.222 0.111 0.222 0 0.333 0.111 0 0 0 0 0 0 0 0 0 0
 2022 7 13 3 2 1 66 66 7 0 0 0 0 0 0 0 0.143 0.143 0.429 0 0 0 0.143 0.143 0 0 0 0 0 0
 2022 7 13 3 2 1 68 68 5 0 0 0 0 0 0 0 0 0.2 0 0 0 0 0.4 0.2 0.2 0 0 0 0 0
 2022 7 13 3 2 1 70 70 8 0 0 0 0 0 0 0.25 0 0 0 0.125 0.25 0 0 0 0 0 0 0 0 0.375
 2022 7 13 3 2 1 72 72 5 0 0 0 0 0 0 0 0 0 0.2 0 0 0 0.2 0.2 0 0 0 0.4 0 0
 2022 7 13 3 2 1 74 74 4 0 0 0 0 0 0 0 0.25 0 0 0.25 0 0 0 0 0 0.25 0 0.25 0 0
 2022 7 13 3 2 1 76 76 3 0 0 0 0 0 0 0 0 0 0 0 0.333 0 0 0 0 0 0.333 0 0 0.333
 2022 7 13 3 2 1 78 78 2 0 0 0 0 0 0 0 0 0 0 0 0 0 0 0.5 0 0 0 0 0 0.5
 2022 7 13 3 2 1 80 80 2 0 0 0 0 0 0 0 0 0 0 0 0 0 0 0.5 0 0.5 0 0 0 0
 -2022 7 13 3 2 1 86 86 1 0 0 0 0 0 0 0 0 0 0 0 0 0 0 0 0 0 0 0 0 1
 -2023 7 13 3 2 1 34 34 1 0 0 0.5 0.5 0 0 0 0 0 0 0 0 0 0 0 0 0 0 0 0 0
 2023 7 13 3 2 1 36 36 4 0 0 0.4 0.2 0.2 0.2 0 0 0 0 0 0 0 0 0 0 0 0 0 0 0
 2023 7 13 3 2 1 38 38 12 0 0 0 0.412 0.412 0.118 0.059 0 0 0 0 0 0 0 0 0 0 0 0 0 0
 2023 7 13 3 2 1 40 40 17 0 0 0 0.455 0.273 0.273 0 0 0 0 0 0 0 0 0 0 0 0 0 0 0
 2023 7 13 3 2 1 42 42 17 0 0 0.045 0.409 0.318 0.091 0.091 0.045 0 0 0 0 0 0 0 0 0 0 0 0 0
 2023 7 13 3 2 1 44 44 27 0 0 0 0.216 0.432 0.243 0.108 0 0 0 0 0 0 0 0 0 0 0 0 0 0
 2023 7 13 3 2 1 46 46 22 0 0 0 0.292 0.417 0.208 0 0.083 0 0 0 0 0 0 0 0 0 0 0 0 0
 2023 7 13 3 2 1 48 48 23 0 0 0 0.08 0.48 0.36 0.04 0.04 0 0 0 0 0 0 0 0 0 0 0 0 0
 2023 7 13 3 2 1 50 50 12 0 0 0 0.077 0.462 0.308 0.154 0 0 0 0 0 0 0 0 0 0 0 0 0 0
 2023 7 13 3 2 1 52 52 12 0 0 0 0 0.286 0.571 0.143 0 0 0 0 0 0 0 0 0 0 0 0 0 0
 2023 7 13 3 2 1 54 54 18 0 0 0 0 0.158 0.474 0.211 0.158 0 0 0 0 0 0 0 0 0 0 0 0 0
 2023 7 13 3 2 1 56 56 21 0 0 0 0 0.077 0.615 0.192 0.115 0 0 0 0 0 0 0 0 0 0 0 0 0
 2023 7 13 3 2 1 58 58 18 0 0 0 0 0 0.421 0.368 0.158 0.053 0 0 0 0 0 0 0 0 0 0 0 0
 2023 7 13 3 2 1 60 60 16 0 0 0 0 0.053 0.368 0.474 0.053 0.053 0 0 0 0 0 0 0 0 0 0 0 0
 2023 7 13 3 2 1 62 62 19 0 0 0 0 0 0.136 0.455 0.273 0.136 0 0 0 0 0 0 0 0 0 0 0 0
 2023 7 13 3 2 1 64 64 20 0 0 0 0 0 0.077 0.308 0.346 0.077 0.077 0.038 0 0 0 0 0 0 0.077 0 0 0
 2023 7 13 3 2 1 66 66 20 0 0 0 0 0 0 0.095 0.429 0.286 0.048 0 0.048 0.095 0 0 0 0 0 0 0 0
 2023 7 13 3 2 1 68 68 16 0 0 0 0 0 0 0.048 0.238 0.238 0.143 0.095 0 0.095 0 0.048 0 0 0 0 0.095 0
 2023 7 13 3 2 1 70 70 10 0 0 0 0 0 0 0 0.182 0.091 0.091 0 0.273 0 0.091 0 0.182 0 0.091 0 0 0
 2023 7 13 3 2 1 72 72 6 0 0 0 0 0 0 0 0.125 0 0.125 0 0.25 0.125 0 0 0 0 0 0 0.25 0.125
 2023 7 13 3 2 1 74 74 7 0 0 0 0 0 0 0.125 0 0.25 0 0.25 0.125 0 0.125 0 0 0.125 0 0 0 0
 2023 7 13 3 2 1 76 76 6 0 0 0 0 0 0 0 0 0.167 0 0.167 0 0 0.167 0 0.167 0.167 0.167 0 0 0
 2023 7 13 3 2 1 78 78 6 0 0 0 0 0 0 0 0 0 0.167 0.167 0.167 0 0 0.167 0 0 0 0.167 0.167 0
 -2023 7 13 3 2 1 80 80 1 0 0 0 0 0 0 0 0 0 0 0 0 0 0 0 0 0 1 0 0 0
 -2009 7 14 3 2 1 40 40 1 0 0 0 1 0 0 0 0 0 0 0 0 0 0 0 0 0 0 0 0 0
 2009 7 14 3 2 1 42 42 2 0 0 0 1 0 0 0 0 0 0 0 0 0 0 0 0 0 0 0 0 0
 2009 7 14 3 2 1 44 44 3 0 0 0 0.667 0 0.333 0 0 0 0 0 0 0 0 0 0 0 0 0 0 0
 2009 7 14 3 2 1 46 46 10 0 0 0 0.2 0.8 0 0 0 0 0 0 0 0 0 0 0 0 0 0 0 0
 2009 7 14 3 2 1 48 48 7 0 0 0 0.286 0.714 0 0 0 0 0 0 0 0 0 0 0 0 0 0 0 0
 2009 7 14 3 2 1 50 50 7 0 0 0 0.143 0.714 0.143 0 0 0 0 0 0 0 0 0 0 0 0 0 0 0
 2009 7 14 3 2 1 52 52 10 0 0 0 0.1 0.9 0 0 0 0 0 0 0 0 0 0 0 0 0 0 0 0
 -2009 7 14 3 2 1 54 54 1 0 0 0 1 0 0 0 0 0 0 0 0 0 0 0 0 0 0 0 0 0
 2009 7 14 3 2 1 56 56 2 0 0 0 0 0 1 0 0 0 0 0 0 0 0 0 0 0 0 0 0 0
 2009 7 14 3 2 1 58 58 2 0 0 0 0 0 0.5 0.5 0 0 0 0 0 0 0 0 0 0 0 0 0 0
 -2009 7 14 3 2 1 60 60 1 0 0 0 0 0 0 1 0 0 0 0 0 0 0 0 0 0 0 0 0 0
 2009 7 14 3 2 1 62 62 2 0 0 0 0 0 0.5 0 0.5 0 0 0 0 0 0 0 0 0 0 0 0 0
 -2009 7 14 3 2 1 64 64 1 0 0 0 0 0 0 1 0 0 0 0 0 0 0 0 0 0 0 0 0 0
 2009 7 14 3 2 1 66 66 2 0 0 0 0 0 0 1 0 0 0 0 0 0 0 0 0 0 0 0 0 0
 -2009 7 14 3 2 1 68 68 1 0 0 0 0 0 1 0 0 0 0 0 0 0 0 0 0 0 0 0 0 0
 -2010 7 14 3 2 1 36 36 1 0 0 0 1 0 0 0 0 0 0 0 0 0 0 0 0 0 0 0 0 0
 2010 7 14 3 2 1 38 38 4 0 0 0 1 0 0 0 0 0 0 0 0 0 0 0 0 0 0 0 0 0
 2010 7 14 3 2 1 40 40 5 0 0 0.2 0 0.6 0.2 0 0 0 0 0 0 0 0 0 0 0 0 0 0 0
 2010 7 14 3 2 1 42 42 5 0 0 0 0.4 0.4 0.2 0 0 0 0 0 0 0 0 0 0 0 0 0 0 0
 2010 7 14 3 2 1 44 44 6 0 0 0 0.333 0.667 0 0 0 0 0 0 0 0 0 0 0 0 0 0 0 0
 2010 7 14 3 2 1 46 46 8 0 0 0 0.25 0.75 0 0 0 0 0 0 0 0 0 0 0 0 0 0 0 0
 2010 7 14 3 2 1 48 48 16 0 0 0 0 0.687 0.25 0.062 0 0 0 0 0 0 0 0 0 0 0 0 0 0
 2010 7 14 3 2 1 50 50 14 0 0 0 0.143 0.5 0.286 0.071 0 0 0 0 0 0 0 0 0 0 0 0 0 0
 2010 7 14 3 2 1 52 52 7 0 0 0 0 0.714 0.286 0 0 0 0 0 0 0 0 0 0 0 0 0 0 0
 2010 7 14 3 2 1 54 54 2 0 0 0 0 0.5 0.5 0 0 0 0 0 0 0 0 0 0 0 0 0 0 0
 2010 7 14 3 2 1 56 56 7 0 0 0 0 0.429 0.429 0.143 0 0 0 0 0 0 0 0 0 0 0 0 0 0
 2010 7 14 3 2 1 58 58 6 0 0 0 0 0.5 0.333 0.167 0 0 0 0 0 0 0 0 0 0 0 0 0 0
 2010 7 14 3 2 1 60 60 8 0 0 0 0 0 0.875 0.125 0 0 0 0 0 0 0 0 0 0 0 0 0 0
 2010 7 14 3 2 1 62 62 4 0 0 0 0 0.25 0 0.75 0 0 0 0 0 0 0 0 0 0 0 0 0 0
 2010 7 14 3 2 1 64 64 3 0 0 0 0 0 0.667 0.333 0 0 0 0 0 0 0 0 0 0 0 0 0 0
 2010 7 14 3 2 1 66 66 5 0 0 0 0 0 0.6 0 0.2 0.2 0 0 0 0 0 0 0 0 0 0 0 0
 2010 7 14 3 2 1 68 68 2 0 0 0 0 0 0.5 0 0.5 0 0 0 0 0 0 0 0 0 0 0 0 0
 -2010 7 14 3 2 1 70 70 1 0 0 0 0 0 0 0 1 0 0 0 0 0 0 0 0 0 0 0 0 0
 2010 7 14 3 2 1 72 72 2 0 0 0 0 0 0.5 0 0.5 0 0 0 0 0 0 0 0 0 0 0 0 0
 2011 7 14 3 2 1 36 36 5 0 0 0 1 0 0 0 0 0 0 0 0 0 0 0 0 0 0 0 0 0
 2011 7 14 3 2 1 38 38 5 0 0 0 0.8 0.2 0 0 0 0 0 0 0 0 0 0 0 0 0 0 0 0
 2011 7 14 3 2 1 40 40 3 0 0 0 0.667 0.333 0 0 0 0 0 0 0 0 0 0 0 0 0 0 0 0
 -2011 7 14 3 2 1 44 44 1 0 0 0 0 1 0 0 0 0 0 0 0 0 0 0 0 0 0 0 0 0
 2011 7 14 3 2 1 46 46 6 0 0 0 0 0.667 0.333 0 0 0 0 0 0 0 0 0 0 0 0 0 0 0
 2011 7 14 3 2 1 48 48 6 0 0 0 0 0.833 0.167 0 0 0 0 0 0 0 0 0 0 0 0 0 0 0
 2011 7 14 3 2 1 50 50 6 0 0 0 0 0.167 0.833 0 0 0 0 0 0 0 0 0 0 0 0 0 0 0
 2011 7 14 3 2 1 52 52 6 0 0 0 0 0.167 0.667 0.167 0 0 0 0 0 0 0 0 0 0 0 0 0 0
 2011 7 14 3 2 1 54 54 4 0 0 0 0 0.5 0.25 0.25 0 0 0 0 0 0 0 0 0 0 0 0 0 0
 2011 7 14 3 2 1 56 56 9 0 0 0 0 0.111 0.333 0.556 0 0 0 0 0 0 0 0 0 0 0 0 0 0
 2011 7 14 3 2 1 58 58 8 0 0 0 0 0 0.375 0.5 0.125 0 0 0 0 0 0 0 0 0 0 0 0 0
 2011 7 14 3 2 1 60 60 4 0 0 0 0 0 0.5 0.5 0 0 0 0 0 0 0 0 0 0 0 0 0 0
 2011 7 14 3 2 1 62 62 4 0 0 0 0 0 0.25 0.5 0.25 0 0 0 0 0 0 0 0 0 0 0 0 0
 2011 7 14 3 2 1 66 66 2 0 0 0 0 0 0 0 0.5 0.5 0 0 0 0 0 0 0 0 0 0 0 0
 2011 7 14 3 2 1 68 68 3 0 0 0 0 0 0 1 0 0 0 0 0 0 0 0 0 0 0 0 0 0
 -2011 7 14 3 2 1 70 70 1 0 0 0 0 0 0 0 0 1 0 0 0 0 0 0 0 0 0 0 0 0
 -2012 7 14 3 2 1 38 38 1 0 0 0 1 0 0 0 0 0 0 0 0 0 0 0 0 0 0 0 0 0
 2012 7 14 3 2 1 40 40 2 0 0 0 0.5 0.5 0 0 0 0 0 0 0 0 0 0 0 0 0 0 0 0
 -2012 7 14 3 2 1 44 44 1 0 0 0 0 1 0 0 0 0 0 0 0 0 0 0 0 0 0 0 0 0
 -2012 7 14 3 2 1 46 46 1 0 0 0 0 0 0 1 0 0 0 0 0 0 0 0 0 0 0 0 0 0
 -2012 7 14 3 2 1 50 50 1 0 0 0 0 0 1 0 0 0 0 0 0 0 0 0 0 0 0 0 0 0
 -2012 7 14 3 2 1 52 52 1 0 0 0 0 0 0 0 1 0 0 0 0 0 0 0 0 0 0 0 0 0
 -2012 7 14 3 2 1 54 54 1 0 0 0 0 0 1 0 0 0 0 0 0 0 0 0 0 0 0 0 0 0
 -2012 7 14 3 2 1 58 58 1 0 0 0 0 0 1 0 0 0 0 0 0 0 0 0 0 0 0 0 0 0
 -2012 7 14 3 2 1 64 64 1 0 0 0 0 0 0 1 0 0 0 0 0 0 0 0 0 0 0 0 0 0
 -2012 7 14 3 2 1 68 68 1 0 0 0 0 0 0 0 1 0 0 0 0 0 0 0 0 0 0 0 0 0
 -2012 7 14 3 2 1 70 70 1 0 0 0 0 0 0 1 0 0 0 0 0 0 0 0 0 0 0 0 0 0
 2012 7 14 3 2 1 72 72 2 0 0 0 0 0 0 0 0 0.5 0.5 0 0 0 0 0 0 0 0 0 0 0
 -2013 7 14 3 2 1 42 42 1 0 0 0 0 0 0 1 0 0 0 0 0 0 0 0 0 0 0 0 0 0
 2013 7 14 3 2 1 46 46 2 0 0 0 0 1 0 0 0 0 0 0 0 0 0 0 0 0 0 0 0 0
 -2013 7 14 3 2 1 48 48 1 0 0 0 0 0 1 0 0 0 0 0 0 0 0 0 0 0 0 0 0 0
 2013 7 14 3 2 1 50 50 3 0 0 0 0 0 1 0 0 0 0 0 0 0 0 0 0 0 0 0 0 0
 -2013 7 14 3 2 1 52 52 1 0 0 0 0 0 0 1 0 0 0 0 0 0 0 0 0 0 0 0 0 0
 2013 7 14 3 2 1 54 54 2 0 0 0 0 0 0.5 0.5 0 0 0 0 0 0 0 0 0 0 0 0 0 0
 2013 7 14 3 2 1 56 56 2 0 0 0 0 0 0 1 0 0 0 0 0 0 0 0 0 0 0 0 0 0
 -2013 7 14 3 2 1 58 58 1 0 0 0 0 0 0 1 0 0 0 0 0 0 0 0 0 0 0 0 0 0
 2013 7 14 3 2 1 60 60 2 0 0 0 0 0 0 0.5 0.5 0 0 0 0 0 0 0 0 0 0 0 0 0
 2013 7 14 3 2 1 62 62 2 0 0 0 0 0 0 0.5 0.5 0 0 0 0 0 0 0 0 0 0 0 0 0
 -2013 7 14 3 2 1 66 66 1 0 0 0 0 0 0 0 0 1 0 0 0 0 0 0 0 0 0 0 0 0
 -2013 7 14 3 2 1 68 68 1 0 0 0 0 0 0 0 1 0 0 0 0 0 0 0 0 0 0 0 0 0
 2014 7 14 3 2 1 36 36 4 0 0 0 1 0 0 0 0 0 0 0 0 0 0 0 0 0 0 0 0 0
 2014 7 14 3 2 1 38 38 4 0 0 0 0.8 0.2 0 0 0 0 0 0 0 0 0 0 0 0 0 0 0 0
 2014 7 14 3 2 1 40 40 5 0 0 0 0.6 0 0.4 0 0 0 0 0 0 0 0 0 0 0 0 0 0 0
 2014 7 14 3 2 1 42 42 5 0 0 0 0.2 0.8 0 0 0 0 0 0 0 0 0 0 0 0 0 0 0 0
 2014 7 14 3 2 1 44 44 5 0 0 0 0.4 0.6 0 0 0 0 0 0 0 0 0 0 0 0 0 0 0 0
 2014 7 14 3 2 1 46 46 2 0 0 0 0 0.5 0 0.5 0 0 0 0 0 0 0 0 0 0 0 0 0 0
 2014 7 14 3 2 1 48 48 2 0 0 0 0 0 0.333 0.333 0 0.333 0 0 0 0 0 0 0 0 0 0 0 0
 2014 7 14 3 2 1 50 50 7 0 0 0 0 0.625 0.25 0.125 0 0 0 0 0 0 0 0 0 0 0 0 0 0
 2014 7 14 3 2 1 52 52 2 0 0 0 0 1 0 0 0 0 0 0 0 0 0 0 0 0 0 0 0 0
 2014 7 14 3 2 1 54 54 3 0 0 0 0 0.333 0.333 0.333 0 0 0 0 0 0 0 0 0 0 0 0 0 0
 2014 7 14 3 2 1 56 56 4 0 0 0 0 0.4 0 0.6 0 0 0 0 0 0 0 0 0 0 0 0 0 0
 2014 7 14 3 2 1 58 58 6 0 0 0 0 0 0 0.571 0 0.286 0.143 0 0 0 0 0 0 0 0 0 0 0
 2014 7 14 3 2 1 60 60 3 0 0 0 0 0.333 0 0.667 0 0 0 0 0 0 0 0 0 0 0 0 0 0
 2014 7 14 3 2 1 62 62 4 0 0 0 0 0 0 0.5 0.5 0 0 0 0 0 0 0 0 0 0 0 0 0
 2014 7 14 3 2 1 64 64 3 0 0 0 0 0 0.2 0.6 0 0.2 0 0 0 0 0 0 0 0 0 0 0 0
 2014 7 14 3 2 1 66 66 2 0 0 0 0 0 0 0.5 0 0.5 0 0 0 0 0 0 0 0 0 0 0 0
 2014 7 14 3 2 1 68 68 6 0 0 0 0 0 0.143 0.286 0.286 0.286 0 0 0 0 0 0 0 0 0 0 0 0
 2014 7 14 3 2 1 70 70 4 0 0 0 0 0 0 0 0.5 0.5 0 0 0 0 0 0 0 0 0 0 0 0
 -2014 7 14 3 2 1 72 72 1 0 0 0 0 0 0 1 0 0 0 0 0 0 0 0 0 0 0 0 0 0
 -2014 7 14 3 2 1 74 74 1 0 0 0 0 0 0 0 1 0 0 0 0 0 0 0 0 0 0 0 0 0
 2015 7 14 3 2 1 44 44 2 0 0 0 0 1 0 0 0 0 0 0 0 0 0 0 0 0 0 0 0 0
 2015 7 14 3 2 1 46 46 7 0 0 0 0.25 0.75 0 0 0 0 0 0 0 0 0 0 0 0 0 0 0 0
 2015 7 14 3 2 1 48 48 5 0 0 0 0 0.833 0.167 0 0 0 0 0 0 0 0 0 0 0 0 0 0 0
 2015 7 14 3 2 1 50 50 8 0 0 0 0 0.75 0.25 0 0 0 0 0 0 0 0 0 0 0 0 0 0 0
 2015 7 14 3 2 1 52 52 11 0 0 0 0 0.5 0.5 0 0 0 0 0 0 0 0 0 0 0 0 0 0 0
 2015 7 14 3 2 1 54 54 17 0 0 0 0 0.429 0.571 0 0 0 0 0 0 0 0 0 0 0 0 0 0 0
 2015 7 14 3 2 1 56 56 13 0 0 0 0 0.294 0.647 0.059 0 0 0 0 0 0 0 0 0 0 0 0 0 0
 2015 7 14 3 2 1 58 58 12 0 0 0 0 0.412 0.529 0.059 0 0 0 0 0 0 0 0 0 0 0 0 0 0
 2015 7 14 3 2 1 60 60 14 0 0 0 0 0.067 0.8 0.133 0 0 0 0 0 0 0 0 0 0 0 0 0 0
 2015 7 14 3 2 1 62 62 11 0 0 0 0 0 0.75 0.25 0 0 0 0 0 0 0 0 0 0 0 0 0 0
 2015 7 14 3 2 1 64 64 5 0 0 0 0 0 0.571 0.286 0.143 0 0 0 0 0 0 0 0 0 0 0 0 0
 -2015 7 14 3 2 1 66 66 1 0 0 0 0 0 0 1 0 0 0 0 0 0 0 0 0 0 0 0 0 0
 2015 7 14 3 2 1 68 68 3 0 0 0 0 0 0.333 0.333 0.333 0 0 0 0 0 0 0 0 0 0 0 0 0
 2015 7 14 3 2 1 72 72 2 0 0 0 0 0 0 0 1 0 0 0 0 0 0 0 0 0 0 0 0 0
 -2015 7 14 3 2 1 74 74 1 0 0 0 0 0 0 0 0 0 0 1 0 0 0 0 0 0 0 0 0 0
 -2015 7 14 3 2 1 76 76 1 0 0 0 0 0 0 0 0 0 1 0 0 0 0 0 0 0 0 0 0 0
 2016 7 14 3 2 1 36 36 2 0 0 0.5 0 0.5 0 0 0 0 0 0 0 0 0 0 0 0 0 0 0 0
 2016 7 14 3 2 1 38 38 4 0 0 0.625 0.25 0.125 0 0 0 0 0 0 0 0 0 0 0 0 0 0 0 0
 2016 7 14 3 2 1 40 40 5 0 0 0.8 0.2 0 0 0 0 0 0 0 0 0 0 0 0 0 0 0 0 0
 2016 7 14 3 2 1 42 42 3 0 0 0.75 0 0.25 0 0 0 0 0 0 0 0 0 0 0 0 0 0 0 0
 -2016 7 14 3 2 1 44 44 1 0 0 0 1 0 0 0 0 0 0 0 0 0 0 0 0 0 0 0 0 0
 -2016 7 14 3 2 1 58 58 1 0 0 0 0 1 0 0 0 0 0 0 0 0 0 0 0 0 0 0 0 0
 -2016 7 14 3 2 1 60 60 1 0 0 0 0 0 1 0 0 0 0 0 0 0 0 0 0 0 0 0 0 0
 -2016 7 14 3 2 1 64 64 1 0 0 0 0 0 0 1 0 0 0 0 0 0 0 0 0 0 0 0 0 0
 -2016 7 14 3 2 1 66 66 1 0 0 0 0 0 1 0 0 0 0 0 0 0 0 0 0 0 0 0 0 0
 -2017 7 14 3 2 1 36 36 1 0 0 0 1 0 0 0 0 0 0 0 0 0 0 0 0 0 0 0 0 0
 2017 7 14 3 2 1 38 38 2 0 0 0 1 0 0 0 0 0 0 0 0 0 0 0 0 0 0 0 0 0
 2017 7 14 3 2 1 40 40 7 0 0 0 1 0 0 0 0 0 0 0 0 0 0 0 0 0 0 0 0 0
 2017 7 14 3 2 1 42 42 8 0 0 0 1 0 0 0 0 0 0 0 0 0 0 0 0 0 0 0 0 0
 2017 7 14 3 2 1 44 44 7 0 0 0 0.9 0.1 0 0 0 0 0 0 0 0 0 0 0 0 0 0 0 0
 2017 7 14 3 2 1 46 46 6 0 0 0 0.833 0.167 0 0 0 0 0 0 0 0 0 0 0 0 0 0 0 0
 2017 7 14 3 2 1 48 48 3 0 0 0 0.333 0.667 0 0 0 0 0 0 0 0 0 0 0 0 0 0 0 0
 2017 7 14 3 2 1 50 50 8 0 0 0 0.556 0.222 0.222 0 0 0 0 0 0 0 0 0 0 0 0 0 0 0
 2017 7 14 3 2 1 52 52 4 0 0 0 0.5 0.25 0.25 0 0 0 0 0 0 0 0 0 0 0 0 0 0 0
 2017 7 14 3 2 1 54 54 3 0 0 0 0.333 0 0.333 0.333 0 0 0 0 0 0 0 0 0 0 0 0 0 0
 2017 7 14 3 2 1 56 56 2 0 0 0 0 0 1 0 0 0 0 0 0 0 0 0 0 0 0 0 0 0
 2017 7 14 3 2 1 58 58 2 0 0 0 0 0.4 0.6 0 0 0 0 0 0 0 0 0 0 0 0 0 0 0
 -2017 7 14 3 2 1 68 68 1 0 0 0 0 0 0 1 0 0 0 0 0 0 0 0 0 0 0 0 0 0
 2018 7 14 3 2 1 38 38 7 0 0 0 0.111 0.889 0 0 0 0 0 0 0 0 0 0 0 0 0 0 0 0
 2018 7 14 3 2 1 40 40 10 0 0 0 0.357 0.643 0 0 0 0 0 0 0 0 0 0 0 0 0 0 0 0
 2018 7 14 3 2 1 42 42 21 0 0 0 0.267 0.733 0 0 0 0 0 0 0 0 0 0 0 0 0 0 0 0
 2018 7 14 3 2 1 44 44 14 0 0 0 0.053 0.947 0 0 0 0 0 0 0 0 0 0 0 0 0 0 0 0
 2018 7 14 3 2 1 46 46 20 0 0 0 0.037 0.963 0 0 0 0 0 0 0 0 0 0 0 0 0 0 0 0
 2018 7 14 3 2 1 48 48 20 0 0 0 0 0.929 0.036 0 0 0 0.036 0 0 0 0 0 0 0 0 0 0 0
 2018 7 14 3 2 1 50 50 23 0 0 0 0 1 0 0 0 0 0 0 0 0 0 0 0 0 0 0 0 0
 2018 7 14 3 2 1 52 52 14 0 0 0 0 1 0 0 0 0 0 0 0 0 0 0 0 0 0 0 0 0
 2018 7 14 3 2 1 54 54 16 0 0 0 0 0.833 0.111 0.056 0 0 0 0 0 0 0 0 0 0 0 0 0 0
 2018 7 14 3 2 1 56 56 6 0 0 0 0 1 0 0 0 0 0 0 0 0 0 0 0 0 0 0 0 0
 2018 7 14 3 2 1 58 58 3 0 0 0 0 0.667 0.333 0 0 0 0 0 0 0 0 0 0 0 0 0 0 0
 2018 7 14 3 2 1 60 60 3 0 0 0 0 0.667 0 0.333 0 0 0 0 0 0 0 0 0 0 0 0 0 0
 2018 7 14 3 2 1 62 62 2 0 0 0 0 0 1 0 0 0 0 0 0 0 0 0 0 0 0 0 0 0
 -2018 7 14 3 2 1 64 64 1 0 0 0 0 0 0 0 1 0 0 0 0 0 0 0 0 0 0 0 0 0
 -2018 7 14 3 2 1 66 66 1 0 0 0 0 0 0 0 1 0 0 0 0 0 0 0 0 0 0 0 0 0
 -2018 7 14 3 2 1 68 68 1 0 0 0 0 0 0 1 0 0 0 0 0 0 0 0 0 0 0 0 0 0
 -2018 7 14 3 2 1 70 70 1 0 0 0 0 0 1 0 0 0 0 0 0 0 0 0 0 0 0 0 0 0
 -2019 7 14 3 2 1 36 36 1 0 0 1 0 0 0 0 0 0 0 0 0 0 0 0 0 0 0 0 0 0
 2019 7 14 3 2 1 38 38 8 0 0 0.125 0.75 0 0.125 0 0 0 0 0 0 0 0 0 0 0 0 0 0 0
 2019 7 14 3 2 1 40 40 7 0 0 0.111 0.778 0.111 0 0 0 0 0 0 0 0 0 0 0 0 0 0 0 0
 2019 7 14 3 2 1 42 42 11 0 0 0.143 0.214 0.286 0.357 0 0 0 0 0 0 0 0 0 0 0 0 0 0 0
 2019 7 14 3 2 1 44 44 13 0 0 0 0.133 0.533 0.333 0 0 0 0 0 0 0 0 0 0 0 0 0 0 0
 2019 7 14 3 2 1 46 46 14 0 0 0 0.062 0.312 0.563 0.062 0 0 0 0 0 0 0 0 0 0 0 0 0 0
 2019 7 14 3 2 1 48 48 11 0 0 0 0.071 0.429 0.5 0 0 0 0 0 0 0 0 0 0 0 0 0 0 0
 2019 7 14 3 2 1 50 50 22 0 0 0 0 0.348 0.652 0 0 0 0 0 0 0 0 0 0 0 0 0 0 0
 2019 7 14 3 2 1 52 52 21 0 0 0 0 0.148 0.852 0 0 0 0 0 0 0 0 0 0 0 0 0 0 0
 2019 7 14 3 2 1 54 54 13 0 0 0 0 0.062 0.938 0 0 0 0 0 0 0 0 0 0 0 0 0 0 0
 2019 7 14 3 2 1 56 56 14 0 0 0 0 0.059 0.882 0 0.059 0 0 0 0 0 0 0 0 0 0 0 0 0
 2019 7 14 3 2 1 58 58 13 0 0 0 0 0 1 0 0 0 0 0 0 0 0 0 0 0 0 0 0 0
 2019 7 14 3 2 1 60 60 11 0 0 0 0 0.083 0.833 0.083 0 0 0 0 0 0 0 0 0 0 0 0 0 0
 2019 7 14 3 2 1 62 62 8 0 0 0 0 0 0.875 0.125 0 0 0 0 0 0 0 0 0 0 0 0 0 0
 2019 7 14 3 2 1 64 64 3 0 0 0 0 0 1 0 0 0 0 0 0 0 0 0 0 0 0 0 0 0
 2019 7 14 3 2 1 66 66 3 0 0 0 0 0 1 0 0 0 0 0 0 0 0 0 0 0 0 0 0 0
 2019 7 14 3 2 1 68 68 2 0 0 0 0 0 0.5 0 0 0.5 0 0 0 0 0 0 0 0 0 0 0 0
 2019 7 14 3 2 1 72 72 2 0 0 0 0 0 0 1 0 0 0 0 0 0 0 0 0 0 0 0 0 0
 -2019 7 14 3 2 1 74 74 1 0 0 0 0 0 0 0 0 0 1 0 0 0 0 0 0 0 0 0 0 0
 -2019 7 14 3 2 1 84 84 1 0 0 0 0 0 0 0 0 0 0 0 0 0 1 0 0 0 0 0 0 0
 2020 7 14 3 2 1 38 38 9 0 0 0 0.818 0 0 0.182 0 0 0 0 0 0 0 0 0 0 0 0 0 0
 2020 7 14 3 2 1 40 40 5 0 0 0 0.857 0 0 0.143 0 0 0 0 0 0 0 0 0 0 0 0 0 0
 2020 7 14 3 2 1 42 42 3 0 0 0 0.667 0.333 0 0 0 0 0 0 0 0 0 0 0 0 0 0 0 0
 2020 7 14 3 2 1 44 44 4 0 0 0 1 0 0 0 0 0 0 0 0 0 0 0 0 0 0 0 0 0
 2020 7 14 3 2 1 46 46 5 0 0 0 0.2 0.8 0 0 0 0 0 0 0 0 0 0 0 0 0 0 0 0
 2020 7 14 3 2 1 48 48 3 0 0 0 0.667 0.333 0 0 0 0 0 0 0 0 0 0 0 0 0 0 0 0
 2020 7 14 3 2 1 52 52 2 0 0 0 0 0 0.5 0 0 0 0 0.5 0 0 0 0 0 0 0 0 0 0
 2020 7 14 3 2 1 54 54 6 0 0 0 0 0.167 0.5 0.333 0 0 0 0 0 0 0 0 0 0 0 0 0 0
 2020 7 14 3 2 1 56 56 2 0 0 0 0 0 0 1 0 0 0 0 0 0 0 0 0 0 0 0 0 0
 2020 7 14 3 2 1 58 58 4 0 0 0 0 0 0.2 0.8 0 0 0 0 0 0 0 0 0 0 0 0 0 0
 2020 7 14 3 2 1 60 60 2 0 0 0 0 0 0 1 0 0 0 0 0 0 0 0 0 0 0 0 0 0
 -2020 7 14 3 2 1 62 62 1 0 0 0 0 0 0 1 0 0 0 0 0 0 0 0 0 0 0 0 0 0
 2020 7 14 3 2 1 64 64 2 0 0 0 0 0 0 1 0 0 0 0 0 0 0 0 0 0 0 0 0 0
 -2020 7 14 3 2 1 70 70 1 0 0 0 0 0 0 1 0 0 0 0 0 0 0 0 0 0 0 0 0 0
 -2020 7 14 3 2 1 72 72 1 0 0 0 0 0 0 0 0 0 0 1 0 0 0 0 0 0 0 0 0 0
 2021 7 14 3 2 1 36 36 3 0 0 0.75 0.25 0 0 0 0 0 0 0 0 0 0 0 0 0 0 0 0 0
 2021 7 14 3 2 1 38 38 10 0 0 0.5 0.25 0.25 0 0 0 0 0 0 0 0 0 0 0 0 0 0 0 0
 2021 7 14 3 2 1 40 40 11 0 0 0.357 0.214 0.429 0 0 0 0 0 0 0 0 0 0 0 0 0 0 0 0
 2021 7 14 3 2 1 42 42 11 0 0 0 0.474 0.368 0.105 0 0 0.053 0 0 0 0 0 0 0 0 0 0 0 0
 2021 7 14 3 2 1 44 44 14 0 0 0 0.062 0.813 0.125 0 0 0 0 0 0 0 0 0 0 0 0 0 0 0
 2021 7 14 3 2 1 46 46 13 0 0 0 0.25 0.625 0.063 0.062 0 0 0 0 0 0 0 0 0 0 0 0 0 0
 2021 7 14 3 2 1 48 48 15 0 0 0 0.062 0.75 0.062 0 0.125 0 0 0 0 0 0 0 0 0 0 0 0 0
 2021 7 14 3 2 1 50 50 16 0 0 0 0.091 0.5 0.136 0.091 0.136 0.045 0 0 0 0 0 0 0 0 0 0 0 0
 2021 7 14 3 2 1 52 52 15 0 0 0 0.118 0.412 0.118 0.059 0.294 0 0 0 0 0 0 0 0 0 0 0 0 0
 2021 7 14 3 2 1 54 54 16 0 0 0 0 0.15 0.3 0.05 0.5 0 0 0 0 0 0 0 0 0 0 0 0 0
 2021 7 14 3 2 1 56 56 16 0 0 0 0 0.261 0.087 0.087 0.565 0 0 0 0 0 0 0 0 0 0 0 0 0
 2021 7 14 3 2 1 58 58 12 0 0 0 0 0.167 0.25 0.25 0.333 0 0 0 0 0 0 0 0 0 0 0 0 0
 2021 7 14 3 2 1 60 60 17 0 0 0 0 0.045 0.091 0.227 0.636 0 0 0 0 0 0 0 0 0 0 0 0 0
 2021 7 14 3 2 1 62 62 18 0 0 0 0 0.083 0.083 0.167 0.667 0 0 0 0 0 0 0 0 0 0 0 0 0
 2021 7 14 3 2 1 64 64 9 0 0 0 0 0 0.111 0.111 0.778 0 0 0 0 0 0 0 0 0 0 0 0 0
 2021 7 14 3 2 1 66 66 12 0 0 0 0 0 0 0.214 0.786 0 0 0 0 0 0 0 0 0 0 0 0 0
 2021 7 14 3 2 1 68 68 7 0 0 0 0 0 0 0.125 0.875 0 0 0 0 0 0 0 0 0 0 0 0 0
 2021 7 14 3 2 1 70 70 5 0 0 0 0 0 0 0 1 0 0 0 0 0 0 0 0 0 0 0 0 0
 2021 7 14 3 2 1 72 72 2 0 0 0 0 0 0 0 0.5 0 0 0 0 0 0.5 0 0 0 0 0 0 0
 -2022 7 14 3 2 1 36 36 1 0 0 1 0 0 0 0 0 0 0 0 0 0 0 0 0 0 0 0 0 0
 2022 7 14 3 2 1 38 38 2 0 0 0 0.5 0.5 0 0 0 0 0 0 0 0 0 0 0 0 0 0 0 0
 2022 7 14 3 2 1 40 40 5 0 0 0.2 0.6 0.2 0 0 0 0 0 0 0 0 0 0 0 0 0 0 0 0
 2022 7 14 3 2 1 42 42 4 0 0 0 0.75 0.25 0 0 0 0 0 0 0 0 0 0 0 0 0 0 0 0
 2022 7 14 3 2 1 44 44 12 0 0 0 0.687 0.25 0.062 0 0 0 0 0 0 0 0 0 0 0 0 0 0 0
 2022 7 14 3 2 1 46 46 4 0 0 0 0.5 0.25 0 0.25 0 0 0 0 0 0 0 0 0 0 0 0 0 0
 2022 7 14 3 2 1 48 48 5 0 0 0 0.667 0 0.167 0 0.167 0 0 0 0 0 0 0 0 0 0 0 0 0
 2022 7 14 3 2 1 50 50 13 0 0 0 0.25 0.187 0.312 0.063 0.062 0.125 0 0 0 0 0 0 0 0 0 0 0 0
 2022 7 14 3 2 1 52 52 9 0 0 0 0.3 0.2 0 0.2 0 0.3 0 0 0 0 0 0 0 0 0 0 0 0
 2022 7 14 3 2 1 54 54 9 0 0 0 0 0.273 0.273 0.091 0.091 0.273 0 0 0 0 0 0 0 0 0 0 0 0
 2022 7 14 3 2 1 56 56 6 0 0 0 0.125 0.125 0.5 0.125 0 0.125 0 0 0 0 0 0 0 0 0 0 0 0
 2022 7 14 3 2 1 58 58 7 0 0 0 0.125 0.125 0.125 0.25 0.125 0.25 0 0 0 0 0 0 0 0 0 0 0 0
 2022 7 14 3 2 1 60 60 7 0 0 0 0 0.25 0.25 0.25 0 0.25 0 0 0 0 0 0 0 0 0 0 0 0
 2022 7 14 3 2 1 62 62 8 0 0 0 0 0 0.25 0.125 0 0.625 0 0 0 0 0 0 0 0 0 0 0 0
 2022 7 14 3 2 1 64 64 14 0 0 0 0 0 0.267 0.133 0.067 0.533 0 0 0 0 0 0 0 0 0 0 0 0
 2022 7 14 3 2 1 66 66 12 0 0 0 0 0 0.286 0.071 0.071 0.571 0 0 0 0 0 0 0 0 0 0 0 0
 2022 7 14 3 2 1 68 68 12 0 0 0 0 0 0.188 0.188 0 0.562 0.062 0 0 0 0 0 0 0 0 0 0 0
 2022 7 14 3 2 1 70 70 6 0 0 0 0 0 0.286 0.143 0.143 0.429 0 0 0 0 0 0 0 0 0 0 0 0
 2022 7 14 3 2 1 72 72 7 0 0 0 0 0 0 0.143 0.143 0.571 0 0 0.143 0 0 0 0 0 0 0 0 0
 2022 7 14 3 2 1 74 74 3 0 0 0 0 0 0 0 0.333 0.333 0.333 0 0 0 0 0 0 0 0 0 0 0
 -2022 7 14 3 2 1 76 76 1 0 0 0 0 0 0 0 0 1 0 0 0 0 0 0 0 0 0 0 0 0
 2022 7 14 3 2 1 78 78 2 0 0 0 0 0 0 0 0 0.5 0.5 0 0 0 0 0 0 0 0 0 0 0
 2023 7 14 3 2 1 38 38 2 0 0 0 0.5 0.5 0 0 0 0 0 0 0 0 0 0 0 0 0 0 0 0
 2023 7 14 3 2 1 40 40 5 0 0 0 0.833 0.167 0 0 0 0 0 0 0 0 0 0 0 0 0 0 0 0
 2023 7 14 3 2 1 42 42 4 0 0 0 0.25 0.5 0 0 0 0 0.25 0 0 0 0 0 0 0 0 0 0 0
 2023 7 14 3 2 1 44 44 7 0 0 0 0.429 0.286 0.286 0 0 0 0 0 0 0 0 0 0 0 0 0 0 0
 2023 7 14 3 2 1 46 46 9 0 0 0 0.1 0.6 0.1 0.2 0 0 0 0 0 0 0 0 0 0 0 0 0 0
 2023 7 14 3 2 1 48 48 12 0 0 0 0.077 0.462 0.154 0.231 0.077 0 0 0 0 0 0 0 0 0 0 0 0 0
 2023 7 14 3 2 1 50 50 10 0 0 0 0 0.733 0.133 0.067 0.067 0 0 0 0 0 0 0 0 0 0 0 0 0
 2023 7 14 3 2 1 52 52 8 0 0 0 0 0.556 0.222 0.111 0.111 0 0 0 0 0 0 0 0 0 0 0 0 0
 2023 7 14 3 2 1 54 54 2 0 0 0 0 0.5 0 0 0.5 0 0 0 0 0 0 0 0 0 0 0 0 0
 2023 7 14 3 2 1 56 56 7 0 0 0 0 0.222 0.111 0.667 0 0 0 0 0 0 0 0 0 0 0 0 0 0
 2023 7 14 3 2 1 58 58 4 0 0 0 0 0 0.167 0.667 0 0 0 0 0.167 0 0 0 0 0 0 0 0 0
 2023 7 14 3 2 1 60 60 7 0 0 0 0 0.222 0.222 0.333 0 0.111 0.111 0 0 0 0 0 0 0 0 0 0 0
 2023 7 14 3 2 1 62 62 4 0 0 0 0 0 0 0.5 0 0 0.25 0.25 0 0 0 0 0 0 0 0 0 0
 2023 7 14 3 2 1 64 64 5 0 0 0 0 0 0 0.167 0.333 0.333 0.167 0 0 0 0 0 0 0 0 0 0 0
 2023 7 14 3 2 1 66 66 7 0 0 0 0 0 0 0.286 0 0.286 0.429 0 0 0 0 0 0 0 0 0 0 0
 2023 7 14 3 2 1 68 68 7 0 0 0 0 0 0 0.143 0.286 0 0.429 0.143 0 0 0 0 0 0 0 0 0 0
 2023 7 14 3 2 1 70 70 4 0 0 0 0 0 0 0 0.5 0.25 0.25 0 0 0 0 0 0 0 0 0 0 0
 2023 7 14 3 2 1 72 72 5 0 0 0 0 0 0 0.2 0.2 0 0.4 0 0 0.2 0 0 0 0 0 0 0 0
 2023 7 14 3 2 1 74 74 6 0 0 0 0 0 0 0 0.143 0 0.571 0.143 0.143 0 0 0 0 0 0 0 0 0
 -2023 7 14 3 2 1 76 76 1 0 0 0 0 0 0 0 0 0 1 0 0 0 0 0 0 0 0 0 0 0
 1986 7 15 3 2 1 20 20 3 0 1 0 0 0 0 0 0 0 0 0 0 0 0 0 0 0 0 0 0 0
 1986 7 15 3 2 1 22 22 11 0 0.818 0.136 0.045 0 0 0 0 0 0 0 0 0 0 0 0 0 0 0 0 0
 1986 7 15 3 2 1 24 24 22 0 0.567 0.3 0.133 0 0 0 0 0 0 0 0 0 0 0 0 0 0 0 0 0
 1986 7 15 3 2 1 26 26 35 0 0.167 0.667 0.148 0.019 0 0 0 0 0 0 0 0 0 0 0 0 0 0 0 0
 1986 7 15 3 2 1 28 28 49 0 0.027 0.747 0.2 0.013 0.013 0 0 0 0 0 0 0 0 0 0 0 0 0 0 0
 1986 7 15 3 2 1 30 30 26 0 0 0.723 0.255 0 0 0.021 0 0 0 0 0 0 0 0 0 0 0 0 0 0
 1986 7 15 3 2 1 32 32 22 0 0.038 0.462 0.269 0.154 0.038 0 0.038 0 0 0 0 0 0 0 0 0 0 0 0 0
 1986 7 15 3 2 1 34 34 11 0 0.091 0.182 0.455 0.091 0.091 0.091 0 0 0 0 0 0 0 0 0 0 0 0 0 0
 1986 7 15 3 2 1 36 36 13 0 0 0.235 0.765 0 0 0 0 0 0 0 0 0 0 0 0 0 0 0 0 0
 1986 7 15 3 2 1 38 38 12 0 0 0 0.867 0.067 0.067 0 0 0 0 0 0 0 0 0 0 0 0 0 0 0
 1986 7 15 3 2 1 40 40 8 0 0 0 0.889 0 0.111 0 0 0 0 0 0 0 0 0 0 0 0 0 0 0
 1986 7 15 3 2 1 42 42 8 0 0 0.125 0.625 0.125 0.125 0 0 0 0 0 0 0 0 0 0 0 0 0 0 0
 1986 7 15 3 2 1 44 44 2 0 0 0 0 0 0.5 0.5 0 0 0 0 0 0 0 0 0 0 0 0 0 0
 1986 7 15 3 2 1 46 46 4 0 0 0 0 0.167 0.833 0 0 0 0 0 0 0 0 0 0 0 0 0 0 0
 1986 7 15 3 2 1 48 48 2 0 0 0 0.5 0 0.5 0 0 0 0 0 0 0 0 0 0 0 0 0 0 0
 1986 7 15 3 2 1 50 50 5 0 0 0 0.2 0.2 0.2 0.4 0 0 0 0 0 0 0 0 0 0 0 0 0 0
 1986 7 15 3 2 1 52 52 3 0 0 0 0.333 0 0.333 0.333 0 0 0 0 0 0 0 0 0 0 0 0 0 0
 1986 7 15 3 2 1 54 54 2 0 0 0 0 0.5 0 0.5 0 0 0 0 0 0 0 0 0 0 0 0 0 0
 1986 7 15 3 2 1 56 56 2 0 0 0 0 0.5 0 0.5 0 0 0 0 0 0 0 0 0 0 0 0 0 0
 1986 7 15 3 2 1 58 58 2 0 0 0 0 0 1 0 0 0 0 0 0 0 0 0 0 0 0 0 0 0
 -1986 7 15 3 2 1 64 64 1 0 0 0 0 0 0 1 0 0 0 0 0 0 0 0 0 0 0 0 0 0
 1986 7 15 3 2 1 68 68 2 0 0 0 0 0 0.5 0.5 0 0 0 0 0 0 0 0 0 0 0 0 0 0
 -1986 7 15 3 2 1 70 70 1 0 0 0 0 0 0 0 0 0 0 0 1 0 0 0 0 0 0 0 0 0
 -1986 7 15 3 2 1 72 72 1 0 0 0 0 0 0 0 0.5 0 0 0.5 0 0 0 0 0 0 0 0 0 0
 -1986 7 15 3 2 1 74 74 1 0 0 0 0 0 0 0 0 0 0 0 0 1 0 0 0 0 0 0 0 0
 -1986 7 15 3 2 1 82 82 1 0 0 0 0 0 0 0 0 0 0 0 0 1 0 0 0 0 0 0 0 0
 -1987 7 15 3 2 1 18 18 1 0 1 0 0 0 0 0 0 0 0 0 0 0 0 0 0 0 0 0 0 0
 -1987 7 15 3 2 1 20 20 1 0 0 1 0 0 0 0 0 0 0 0 0 0 0 0 0 0 0 0 0 0
 1987 7 15 3 2 1 22 22 10 0 0.222 0.722 0 0.056 0 0 0 0 0 0 0 0 0 0 0 0 0 0 0 0
 1987 7 15 3 2 1 24 24 10 0 0.118 0.824 0.059 0 0 0 0 0 0 0 0 0 0 0 0 0 0 0 0 0
 1987 7 15 3 2 1 26 26 12 0 0.071 0.5 0.357 0.071 0 0 0 0 0 0 0 0 0 0 0 0 0 0 0 0
 1987 7 15 3 2 1 28 28 21 0 0.179 0.679 0.107 0.036 0 0 0 0 0 0 0 0 0 0 0 0 0 0 0 0
 1987 7 15 3 2 1 30 30 16 0 0.056 0.778 0.111 0 0.056 0 0 0 0 0 0 0 0 0 0 0 0 0 0 0
 1987 7 15 3 2 1 32 32 11 0 0.077 0.615 0.308 0 0 0 0 0 0 0 0 0 0 0 0 0 0 0 0 0
 1987 7 15 3 2 1 34 34 7 0 0 0.571 0.429 0 0 0 0 0 0 0 0 0 0 0 0 0 0 0 0 0
 1987 7 15 3 2 1 36 36 4 0 0 0.75 0.25 0 0 0 0 0 0 0 0 0 0 0 0 0 0 0 0 0
 1987 7 15 3 2 1 38 38 5 0 0 0.2 0.6 0 0.2 0 0 0 0 0 0 0 0 0 0 0 0 0 0 0
 1987 7 15 3 2 1 40 40 3 0 0 0.333 0.333 0 0 0 0.333 0 0 0 0 0 0 0 0 0 0 0 0 0
 1987 7 15 3 2 1 42 42 5 0 0 0.2 0.4 0.4 0 0 0 0 0 0 0 0 0 0 0 0 0 0 0 0
 -1987 7 15 3 2 1 44 44 1 0 0 0 0 1 0 0 0 0 0 0 0 0 0 0 0 0 0 0 0 0
 -1987 7 15 3 2 1 46 46 1 0 0 0 0 1 0 0 0 0 0 0 0 0 0 0 0 0 0 0 0 0
 1987 7 15 3 2 1 48 48 2 0 0 0 0.5 0.5 0 0 0 0 0 0 0 0 0 0 0 0 0 0 0 0
 -1987 7 15 3 2 1 52 52 1 0 0 0 0 0 0 0 1 0 0 0 0 0 0 0 0 0 0 0 0 0
 -1987 7 15 3 2 1 54 54 1 0 0 0 0 0 1 0 0 0 0 0 0 0 0 0 0 0 0 0 0 0
 1987 7 15 3 2 1 66 66 2 0 0 0 0 0 1 0 0 0 0 0 0 0 0 0 0 0 0 0 0 0
 -1988 7 15 3 2 1 16 16 1 0 1 0 0 0 0 0 0 0 0 0 0 0 0 0 0 0 0 0 0 0
 1988 7 15 3 2 1 18 18 2 0 1 0 0 0 0 0 0 0 0 0 0 0 0 0 0 0 0 0 0 0
 1988 7 15 3 2 1 20 20 11 0 0.364 0.545 0.091 0 0 0 0 0 0 0 0 0 0 0 0 0 0 0 0 0
 1988 7 15 3 2 1 22 22 30 0 0.026 0.795 0.179 0 0 0 0 0 0 0 0 0 0 0 0 0 0 0 0 0
 1988 7 15 3 2 1 24 24 35 0 0.05 0.683 0.25 0.017 0 0 0 0 0 0 0 0 0 0 0 0 0 0 0 0
 1988 7 15 3 2 1 26 26 36 0 0.033 0.683 0.267 0 0.017 0 0 0 0 0 0 0 0 0 0 0 0 0 0 0
 1988 7 15 3 2 1 28 28 34 0 0 0.745 0.213 0.043 0 0 0 0 0 0 0 0 0 0 0 0 0 0 0 0
 1988 7 15 3 2 1 30 30 18 0 0 0.625 0.333 0.042 0 0 0 0 0 0 0 0 0 0 0 0 0 0 0 0
 1988 7 15 3 2 1 32 32 16 0 0 0.545 0.273 0.136 0 0.045 0 0 0 0 0 0 0 0 0 0 0 0 0 0
 1988 7 15 3 2 1 34 34 3 0 0 0.667 0.333 0 0 0 0 0 0 0 0 0 0 0 0 0 0 0 0 0
 1988 7 15 3 2 1 36 36 11 0 0 0.083 0.583 0.333 0 0 0 0 0 0 0 0 0 0 0 0 0 0 0 0
 1988 7 15 3 2 1 38 38 2 0 0 0 1 0 0 0 0 0 0 0 0 0 0 0 0 0 0 0 0 0
 1988 7 15 3 2 1 40 40 4 0 0 0 0.75 0.25 0 0 0 0 0 0 0 0 0 0 0 0 0 0 0 0
 1988 7 15 3 2 1 42 42 4 0 0 0 1 0 0 0 0 0 0 0 0 0 0 0 0 0 0 0 0 0
 1988 7 15 3 2 1 44 44 4 0 0 0 1 0 0 0 0 0 0 0 0 0 0 0 0 0 0 0 0 0
 1988 7 15 3 2 1 46 46 2 0 0 0 0 1 0 0 0 0 0 0 0 0 0 0 0 0 0 0 0 0
 1988 7 15 3 2 1 54 54 2 0 0 0 0 0.5 0 0.5 0 0 0 0 0 0 0 0 0 0 0 0 0 0
 -1988 7 15 3 2 1 56 56 1 0 0 0 0 0 1 0 0 0 0 0 0 0 0 0 0 0 0 0 0 0
 1988 7 15 3 2 1 60 60 4 0 0 0 0 0.5 0.5 0 0 0 0 0 0 0 0 0 0 0 0 0 0 0
 1988 7 15 3 2 1 62 62 4 0 0 0 0 0.25 0.5 0 0 0.25 0 0 0 0 0 0 0 0 0 0 0 0
 1988 7 15 3 2 1 64 64 3 0 0 0 0 0 1 0 0 0 0 0 0 0 0 0 0 0 0 0 0 0
 1988 7 15 3 2 1 66 66 4 0 0 0 0 0 0.5 0.25 0.25 0 0 0 0 0 0 0 0 0 0 0 0 0
 1988 7 15 3 2 1 68 68 4 0 0 0 0 0.25 0.25 0.5 0 0 0 0 0 0 0 0 0 0 0 0 0 0
 1988 7 15 3 2 1 70 70 11 0 0 0 0 0 0.273 0.455 0.091 0.091 0 0.091 0 0 0 0 0 0 0 0 0 0
 1988 7 15 3 2 1 72 72 5 0 0 0 0 0 0 0.2 0.2 0.2 0.2 0 0.2 0 0 0 0 0 0 0 0 0
 1988 7 15 3 2 1 74 74 3 0 0 0 0 0 0 0.333 0 0 0 0 0 0 0 0 0.333 0 0 0 0 0.333
 1988 7 15 3 2 1 76 76 3 0 0 0 0 0.333 0 0 0 0 0 0 0 0 0 0 0 0 0 0 0.333 0.333
 1988 7 15 3 2 1 78 78 4 0 0 0 0 0 0 0 0 0.25 0 0 0 0.25 0 0 0 0 0.25 0 0 0.25
 -1988 7 15 3 2 1 80 80 1 0 0 0 0 0 0 0 0 0 0 0 0 0 0 0 0 0 1 0 0 0
 -1988 7 15 3 2 1 84 84 1 0 0 0 0 0 0 0 0 0 0 0 0 0 0 0 0 0 0 0 0 1
 -1988 7 15 3 2 1 86 86 1 0 0 0 0 0 0 0 0 0 0 0 0 0 0 0 0 0 0 0 0 1
 -1988 7 15 3 2 1 90 90 1 0 0 0 0 0 0 0 0 0 0 0 0 0 0 0 0 0 0 0 0 1
 1989 7 15 3 2 1 18 18 3 0 0.667 0.333 0 0 0 0 0 0 0 0 0 0 0 0 0 0 0 0 0 0
 -1989 7 15 3 2 1 20 20 1 0 0 1 0 0 0 0 0 0 0 0 0 0 0 0 0 0 0 0 0 0
 1989 7 15 3 2 1 22 22 3 0 0.25 0.25 0.25 0.25 0 0 0 0 0 0 0 0 0 0 0 0 0 0 0 0
 1989 7 15 3 2 1 24 24 4 0 0 0.222 0.667 0.111 0 0 0 0 0 0 0 0 0 0 0 0 0 0 0 0
 1989 7 15 3 2 1 26 26 6 0 0 0.5 0.125 0.375 0 0 0 0 0 0 0 0 0 0 0 0 0 0 0 0
 1989 7 15 3 2 1 28 28 6 0 0 0.571 0.143 0.286 0 0 0 0 0 0 0 0 0 0 0 0 0 0 0 0
 1989 7 15 3 2 1 30 30 5 0 0 0.8 0.2 0 0 0 0 0 0 0 0 0 0 0 0 0 0 0 0 0
 1989 7 15 3 2 1 32 32 5 0 0 0.4 0.2 0.4 0 0 0 0 0 0 0 0 0 0 0 0 0 0 0 0
 -1989 7 15 3 2 1 34 34 1 0 0 1 0 0 0 0 0 0 0 0 0 0 0 0 0 0 0 0 0 0
 -1989 7 15 3 2 1 36 36 1 0 0 0 0 1 0 0 0 0 0 0 0 0 0 0 0 0 0 0 0 0
 -1989 7 15 3 2 1 44 44 1 0 0 0 1 0 0 0 0 0 0 0 0 0 0 0 0 0 0 0 0 0
 -1989 7 15 3 2 1 56 56 1 0 0 0 0 0 1 0 0 0 0 0 0 0 0 0 0 0 0 0 0 0
 1989 7 15 3 2 1 58 58 2 0 0 0 0 0.5 0.5 0 0 0 0 0 0 0 0 0 0 0 0 0 0 0
 -1989 7 15 3 2 1 60 60 1 0 0 0 1 0 0 0 0 0 0 0 0 0 0 0 0 0 0 0 0 0
 -1989 7 15 3 2 1 62 62 1 0 0 0 0 0 1 0 0 0 0 0 0 0 0 0 0 0 0 0 0 0
 1989 7 15 3 2 1 64 64 5 0 0 0 0 0 0.2 0.6 0.2 0 0 0 0 0 0 0 0 0 0 0 0 0
 1989 7 15 3 2 1 66 66 4 0 0 0 0 0.333 0.333 0.333 0 0 0 0 0 0 0 0 0 0 0 0 0 0
 1989 7 15 3 2 1 68 68 4 0 0 0 0 0.2 0.6 0.2 0 0 0 0 0 0 0 0 0 0 0 0 0 0
 1989 7 15 3 2 1 70 70 3 0 0 0 0 0 0 1 0 0 0 0 0 0 0 0 0 0 0 0 0 0
 1989 7 15 3 2 1 72 72 3 0 0 0 0 0 0.667 0.333 0 0 0 0 0 0 0 0 0 0 0 0 0 0
 1989 7 15 3 2 1 74 74 3 0 0 0 0 0 0 0 0.333 0.333 0 0 0 0 0 0 0 0 0 0 0 0.333
 1989 7 15 3 2 1 76 76 2 0 0 0 0 0 0 0 0 0.5 0 0 0 0.5 0 0 0 0 0 0 0 0
 1989 7 15 3 2 1 78 78 4 0 0 0 0 0 0 0 0 0.25 0.25 0 0 0 0 0 0 0 0 0 0 0.5
 -1989 7 15 3 2 1 80 80 1 0 0 0 0 0 0 0 0 0 0 0 0 0 0 0 1 0 0 0 0 0
 -1990 7 15 3 2 1 26 26 1 0 0 0 1 0 0 0 0 0 0 0 0 0 0 0 0 0 0 0 0 0
 1990 7 15 3 2 1 28 28 2 0 0 0.5 0.5 0 0 0 0 0 0 0 0 0 0 0 0 0 0 0 0 0
 1990 7 15 3 2 1 30 30 4 0 0.1 0.3 0.6 0 0 0 0 0 0 0 0 0 0 0 0 0 0 0 0 0
 1990 7 15 3 2 1 32 32 4 0 0 0.667 0.333 0 0 0 0 0 0 0 0 0 0 0 0 0 0 0 0 0
 1990 7 15 3 2 1 34 34 3 0 0 0 1 0 0 0 0 0 0 0 0 0 0 0 0 0 0 0 0 0
 -1990 7 15 3 2 1 36 36 1 0 0 0 1 0 0 0 0 0 0 0 0 0 0 0 0 0 0 0 0 0
 -1990 7 15 3 2 1 38 38 1 0 0 0 1 0 0 0 0 0 0 0 0 0 0 0 0 0 0 0 0 0
 -1990 7 15 3 2 1 44 44 1 0 0 0 1 0 0 0 0 0 0 0 0 0 0 0 0 0 0 0 0 0
 -1990 7 15 3 2 1 46 46 1 0 0 0 0 1 0 0 0 0 0 0 0 0 0 0 0 0 0 0 0 0
 1990 7 15 3 2 1 66 66 2 0 0 0 0 0 0.5 0.5 0 0 0 0 0 0 0 0 0 0 0 0 0 0
 -1990 7 15 3 2 1 68 68 1 0 0 0 0 0 0 1 0 0 0 0 0 0 0 0 0 0 0 0 0 0
 1990 7 15 3 2 1 70 70 2 0 0 0 0 0 0 0.5 0 0 0.5 0 0 0 0 0 0 0 0 0 0 0
 1990 7 15 3 2 1 76 76 3 0 0 0 0 0 0 0 0.333 0 0 0 0 0.333 0 0 0 0 0 0.333 0 0
 -1990 7 15 3 2 1 78 78 1 0 0 0 0 0 0 0 0 0 0 0 0 0 0 0 0 0 0 0 0 1
 -1990 7 15 3 2 1 82 82 1 0 0 0 0 0 0 0 0 0 0 0 0 0 0 0 0 0 0 0 0 1
 -1991 7 15 3 2 1 28 28 1 0 0 1 0 0 0 0 0 0 0 0 0 0 0 0 0 0 0 0 0 0
 1991 7 15 3 2 1 30 30 4 0 0 0.308 0.692 0 0 0 0 0 0 0 0 0 0 0 0 0 0 0 0 0
 1991 7 15 3 2 1 32 32 8 0 0 0.639 0.361 0 0 0 0 0 0 0 0 0 0 0 0 0 0 0 0 0
 1991 7 15 3 2 1 34 34 6 0 0 0.579 0.368 0.053 0 0 0 0 0 0 0 0 0 0 0 0 0 0 0 0
 1991 7 15 3 2 1 36 36 3 0 0 0.75 0.25 0 0 0 0 0 0 0 0 0 0 0 0 0 0 0 0 0
 1991 7 15 3 2 1 38 38 5 0 0 0.167 0.833 0 0 0 0 0 0 0 0 0 0 0 0 0 0 0 0 0
 1991 7 15 3 2 1 40 40 2 0 0 0 0 0.5 0.5 0 0 0 0 0 0 0 0 0 0 0 0 0 0 0
 1991 7 15 3 2 1 42 42 2 0 0 0 0.333 0.333 0.333 0 0 0 0 0 0 0 0 0 0 0 0 0 0 0
 -1991 7 15 3 2 1 44 44 1 0 0 0 1 0 0 0 0 0 0 0 0 0 0 0 0 0 0 0 0 0
 1991 7 15 3 2 1 46 46 3 0 0 0 0 0.667 0.333 0 0 0 0 0 0 0 0 0 0 0 0 0 0 0
 1991 7 15 3 2 1 48 48 3 0 0 0 0 0.333 0.667 0 0 0 0 0 0 0 0 0 0 0 0 0 0 0
 1991 7 15 3 2 1 50 50 3 0 0 0 0 0.333 0 0.333 0.333 0 0 0 0 0 0 0 0 0 0 0 0 0
 -1991 7 15 3 2 1 56 56 1 0 0 0 0 0 0 1 0 0 0 0 0 0 0 0 0 0 0 0 0 0
 -1991 7 15 3 2 1 58 58 1 0 0 0 0 0 0 1 0 0 0 0 0 0 0 0 0 0 0 0 0 0
 -1991 7 15 3 2 1 62 62 1 0 0 0 0 0 0 0 1 0 0 0 0 0 0 0 0 0 0 0 0 0
 -1991 7 15 3 2 1 64 64 1 0 0 0 0 0 0 0 0 1 0 0 0 0 0 0 0 0 0 0 0 0
 -1992 7 15 3 2 1 30 30 1 0 0 0 1 0 0 0 0 0 0 0 0 0 0 0 0 0 0 0 0 0
 1992 7 15 3 2 1 34 34 2 0 0 0 1 0 0 0 0 0 0 0 0 0 0 0 0 0 0 0 0 0
 1992 7 15 3 2 1 36 36 3 0 0 0.2 0.8 0 0 0 0 0 0 0 0 0 0 0 0 0 0 0 0 0
 1992 7 15 3 2 1 38 38 2 0 0 0.333 0.667 0 0 0 0 0 0 0 0 0 0 0 0 0 0 0 0 0
 1992 7 15 3 2 1 40 40 2 0 0 0.5 0.5 0 0 0 0 0 0 0 0 0 0 0 0 0 0 0 0 0
 1992 7 15 3 2 1 42 42 2 0 0 0.333 0.667 0 0 0 0 0 0 0 0 0 0 0 0 0 0 0 0 0
 -1992 7 15 3 2 1 46 46 1 0 0 0 1 0 0 0 0 0 0 0 0 0 0 0 0 0 0 0 0 0
 1992 7 15 3 2 1 50 50 2 0 0 0.5 0.5 0 0 0 0 0 0 0 0 0 0 0 0 0 0 0 0 0
 -1992 7 15 3 2 1 56 56 1 0 0 0 1 0 0 0 0 0 0 0 0 0 0 0 0 0 0 0 0 0
 1992 7 15 3 2 1 66 66 2 0 0 0 0 0 0.5 0.5 0 0 0 0 0 0 0 0 0 0 0 0 0 0
 -1992 7 15 3 2 1 68 68 1 0 0 0 0 1 0 0 0 0 0 0 0 0 0 0 0 0 0 0 0 0
 -1992 7 15 3 2 1 70 70 1 0 0 0 0 0 1 0 0 0 0 0 0 0 0 0 0 0 0 0 0 0
 -1992 7 15 3 2 1 72 72 1 0 0 0 0 0 0 0 1 0 0 0 0 0 0 0 0 0 0 0 0 0
 -1992 7 15 3 2 1 82 82 1 0 0 0 0 0 0 0 0 0 0 0 0 0 0 0 0 0 0 0 0 1
 1993 7 15 3 2 1 26 26 4 0 0 0.75 0.25 0 0 0 0 0 0 0 0 0 0 0 0 0 0 0 0 0
 1993 7 15 3 2 1 28 28 16 0 0 0.765 0.235 0 0 0 0 0 0 0 0 0 0 0 0 0 0 0 0 0
 1993 7 15 3 2 1 30 30 61 0 0 0.563 0.311 0.117 0.01 0 0 0 0 0 0 0 0 0 0 0 0 0 0 0
 1993 7 15 3 2 1 32 32 80 0 0.007 0.5 0.386 0.1 0.007 0 0 0 0 0 0 0 0 0 0 0 0 0 0 0
 1993 7 15 3 2 1 34 34 72 0 0.016 0.298 0.46 0.21 0.016 0 0 0 0 0 0 0 0 0 0 0 0 0 0 0
 1993 7 15 3 2 1 36 36 60 0 0 0.115 0.577 0.298 0.01 0 0 0 0 0 0 0 0 0 0 0 0 0 0 0
 1993 7 15 3 2 1 38 38 56 0 0 0.227 0.427 0.347 0 0 0 0 0 0 0 0 0 0 0 0 0 0 0 0
 1993 7 15 3 2 1 40 40 51 0 0 0.062 0.609 0.312 0.016 0 0 0 0 0 0 0 0 0 0 0 0 0 0 0
 1993 7 15 3 2 1 42 42 38 0 0 0.02 0.42 0.5 0.04 0.02 0 0 0 0 0 0 0 0 0 0 0 0 0 0
 1993 7 15 3 2 1 44 44 35 0 0 0 0.432 0.486 0.081 0 0 0 0 0 0 0 0 0 0 0 0 0 0 0
 1993 7 15 3 2 1 46 46 30 0 0 0.031 0.5 0.281 0.188 0 0 0 0 0 0 0 0 0 0 0 0 0 0 0
 1993 7 15 3 2 1 48 48 27 0 0 0.036 0.107 0.75 0.107 0 0 0 0 0 0 0 0 0 0 0 0 0 0 0
 1993 7 15 3 2 1 50 50 24 0 0 0 0.111 0.667 0.148 0.037 0.037 0 0 0 0 0 0 0 0 0 0 0 0 0
 1993 7 15 3 2 1 52 52 16 0 0 0.059 0.176 0.588 0.176 0 0 0 0 0 0 0 0 0 0 0 0 0 0 0
 1993 7 15 3 2 1 54 54 18 0 0 0 0.19 0.667 0.143 0 0 0 0 0 0 0 0 0 0 0 0 0 0 0
 1993 7 15 3 2 1 56 56 19 0 0 0 0.143 0.476 0.333 0.048 0 0 0 0 0 0 0 0 0 0 0 0 0 0
 1993 7 15 3 2 1 58 58 8 0 0 0.125 0 0.5 0.375 0 0 0 0 0 0 0 0 0 0 0 0 0 0 0
 1993 7 15 3 2 1 60 60 4 0 0 0 0.25 0.25 0.5 0 0 0 0 0 0 0 0 0 0 0 0 0 0 0
 1993 7 15 3 2 1 62 62 6 0 0 0 0 0.5 0.167 0.167 0 0.167 0 0 0 0 0 0 0 0 0 0 0 0
 1993 7 15 3 2 1 64 64 6 0 0 0 0.167 0.5 0.333 0 0 0 0 0 0 0 0 0 0 0 0 0 0 0
 1993 7 15 3 2 1 66 66 3 0 0 0 0 0 1 0 0 0 0 0 0 0 0 0 0 0 0 0 0 0
 1993 7 15 3 2 1 68 68 6 0 0 0 0 0.333 0.333 0.167 0.167 0 0 0 0 0 0 0 0 0 0 0 0 0
 1993 7 15 3 2 1 70 70 9 0 0 0 0 0 0.333 0.444 0 0.222 0 0 0 0 0 0 0 0 0 0 0 0
 -1993 7 15 3 2 1 74 74 1 0 0 0 0 0 0 1 0 0 0 0 0 0 0 0 0 0 0 0 0 0
 -1993 7 15 3 2 1 76 76 1 0 0 0 0 0 0 0 1 0 0 0 0 0 0 0 0 0 0 0 0 0
 -1993 7 15 3 2 1 80 80 1 0 0 0 0 0 0 0 0 1 0 0 0 0 0 0 0 0 0 0 0 0
 -1993 7 15 3 2 1 82 82 1 0 0 0 0 0 0 0 1 0 0 0 0 0 0 0 0 0 0 0 0 0
 1994 7 15 3 2 1 30 30 2 0 0.5 0.5 0 0 0 0 0 0 0 0 0 0 0 0 0 0 0 0 0 0
 1994 7 15 3 2 1 32 32 11 0 0 0.692 0.308 0 0 0 0 0 0 0 0 0 0 0 0 0 0 0 0 0
 1994 7 15 3 2 1 34 34 20 0 0.026 0.816 0.132 0.026 0 0 0 0 0 0 0 0 0 0 0 0 0 0 0 0
 1994 7 15 3 2 1 36 36 20 0 0 0.878 0.122 0 0 0 0 0 0 0 0 0 0 0 0 0 0 0 0 0
 1994 7 15 3 2 1 38 38 17 0 0 0.792 0.167 0.042 0 0 0 0 0 0 0 0 0 0 0 0 0 0 0 0
 1994 7 15 3 2 1 40 40 13 0 0 0.5 0.429 0 0.071 0 0 0 0 0 0 0 0 0 0 0 0 0 0 0
 1994 7 15 3 2 1 42 42 6 0 0 0.333 0.667 0 0 0 0 0 0 0 0 0 0 0 0 0 0 0 0 0
 1994 7 15 3 2 1 44 44 12 0 0 0 0.923 0 0.077 0 0 0 0 0 0 0 0 0 0 0 0 0 0 0
 1994 7 15 3 2 1 46 46 7 0 0 0 1 0 0 0 0 0 0 0 0 0 0 0 0 0 0 0 0 0
 1994 7 15 3 2 1 48 48 9 0 0 0 0.333 0.556 0.111 0 0 0 0 0 0 0 0 0 0 0 0 0 0 0
 1994 7 15 3 2 1 50 50 10 0 0 0 0.5 0.333 0.167 0 0 0 0 0 0 0 0 0 0 0 0 0 0 0
 1994 7 15 3 2 1 52 52 12 0 0 0 0.143 0.571 0.214 0.071 0 0 0 0 0 0 0 0 0 0 0 0 0 0
 1994 7 15 3 2 1 54 54 7 0 0 0 0.143 0.714 0.143 0 0 0 0 0 0 0 0 0 0 0 0 0 0 0
 1994 7 15 3 2 1 56 56 11 0 0 0 0.167 0.667 0.167 0 0 0 0 0 0 0 0 0 0 0 0 0 0 0
 1994 7 15 3 2 1 58 58 7 0 0 0 0 1 0 0 0 0 0 0 0 0 0 0 0 0 0 0 0 0
 1994 7 15 3 2 1 60 60 5 0 0 0 0 0.833 0.167 0 0 0 0 0 0 0 0 0 0 0 0 0 0 0
 1994 7 15 3 2 1 62 62 6 0 0 0 0 0.571 0.286 0.143 0 0 0 0 0 0 0 0 0 0 0 0 0 0
 1994 7 15 3 2 1 64 64 2 0 0 0 0 0 1 0 0 0 0 0 0 0 0 0 0 0 0 0 0 0
 1994 7 15 3 2 1 66 66 2 0 0 0 0 0 1 0 0 0 0 0 0 0 0 0 0 0 0 0 0 0
 -1994 7 15 3 2 1 68 68 1 0 0 0 0 0 0 1 0 0 0 0 0 0 0 0 0 0 0 0 0 0
 1994 7 15 3 2 1 70 70 2 0 0 0 0 0 0.5 0 0.5 0 0 0 0 0 0 0 0 0 0 0 0 0
 -1994 7 15 3 2 1 72 72 1 0 0 0 0 0 0 1 0 0 0 0 0 0 0 0 0 0 0 0 0 0
 -1994 7 15 3 2 1 74 74 1 0 0 0 0 0 1 0 0 0 0 0 0 0 0 0 0 0 0 0 0 0
 -1995 7 15 3 2 1 36 36 1 0 0 1 0 0 0 0 0 0 0 0 0 0 0 0 0 0 0 0 0 0
 1995 7 15 3 2 1 38 38 2 0 0 0.667 0.333 0 0 0 0 0 0 0 0 0 0 0 0 0 0 0 0 0
 1995 7 15 3 2 1 40 40 2 0 0 0.667 0.333 0 0 0 0 0 0 0 0 0 0 0 0 0 0 0 0 0
 1995 7 15 3 2 1 42 42 2 0 0 0.5 0.5 0 0 0 0 0 0 0 0 0 0 0 0 0 0 0 0 0
 -1995 7 15 3 2 1 58 58 1 0 0 0 1 0 0 0 0 0 0 0 0 0 0 0 0 0 0 0 0 0
 -1998 7 15 3 2 1 30 30 1 0 0 1 0 0 0 0 0 0 0 0 0 0 0 0 0 0 0 0 0 0
 1998 7 15 3 2 1 32 32 18 0 0.038 0.308 0.462 0.115 0.038 0.038 0 0 0 0 0 0 0 0 0 0 0 0 0 0
 1998 7 15 3 2 1 34 34 70 0 0 0.269 0.56 0.157 0.007 0.007 0 0 0 0 0 0 0 0 0 0 0 0 0 0
 1998 7 15 3 2 1 36 36 76 0 0 0.126 0.603 0.219 0.053 0 0 0 0 0 0 0 0 0 0 0 0 0 0 0
 1998 7 15 3 2 1 38 38 68 0 0 0.081 0.54 0.306 0.073 0 0 0 0 0 0 0 0 0 0 0 0 0 0 0
 1998 7 15 3 2 1 40 40 65 0 0 0.03 0.55 0.3 0.08 0.04 0 0 0 0 0 0 0 0 0 0 0 0 0 0
 1998 7 15 3 2 1 42 42 50 0 0 0.03 0.606 0.258 0.106 0 0 0 0 0 0 0 0 0 0 0 0 0 0 0
 1998 7 15 3 2 1 44 44 33 0 0 0 0.256 0.349 0.279 0.093 0.023 0 0 0 0 0 0 0 0 0 0 0 0 0
 1998 7 15 3 2 1 46 46 36 0 0 0 0.366 0.488 0.098 0 0.024 0 0.024 0 0 0 0 0 0 0 0 0 0 0
 1998 7 15 3 2 1 48 48 40 0 0 0 0.149 0.511 0.255 0.085 0 0 0 0 0 0 0 0 0 0 0 0 0 0
 1998 7 15 3 2 1 50 50 29 0 0 0 0.139 0.444 0.167 0.194 0.056 0 0 0 0 0 0 0 0 0 0 0 0 0
 1998 7 15 3 2 1 52 52 23 0 0 0 0.192 0.385 0.346 0.038 0.038 0 0 0 0 0 0 0 0 0 0 0 0 0
 1998 7 15 3 2 1 54 54 16 0 0 0 0.05 0.55 0.25 0.1 0.05 0 0 0 0 0 0 0 0 0 0 0 0 0
 1998 7 15 3 2 1 56 56 15 0 0 0 0 0.5 0.389 0.056 0 0.056 0 0 0 0 0 0 0 0 0 0 0 0
 1998 7 15 3 2 1 58 58 15 0 0 0.062 0.125 0.5 0.25 0.062 0 0 0 0 0 0 0 0 0 0 0 0 0 0
 1998 7 15 3 2 1 60 60 15 0 0 0 0.056 0.167 0.444 0.222 0.056 0.056 0 0 0 0 0 0 0 0 0 0 0 0
 1998 7 15 3 2 1 62 62 9 0 0 0 0 0.333 0.444 0.222 0 0 0 0 0 0 0 0 0 0 0 0 0 0
 1998 7 15 3 2 1 64 64 11 0 0 0 0 0.167 0.417 0.25 0.083 0.083 0 0 0 0 0 0 0 0 0 0 0 0
 1998 7 15 3 2 1 66 66 9 0 0 0 0.111 0.111 0.222 0.333 0.111 0.111 0 0 0 0 0 0 0 0 0 0 0 0
 1998 7 15 3 2 1 68 68 12 0 0 0 0.062 0.062 0.25 0.5 0.062 0.062 0 0 0 0 0 0 0 0 0 0 0 0
 1998 7 15 3 2 1 70 70 7 0 0 0 0.143 0 0.143 0.429 0.286 0 0 0 0 0 0 0 0 0 0 0 0 0
 1998 7 15 3 2 1 72 72 7 0 0 0 0 0.143 0 0.286 0.143 0.143 0.143 0.143 0 0 0 0 0 0 0 0 0 0
 1998 7 15 3 2 1 74 74 7 0 0 0 0 0 0.143 0.286 0.429 0.143 0 0 0 0 0 0 0 0 0 0 0 0
 1998 7 15 3 2 1 76 76 8 0 0 0 0 0 0 0.625 0.25 0 0.125 0 0 0 0 0 0 0 0 0 0 0
 1998 7 15 3 2 1 78 78 8 0 0 0 0 0 0 0.222 0.333 0.222 0.111 0 0 0 0 0 0 0 0 0 0 0.111
 -1998 7 15 3 2 1 80 80 1 0 0 0 0 0 0 0 0 0 1 0 0 0 0 0 0 0 0 0 0 0
 -1998 7 15 3 2 1 82 82 1 0 0 0 0 0 0 0 1 0 0 0 0 0 0 0 0 0 0 0 0 0
 1998 7 15 3 2 1 84 84 6 0 0 0 0 0 0 0 0 0 0 0 0 0 0 0 0.167 0 0 0 0 0.833
 1998 7 15 3 2 1 86 86 2 0 0 0 0 0 0 0 0 0 0 0 0 0 0 0 0 0 0 0 0 1
 -1998 7 15 3 2 1 90 90 1 0 0 0 0 0 0 0 0 0 0 0 0 0 0 0 0 0 0 0 0 1
 1999 7 15 3 2 1 34 34 7 0 0 0.111 0.556 0.111 0.111 0.111 0 0 0 0 0 0 0 0 0 0 0 0 0 0
 1999 7 15 3 2 1 36 36 18 0 0 0.138 0.517 0.276 0.034 0.034 0 0 0 0 0 0 0 0 0 0 0 0 0 0
 1999 7 15 3 2 1 38 38 18 0 0 0.043 0.391 0.435 0.087 0.043 0 0 0 0 0 0 0 0 0 0 0 0 0 0
 1999 7 15 3 2 1 40 40 16 0 0 0.045 0.318 0.364 0.227 0 0 0.045 0 0 0 0 0 0 0 0 0 0 0 0
 1999 7 15 3 2 1 42 42 18 0 0 0 0.556 0.37 0.074 0 0 0 0 0 0 0 0 0 0 0 0 0 0 0
 1999 7 15 3 2 1 44 44 15 0 0 0 0.5 0.455 0.045 0 0 0 0 0 0 0 0 0 0 0 0 0 0 0
 1999 7 15 3 2 1 46 46 18 0 0 0 0.35 0.45 0.1 0.1 0 0 0 0 0 0 0 0 0 0 0 0 0 0
 1999 7 15 3 2 1 48 48 14 0 0 0 0.312 0.5 0.188 0 0 0 0 0 0 0 0 0 0 0 0 0 0 0
 1999 7 15 3 2 1 50 50 8 0 0 0 0.333 0.556 0 0.111 0 0 0 0 0 0 0 0 0 0 0 0 0 0
 1999 7 15 3 2 1 52 52 12 0 0 0 0.067 0.667 0.2 0.067 0 0 0 0 0 0 0 0 0 0 0 0 0 0
 1999 7 15 3 2 1 54 54 9 0 0 0 0.091 0.273 0.455 0.182 0 0 0 0 0 0 0 0 0 0 0 0 0 0
 1999 7 15 3 2 1 56 56 6 0 0 0 0 0.5 0.333 0.167 0 0 0 0 0 0 0 0 0 0 0 0 0 0
 1999 7 15 3 2 1 58 58 6 0 0 0 0 0.75 0.125 0.125 0 0 0 0 0 0 0 0 0 0 0 0 0 0
 1999 7 15 3 2 1 60 60 3 0 0 0 0 0.333 0 0.333 0.333 0 0 0 0 0 0 0 0 0 0 0 0 0
 1999 7 15 3 2 1 62 62 6 0 0 0 0 0.167 0.667 0 0.167 0 0 0 0 0 0 0 0 0 0 0 0 0
 1999 7 15 3 2 1 64 64 6 0 0 0 0.143 0 0.429 0.429 0 0 0 0 0 0 0 0 0 0 0 0 0 0
 1999 7 15 3 2 1 66 66 9 0 0 0 0 0 0.333 0.444 0 0 0.111 0 0 0.111 0 0 0 0 0 0 0 0
 1999 7 15 3 2 1 68 68 3 0 0 0 0 0 0 0.667 0 0.333 0 0 0 0 0 0 0 0 0 0 0 0
 1999 7 15 3 2 1 70 70 3 0 0 0 0 0 0 0.8 0.2 0 0 0 0 0 0 0 0 0 0 0 0 0
 1999 7 15 3 2 1 72 72 5 0 0 0 0 0 0.2 0.4 0.2 0.2 0 0 0 0 0 0 0 0 0 0 0 0
 -1999 7 15 3 2 1 74 74 1 0 0 0 0 0 0 0 0 0 0 1 0 0 0 0 0 0 0 0 0 0
 -1999 7 15 3 2 1 76 76 1 0 0 0 0 0 0 0 1 0 0 0 0 0 0 0 0 0 0 0 0 0
 1999 7 15 3 2 1 78 78 2 0 0 0 0 0 0 0 0.5 0 0.5 0 0 0 0 0 0 0 0 0 0 0
 -1999 7 15 3 2 1 80 80 1 0 0 0 0 0 0 0 0 0 0 0 0 0 0 0 0 0 0 0 0 1
 -1999 7 15 3 2 1 82 82 1 0 0 0 0 0 0 0 0 0 0 0 0 0 0 0 0 0 0 0 0 1
 1999 7 15 3 2 1 84 84 2 0 0 0 0 0 0 0 0 0 0 0 0 0 0 0 0 0 0 0 0 1
 2000 7 15 3 2 1 34 34 3 0 0 1 0 0 0 0 0 0 0 0 0 0 0 0 0 0 0 0 0 0
 2000 7 15 3 2 1 36 36 19 0 0 0.5 0.409 0.091 0 0 0 0 0 0 0 0 0 0 0 0 0 0 0 0
 2000 7 15 3 2 1 38 38 29 0 0 0.195 0.78 0.024 0 0 0 0 0 0 0 0 0 0 0 0 0 0 0 0
 2000 7 15 3 2 1 40 40 13 0 0 0.462 0.462 0.077 0 0 0 0 0 0 0 0 0 0 0 0 0 0 0 0
 2000 7 15 3 2 1 42 42 18 0 0 0.1 0.7 0.2 0 0 0 0 0 0 0 0 0 0 0 0 0 0 0 0
 2000 7 15 3 2 1 44 44 10 0 0 0.091 0.545 0.273 0 0.091 0 0 0 0 0 0 0 0 0 0 0 0 0 0
 2000 7 15 3 2 1 46 46 11 0 0 0.083 0.75 0.167 0 0 0 0 0 0 0 0 0 0 0 0 0 0 0 0
 2000 7 15 3 2 1 48 48 9 0 0 0 0.778 0.222 0 0 0 0 0 0 0 0 0 0 0 0 0 0 0 0
 2000 7 15 3 2 1 50 50 9 0 0 0 0.444 0.222 0.222 0.111 0 0 0 0 0 0 0 0 0 0 0 0 0 0
 2000 7 15 3 2 1 52 52 8 0 0 0 0.5 0.25 0.25 0 0 0 0 0 0 0 0 0 0 0 0 0 0 0
 2000 7 15 3 2 1 54 54 4 0 0 0 0.5 0.25 0.25 0 0 0 0 0 0 0 0 0 0 0 0 0 0 0
 2000 7 15 3 2 1 56 56 9 0 0 0 0.273 0.545 0.182 0 0 0 0 0 0 0 0 0 0 0 0 0 0 0
 2000 7 15 3 2 1 58 58 6 0 0 0 0 0.714 0.286 0 0 0 0 0 0 0 0 0 0 0 0 0 0 0
 2000 7 15 3 2 1 60 60 8 0 0 0 0.125 0.25 0.375 0.25 0 0 0 0 0 0 0 0 0 0 0 0 0 0
 2000 7 15 3 2 1 62 62 8 0 0 0 0 0.1 0.4 0.4 0 0.1 0 0 0 0 0 0 0 0 0 0 0 0
 2000 7 15 3 2 1 64 64 7 0 0 0 0 0 0.375 0.5 0.125 0 0 0 0 0 0 0 0 0 0 0 0 0
 2000 7 15 3 2 1 66 66 12 0 0 0 0 0.286 0.286 0.286 0.071 0 0 0 0 0.071 0 0 0 0 0 0 0 0
 2000 7 15 3 2 1 68 68 7 0 0 0 0 0 0.125 0.375 0.5 0 0 0 0 0 0 0 0 0 0 0 0 0
 2000 7 15 3 2 1 70 70 8 0 0 0 0 0 0.4 0.3 0.3 0 0 0 0 0 0 0 0 0 0 0 0 0
 2000 7 15 3 2 1 72 72 9 0 0 0 0 0 0.222 0.444 0 0.333 0 0 0 0 0 0 0 0 0 0 0 0
 2000 7 15 3 2 1 74 74 6 0 0 0 0 0 0 0.833 0.167 0 0 0 0 0 0 0 0 0 0 0 0 0
 2000 7 15 3 2 1 76 76 4 0 0 0 0 0 0 0 0.5 0 0 0.25 0 0 0 0 0 0 0 0.25 0 0
 -2000 7 15 3 2 1 78 78 1 0 0 0 0 0 0 0 0 0 0 0 0 0 0 0 0 0 1 0 0 0
 2000 7 15 3 2 1 80 80 2 0 0 0 0 0 0 0 0 0 0 0.5 0 0 0 0 0 0 0 0 0 0.5
 -2001 7 15 3 2 1 34 34 1 0 0 1 0 0 0 0 0 0 0 0 0 0 0 0 0 0 0 0 0 0
 2001 7 15 3 2 1 36 36 3 0 0 0.75 0.25 0 0 0 0 0 0 0 0 0 0 0 0 0 0 0 0 0
 2001 7 15 3 2 1 38 38 3 0 0 0.667 0.333 0 0 0 0 0 0 0 0 0 0 0 0 0 0 0 0 0
 2001 7 15 3 2 1 40 40 5 0 0 0.286 0.143 0.143 0.286 0 0.143 0 0 0 0 0 0 0 0 0 0 0 0 0
 2001 7 15 3 2 1 42 42 9 0 0 0.091 0.364 0.364 0.091 0 0.091 0 0 0 0 0 0 0 0 0 0 0 0 0
 2001 7 15 3 2 1 44 44 4 0 0 0.25 0.25 0.25 0.25 0 0 0 0 0 0 0 0 0 0 0 0 0 0 0
 2001 7 15 3 2 1 46 46 3 0 0 0 0.5 0 0.25 0.25 0 0 0 0 0 0 0 0 0 0 0 0 0 0
 2001 7 15 3 2 1 50 50 4 0 0 0 0.4 0.2 0.2 0 0.2 0 0 0 0 0 0 0 0 0 0 0 0 0
 2001 7 15 3 2 1 52 52 3 0 0 0 0 0.667 0 0.333 0 0 0 0 0 0 0 0 0 0 0 0 0 0
 2001 7 15 3 2 1 54 54 2 0 0 0 0.25 0.75 0 0 0 0 0 0 0 0 0 0 0 0 0 0 0 0
 -2001 7 15 3 2 1 58 58 1 0 0 0 0 0 0 0 0 1 0 0 0 0 0 0 0 0 0 0 0 0
 2001 7 15 3 2 1 60 60 3 0 0 0 0 0.333 0 0 0.333 0 0.333 0 0 0 0 0 0 0 0 0 0 0
 2001 7 15 3 2 1 62 62 4 0 0 0 0.25 0.25 0 0.5 0 0 0 0 0 0 0 0 0 0 0 0 0 0
 2001 7 15 3 2 1 64 64 5 0 0 0 0.2 0 0.2 0.4 0.2 0 0 0 0 0 0 0 0 0 0 0 0 0
 -2001 7 15 3 2 1 66 66 1 0 0 0 0 0 0 0 1 0 0 0 0 0 0 0 0 0 0 0 0 0
 -2001 7 15 3 2 1 68 68 1 0 0 0 0 0 0 1 0 0 0 0 0 0 0 0 0 0 0 0 0 0
 2001 7 15 3 2 1 70 70 2 0 0 0 0 0 0.5 0 0 0 0 0 0.5 0 0 0 0 0 0 0 0 0
 2001 7 15 3 2 1 72 72 5 0 0 0 0 0.2 0 0 0.8 0 0 0 0 0 0 0 0 0 0 0 0 0
 -2001 7 15 3 2 1 74 74 1 0 0 0 0 0 0 0 1 0 0 0 0 0 0 0 0 0 0 0 0 0
 2001 7 15 3 2 1 76 76 2 0 0 0 0 0 0.5 0 0 0 0 0.5 0 0 0 0 0 0 0 0 0 0
 2001 7 15 3 2 1 78 78 2 0 0 0 0 0 0 0 0 0 0 0 0.5 0 0 0 0 0 0 0 0 0.5
 -2001 7 15 3 2 1 82 82 1 0 0 0 0 0 0 0 0 0 0 0 0 0 0 0 0 0 0 0 0 1
 2002 7 15 3 2 1 34 34 2 0 0 0.5 0.5 0 0 0 0 0 0 0 0 0 0 0 0 0 0 0 0 0
 2002 7 15 3 2 1 36 36 16 0 0.261 0.304 0.391 0.043 0 0 0 0 0 0 0 0 0 0 0 0 0 0 0 0
 2002 7 15 3 2 1 38 38 22 0 0.059 0.353 0.529 0.059 0 0 0 0 0 0 0 0 0 0 0 0 0 0 0 0
 2002 7 15 3 2 1 40 40 16 0 0.056 0.111 0.611 0.167 0.056 0 0 0 0 0 0 0 0 0 0 0 0 0 0 0
 2002 7 15 3 2 1 42 42 16 0 0 0.118 0.647 0.118 0.059 0.059 0 0 0 0 0 0 0 0 0 0 0 0 0 0
 2002 7 15 3 2 1 44 44 12 0 0 0 1 0 0 0 0 0 0 0 0 0 0 0 0 0 0 0 0 0
 2002 7 15 3 2 1 46 46 15 0 0 0.15 0.5 0.25 0.05 0 0.05 0 0 0 0 0 0 0 0 0 0 0 0 0
 2002 7 15 3 2 1 48 48 10 0 0 0 0.545 0.364 0 0.091 0 0 0 0 0 0 0 0 0 0 0 0 0 0
 2002 7 15 3 2 1 50 50 6 0 0 0.167 0.333 0.333 0 0.167 0 0 0 0 0 0 0 0 0 0 0 0 0 0
 2002 7 15 3 2 1 52 52 9 0 0 0 0.333 0.444 0.222 0 0 0 0 0 0 0 0 0 0 0 0 0 0 0
 2002 7 15 3 2 1 54 54 5 0 0 0.143 0.143 0.714 0 0 0 0 0 0 0 0 0 0 0 0 0 0 0 0
 2002 7 15 3 2 1 56 56 8 0 0 0 0.222 0.111 0.222 0.222 0.222 0 0 0 0 0 0 0 0 0 0 0 0 0
 2002 7 15 3 2 1 58 58 6 0 0 0 0 0.286 0.714 0 0 0 0 0 0 0 0 0 0 0 0 0 0 0
 2002 7 15 3 2 1 60 60 4 0 0 0 0 0 0.5 0 0.5 0 0 0 0 0 0 0 0 0 0 0 0 0
 2002 7 15 3 2 1 62 62 4 0 0 0 0 0.2 0.4 0.4 0 0 0 0 0 0 0 0 0 0 0 0 0 0
 2002 7 15 3 2 1 64 64 3 0 0 0 0 0 0.333 0.333 0.333 0 0 0 0 0 0 0 0 0 0 0 0 0
 2002 7 15 3 2 1 66 66 3 0 0 0 0 0 0.333 0.333 0.333 0 0 0 0 0 0 0 0 0 0 0 0 0
 2002 7 15 3 2 1 68 68 3 0 0 0 0.333 0.333 0 0 0.333 0 0 0 0 0 0 0 0 0 0 0 0 0
 2002 7 15 3 2 1 70 70 2 0 0 0 0 1 0 0 0 0 0 0 0 0 0 0 0 0 0 0 0 0
 2002 7 15 3 2 1 72 72 3 0 0 0 0 0 0 0 0.333 0 0.333 0 0 0 0 0.333 0 0 0 0 0 0
 2002 7 15 3 2 1 74 74 3 0 0 0 0 0 0.333 0 0.667 0 0 0 0 0 0 0 0 0 0 0 0 0
 -2002 7 15 3 2 1 78 78 1 0 0 0 0 0 0 0 0 0 1 0 0 0 0 0 0 0 0 0 0 0
 -2002 7 15 3 2 1 82 82 1 0 0 0 0 0 0 0 0 0 0 0 0 0 0 1 0 0 0 0 0 0
 -2002 7 15 3 2 1 86 86 1 0 0 0 0 0 0 0 0 0 0 0 0 0 0 0 0 0 0 0 0 1
 2003 7 15 3 2 1 34 34 4 0 0 1 0 0 0 0 0 0 0 0 0 0 0 0 0 0 0 0 0 0
 2003 7 15 3 2 1 36 36 15 0 0 0.667 0.185 0.074 0.074 0 0 0 0 0 0 0 0 0 0 0 0 0 0 0
 2003 7 15 3 2 1 38 38 12 0 0 0.429 0.381 0.095 0.048 0.048 0 0 0 0 0 0 0 0 0 0 0 0 0 0
 2003 7 15 3 2 1 40 40 15 0 0 0.2 0.333 0.267 0.133 0.067 0 0 0 0 0 0 0 0 0 0 0 0 0 0
 2003 7 15 3 2 1 42 42 12 0 0 0 0.429 0.286 0.286 0 0 0 0 0 0 0 0 0 0 0 0 0 0 0
 2003 7 15 3 2 1 44 44 10 0 0 0 0.385 0.308 0.308 0 0 0 0 0 0 0 0 0 0 0 0 0 0 0
 2003 7 15 3 2 1 46 46 9 0 0 0.1 0.3 0.5 0.1 0 0 0 0 0 0 0 0 0 0 0 0 0 0 0
 2003 7 15 3 2 1 48 48 7 0 0 0 0.429 0.429 0.143 0 0 0 0 0 0 0 0 0 0 0 0 0 0 0
 2003 7 15 3 2 1 50 50 3 0 0 0 0.333 0.333 0.333 0 0 0 0 0 0 0 0 0 0 0 0 0 0 0
 2003 7 15 3 2 1 52 52 2 0 0 0 0.5 0.5 0 0 0 0 0 0 0 0 0 0 0 0 0 0 0 0
 2003 7 15 3 2 1 54 54 5 0 0 0 0.4 0.6 0 0 0 0 0 0 0 0 0 0 0 0 0 0 0 0
 2003 7 15 3 2 1 56 56 3 0 0 0 0 0.667 0 0.333 0 0 0 0 0 0 0 0 0 0 0 0 0 0
 -2003 7 15 3 2 1 58 58 1 0 0 0 0 1 0 0 0 0 0 0 0 0 0 0 0 0 0 0 0 0
 2003 7 15 3 2 1 60 60 3 0 0 0 0 0 0 1 0 0 0 0 0 0 0 0 0 0 0 0 0 0
 -2003 7 15 3 2 1 62 62 1 0 0 0 0 0 0 0 0 1 0 0 0 0 0 0 0 0 0 0 0 0
 2003 7 15 3 2 1 64 64 2 0 0 0 0 0 0.5 0.5 0 0 0 0 0 0 0 0 0 0 0 0 0 0
 -2003 7 15 3 2 1 66 66 1 0 0 0 0 0 0 0 0 1 0 0 0 0 0 0 0 0 0 0 0 0
 -2003 7 15 3 2 1 68 68 1 0 0 0 0 0 1 0 0 0 0 0 0 0 0 0 0 0 0 0 0 0
 -2003 7 15 3 2 1 72 72 1 0 0 0 0 0 0 0 0 0 1 0 0 0 0 0 0 0 0 0 0 0
 -2003 7 15 3 2 1 78 78 1 0 0 0 0 0.5 0 0 0 0.5 0 0 0 0 0 0 0 0 0 0 0 0
 -2004 7 15 3 2 1 30 30 1 0 0 1 0 0 0 0 0 0 0 0 0 0 0 0 0 0 0 0 0 0
 2004 7 15 3 2 1 34 34 2 0 0 1 0 0 0 0 0 0 0 0 0 0 0 0 0 0 0 0 0 0
 2004 7 15 3 2 1 36 36 14 0 0 0.567 0.267 0.067 0.033 0.067 0 0 0 0 0 0 0 0 0 0 0 0 0 0
 2004 7 15 3 2 1 38 38 19 0 0 0.48 0.32 0.08 0.04 0.04 0.04 0 0 0 0 0 0 0 0 0 0 0 0 0
 2004 7 15 3 2 1 40 40 23 0 0 0.179 0.357 0.286 0.143 0 0 0 0.036 0 0 0 0 0 0 0 0 0 0 0
 2004 7 15 3 2 1 42 42 11 0 0 0.273 0.455 0.182 0 0.091 0 0 0 0 0 0 0 0 0 0 0 0 0 0
 2004 7 15 3 2 1 44 44 9 0 0 0 0.333 0.333 0.222 0.111 0 0 0 0 0 0 0 0 0 0 0 0 0 0
 2004 7 15 3 2 1 46 46 8 0 0 0.1 0.1 0.5 0.1 0.1 0 0 0.1 0 0 0 0 0 0 0 0 0 0 0
 2004 7 15 3 2 1 48 48 6 0 0 0 0.167 0.833 0 0 0 0 0 0 0 0 0 0 0 0 0 0 0 0
 2004 7 15 3 2 1 50 50 7 0 0 0 0.375 0.375 0.25 0 0 0 0 0 0 0 0 0 0 0 0 0 0 0
 2004 7 15 3 2 1 52 52 6 0 0 0 0.167 0.333 0.5 0 0 0 0 0 0 0 0 0 0 0 0 0 0 0
 2004 7 15 3 2 1 54 54 3 0 0 0 0 0.333 0.333 0 0 0 0.333 0 0 0 0 0 0 0 0 0 0 0
 2004 7 15 3 2 1 56 56 4 0 0 0 0.2 0 0.4 0.4 0 0 0 0 0 0 0 0 0 0 0 0 0 0
 2004 7 15 3 2 1 58 58 3 0 0 0 0 0 1 0 0 0 0 0 0 0 0 0 0 0 0 0 0 0
 2004 7 15 3 2 1 60 60 2 0 0 0 0 0.5 0.5 0 0 0 0 0 0 0 0 0 0 0 0 0 0 0
 2004 7 15 3 2 1 62 62 3 0 0 0 0 0 0.667 0 0.333 0 0 0 0 0 0 0 0 0 0 0 0 0
 2004 7 15 3 2 1 64 64 2 0 0 0 0 0 1 0 0 0 0 0 0 0 0 0 0 0 0 0 0 0
 2004 7 15 3 2 1 66 66 3 0 0 0 0 0 0.667 0 0.333 0 0 0 0 0 0 0 0 0 0 0 0 0
 2004 7 15 3 2 1 68 68 2 0 0 0 0 0 0.5 0.5 0 0 0 0 0 0 0 0 0 0 0 0 0 0
 -2004 7 15 3 2 1 72 72 1 0 0 0 0 0 0 0 0 1 0 0 0 0 0 0 0 0 0 0 0 0
 2004 7 15 3 2 1 74 74 3 0 0 0 0 0 0 0 0.333 0.667 0 0 0 0 0 0 0 0 0 0 0 0
 -2004 7 15 3 2 1 76 76 1 0 0 0 0 0 0 0 0 0 0 0 0 0 0 0 0 1 0 0 0 0
 -2004 7 15 3 2 1 84 84 1 0 0 0 0 0 0 0 0 0 0 0 1 0 0 0 0 0 0 0 0 0
 2005 7 15 3 2 1 34 34 2 0 0 0.5 0 0.5 0 0 0 0 0 0 0 0 0 0 0 0 0 0 0 0
 2005 7 15 3 2 1 36 36 13 0 0 0.63 0.333 0.037 0 0 0 0 0 0 0 0 0 0 0 0 0 0 0 0
 2005 7 15 3 2 1 38 38 21 0 0 0.424 0.424 0.061 0.061 0.03 0 0 0 0 0 0 0 0 0 0 0 0 0 0
 2005 7 15 3 2 1 40 40 22 0 0 0.269 0.462 0.077 0.038 0.115 0 0.038 0 0 0 0 0 0 0 0 0 0 0 0
 2005 7 15 3 2 1 42 42 20 0 0 0.121 0.606 0.182 0.03 0.03 0.03 0 0 0 0 0 0 0 0 0 0 0 0 0
 2005 7 15 3 2 1 44 44 16 0 0 0.105 0.579 0.211 0.053 0.053 0 0 0 0 0 0 0 0 0 0 0 0 0 0
 2005 7 15 3 2 1 46 46 8 0 0 0 0.5 0.125 0.25 0.125 0 0 0 0 0 0 0 0 0 0 0 0 0 0
 2005 7 15 3 2 1 48 48 10 0 0 0 0.364 0.273 0.182 0.182 0 0 0 0 0 0 0 0 0 0 0 0 0 0
 2005 7 15 3 2 1 50 50 8 0 0 0 0.375 0.25 0 0.25 0 0 0.125 0 0 0 0 0 0 0 0 0 0 0
 2005 7 15 3 2 1 52 52 9 0 0 0 0.167 0.333 0.333 0.083 0.083 0 0 0 0 0 0 0 0 0 0 0 0 0
 2005 7 15 3 2 1 54 54 4 0 0 0 0.5 0.25 0.25 0 0 0 0 0 0 0 0 0 0 0 0 0 0 0
 2005 7 15 3 2 1 56 56 7 0 0 0 0 0.286 0.429 0.286 0 0 0 0 0 0 0 0 0 0 0 0 0 0
 2005 7 15 3 2 1 58 58 3 0 0 0 0 0 1 0 0 0 0 0 0 0 0 0 0 0 0 0 0 0
 2005 7 15 3 2 1 60 60 2 0 0 0 0 0 0.5 0.5 0 0 0 0 0 0 0 0 0 0 0 0 0 0
 2005 7 15 3 2 1 62 62 2 0 0 0 0 0 0.5 0 0.5 0 0 0 0 0 0 0 0 0 0 0 0 0
 2005 7 15 3 2 1 64 64 3 0 0 0 0 0.333 0 0.667 0 0 0 0 0 0 0 0 0 0 0 0 0 0
 2005 7 15 3 2 1 66 66 3 0 0 0 0 0 0.333 0.667 0 0 0 0 0 0 0 0 0 0 0 0 0 0
 2005 7 15 3 2 1 70 70 2 0 0 0 0 0 0.5 0.5 0 0 0 0 0 0 0 0 0 0 0 0 0 0
 2006 7 15 3 2 1 34 34 2 0 0 0.5 0.5 0 0 0 0 0 0 0 0 0 0 0 0 0 0 0 0 0
 2006 7 15 3 2 1 36 36 20 0 0 0.514 0.229 0.2 0 0 0 0.057 0 0 0 0 0 0 0 0 0 0 0 0
 2006 7 15 3 2 1 38 38 23 0 0 0.129 0.71 0.161 0 0 0 0 0 0 0 0 0 0 0 0 0 0 0 0
 2006 7 15 3 2 1 40 40 20 0 0 0.033 0.7 0.267 0 0 0 0 0 0 0 0 0 0 0 0 0 0 0 0
 2006 7 15 3 2 1 42 42 19 0 0 0 0.852 0.148 0 0 0 0 0 0 0 0 0 0 0 0 0 0 0 0
 2006 7 15 3 2 1 44 44 19 0 0 0 0.75 0.208 0.042 0 0 0 0 0 0 0 0 0 0 0 0 0 0 0
 2006 7 15 3 2 1 46 46 9 0 0 0 0.846 0.154 0 0 0 0 0 0 0 0 0 0 0 0 0 0 0 0
 2006 7 15 3 2 1 48 48 12 0 0 0 0.154 0.615 0.154 0.077 0 0 0 0 0 0 0 0 0 0 0 0 0 0
 2006 7 15 3 2 1 50 50 9 0 0 0 0.444 0.333 0.111 0 0 0 0.111 0 0 0 0 0 0 0 0 0 0 0
 2006 7 15 3 2 1 52 52 5 0 0 0 0 0.833 0 0.167 0 0 0 0 0 0 0 0 0 0 0 0 0 0
 -2006 7 15 3 2 1 54 54 1 0 0 0 0 0 0 0 1 0 0 0 0 0 0 0 0 0 0 0 0 0
 2006 7 15 3 2 1 56 56 4 0 0 0 0 0.75 0 0 0 0.25 0 0 0 0 0 0 0 0 0 0 0 0
 2006 7 15 3 2 1 58 58 2 0 0 0 0 0.333 0.667 0 0 0 0 0 0 0 0 0 0 0 0 0 0 0
 2006 7 15 3 2 1 60 60 3 0 0 0 0 0.667 0 0.333 0 0 0 0 0 0 0 0 0 0 0 0 0 0
 -2006 7 15 3 2 1 64 64 1 0 0 0 0 0 0 0 1 0 0 0 0 0 0 0 0 0 0 0 0 0
 2006 7 15 3 2 1 68 68 2 0 0 0 0 0 0 1 0 0 0 0 0 0 0 0 0 0 0 0 0 0
 -2006 7 15 3 2 1 70 70 1 0 0 0 0 0 0 0 1 0 0 0 0 0 0 0 0 0 0 0 0 0
 -2007 7 15 3 2 1 36 36 1 0 0 0 1 0 0 0 0 0 0 0 0 0 0 0 0 0 0 0 0 0
 2007 7 15 3 2 1 38 38 9 0 0 0.1 0.7 0.2 0 0 0 0 0 0 0 0 0 0 0 0 0 0 0 0
 2007 7 15 3 2 1 40 40 9 0 0 0 0.692 0.308 0 0 0 0 0 0 0 0 0 0 0 0 0 0 0 0
 2007 7 15 3 2 1 42 42 11 0 0 0 0.714 0.286 0 0 0 0 0 0 0 0 0 0 0 0 0 0 0 0
 2007 7 15 3 2 1 44 44 9 0 0 0 0.167 0.667 0.167 0 0 0 0 0 0 0 0 0 0 0 0 0 0 0
 2007 7 15 3 2 1 46 46 5 0 0 0 0.429 0.571 0 0 0 0 0 0 0 0 0 0 0 0 0 0 0 0
 2007 7 15 3 2 1 48 48 2 0 0 0 0.5 0.5 0 0 0 0 0 0 0 0 0 0 0 0 0 0 0 0
 -2007 7 15 3 2 1 50 50 1 0 0 0 1 0 0 0 0 0 0 0 0 0 0 0 0 0 0 0 0 0
 2007 7 15 3 2 1 52 52 2 0 0 0 0 1 0 0 0 0 0 0 0 0 0 0 0 0 0 0 0 0
 -2007 7 15 3 2 1 54 54 1 0 0 0 0 1 0 0 0 0 0 0 0 0 0 0 0 0 0 0 0 0
 -2007 7 15 3 2 1 56 56 1 0 0 0 0 0 1 0 0 0 0 0 0 0 0 0 0 0 0 0 0 0
 -2007 7 15 3 2 1 58 58 1 0 0 0 0 1 0 0 0 0 0 0 0 0 0 0 0 0 0 0 0 0
 2007 7 15 3 2 1 64 64 2 0 0 0 0 0 0.5 0.5 0 0 0 0 0 0 0 0 0 0 0 0 0 0
 -2008 7 15 3 2 1 34 34 1 0 0 0 1 0 0 0 0 0 0 0 0 0 0 0 0 0 0 0 0 0
 2008 7 15 3 2 1 36 36 3 0 0 0 0.857 0.143 0 0 0 0 0 0 0 0 0 0 0 0 0 0 0 0
 2008 7 15 3 2 1 38 38 13 0 0 0 0.75 0.2 0.05 0 0 0 0 0 0 0 0 0 0 0 0 0 0 0
 2008 7 15 3 2 1 40 40 11 0 0 0 0.444 0.444 0.056 0.056 0 0 0 0 0 0 0 0 0 0 0 0 0 0
 2008 7 15 3 2 1 42 42 14 0 0 0 0.25 0.625 0.125 0 0 0 0 0 0 0 0 0 0 0 0 0 0 0
 2008 7 15 3 2 1 44 44 7 0 0 0 0.111 0.778 0 0.111 0 0 0 0 0 0 0 0 0 0 0 0 0 0
 2008 7 15 3 2 1 46 46 14 0 0 0 0 0.889 0.056 0 0.056 0 0 0 0 0 0 0 0 0 0 0 0 0
 2008 7 15 3 2 1 48 48 7 0 0 0 0.125 0.625 0.125 0.125 0 0 0 0 0 0 0 0 0 0 0 0 0 0
 2008 7 15 3 2 1 50 50 8 0 0 0 0 0.667 0.333 0 0 0 0 0 0 0 0 0 0 0 0 0 0 0
 2008 7 15 3 2 1 52 52 4 0 0 0 0 0.6 0.2 0.2 0 0 0 0 0 0 0 0 0 0 0 0 0 0
 2008 7 15 3 2 1 54 54 9 0 0 0 0 0.5 0.5 0 0 0 0 0 0 0 0 0 0 0 0 0 0 0
 2008 7 15 3 2 1 56 56 4 0 0 0 0.25 0 0.75 0 0 0 0 0 0 0 0 0 0 0 0 0 0 0
 2008 7 15 3 2 1 58 58 2 0 0 0 0 0.5 0.5 0 0 0 0 0 0 0 0 0 0 0 0 0 0 0
 2008 7 15 3 2 1 60 60 2 0 0 0 0 1 0 0 0 0 0 0 0 0 0 0 0 0 0 0 0 0
 -2008 7 15 3 2 1 62 62 1 0 0 0 0 0.5 0.5 0 0 0 0 0 0 0 0 0 0 0 0 0 0 0
 2009 7 15 3 2 1 36 36 3 0 0 0 0.333 0.667 0 0 0 0 0 0 0 0 0 0 0 0 0 0 0 0
 2009 7 15 3 2 1 38 38 11 0 0 0 0.385 0.615 0 0 0 0 0 0 0 0 0 0 0 0 0 0 0 0
 2009 7 15 3 2 1 40 40 13 0 0 0 0.533 0.333 0.133 0 0 0 0 0 0 0 0 0 0 0 0 0 0 0
 2009 7 15 3 2 1 42 42 14 0 0 0 0.211 0.579 0.158 0 0 0 0 0.053 0 0 0 0 0 0 0 0 0 0
 2009 7 15 3 2 1 44 44 18 0 0 0 0.25 0.55 0.2 0 0 0 0 0 0 0 0 0 0 0 0 0 0 0
 2009 7 15 3 2 1 46 46 20 0 0 0 0.094 0.406 0.375 0.063 0.031 0.031 0 0 0 0 0 0 0 0 0 0 0 0
 2009 7 15 3 2 1 48 48 32 0 0 0 0.154 0.41 0.385 0.051 0 0 0 0 0 0 0 0 0 0 0 0 0 0
 2009 7 15 3 2 1 50 50 42 0 0 0 0 0.464 0.5 0.018 0 0 0 0.018 0 0 0 0 0 0 0 0 0 0
 2009 7 15 3 2 1 52 52 38 0 0 0 0 0.6 0.364 0.036 0 0 0 0 0 0 0 0 0 0 0 0 0 0
 2009 7 15 3 2 1 54 54 37 0 0 0 0.019 0.442 0.404 0.135 0 0 0 0 0 0 0 0 0 0 0 0 0 0
 2009 7 15 3 2 1 56 56 34 0 0 0 0.022 0.222 0.622 0.089 0.022 0 0.022 0 0 0 0 0 0 0 0 0 0 0
 2009 7 15 3 2 1 58 58 21 0 0 0 0 0.185 0.593 0.185 0 0.037 0 0 0 0 0 0 0 0 0 0 0 0
 2009 7 15 3 2 1 60 60 19 0 0 0 0 0.1 0.65 0.2 0.05 0 0 0 0 0 0 0 0 0 0 0 0 0
 2009 7 15 3 2 1 62 62 11 0 0 0 0 0.143 0.286 0.5 0 0 0.071 0 0 0 0 0 0 0 0 0 0 0
 2009 7 15 3 2 1 64 64 5 0 0 0 0 0 0.6 0.4 0 0 0 0 0 0 0 0 0 0 0 0 0 0
 2009 7 15 3 2 1 66 66 4 0 0 0 0 0 0.25 0.75 0 0 0 0 0 0 0 0 0 0 0 0 0 0
 2009 7 15 3 2 1 68 68 3 0 0 0 0 0 0 1 0 0 0 0 0 0 0 0 0 0 0 0 0 0
 2009 7 15 3 2 1 70 70 4 0 0 0 0 0 0 0.25 0.5 0 0 0 0 0 0 0 0 0.25 0 0 0 0
 -2009 7 15 3 2 1 74 74 1 0 0 0 0 0 0 0 0 0 0 1 0 0 0 0 0 0 0 0 0 0
 -2009 7 15 3 2 1 76 76 1 0 0 0 0 0 0 0 0 0 0 0 0 0 0 0 0 0 0 0 0 1
 2010 7 15 3 2 1 36 36 2 0 0 0 0.5 0.5 0 0 0 0 0 0 0 0 0 0 0 0 0 0 0 0
 2010 7 15 3 2 1 38 38 19 0 0 0 0.2 0.32 0.28 0.12 0.04 0 0.04 0 0 0 0 0 0 0 0 0 0 0
 2010 7 15 3 2 1 40 40 21 0 0 0 0.265 0.353 0.059 0.176 0.059 0.059 0.029 0 0 0 0 0 0 0 0 0 0 0
 2010 7 15 3 2 1 42 42 15 0 0 0 0.222 0.259 0.37 0.074 0.037 0.037 0 0 0 0 0 0 0 0 0 0 0 0
 2010 7 15 3 2 1 44 44 24 0 0 0 0.097 0.387 0.355 0.065 0.065 0.032 0 0 0 0 0 0 0 0 0 0 0 0
 2010 7 15 3 2 1 46 46 24 0 0 0 0.077 0.308 0.41 0.154 0.026 0.026 0 0 0 0 0 0 0 0 0 0 0 0
 2010 7 15 3 2 1 48 48 27 0 0 0 0.184 0.263 0.421 0.079 0.026 0.026 0 0 0 0 0 0 0 0 0 0 0 0
 2010 7 15 3 2 1 50 50 22 0 0 0 0.1 0.433 0.133 0.3 0 0 0.033 0 0 0 0 0 0 0 0 0 0 0
 2010 7 15 3 2 1 52 52 18 0 0 0 0 0.36 0.52 0.08 0.04 0 0 0 0 0 0 0 0 0 0 0 0 0
 2010 7 15 3 2 1 54 54 16 0 0 0 0 0.238 0.571 0.19 0 0 0 0 0 0 0 0 0 0 0 0 0 0
 2010 7 15 3 2 1 56 56 16 0 0 0 0 0.087 0.478 0.348 0.087 0 0 0 0 0 0 0 0 0 0 0 0 0
 2010 7 15 3 2 1 58 58 16 0 0 0 0 0.211 0.474 0.211 0.053 0.053 0 0 0 0 0 0 0 0 0 0 0 0
 2010 7 15 3 2 1 60 60 16 0 0 0 0 0.125 0.438 0.281 0.156 0 0 0 0 0 0 0 0 0 0 0 0 0
 2010 7 15 3 2 1 62 62 11 0 0 0 0 0 0.55 0.35 0.1 0 0 0 0 0 0 0 0 0 0 0 0 0
 2010 7 15 3 2 1 64 64 8 0 0 0 0 0 0.455 0.455 0 0.091 0 0 0 0 0 0 0 0 0 0 0 0
 2010 7 15 3 2 1 66 66 6 0 0 0 0 0 0.429 0.571 0 0 0 0 0 0 0 0 0 0 0 0 0 0
 2010 7 15 3 2 1 68 68 3 0 0 0 0 0.667 0 0 0.333 0 0 0 0 0 0 0 0 0 0 0 0 0
 2010 7 15 3 2 1 70 70 2 0 0 0 0.5 0 0 0.5 0 0 0 0 0 0 0 0 0 0 0 0 0 0
 -2010 7 15 3 2 1 72 72 1 0 0 0 0 0 0 0 0 1 0 0 0 0 0 0 0 0 0 0 0 0
 2010 7 15 3 2 1 74 74 3 0 0 0 0 0 0 0 0.333 0.333 0 0 0 0 0 0 0 0 0 0 0 0.333
 -2011 7 15 3 2 1 30 30 1 0 0 0 0 1 0 0 0 0 0 0 0 0 0 0 0 0 0 0 0 0
 2011 7 15 3 2 1 36 36 2 0 0 0 0 1 0 0 0 0 0 0 0 0 0 0 0 0 0 0 0 0
 2011 7 15 3 2 1 38 38 18 0 0 0.043 0.478 0.261 0.174 0.043 0 0 0 0 0 0 0 0 0 0 0 0 0 0
 2011 7 15 3 2 1 40 40 29 0 0 0 0.289 0.422 0.2 0.067 0.022 0 0 0 0 0 0 0 0 0 0 0 0 0
 2011 7 15 3 2 1 42 42 23 0 0 0.026 0.289 0.553 0.053 0.053 0 0.026 0 0 0 0 0 0 0 0 0 0 0 0
 2011 7 15 3 2 1 44 44 27 0 0 0 0.108 0.595 0.135 0.108 0.027 0.027 0 0 0 0 0 0 0 0 0 0 0 0
 2011 7 15 3 2 1 46 46 31 0 0 0 0.075 0.5 0.175 0.15 0.075 0 0.025 0 0 0 0 0 0 0 0 0 0 0
 2011 7 15 3 2 1 48 48 24 0 0 0 0.088 0.441 0.353 0.088 0 0.029 0 0 0 0 0 0 0 0 0 0 0 0
 2011 7 15 3 2 1 50 50 31 0 0 0 0 0.278 0.5 0.194 0 0.028 0 0 0 0 0 0 0 0 0 0 0 0
 2011 7 15 3 2 1 52 52 32 0 0 0 0 0.204 0.469 0.245 0.061 0 0 0 0.02 0 0 0 0 0 0 0 0 0
 2011 7 15 3 2 1 54 54 35 0 0 0 0 0.143 0.592 0.184 0.061 0.02 0 0 0 0 0 0 0 0 0 0 0 0
 2011 7 15 3 2 1 56 56 38 0 0 0 0.017 0.067 0.517 0.317 0.067 0.017 0 0 0 0 0 0 0 0 0 0 0 0
 2011 7 15 3 2 1 58 58 27 0 0 0 0 0.04 0.5 0.36 0.08 0.02 0 0 0 0 0 0 0 0 0 0 0 0
 2011 7 15 3 2 1 60 60 31 0 0 0 0 0.021 0.271 0.521 0.167 0 0.021 0 0 0 0 0 0 0 0 0 0 0
 2011 7 15 3 2 1 62 62 23 0 0 0 0 0 0.159 0.523 0.295 0 0.023 0 0 0 0 0 0 0 0 0 0 0
 2011 7 15 3 2 1 64 64 25 0 0 0 0 0 0.133 0.422 0.444 0 0 0 0 0 0 0 0 0 0 0 0 0
 2011 7 15 3 2 1 66 66 16 0 0 0 0 0 0.241 0.379 0.379 0 0 0 0 0 0 0 0 0 0 0 0 0
 2011 7 15 3 2 1 68 68 13 0 0 0 0 0 0.067 0.4 0.467 0.067 0 0 0 0 0 0 0 0 0 0 0 0
 2011 7 15 3 2 1 70 70 10 0 0 0 0 0 0.1 0.3 0.4 0.2 0 0 0 0 0 0 0 0 0 0 0 0
 2011 7 15 3 2 1 72 72 3 0 0 0 0 0 0 0 0.667 0 0.333 0 0 0 0 0 0 0 0 0 0 0
 2011 7 15 3 2 1 74 74 2 0 0 0 0 0 0 0 0.5 0.5 0 0 0 0 0 0 0 0 0 0 0 0
 2012 7 15 3 2 1 38 38 2 0 0 0 0.5 0.5 0 0 0 0 0 0 0 0 0 0 0 0 0 0 0 0
 2012 7 15 3 2 1 40 40 3 0 0 0 0.75 0 0.25 0 0 0 0 0 0 0 0 0 0 0 0 0 0 0
 2012 7 15 3 2 1 42 42 5 0 0 0 0.333 0.5 0.167 0 0 0 0 0 0 0 0 0 0 0 0 0 0 0
 2012 7 15 3 2 1 44 44 3 0 0 0 1 0 0 0 0 0 0 0 0 0 0 0 0 0 0 0 0 0
 2012 7 15 3 2 1 46 46 6 0 0 0 0 0.625 0.375 0 0 0 0 0 0 0 0 0 0 0 0 0 0 0
 2012 7 15 3 2 1 48 48 8 0 0 0 0.091 0.182 0.636 0.091 0 0 0 0 0 0 0 0 0 0 0 0 0 0
 2012 7 15 3 2 1 50 50 13 0 0 0 0.062 0.188 0.625 0.125 0 0 0 0 0 0 0 0 0 0 0 0 0 0
 2012 7 15 3 2 1 52 52 19 0 0 0 0 0.174 0.652 0.174 0 0 0 0 0 0 0 0 0 0 0 0 0 0
 2012 7 15 3 2 1 54 54 34 0 0 0 0.024 0.048 0.667 0.238 0.024 0 0 0 0 0 0 0 0 0 0 0 0 0
 2012 7 15 3 2 1 56 56 25 0 0 0 0 0.029 0.714 0.229 0.029 0 0 0 0 0 0 0 0 0 0 0 0 0
 2012 7 15 3 2 1 58 58 31 0 0 0 0 0 0.351 0.622 0.027 0 0 0 0 0 0 0 0 0 0 0 0 0
 2012 7 15 3 2 1 60 60 32 0 0 0 0 0 0.226 0.623 0.151 0 0 0 0 0 0 0 0 0 0 0 0 0
 2012 7 15 3 2 1 62 62 28 0 0 0 0 0.024 0.19 0.548 0.19 0.048 0 0 0 0 0 0 0 0 0 0 0 0
 2012 7 15 3 2 1 64 64 25 0 0 0 0 0 0.129 0.548 0.258 0.032 0.032 0 0 0 0 0 0 0 0 0 0 0
 2012 7 15 3 2 1 66 66 22 0 0 0 0 0 0.107 0.357 0.357 0.143 0.036 0 0 0 0 0 0 0 0 0 0 0
 2012 7 15 3 2 1 68 68 8 0 0 0 0 0 0.1 0.4 0.1 0.4 0 0 0 0 0 0 0 0 0 0 0 0
 2012 7 15 3 2 1 70 70 4 0 0 0 0 0 0 0.333 0.333 0.333 0 0 0 0 0 0 0 0 0 0 0 0
 -2012 7 15 3 2 1 72 72 1 0 0 0 0 0 0 0 0 1 0 0 0 0 0 0 0 0 0 0 0 0
 2012 7 15 3 2 1 74 74 2 0 0 0 0 0 0 0 0.5 0 0 0.5 0 0 0 0 0 0 0 0 0 0
 2013 7 15 3 2 1 36 36 6 0 0 0 0.375 0.375 0.25 0 0 0 0 0 0 0 0 0 0 0 0 0 0 0
 2013 7 15 3 2 1 38 38 16 0 0 0 0.227 0.636 0.045 0.045 0.045 0 0 0 0 0 0 0 0 0 0 0 0 0
 2013 7 15 3 2 1 40 40 38 0 0 0.019 0.365 0.558 0.038 0 0.019 0 0 0 0 0 0 0 0 0 0 0 0 0
 2013 7 15 3 2 1 42 42 38 0 0 0.043 0.348 0.565 0.022 0.022 0 0 0 0 0 0 0 0 0 0 0 0 0 0
 2013 7 15 3 2 1 44 44 60 0 0 0.012 0.244 0.598 0.122 0.024 0 0 0 0 0 0 0 0 0 0 0 0 0 0
 2013 7 15 3 2 1 46 46 67 0 0 0 0.112 0.729 0.084 0.056 0.019 0 0 0 0 0 0 0 0 0 0 0 0 0
 2013 7 15 3 2 1 48 48 76 0 0 0.008 0.053 0.759 0.128 0.045 0 0.008 0 0 0 0 0 0 0 0 0 0 0 0
 2013 7 15 3 2 1 50 50 98 0 0 0 0.029 0.565 0.3 0.088 0.012 0.006 0 0 0 0 0 0 0 0 0 0 0 0
 2013 7 15 3 2 1 52 52 96 0 0 0 0.018 0.435 0.306 0.212 0.018 0.012 0 0 0 0 0 0 0 0 0 0 0 0
 2013 7 15 3 2 1 54 54 93 0 0 0.006 0 0.448 0.297 0.174 0.052 0.023 0 0 0 0 0 0 0 0 0 0 0 0
 2013 7 15 3 2 1 56 56 89 0 0 0 0 0.238 0.364 0.294 0.063 0.021 0.021 0 0 0 0 0 0 0 0 0 0 0
 2013 7 15 3 2 1 58 58 73 0 0 0 0 0.118 0.252 0.445 0.118 0.025 0.034 0.008 0 0 0 0 0 0 0 0 0 0
 2013 7 15 3 2 1 60 60 63 0 0 0 0.011 0.055 0.132 0.429 0.286 0.033 0.055 0 0 0 0 0 0 0 0 0 0 0
 2013 7 15 3 2 1 62 62 46 0 0 0 0 0.035 0.14 0.421 0.281 0.088 0.035 0 0 0 0 0 0 0 0 0 0 0
 2013 7 15 3 2 1 64 64 26 0 0 0 0 0.029 0.086 0.286 0.314 0.229 0.057 0 0 0 0 0 0 0 0 0 0 0
 2013 7 15 3 2 1 66 66 20 0 0 0 0 0.036 0 0.107 0.679 0.179 0 0 0 0 0 0 0 0 0 0 0 0
 2013 7 15 3 2 1 68 68 15 0 0 0 0 0 0.059 0.176 0.529 0.235 0 0 0 0 0 0 0 0 0 0 0 0
 2013 7 15 3 2 1 70 70 8 0 0 0 0 0.1 0 0.1 0.3 0.4 0.1 0 0 0 0 0 0 0 0 0 0 0
 2013 7 15 3 2 1 72 72 7 0 0 0 0 0 0 0.143 0.143 0.286 0.143 0.143 0.143 0 0 0 0 0 0 0 0 0
 2013 7 15 3 2 1 74 74 3 0 0 0 0 0 0 0 0.333 0.333 0.333 0 0 0 0 0 0 0 0 0 0 0
 2013 7 15 3 2 1 76 76 2 0 0 0 0 0 0 0 0.5 0 0 0 0 0 0 0 0 0 0 0 0 0.5
 -2013 7 15 3 2 1 78 78 1 0 0 0 0 0 0 0 0 0 0 0 0 0 0 0 0 0 0 0 0 1
 -2013 7 15 3 2 1 82 82 1 0 0 0 0 0 0 0 0 0 0 0 0 0 0 0 0 0 0 0 0 1
 2014 7 15 3 2 1 36 36 4 0 0 0 0.5 0.25 0 0 0.25 0 0 0 0 0 0 0 0 0 0 0 0 0
 2014 7 15 3 2 1 38 38 13 0 0 0.176 0.353 0.235 0.235 0 0 0 0 0 0 0 0 0 0 0 0 0 0 0
 2014 7 15 3 2 1 40 40 14 0 0 0 0.235 0.471 0.235 0.059 0 0 0 0 0 0 0 0 0 0 0 0 0 0
 2014 7 15 3 2 1 42 42 16 0 0 0 0.2 0.68 0.12 0 0 0 0 0 0 0 0 0 0 0 0 0 0 0
 2014 7 15 3 2 1 44 44 30 0 0 0 0.182 0.5 0.25 0.045 0.023 0 0 0 0 0 0 0 0 0 0 0 0 0
 2014 7 15 3 2 1 46 46 38 0 0 0 0.087 0.413 0.457 0.022 0.022 0 0 0 0 0 0 0 0 0 0 0 0 0
 2014 7 15 3 2 1 48 48 69 0 0 0 0.032 0.553 0.362 0.043 0.011 0 0 0 0 0 0 0 0 0 0 0 0 0
 2014 7 15 3 2 1 50 50 87 0 0 0 0.035 0.235 0.583 0.104 0.026 0.017 0 0 0 0 0 0 0 0 0 0 0 0
 2014 7 15 3 2 1 52 52 93 0 0 0 0.023 0.195 0.617 0.113 0.045 0.008 0 0 0 0 0 0 0 0 0 0 0 0
 2014 7 15 3 2 1 54 54 114 0 0 0 0.006 0.102 0.635 0.168 0.054 0.018 0.012 0.006 0 0 0 0 0 0 0 0 0 0
 2014 7 15 3 2 1 56 56 101 0 0 0.007 0 0.092 0.608 0.196 0.065 0.026 0.007 0 0 0 0 0 0 0 0 0 0 0
 2014 7 15 3 2 1 58 58 86 0 0 0 0.008 0.048 0.452 0.282 0.153 0.032 0.016 0 0 0 0 0 0 0 0.008 0 0 0
 2014 7 15 3 2 1 60 60 68 0 0 0 0 0.023 0.42 0.284 0.182 0.068 0.023 0 0 0 0 0 0 0 0 0 0 0
 2014 7 15 3 2 1 62 62 43 0 0 0 0 0 0.286 0.268 0.161 0.161 0.071 0.018 0.018 0 0 0 0 0.018 0 0 0 0
 2014 7 15 3 2 1 64 64 36 0 0 0 0 0 0.156 0.244 0.289 0.156 0.067 0.044 0 0 0.022 0 0.022 0 0 0 0 0
 2014 7 15 3 2 1 66 66 30 0 0 0 0 0 0.079 0.211 0.421 0.184 0.053 0.026 0.026 0 0 0 0 0 0 0 0 0
 2014 7 15 3 2 1 68 68 19 0 0 0 0 0 0.077 0.077 0.154 0.385 0.231 0.077 0 0 0 0 0 0 0 0 0 0
 2014 7 15 3 2 1 70 70 19 0 0 0 0 0 0 0.043 0.087 0.391 0.174 0.261 0 0 0 0 0 0.043 0 0 0 0
 2014 7 15 3 2 1 72 72 9 0 0 0 0 0 0 0 0.1 0 0.6 0.2 0.1 0 0 0 0 0 0 0 0 0
 2014 7 15 3 2 1 74 74 5 0 0 0 0 0 0 0 0 0 0.6 0.4 0 0 0 0 0 0 0 0 0 0
 -2014 7 15 3 2 1 76 76 1 0 0 0 0 1 0 0 0 0 0 0 0 0 0 0 0 0 0 0 0 0
 2015 7 15 3 2 1 38 38 10 0 0 0.083 0.167 0.583 0.083 0.083 0 0 0 0 0 0 0 0 0 0 0 0 0 0
 2015 7 15 3 2 1 40 40 20 0 0 0.042 0.25 0.25 0.375 0.042 0.042 0 0 0 0 0 0 0 0 0 0 0 0 0
 2015 7 15 3 2 1 42 42 35 0 0 0 0.227 0.364 0.227 0.114 0.068 0 0 0 0 0 0 0 0 0 0 0 0 0
 2015 7 15 3 2 1 44 44 49 0 0 0 0.2 0.467 0.217 0.1 0.017 0 0 0 0 0 0 0 0 0 0 0 0 0
 2015 7 15 3 2 1 46 46 57 0 0 0.014 0.197 0.479 0.268 0.014 0.014 0.014 0 0 0 0 0 0 0 0 0 0 0 0
 2015 7 15 3 2 1 48 48 55 0 0 0.014 0.072 0.333 0.362 0.174 0 0.043 0 0 0 0 0 0 0 0 0 0 0 0
 2015 7 15 3 2 1 50 50 90 0 0 0 0.063 0.42 0.295 0.187 0.027 0.009 0 0 0 0 0 0 0 0 0 0 0 0
 2015 7 15 3 2 1 52 52 74 0 0 0 0.052 0.156 0.531 0.219 0.042 0 0 0 0 0 0 0 0 0 0 0 0 0
 2015 7 15 3 2 1 54 54 80 0 0 0 0.03 0.19 0.53 0.2 0.05 0 0 0 0 0 0 0 0 0 0 0 0 0
 2015 7 15 3 2 1 56 56 83 0 0 0 0 0.214 0.411 0.312 0.036 0.018 0.009 0 0 0 0 0 0 0 0 0 0 0
 2015 7 15 3 2 1 58 58 79 0 0 0 0 0.141 0.446 0.272 0.109 0.033 0 0 0 0 0 0 0 0 0 0 0 0
 2015 7 15 3 2 1 60 60 51 0 0 0 0.017 0.117 0.367 0.267 0.167 0.067 0 0 0 0 0 0 0 0 0 0 0 0
 2015 7 15 3 2 1 62 62 41 0 0 0 0.022 0.022 0.311 0.356 0.178 0.111 0 0 0 0 0 0 0 0 0 0 0 0
 2015 7 15 3 2 1 64 64 32 0 0 0 0 0.061 0.121 0.394 0.212 0.121 0.061 0.03 0 0 0 0 0 0 0 0 0 0
 2015 7 15 3 2 1 66 66 28 0 0 0.034 0 0.034 0.172 0.276 0.241 0.138 0.069 0 0.034 0 0 0 0 0 0 0 0 0
 2015 7 15 3 2 1 68 68 20 0 0 0 0 0 0.042 0.083 0.167 0.417 0.208 0.083 0 0 0 0 0 0 0 0 0 0
 2015 7 15 3 2 1 70 70 7 0 0 0 0 0 0 0.25 0.125 0.375 0.125 0.125 0 0 0 0 0 0 0 0 0 0
 2015 7 15 3 2 1 72 72 3 0 0 0 0 0 0 0 0.333 0 0.667 0 0 0 0 0 0 0 0 0 0 0
 -2015 7 15 3 2 1 74 74 1 0 0 0 0 0 0 0 0 0 1 0 0 0 0 0 0 0 0 0 0 0
 -2015 7 15 3 2 1 76 76 1 0 0 0 0 0 0 0 0 1 0 0 0 0 0 0 0 0 0 0 0 0
 -2015 7 15 3 2 1 82 82 1 0 0 0 0 0 0 0 0 0 0 0 0 0 0 0 0 0 0 0 0 1
 -2015 7 15 3 2 1 84 84 1 0 0 0 0 0 0 0 0 0 0 0 0 0 0 0 0 0 0 0 0 1
 2016 7 15 3 2 1 26 26 2 0 0 0.5 0.5 0 0 0 0 0 0 0 0 0 0 0 0 0 0 0 0 0
 -2016 7 15 3 2 1 32 32 1 0 0 0 0 1 0 0 0 0 0 0 0 0 0 0 0 0 0 0 0 0
 -2016 7 15 3 2 1 34 34 1 0 0 0 1 0 0 0 0 0 0 0 0 0 0 0 0 0 0 0 0 0
 -2016 7 15 3 2 1 36 36 1 0 0 0 0 0.5 0 0.5 0 0 0 0 0 0 0 0 0 0 0 0 0 0
 2016 7 15 3 2 1 38 38 7 0 0 0 0.429 0.429 0.143 0 0 0 0 0 0 0 0 0 0 0 0 0 0 0
 2016 7 15 3 2 1 40 40 7 0 0 0 0.111 0.556 0 0.222 0.111 0 0 0 0 0 0 0 0 0 0 0 0 0
 2016 7 15 3 2 1 42 42 23 0 0 0 0.115 0.654 0.077 0.154 0 0 0 0 0 0 0 0 0 0 0 0 0 0
 2016 7 15 3 2 1 44 44 33 0 0 0 0.125 0.675 0.1 0.1 0 0 0 0 0 0 0 0 0 0 0 0 0 0
 2016 7 15 3 2 1 46 46 41 0 0 0 0 0.673 0.154 0.135 0.038 0 0 0 0 0 0 0 0 0 0 0 0 0
 2016 7 15 3 2 1 48 48 60 0 0 0 0.025 0.519 0.342 0.051 0.051 0 0 0 0 0 0.013 0 0 0 0 0 0 0
 2016 7 15 3 2 1 50 50 67 0 0 0 0 0.442 0.349 0.198 0 0 0 0 0.012 0 0 0 0 0 0 0 0 0
 2016 7 15 3 2 1 52 52 52 0 0 0 0 0.2 0.529 0.186 0.071 0 0.014 0 0 0 0 0 0 0 0 0 0 0
 2016 7 15 3 2 1 54 54 54 0 0 0 0 0.294 0.368 0.25 0.044 0.015 0 0.029 0 0 0 0 0 0 0 0 0 0
 2016 7 15 3 2 1 56 56 51 0 0 0 0 0.262 0.344 0.18 0.098 0.066 0.049 0 0 0 0 0 0 0 0 0 0 0
 2016 7 15 3 2 1 58 58 41 0 0 0 0 0.02 0.412 0.373 0.137 0.02 0.039 0 0 0 0 0 0 0 0 0 0 0
 2016 7 15 3 2 1 60 60 28 0 0 0 0 0 0.355 0.323 0.194 0.129 0 0 0 0 0 0 0 0 0 0 0 0
 2016 7 15 3 2 1 62 62 34 0 0 0 0 0.025 0.25 0.4 0.25 0.025 0.025 0 0.025 0 0 0 0 0 0 0 0 0
 2016 7 15 3 2 1 64 64 26 0 0 0 0 0.029 0.118 0.412 0.265 0.029 0.118 0 0 0 0.029 0 0 0 0 0 0 0
 2016 7 15 3 2 1 66 66 20 0 0 0 0 0 0.148 0.407 0.259 0.111 0.074 0 0 0 0 0 0 0 0 0 0 0
 2016 7 15 3 2 1 68 68 14 0 0 0 0 0 0.056 0.278 0.278 0.111 0.111 0.111 0 0 0.056 0 0 0 0 0 0 0
 2016 7 15 3 2 1 70 70 8 0 0 0 0 0 0.091 0.091 0.273 0 0.182 0.182 0.091 0.091 0 0 0 0 0 0 0 0
 2016 7 15 3 2 1 72 72 6 0 0 0 0 0 0 0 0.333 0.167 0.333 0.167 0 0 0 0 0 0 0 0 0 0
 -2016 7 15 3 2 1 74 74 1 0 0 0 0 0 0 0 0 0 0 0 0 0 0 0 0 0 0 0 0 1
 2017 7 15 3 2 1 36 36 4 0 0.25 0 0.75 0 0 0 0 0 0 0 0 0 0 0 0 0 0 0 0 0
 2017 7 15 3 2 1 38 38 16 0 0.045 0 0.227 0.591 0.091 0.045 0 0 0 0 0 0 0 0 0 0 0 0 0 0
 2017 7 15 3 2 1 40 40 19 0 0 0 0.417 0.25 0.292 0.042 0 0 0 0 0 0 0 0 0 0 0 0 0 0
 2017 7 15 3 2 1 42 42 30 0 0 0 0.41 0.282 0.103 0.154 0 0.051 0 0 0 0 0 0 0 0 0 0 0 0
 2017 7 15 3 2 1 44 44 40 0 0 0 0.128 0.404 0.234 0.17 0.021 0.021 0.021 0 0 0 0 0 0 0 0 0 0 0
 2017 7 15 3 2 1 46 46 50 0 0 0 0.043 0.357 0.286 0.157 0.1 0.057 0 0 0 0 0 0 0 0 0 0 0 0
 2017 7 15 3 2 1 48 48 74 0 0 0 0 0.193 0.412 0.325 0.061 0 0.009 0 0 0 0 0 0 0 0 0 0 0
 2017 7 15 3 2 1 50 50 68 0 0 0 0.01 0.078 0.456 0.35 0.097 0.01 0 0 0 0 0 0 0 0 0 0 0 0
 2017 7 15 3 2 1 52 52 80 0 0 0 0 0.087 0.402 0.331 0.118 0.063 0 0 0 0 0 0 0 0 0 0 0 0
 2017 7 15 3 2 1 54 54 71 0 0 0 0 0.042 0.375 0.375 0.142 0.067 0 0 0 0 0 0 0 0 0 0 0 0
 2017 7 15 3 2 1 56 56 62 0 0 0 0 0.032 0.326 0.432 0.147 0.042 0.011 0.011 0 0 0 0 0 0 0 0 0 0
 2017 7 15 3 2 1 58 58 70 0 0 0 0.01 0.02 0.314 0.304 0.235 0.108 0.01 0 0 0 0 0 0 0 0 0 0 0
 2017 7 15 3 2 1 60 60 44 0 0 0 0 0 0.288 0.356 0.233 0.11 0.014 0 0 0 0 0 0 0 0 0 0 0
 2017 7 15 3 2 1 62 62 41 0 0 0 0 0 0.111 0.349 0.365 0.079 0.079 0.016 0 0 0 0 0 0 0 0 0 0
 2017 7 15 3 2 1 64 64 27 0 0 0 0 0 0.054 0.243 0.351 0.27 0.054 0 0 0.027 0 0 0 0 0 0 0 0
 2017 7 15 3 2 1 66 66 11 0 0 0 0 0 0.231 0 0.462 0.154 0.077 0 0.077 0 0 0 0 0 0 0 0 0
 2017 7 15 3 2 1 68 68 11 0 0 0 0 0 0 0 0.273 0.182 0.182 0.091 0.182 0.091 0 0 0 0 0 0 0 0
 -2017 7 15 3 2 1 70 70 1 0 0 0 0 0 0 0 0 0 0 0 0 0 0 0 1 0 0 0 0 0
 -2017 7 15 3 2 1 72 72 1 0 0 0 0 0 0 0 0 0 0 0 0 0 0 0 0 0 0 0 0 1
 2017 7 15 3 2 1 74 74 2 0 0 0 0 0 0 0 0 0 0 0.5 0 0 0 0 0 0 0 0 0 0.5
 2017 7 15 3 2 1 78 78 2 0 0 0 0 0 0 0 0 0 0 0 0 0 0 0 0 0 0 0 0 1
 2017 7 15 3 2 1 80 80 2 0 0 0 0 0 0 0 0 0 0 0 0 0 0 0 0 0 0 0 0 1
 2018 7 15 3 2 1 36 36 5 0 0 0.5 0.333 0 0 0.167 0 0 0 0 0 0 0 0 0 0 0 0 0 0
 2018 7 15 3 2 1 38 38 12 0 0 0.188 0.375 0.313 0 0.125 0 0 0 0 0 0 0 0 0 0 0 0 0 0
 2018 7 15 3 2 1 40 40 17 0 0 0.053 0.526 0.368 0.053 0 0 0 0 0 0 0 0 0 0 0 0 0 0 0
 2018 7 15 3 2 1 42 42 36 0 0 0 0.457 0.326 0.13 0.065 0 0.022 0 0 0 0 0 0 0 0 0 0 0 0
 2018 7 15 3 2 1 44 44 47 0 0 0 0.279 0.574 0.066 0.049 0.016 0.016 0 0 0 0 0 0 0 0 0 0 0 0
 2018 7 15 3 2 1 46 46 57 0 0 0 0.118 0.553 0.211 0.079 0.039 0 0 0 0 0 0 0 0 0 0 0 0 0
 2018 7 15 3 2 1 48 48 64 0 0 0 0.022 0.596 0.213 0.124 0.011 0.022 0.011 0 0 0 0 0 0 0 0 0 0 0
 2018 7 15 3 2 1 50 50 75 0 0 0 0.011 0.368 0.316 0.232 0.053 0.021 0 0 0 0 0 0 0 0 0 0 0 0
 2018 7 15 3 2 1 52 52 73 0 0 0 0.01 0.214 0.245 0.378 0.092 0.051 0.01 0 0 0 0 0 0 0 0 0 0 0
 2018 7 15 3 2 1 54 54 70 0 0 0 0 0.122 0.224 0.531 0.082 0.02 0.01 0.01 0 0 0 0 0 0 0 0 0 0
 2018 7 15 3 2 1 56 56 71 0 0 0 0.011 0.044 0.187 0.626 0.11 0.011 0.011 0 0 0 0 0 0 0 0 0 0 0
 2018 7 15 3 2 1 58 58 68 0 0 0 0.011 0.042 0.168 0.526 0.147 0.053 0.032 0.011 0.011 0 0 0 0 0 0 0 0 0
 2018 7 15 3 2 1 60 60 61 0 0 0 0 0.024 0.083 0.56 0.226 0.095 0 0.012 0 0 0 0 0 0 0 0 0 0
 2018 7 15 3 2 1 62 62 54 0 0 0 0 0 0.026 0.558 0.286 0.117 0 0.013 0 0 0 0 0 0 0 0 0 0
 2018 7 15 3 2 1 64 64 32 0 0 0 0 0 0.036 0.418 0.291 0.091 0.055 0.018 0.018 0.018 0 0 0.036 0 0 0.018 0 0
 2018 7 15 3 2 1 66 66 20 0 0 0 0 0 0.038 0.231 0.269 0.269 0.115 0.038 0 0.038 0 0 0 0 0 0 0 0
 2018 7 15 3 2 1 68 68 9 0 0 0 0 0 0 0.091 0.364 0.182 0.091 0.091 0 0.091 0 0 0.091 0 0 0 0 0
 2018 7 15 3 2 1 70 70 4 0 0 0 0 0 0 0 0 0.4 0.2 0.2 0 0.2 0 0 0 0 0 0 0 0
 2018 7 15 3 2 1 72 72 4 0 0 0 0.25 0 0 0 0 0 0 0 0.25 0 0 0.25 0 0 0 0 0 0.25
 2018 7 15 3 2 1 74 74 5 0 0 0 0 0.167 0 0 0 0 0 0.333 0.167 0.333 0 0 0 0 0 0 0 0
 2018 7 15 3 2 1 76 76 3 0 0 0 0 0 0 0.333 0 0 0 0 0 0.333 0 0 0 0 0 0 0 0.333
 2018 7 15 3 2 1 78 78 2 0 0 0 0 0 0 0 0 0 0 0 0 0 0 0 0 0 0 0 0 1
 -2018 7 15 3 2 1 80 80 1 0 0 0 0 0 0 0 0 0 0 0 0 0 0 0 0 0 0 0 0 1
 -2018 7 15 3 2 1 82 82 1 0 0 0 0 0 0 0 0 0 0 0 0 0 0 0 0 0 0 0 0 1
 -2019 7 15 3 2 1 36 36 1 0 0 0 1 0 0 0 0 0 0 0 0 0 0 0 0 0 0 0 0 0
 2019 7 15 3 2 1 38 38 16 0 0 0 0.556 0.333 0.056 0.056 0 0 0 0 0 0 0 0 0 0 0 0 0 0
 2019 7 15 3 2 1 40 40 25 0 0 0 0.367 0.5 0.067 0.067 0 0 0 0 0 0 0 0 0 0 0 0 0 0
 2019 7 15 3 2 1 42 42 31 0 0 0 0.4 0.4 0.15 0.025 0.025 0 0 0 0 0 0 0 0 0 0 0 0 0
 2019 7 15 3 2 1 44 44 56 0 0 0.027 0.173 0.493 0.173 0.107 0 0.013 0.013 0 0 0 0 0 0 0 0 0 0 0
 2019 7 15 3 2 1 46 46 60 0 0 0 0.138 0.525 0.238 0.088 0.012 0 0 0 0 0 0 0 0 0 0 0 0 0
 2019 7 15 3 2 1 48 48 75 0 0 0 0.066 0.538 0.253 0.088 0.033 0.022 0 0 0 0 0 0 0 0 0 0 0 0
 2019 7 15 3 2 1 50 50 67 0 0 0 0.021 0.385 0.375 0.135 0.052 0.031 0 0 0 0 0 0 0 0 0 0 0 0
 2019 7 15 3 2 1 52 52 84 0 0 0.01 0.021 0.237 0.33 0.144 0.124 0.093 0.021 0.021 0 0 0 0 0 0 0 0 0 0
 2019 7 15 3 2 1 54 54 78 0 0 0 0.021 0.104 0.323 0.208 0.188 0.094 0.042 0 0 0.01 0.01 0 0 0 0 0 0 0
 2019 7 15 3 2 1 56 56 81 0 0 0 0 0.056 0.324 0.176 0.213 0.139 0.074 0 0.019 0 0 0 0 0 0 0 0 0
 2019 7 15 3 2 1 58 58 70 0 0 0 0 0.073 0.24 0.229 0.25 0.177 0.01 0.021 0 0 0 0 0 0 0 0 0 0
 2019 7 15 3 2 1 60 60 63 0 0 0 0.014 0.057 0.157 0.186 0.257 0.2 0.086 0 0.029 0 0 0 0 0 0 0 0 0.014
 2019 7 15 3 2 1 62 62 50 0 0 0 0 0 0.103 0.31 0.345 0.103 0.017 0.052 0.017 0.017 0.017 0.017 0 0 0 0 0 0
 2019 7 15 3 2 1 64 64 38 0 0 0 0 0.022 0.065 0.152 0.413 0.196 0.109 0 0.022 0.022 0 0 0 0 0 0 0 0
 2019 7 15 3 2 1 66 66 27 0 0 0 0 0.033 0 0.033 0.333 0.167 0.133 0.133 0.1 0 0 0.033 0 0 0 0 0.033 0
 2019 7 15 3 2 1 68 68 17 0 0 0 0 0 0 0 0.294 0.176 0.059 0.059 0.176 0.118 0.059 0 0 0.059 0 0 0 0
 2019 7 15 3 2 1 70 70 5 0 0 0 0 0 0 0 0 0.2 0.2 0 0.2 0.2 0 0 0 0 0.2 0 0 0
 2019 7 15 3 2 1 72 72 2 0 0 0 0 0 0 0 0 0.5 0.5 0 0 0 0 0 0 0 0 0 0 0
 2019 7 15 3 2 1 74 74 3 0 0 0 0 0 0 0 0 0 0 0 0.333 0 0 0.333 0 0 0.333 0 0 0
 -2019 7 15 3 2 1 80 80 1 0 0 0 0 0 0 0 0 0 0 0 0 0 0 0 0 0 0 0 0 1
 2020 7 15 3 2 1 34 34 2 0 0 0 0 1 0 0 0 0 0 0 0 0 0 0 0 0 0 0 0 0
 -2020 7 15 3 2 1 36 36 1 0 0 0 0 1 0 0 0 0 0 0 0 0 0 0 0 0 0 0 0 0
 -2020 7 15 3 2 1 44 44 1 0 0 0 0 1 0 0 0 0 0 0 0 0 0 0 0 0 0 0 0 0
 -2020 7 15 3 2 1 46 46 1 0 0 0 0 0 1 0 0 0 0 0 0 0 0 0 0 0 0 0 0 0
 -2020 7 15 3 2 1 56 56 1 0 0 0 0 0 1 0 0 0 0 0 0 0 0 0 0 0 0 0 0 0
 -2020 7 15 3 2 1 60 60 1 0 0 0 0 0 1 0 0 0 0 0 0 0 0 0 0 0 0 0 0 0
 -2020 7 15 3 2 1 64 64 1 0 0 0 0 0 0 0 0 1 0 0 0 0 0 0 0 0 0 0 0 0
 2021 7 15 3 2 1 36 36 4 0 0 0 0.6 0.2 0.2 0 0 0 0 0 0 0 0 0 0 0 0 0 0 0
 2021 7 15 3 2 1 38 38 5 0 0 0.167 0.5 0.333 0 0 0 0 0 0 0 0 0 0 0 0 0 0 0 0
 2021 7 15 3 2 1 40 40 8 0 0 0 0.182 0.455 0.091 0.273 0 0 0 0 0 0 0 0 0 0 0 0 0 0
 2021 7 15 3 2 1 42 42 2 0 0 0 1 0 0 0 0 0 0 0 0 0 0 0 0 0 0 0 0 0
 2021 7 15 3 2 1 44 44 6 0 0 0 0 0.333 0.444 0.111 0.111 0 0 0 0 0 0 0 0 0 0 0 0 0
 2021 7 15 3 2 1 46 46 3 0 0 0 0.333 0 0 0.333 0.333 0 0 0 0 0 0 0 0 0 0 0 0 0
 2021 7 15 3 2 1 48 48 5 0 0 0 0.167 0.333 0.333 0.167 0 0 0 0 0 0 0 0 0 0 0 0 0 0
 2021 7 15 3 2 1 50 50 4 0 0 0 0 0 0.5 0.5 0 0 0 0 0 0 0 0 0 0 0 0 0 0
 2021 7 15 3 2 1 52 52 4 0 0 0 0.25 0 0 0.75 0 0 0 0 0 0 0 0 0 0 0 0 0 0
 2021 7 15 3 2 1 54 54 3 0 0 0 0 0.25 0 0.5 0 0.25 0 0 0 0 0 0 0 0 0 0 0 0
 2021 7 15 3 2 1 56 56 4 0 0 0 0 0 0.2 0.4 0.2 0.2 0 0 0 0 0 0 0 0 0 0 0 0
 2021 7 15 3 2 1 58 58 3 0 0 0 0 0 0.25 0.25 0.5 0 0 0 0 0 0 0 0 0 0 0 0 0
 2021 7 15 3 2 1 60 60 2 0 0 0 0 0 0 0 0 0 0 1 0 0 0 0 0 0 0 0 0 0
 2021 7 15 3 2 1 62 62 6 0 0 0 0 0 0 0.167 0.333 0.167 0.333 0 0 0 0 0 0 0 0 0 0 0
 2021 7 15 3 2 1 64 64 2 0 0 0 0 0 0 0 0.333 0 0.333 0.333 0 0 0 0 0 0 0 0 0 0
 -2021 7 15 3 2 1 66 66 1 0 0 0 0 0 0 0 0 0 0 1 0 0 0 0 0 0 0 0 0 0
 2021 7 15 3 2 1 68 68 2 0 0 0 0 0 0 0 0 0.5 0 0 0.5 0 0 0 0 0 0 0 0 0
 -2021 7 15 3 2 1 70 70 1 0 0 0 0 0 0 0 0 0 0 0 0 0 0 0 0 0 0 1 0 0
 -2021 7 15 3 2 1 74 74 1 0 0 0 0 0 0 0 0 0 0 0 0 0 0 0 0 1 0 0 0 0
 -2021 7 15 3 2 1 76 76 1 0 0 0 0 0 0 0 0 0 0 0 0 0 0 0 0 0 0 0 0 1
 2022 7 15 3 2 1 36 36 5 0 0 0 0.6 0.4 0 0 0 0 0 0 0 0 0 0 0 0 0 0 0 0
 2022 7 15 3 2 1 38 38 9 0 0 0 0.364 0.545 0 0.091 0 0 0 0 0 0 0 0 0 0 0 0 0 0
 2022 7 15 3 2 1 40 40 15 0 0 0 0.182 0.5 0.182 0.091 0 0.045 0 0 0 0 0 0 0 0 0 0 0 0
 2022 7 15 3 2 1 42 42 20 0 0 0 0.258 0.355 0.258 0.097 0 0 0 0.032 0 0 0 0 0 0 0 0 0 0
 2022 7 15 3 2 1 44 44 12 0 0 0 0.118 0.353 0.294 0.176 0 0 0.059 0 0 0 0 0 0 0 0 0 0 0
 2022 7 15 3 2 1 46 46 24 0 0 0 0.037 0.222 0.296 0.259 0.148 0.037 0 0 0 0 0 0 0 0 0 0 0 0
 2022 7 15 3 2 1 48 48 19 0 0 0 0 0.19 0.238 0.333 0.19 0.048 0 0 0 0 0 0 0 0 0 0 0 0
 2022 7 15 3 2 1 50 50 19 0 0 0 0.048 0 0.238 0.381 0.286 0 0 0 0 0.048 0 0 0 0 0 0 0 0
 2022 7 15 3 2 1 52 52 13 0 0 0 0 0.143 0.214 0.357 0.214 0.071 0 0 0 0 0 0 0 0 0 0 0 0
 2022 7 15 3 2 1 54 54 12 0 0 0 0 0.083 0.333 0.167 0.25 0 0.083 0 0 0.083 0 0 0 0 0 0 0 0
 2022 7 15 3 2 1 56 56 7 0 0 0 0 0.143 0.143 0 0.571 0.143 0 0 0 0 0 0 0 0 0 0 0 0
 2022 7 15 3 2 1 58 58 12 0 0 0 0 0 0.286 0.357 0.286 0.071 0 0 0 0 0 0 0 0 0 0 0 0
 2022 7 15 3 2 1 60 60 9 0 0 0 0 0 0 0.3 0.3 0.2 0.1 0.1 0 0 0 0 0 0 0 0 0 0
 2022 7 15 3 2 1 62 62 5 0 0 0 0 0 0 0.2 0.4 0.2 0 0 0 0 0.2 0 0 0 0 0 0 0
 2022 7 15 3 2 1 64 64 4 0 0 0 0 0 0 0.4 0 0.4 0.2 0 0 0 0 0 0 0 0 0 0 0
 2022 7 15 3 2 1 66 66 2 0 0 0 0 0 0 0 0 0 0.5 0.5 0 0 0 0 0 0 0 0 0 0
 2022 7 15 3 2 1 68 68 3 0 0 0 0 0 0 0.333 0 0 0 0 0.333 0 0 0 0 0.333 0 0 0 0
 2022 7 15 3 2 1 70 70 5 0 0 0 0 0.2 0 0 0 0 0 0 0.2 0 0 0.4 0 0.2 0 0 0 0
 2022 7 15 3 2 1 72 72 2 0 0 0 0 0 0 0 0 0.5 0 0 0 0 0 0 0 0 0.5 0 0 0
 2022 7 15 3 2 1 74 74 2 0 0 0 0 0 0 0 0 0 0 0 0 0 0 0 0.5 0 0 0 0 0.5
 2023 7 15 3 2 1 36 36 10 0 0 0 0.357 0.643 0 0 0 0 0 0 0 0 0 0 0 0 0 0 0 0
 2023 7 15 3 2 1 38 38 14 0 0 0 0.216 0.378 0.351 0 0 0.054 0 0 0 0 0 0 0 0 0 0 0 0
 2023 7 15 3 2 1 40 40 13 0 0 0 0.077 0.346 0.423 0.115 0.038 0 0 0 0 0 0 0 0 0 0 0 0 0
 2023 7 15 3 2 1 42 42 14 0 0 0 0.028 0.361 0.5 0.083 0.028 0 0 0 0 0 0 0 0 0 0 0 0 0
 2023 7 15 3 2 1 44 44 15 0 0 0 0.043 0.304 0.435 0.13 0.087 0 0 0 0 0 0 0 0 0 0 0 0 0
 2023 7 15 3 2 1 46 46 13 0 0 0 0 0.091 0.591 0.227 0 0.045 0.045 0 0 0 0 0 0 0 0 0 0 0
 2023 7 15 3 2 1 48 48 15 0 0 0 0 0.083 0.667 0.25 0 0 0 0 0 0 0 0 0 0 0 0 0 0
 2023 7 15 3 2 1 50 50 11 0 0 0 0 0.062 0.375 0.375 0.125 0.062 0 0 0 0 0 0 0 0 0 0 0 0
 2023 7 15 3 2 1 52 52 9 0 0 0 0 0 0.2 0.4 0.3 0.1 0 0 0 0 0 0 0 0 0 0 0 0
 2023 7 15 3 2 1 54 54 8 0 0 0 0 0 0.1 0.2 0.4 0.2 0 0 0 0.1 0 0 0 0 0 0 0 0
 2023 7 15 3 2 1 56 56 6 0 0 0 0 0.125 0.125 0.125 0.375 0.125 0.125 0 0 0 0 0 0 0 0 0 0 0
 2023 7 15 3 2 1 58 58 8 0 0 0 0 0 0.091 0.273 0.273 0.182 0.091 0.091 0 0 0 0 0 0 0 0 0 0
 2023 7 15 3 2 1 60 60 4 0 0 0 0 0.2 0 0.4 0.2 0 0.2 0 0 0 0 0 0 0 0 0 0 0
 2023 7 15 3 2 1 62 62 4 0 0 0 0 0 0 0.2 0 0.4 0 0.2 0.2 0 0 0 0 0 0 0 0 0
 2023 7 15 3 2 1 64 64 2 0 0 0 0 0 0 0 1 0 0 0 0 0 0 0 0 0 0 0 0 0
 2023 7 15 3 2 1 66 66 5 0 0 0 0 0 0 0.4 0.2 0.2 0 0 0.2 0 0 0 0 0 0 0 0 0
 2023 7 15 3 2 1 68 68 2 0 0 0 0 0 0 0.5 0 0.5 0 0 0 0 0 0 0 0 0 0 0 0
 2023 7 15 3 2 1 70 70 2 0 0 0 0 0 0 0 0 0 0 0 0.5 0 0 0 0.5 0 0 0 0 0
 2013 7 16 3 2 1 34 34 2 0 0 0.5 0 0 0.5 0 0 0 0 0 0 0 0 0 0 0 0 0 0 0
 2013 7 16 3 2 1 36 36 14 0 0 0.143 0.5 0.143 0 0.071 0.143 0 0 0 0 0 0 0 0 0 0 0 0 0
 2013 7 16 3 2 1 38 38 53 0 0 0.073 0.382 0.218 0.055 0.182 0.073 0.018 0 0 0 0 0 0 0 0 0 0 0 0
 2013 7 16 3 2 1 40 40 56 0 0 0 0.25 0.422 0.062 0.141 0.094 0.016 0.016 0 0 0 0 0 0 0 0 0 0 0
 2013 7 16 3 2 1 42 42 71 0 0 0 0.104 0.455 0.078 0.221 0.078 0.039 0.013 0 0.013 0 0 0 0 0 0 0 0 0
 2013 7 16 3 2 1 44 44 54 0 0 0 0.063 0.397 0.048 0.222 0.175 0.063 0.032 0 0 0 0 0 0 0 0 0 0 0
 2013 7 16 3 2 1 46 46 48 0 0 0 0.038 0.377 0.075 0.226 0.189 0.057 0.038 0 0 0 0 0 0 0 0 0 0 0
 2013 7 16 3 2 1 48 48 52 0 0 0 0.017 0.224 0.155 0.293 0.207 0.069 0.034 0 0 0 0 0 0 0 0 0 0 0
 2013 7 16 3 2 1 50 50 30 0 0 0 0 0.2 0.2 0.343 0.086 0.114 0.057 0 0 0 0 0 0 0 0 0 0 0
 2013 7 16 3 2 1 52 52 33 0 0 0 0 0.222 0.083 0.333 0.222 0.111 0 0.028 0 0 0 0 0 0 0 0 0 0
 2013 7 16 3 2 1 54 54 24 0 0 0 0 0.125 0.083 0.417 0.25 0.125 0 0 0 0 0 0 0 0 0 0 0 0
 2013 7 16 3 2 1 56 56 28 0 0 0 0 0.051 0.077 0.513 0.256 0.051 0.026 0 0.026 0 0 0 0 0 0 0 0 0
 2013 7 16 3 2 1 58 58 27 0 0 0 0 0.036 0.107 0.357 0.393 0.107 0 0 0 0 0 0 0 0 0 0 0 0
 2013 7 16 3 2 1 60 60 17 0 0 0 0 0 0.056 0.389 0.444 0.056 0.056 0 0 0 0 0 0 0 0 0 0 0
 2013 7 16 3 2 1 62 62 17 0 0 0 0 0.053 0 0.368 0.421 0.158 0 0 0 0 0 0 0 0 0 0 0 0
 2013 7 16 3 2 1 64 64 19 0 0 0 0 0 0.05 0.5 0.2 0.1 0.15 0 0 0 0 0 0 0 0 0 0 0
 2013 7 16 3 2 1 66 66 16 0 0 0 0 0 0 0.429 0.286 0.19 0.095 0 0 0 0 0 0 0 0 0 0 0
 2013 7 16 3 2 1 68 68 11 0 0 0 0 0 0 0.273 0.364 0.364 0 0 0 0 0 0 0 0 0 0 0 0
 2013 7 16 3 2 1 70 70 10 0 0 0 0 0 0 0.167 0.5 0.083 0.083 0.083 0.083 0 0 0 0 0 0 0 0 0
 2013 7 16 3 2 1 72 72 5 0 0 0 0 0 0 0 0.429 0.143 0.429 0 0 0 0 0 0 0 0 0 0 0
 2013 7 16 3 2 1 74 74 7 0 0 0 0 0 0 0 0.571 0.143 0 0.143 0 0 0.143 0 0 0 0 0 0 0
 -2013 7 16 3 2 1 76 76 1 0 0 0 0 0 0 0 0 0 0 1 0 0 0 0 0 0 0 0 0 0
 2013 7 16 3 2 1 78 78 2 0 0 0 0 0 0 0 0 0 0.5 0.5 0 0 0 0 0 0 0 0 0 0
 -2013 7 16 3 2 1 80 80 1 0 0 0 0 0 0 0 0 0 1 0 0 0 0 0 0 0 0 0 0 0
 -2013 7 16 3 2 1 82 82 1 0 0 0 0 0 0 0 0 0 0 0 0 0 0 1 0 0 0 0 0 0
 -2014 7 16 3 2 1 32 32 1 0 0 0 1 0 0 0 0 0 0 0 0 0 0 0 0 0 0 0 0 0
 2014 7 16 3 2 1 34 34 5 0 0 0 0.6 0 0.2 0.2 0 0 0 0 0 0 0 0 0 0 0 0 0 0
 2014 7 16 3 2 1 36 36 66 0 0 0.055 0.616 0.151 0.137 0.027 0 0.014 0 0 0 0 0 0 0 0 0 0 0 0
 2014 7 16 3 2 1 38 38 242 0 0 0.02 0.641 0.164 0.111 0.017 0.037 0.01 0 0 0 0 0 0 0 0 0 0 0 0
 2014 7 16 3 2 1 40 40 284 0 0 0.008 0.561 0.187 0.159 0.028 0.042 0.008 0.006 0 0 0 0 0 0 0 0 0 0 0
 2014 7 16 3 2 1 42 42 247 0 0 0.003 0.373 0.23 0.22 0.043 0.09 0.027 0.013 0 0 0 0 0 0 0 0 0 0 0
 2014 7 16 3 2 1 44 44 248 0 0 0.011 0.192 0.236 0.322 0.058 0.091 0.065 0.025 0 0 0 0 0 0 0 0 0 0 0
 2014 7 16 3 2 1 46 46 222 0 0 0 0.086 0.198 0.379 0.049 0.198 0.053 0.029 0.008 0 0 0 0 0 0 0 0 0 0
 2014 7 16 3 2 1 48 48 183 0 0 0 0.034 0.158 0.389 0.069 0.172 0.103 0.064 0.01 0 0 0 0 0 0 0 0 0 0
 2014 7 16 3 2 1 50 50 168 0 0 0 0.006 0.099 0.309 0.149 0.249 0.122 0.061 0.006 0 0 0 0 0 0 0 0 0 0
 2014 7 16 3 2 1 52 52 139 0 0 0 0.007 0.074 0.345 0.095 0.23 0.189 0.041 0.02 0 0 0 0 0 0 0 0 0 0
 2014 7 16 3 2 1 54 54 121 0 0 0 0.007 0.007 0.276 0.164 0.299 0.134 0.082 0.015 0.015 0 0 0 0 0 0 0 0 0
 2014 7 16 3 2 1 56 56 108 0 0 0 0 0.063 0.225 0.153 0.297 0.144 0.09 0.009 0.018 0 0 0 0 0 0 0 0 0
 2014 7 16 3 2 1 58 58 74 0 0 0 0 0.013 0.138 0.175 0.363 0.225 0.088 0 0 0 0 0 0 0 0 0 0 0
 2014 7 16 3 2 1 60 60 84 0 0 0 0 0 0.044 0.088 0.462 0.264 0.132 0 0.011 0 0 0 0 0 0 0 0 0
 2014 7 16 3 2 1 62 62 63 0 0 0 0 0 0.042 0.194 0.375 0.278 0.083 0.014 0 0.014 0 0 0 0 0 0 0 0
 2014 7 16 3 2 1 64 64 57 0 0 0 0 0 0.049 0.049 0.443 0.246 0.213 0 0 0 0 0 0 0 0 0 0 0
 2014 7 16 3 2 1 66 66 46 0 0 0 0 0 0 0.094 0.283 0.396 0.151 0.038 0.038 0 0 0 0 0 0 0 0 0
 2014 7 16 3 2 1 68 68 59 0 0 0 0 0 0.016 0.094 0.328 0.344 0.203 0 0 0.016 0 0 0 0 0 0 0 0
 2014 7 16 3 2 1 70 70 54 0 0 0 0 0 0 0.053 0.298 0.368 0.228 0.018 0.018 0.018 0 0 0 0 0 0 0 0
 2014 7 16 3 2 1 72 72 41 0 0 0 0 0 0 0 0.271 0.437 0.146 0.104 0.021 0.021 0 0 0 0 0 0 0 0
 2014 7 16 3 2 1 74 74 35 0 0 0 0 0 0 0 0.211 0.5 0.184 0.079 0.026 0 0 0 0 0 0 0 0 0
 2014 7 16 3 2 1 76 76 19 0 0 0 0 0 0.053 0 0 0.368 0.263 0.263 0 0.053 0 0 0 0 0 0 0 0
 2014 7 16 3 2 1 78 78 6 0 0 0 0 0 0 0 0 0.167 0.333 0.333 0.167 0 0 0 0 0 0 0 0 0
 2014 7 16 3 2 1 80 80 2 0 0 0 0 0 0 0 0 0 0.5 0.5 0 0 0 0 0 0 0 0 0 0
 2014 7 16 3 2 1 86 86 3 0 0 0 0 0 0 0 0 0 0 0 0 0 0 0.667 0 0 0 0.333 0 0
 2015 7 16 3 2 1 34 34 3 0 0 0.333 0.333 0.333 0 0 0 0 0 0 0 0 0 0 0 0 0 0 0 0
 2015 7 16 3 2 1 36 36 53 0 0.014 0.145 0.609 0.188 0.029 0.014 0 0 0 0 0 0 0 0 0 0 0 0 0 0
 2015 7 16 3 2 1 38 38 155 0 0.004 0.048 0.621 0.269 0.026 0.013 0.004 0.013 0 0 0 0 0 0 0 0 0 0 0 0
 2015 7 16 3 2 1 40 40 194 0 0 0.023 0.491 0.366 0.064 0.026 0.019 0.011 0 0 0 0 0 0 0 0 0 0 0 0
 2015 7 16 3 2 1 42 42 193 0 0 0.011 0.408 0.412 0.096 0.04 0.011 0.015 0.004 0.004 0 0 0 0 0 0 0 0 0 0
 2015 7 16 3 2 1 44 44 162 0 0 0.005 0.203 0.505 0.108 0.08 0.019 0.038 0.024 0.014 0.005 0 0 0 0 0 0 0 0 0
 2015 7 16 3 2 1 46 46 158 0 0 0 0.128 0.522 0.153 0.064 0.015 0.079 0.039 0 0 0 0 0 0 0 0 0 0 0
 2015 7 16 3 2 1 48 48 134 0 0 0 0.076 0.491 0.152 0.123 0.035 0.064 0.053 0.006 0 0 0 0 0 0 0 0 0 0
 2015 7 16 3 2 1 50 50 121 0 0 0 0.058 0.368 0.129 0.2 0.032 0.103 0.084 0.026 0 0 0 0 0 0 0 0 0 0
 2015 7 16 3 2 1 52 52 107 0 0 0 0.024 0.252 0.171 0.244 0.065 0.138 0.065 0.016 0.016 0.008 0 0 0 0 0 0 0 0
 2015 7 16 3 2 1 54 54 105 0 0 0 0.008 0.22 0.189 0.189 0.091 0.136 0.076 0.068 0.023 0 0 0 0 0 0 0 0 0
 2015 7 16 3 2 1 56 56 80 0 0 0 0.011 0.204 0.183 0.237 0.075 0.097 0.129 0.043 0.011 0.011 0 0 0 0 0 0 0 0
 2015 7 16 3 2 1 58 58 61 0 0 0 0 0.147 0.074 0.368 0.059 0.162 0.132 0.059 0 0 0 0 0 0 0 0 0 0
 2015 7 16 3 2 1 60 60 52 0 0 0 0 0.068 0.136 0.22 0.068 0.203 0.22 0.085 0 0 0 0 0 0 0 0 0 0
 2015 7 16 3 2 1 62 62 49 0 0 0 0 0.019 0.096 0.25 0.077 0.25 0.231 0.058 0.019 0 0 0 0 0 0 0 0 0
 2015 7 16 3 2 1 64 64 36 0 0 0 0 0 0.079 0.237 0.211 0.158 0.289 0.026 0 0 0 0 0 0 0 0 0 0
 2015 7 16 3 2 1 66 66 37 0 0 0 0 0 0.049 0.171 0.146 0.317 0.22 0.098 0 0 0 0 0 0 0 0 0 0
 2015 7 16 3 2 1 68 68 30 0 0 0 0 0 0.086 0.114 0.086 0.314 0.229 0.171 0 0 0 0 0 0 0 0 0 0
 2015 7 16 3 2 1 70 70 25 0 0 0 0 0 0.036 0.107 0.179 0.179 0.357 0.071 0 0.071 0 0 0 0 0 0 0 0
 2015 7 16 3 2 1 72 72 32 0 0 0 0 0 0 0.083 0.167 0.417 0.194 0.083 0.056 0 0 0 0 0 0 0 0 0
 2015 7 16 3 2 1 74 74 25 0 0 0 0 0 0 0 0.148 0.111 0.296 0.296 0.074 0.074 0 0 0 0 0 0 0 0
 2015 7 16 3 2 1 76 76 13 0 0 0 0 0 0 0.067 0 0.333 0.333 0.267 0 0 0 0 0 0 0 0 0 0
 2015 7 16 3 2 1 78 78 5 0 0 0 0 0.2 0 0 0 0.2 0.4 0.2 0 0 0 0 0 0 0 0 0 0
 2015 7 16 3 2 1 80 80 3 0 0 0 0 0 0 0 0 0 0.667 0 0.333 0 0 0 0 0 0 0 0 0
 2015 7 16 3 2 1 82 82 2 0 0 0 0 0 0 0 0 0 0 0 0.5 0 0.5 0 0 0 0 0 0 0
 2015 7 16 3 2 1 84 84 2 0 0 0 0 0 0 0 0 0 0 0 0 0 0 0.5 0 0 0 0 0 0.5
 -2015 7 16 3 2 1 90 90 1 0 0 0 0 0 0 0 0 0 0 0 0 0 1 0 0 0 0 0 0 0
 2016 7 16 3 2 1 34 34 2 0 0 0 1 0 0 0 0 0 0 0 0 0 0 0 0 0 0 0 0 0
 2016 7 16 3 2 1 36 36 11 0 0 0.083 0.5 0.167 0.167 0 0.083 0 0 0 0 0 0 0 0 0 0 0 0 0
 2016 7 16 3 2 1 38 38 24 0 0 0.171 0.371 0.4 0.029 0 0.029 0 0 0 0 0 0 0 0 0 0 0 0 0
 2016 7 16 3 2 1 40 40 35 0 0 0.025 0.35 0.425 0.05 0.075 0.075 0 0 0 0 0 0 0 0 0 0 0 0 0
 2016 7 16 3 2 1 42 42 26 0 0 0 0.226 0.548 0.161 0.032 0 0.032 0 0 0 0 0 0 0 0 0 0 0 0
 2016 7 16 3 2 1 44 44 28 0 0 0 0.122 0.61 0.122 0.073 0.073 0 0 0 0 0 0 0 0 0 0 0 0 0
 2016 7 16 3 2 1 46 46 21 0 0 0 0.043 0.478 0.174 0.087 0.13 0 0.087 0 0 0 0 0 0 0 0 0 0 0
 2016 7 16 3 2 1 48 48 17 0 0 0.056 0.056 0.556 0.222 0.111 0 0 0 0 0 0 0 0 0 0 0 0 0 0
 2016 7 16 3 2 1 50 50 9 0 0 0 0.077 0.462 0.154 0.077 0.154 0.077 0 0 0 0 0 0 0 0 0 0 0 0
 2016 7 16 3 2 1 52 52 15 0 0 0 0 0.353 0.059 0.235 0.118 0.059 0.118 0.059 0 0 0 0 0 0 0 0 0 0
 2016 7 16 3 2 1 54 54 10 0 0 0 0 0.5 0.2 0.3 0 0 0 0 0 0 0 0 0 0 0 0 0 0
 2016 7 16 3 2 1 56 56 8 0 0 0 0 0.111 0.444 0.111 0.222 0.111 0 0 0 0 0 0 0 0 0 0 0 0
 2016 7 16 3 2 1 58 58 7 0 0 0 0 0.571 0 0.286 0 0.143 0 0 0 0 0 0 0 0 0 0 0 0
 2016 7 16 3 2 1 60 60 8 0 0 0 0 0.375 0 0.25 0.125 0 0.125 0 0.125 0 0 0 0 0 0 0 0 0
 2016 7 16 3 2 1 62 62 5 0 0 0 0 0.2 0.2 0.2 0 0.2 0.2 0 0 0 0 0 0 0 0 0 0 0
 2016 7 16 3 2 1 64 64 6 0 0 0 0 0 0.167 0.167 0.667 0 0 0 0 0 0 0 0 0 0 0 0 0
 2016 7 16 3 2 1 66 66 6 0 0 0 0 0 0.667 0 0.167 0 0.167 0 0 0 0 0 0 0 0 0 0 0
 2016 7 16 3 2 1 68 68 2 0 0 0 0 0 0 0 0 0 1 0 0 0 0 0 0 0 0 0 0 0
 2016 7 16 3 2 1 70 70 3 0 0 0 0 0 0 0.333 0 0 0 0.333 0.333 0 0 0 0 0 0 0 0 0
 2016 7 16 3 2 1 72 72 5 0 0 0 0 0 0 0 0 0.5 0 0.333 0.167 0 0 0 0 0 0 0 0 0
 -2016 7 16 3 2 1 74 74 1 0 0 0 0 0 0 0 0 1 0 0 0 0 0 0 0 0 0 0 0 0
 2016 7 16 3 2 1 76 76 5 0 0 0 0 0 0 0 0 0 0.2 0.6 0.2 0 0 0 0 0 0 0 0 0
 2016 7 16 3 2 1 78 78 3 0 0 0 0 0 0 0 0 0 0 0.333 0 0 0 0.667 0 0 0 0 0 0
 2016 7 16 3 2 1 80 80 3 0 0 0 0 0 0 0 0 0 0 0 0.333 0.667 0 0 0 0 0 0 0 0
 -2016 7 16 3 2 1 82 82 1 0 0 0 0 0 0 0 0 0 0 0 0 0 1 0 0 0 0 0 0 0
 -2017 7 16 3 2 1 34 34 1 0 1 0 0 0 0 0 0 0 0 0 0 0 0 0 0 0 0 0 0 0
 2017 7 16 3 2 1 36 36 24 0 0 0.313 0.469 0.156 0.062 0 0 0 0 0 0 0 0 0 0 0 0 0 0 0
 2017 7 16 3 2 1 38 38 52 0 0 0.268 0.561 0.122 0.037 0 0 0.012 0 0 0 0 0 0 0 0 0 0 0 0
 2017 7 16 3 2 1 40 40 48 0 0 0.136 0.559 0.136 0.068 0.051 0 0.017 0 0.017 0.017 0 0 0 0 0 0 0 0 0
 2017 7 16 3 2 1 42 42 32 0 0 0.111 0.528 0.139 0.139 0.028 0 0 0.028 0.028 0 0 0 0 0 0 0 0 0 0
 2017 7 16 3 2 1 44 44 23 0 0 0 0.25 0.25 0.375 0.083 0 0 0.042 0 0 0 0 0 0 0 0 0 0 0
 2017 7 16 3 2 1 46 46 19 0 0 0 0.318 0.364 0.182 0.091 0 0 0.045 0 0 0 0 0 0 0 0 0 0 0
 2017 7 16 3 2 1 48 48 20 0 0 0 0.217 0.13 0.261 0.217 0.043 0 0.13 0 0 0 0 0 0 0 0 0 0 0
 2017 7 16 3 2 1 50 50 14 0 0 0 0 0.2 0.6 0.067 0 0.067 0 0 0.067 0 0 0 0 0 0 0 0 0
 2017 7 16 3 2 1 52 52 14 0 0 0 0.053 0.158 0.368 0.211 0.105 0.053 0 0 0.053 0 0 0 0 0 0 0 0 0
 2017 7 16 3 2 1 54 54 15 0 0 0 0 0.125 0.625 0.125 0.062 0.062 0 0 0 0 0 0 0 0 0 0 0 0
 2017 7 16 3 2 1 56 56 8 0 0 0 0 0 0.5 0.1 0 0.1 0 0.1 0.1 0 0.1 0 0 0 0 0 0 0
 2017 7 16 3 2 1 58 58 3 0 0 0 0 0.333 0.333 0 0.333 0 0 0 0 0 0 0 0 0 0 0 0 0
 2017 7 16 3 2 1 60 60 5 0 0 0 0 0 0.4 0 0.2 0.4 0 0 0 0 0 0 0 0 0 0 0 0
 2017 7 16 3 2 1 62 62 2 0 0 0 0 0 0.5 0.5 0 0 0 0 0 0 0 0 0 0 0 0 0 0
 2017 7 16 3 2 1 64 64 4 0 0 0 0 0 0.5 0.25 0 0.25 0 0 0 0 0 0 0 0 0 0 0 0
 2017 7 16 3 2 1 66 66 2 0 0 0 0 0 0 1 0 0 0 0 0 0 0 0 0 0 0 0 0 0
 2017 7 16 3 2 1 68 68 4 0 0 0 0 0 0 0.25 0 0.5 0 0 0.25 0 0 0 0 0 0 0 0 0
 -2017 7 16 3 2 1 70 70 1 0 0 0 0 0 0 0 0 0 0 0 1 0 0 0 0 0 0 0 0 0
 2017 7 16 3 2 1 72 72 4 0 0 0 0 0 0 0.25 0 0 0.25 0.25 0 0.25 0 0 0 0 0 0 0 0
 2017 7 16 3 2 1 74 74 2 0 0 0 0 0 0 0 0 0 0 0 0 0 0.5 0.5 0 0 0 0 0 0
 -2017 7 16 3 2 1 76 76 1 0 0 0 0 0 0 0 0 0 0 0 1 0 0 0 0 0 0 0 0 0
 2017 7 16 3 2 1 80 80 2 0 0 0 0 0 0 0 0 0 0 0 0.5 0.5 0 0 0 0 0 0 0 0
 -2017 7 16 3 2 1 82 82 1 0 0 0 0 0 0 0 0 0 0 0 1 0 0 0 0 0 0 0 0 0
 2018 7 16 3 2 1 34 34 4 0 0 0.25 0.75 0 0 0 0 0 0 0 0 0 0 0 0 0 0 0 0 0
 2018 7 16 3 2 1 36 36 23 0 0 0.074 0.778 0.111 0 0.037 0 0 0 0 0 0 0 0 0 0 0 0 0 0
 2018 7 16 3 2 1 38 38 69 0 0 0.051 0.653 0.194 0.082 0.02 0 0 0 0 0 0 0 0 0 0 0 0 0 0
 2018 7 16 3 2 1 40 40 72 0 0 0.019 0.563 0.272 0.087 0.049 0.01 0 0 0 0 0 0 0 0 0 0 0 0 0
 2018 7 16 3 2 1 42 42 83 0 0 0.01 0.471 0.327 0.087 0.087 0.019 0 0 0 0 0 0 0 0 0 0 0 0 0
 2018 7 16 3 2 1 44 44 74 0 0 0.011 0.322 0.483 0.126 0.034 0.011 0 0.011 0 0 0 0 0 0 0 0 0 0 0
 2018 7 16 3 2 1 46 46 49 0 0 0 0.206 0.587 0.111 0.079 0 0.016 0 0 0 0 0 0 0 0 0 0 0 0
 2018 7 16 3 2 1 48 48 41 0 0 0 0.118 0.529 0.255 0.059 0 0.039 0 0 0 0 0 0 0 0 0 0 0 0
 2018 7 16 3 2 1 50 50 27 0 0 0 0.069 0.483 0.207 0.207 0 0.034 0 0 0 0 0 0 0 0 0 0 0 0
 2018 7 16 3 2 1 52 52 21 0 0 0 0 0.609 0.174 0.217 0 0 0 0 0 0 0 0 0 0 0 0 0 0
 2018 7 16 3 2 1 54 54 14 0 0 0 0 0.733 0.2 0 0.067 0 0 0 0 0 0 0 0 0 0 0 0 0
 2018 7 16 3 2 1 56 56 12 0 0 0 0 0.375 0.375 0.125 0.125 0 0 0 0 0 0 0 0 0 0 0 0 0
 2018 7 16 3 2 1 58 58 13 0 0 0 0 0.357 0.286 0.286 0 0 0 0 0 0 0.071 0 0 0 0 0 0 0
 2018 7 16 3 2 1 60 60 16 0 0 0 0 0.235 0.412 0.118 0.059 0.118 0 0 0.059 0 0 0 0 0 0 0 0 0
 2018 7 16 3 2 1 62 62 5 0 0 0 0 0.167 0 0.167 0.333 0.167 0.167 0 0 0 0 0 0 0 0 0 0 0
 2018 7 16 3 2 1 64 64 6 0 0 0 0 0 0.286 0.429 0.143 0 0 0 0 0.143 0 0 0 0 0 0 0 0
 2018 7 16 3 2 1 66 66 7 0 0 0 0 0 0.375 0.375 0.25 0 0 0 0 0 0 0 0 0 0 0 0 0
 2018 7 16 3 2 1 68 68 4 0 0 0 0 0 0 0.5 0 0 0.25 0 0 0.25 0 0 0 0 0 0 0 0
 2018 7 16 3 2 1 70 70 2 0 0 0 0 0 0 0 0.5 0.5 0 0 0 0 0 0 0 0 0 0 0 0
 2018 7 16 3 2 1 72 72 6 0 0 0 0 0 0 0 0.167 0 0.167 0.167 0.167 0.167 0.167 0 0 0 0 0 0 0
 2018 7 16 3 2 1 74 74 2 0 0 0 0 0 0 0 1 0 0 0 0 0 0 0 0 0 0 0 0 0
 2018 7 16 3 2 1 76 76 2 0 0 0 0 0 0 0 0 0 0 0 0 0.5 0 0.5 0 0 0 0 0 0
 2018 7 16 3 2 1 78 78 4 0 0 0 0 0 0 0 0 0.25 0 0.25 0.25 0 0 0 0.25 0 0 0 0 0
 2018 7 16 3 2 1 80 80 4 0 0 0 0 0 0 0 0 0 0 0 0 0.5 0.25 0.25 0 0 0 0 0 0
 2018 7 16 3 2 1 82 82 2 0 0 0 0 0 0 0 0 0 0 0 0 0.5 0 0 0.5 0 0 0 0 0
 -2018 7 16 3 2 1 84 84 1 0 0 0 0 0 0 0 0 0 0 0 0 0 1 0 0 0 0 0 0 0
 -2019 7 16 3 2 1 18 18 1 0 0 0 1 0 0 0 0 0 0 0 0 0 0 0 0 0 0 0 0 0
 -2019 7 16 3 2 1 30 30 1 0 0 0 1 0 0 0 0 0 0 0 0 0 0 0 0 0 0 0 0 0
 -2019 7 16 3 2 1 32 32 1 0 0 0 0 1 0 0 0 0 0 0 0 0 0 0 0 0 0 0 0 0
 2019 7 16 3 2 1 34 34 6 0 0 0 0.714 0.143 0.143 0 0 0 0 0 0 0 0 0 0 0 0 0 0 0
 2019 7 16 3 2 1 36 36 48 0 0 0.071 0.714 0.179 0.018 0.018 0 0 0 0 0 0 0 0 0 0 0 0 0 0
 2019 7 16 3 2 1 38 38 92 0 0 0.049 0.699 0.203 0.049 0 0 0 0 0 0 0 0 0 0 0 0 0 0 0
 2019 7 16 3 2 1 40 40 72 0 0 0 0.51 0.296 0.133 0.031 0.02 0.01 0 0 0 0 0 0 0 0 0 0 0 0
 2019 7 16 3 2 1 42 42 65 0 0 0.024 0.365 0.341 0.141 0.106 0.012 0 0.012 0 0 0 0 0 0 0 0 0 0 0
 2019 7 16 3 2 1 44 44 60 0 0 0 0.167 0.474 0.205 0.09 0.038 0.013 0.013 0 0 0 0 0 0 0 0 0 0 0
 2019 7 16 3 2 1 46 46 43 0 0 0 0.115 0.462 0.365 0.058 0 0 0 0 0 0 0 0 0 0 0 0 0 0
 2019 7 16 3 2 1 48 48 43 0 0 0 0.058 0.519 0.192 0.154 0.058 0.019 0 0 0 0 0 0 0 0 0 0 0 0
 2019 7 16 3 2 1 50 50 34 0 0 0 0.053 0.395 0.368 0.132 0.026 0.026 0 0 0 0 0 0 0 0 0 0 0 0
 2019 7 16 3 2 1 52 52 30 0 0 0 0.029 0.382 0.382 0.059 0.147 0 0 0 0 0 0 0 0 0 0 0 0 0
 2019 7 16 3 2 1 54 54 27 0 0 0 0 0.379 0.483 0.138 0 0 0 0 0 0 0 0 0 0 0 0 0 0
 2019 7 16 3 2 1 56 56 16 0 0 0 0 0.278 0.444 0.056 0.222 0 0 0 0 0 0 0 0 0 0 0 0 0
 2019 7 16 3 2 1 58 58 19 0 0 0 0.043 0.087 0.391 0.217 0.217 0 0.043 0 0 0 0 0 0 0 0 0 0 0
 2019 7 16 3 2 1 60 60 16 0 0 0 0.056 0.167 0.278 0.278 0.111 0 0 0.056 0 0.056 0 0 0 0 0 0 0 0
 2019 7 16 3 2 1 62 62 10 0 0 0 0 0 0.7 0.1 0.1 0 0 0.1 0 0 0 0 0 0 0 0 0 0
 2019 7 16 3 2 1 64 64 8 0 0 0 0 0 0.25 0.375 0 0.25 0.125 0 0 0 0 0 0 0 0 0 0 0
 2019 7 16 3 2 1 66 66 8 0 0 0 0.111 0 0.222 0.222 0.222 0.111 0 0.111 0 0 0 0 0 0 0 0 0 0
 2019 7 16 3 2 1 68 68 4 0 0 0 0 0 0.25 0.5 0 0.25 0 0 0 0 0 0 0 0 0 0 0 0
 2019 7 16 3 2 1 70 70 8 0 0 0 0 0 0 0.091 0.455 0.182 0.091 0.091 0 0.091 0 0 0 0 0 0 0 0
 2019 7 16 3 2 1 72 72 2 0 0 0 0 0 0 0 0.5 0 0.5 0 0 0 0 0 0 0 0 0 0 0
 2019 7 16 3 2 1 74 74 3 0 0 0 0 0 0 0 0.667 0 0 0 0 0.333 0 0 0 0 0 0 0 0
 -2019 7 16 3 2 1 76 76 1 0 0 0 0 0 0 0 1 0 0 0 0 0 0 0 0 0 0 0 0 0
 2019 7 16 3 2 1 78 78 3 0 0 0 0 0 0 0 0 0 0 0.333 0 0.667 0 0 0 0 0 0 0 0
 2019 7 16 3 2 1 80 80 4 0 0 0 0 0 0 0 0 0 0.25 0 0 0.25 0 0.5 0 0 0 0 0 0
 2019 7 16 3 2 1 84 84 2 0 0 0 0 0 0 0 0 0 0 0 0 0 0 0 0 0.5 0 0 0 0.5
 2020 7 16 3 2 1 36 36 4 0 0 0 0.75 0.25 0 0 0 0 0 0 0 0 0 0 0 0 0 0 0 0
 2020 7 16 3 2 1 38 38 6 0 0 0 0.857 0.143 0 0 0 0 0 0 0 0 0 0 0 0 0 0 0 0
 2020 7 16 3 2 1 40 40 5 0 0 0.167 0.5 0.333 0 0 0 0 0 0 0 0 0 0 0 0 0 0 0 0
 -2020 7 16 3 2 1 42 42 1 0 0 0 0.5 0.5 0 0 0 0 0 0 0 0 0 0 0 0 0 0 0 0
 -2020 7 16 3 2 1 44 44 1 0 0 0 1 0 0 0 0 0 0 0 0 0 0 0 0 0 0 0 0 0
 -2020 7 16 3 2 1 46 46 1 0 0 0 0 1 0 0 0 0 0 0 0 0 0 0 0 0 0 0 0 0
 -2020 7 16 3 2 1 48 48 1 0 0 0 0 0 1 0 0 0 0 0 0 0 0 0 0 0 0 0 0 0
 -2020 7 16 3 2 1 54 54 1 0 0 0 0 0 1 0 0 0 0 0 0 0 0 0 0 0 0 0 0 0
 -2020 7 16 3 2 1 56 56 1 0 0 0 0 0 0 1 0 0 0 0 0 0 0 0 0 0 0 0 0 0
 -2020 7 16 3 2 1 58 58 1 0 0 0 0 0 1 0 0 0 0 0 0 0 0 0 0 0 0 0 0 0
 -2020 7 16 3 2 1 90 90 1 0 0 0 0 0 0 0 0 0 0 0 0 0 1 0 0 0 0 0 0 0
 2021 7 16 3 2 1 36 36 10 0 0 0.133 0.533 0.267 0 0 0.067 0 0 0 0 0 0 0 0 0 0 0 0 0
 2021 7 16 3 2 1 38 38 32 0 0 0.184 0.605 0.158 0.026 0.026 0 0 0 0 0 0 0 0 0 0 0 0 0 0
 2021 7 16 3 2 1 40 40 31 0 0 0.05 0.7 0.175 0.05 0 0.025 0 0 0 0 0 0 0 0 0 0 0 0 0
 2021 7 16 3 2 1 42 42 18 0 0 0.05 0.4 0.2 0.3 0.05 0 0 0 0 0 0 0 0 0 0 0 0 0 0
 2021 7 16 3 2 1 44 44 12 0 0 0 0.308 0.538 0.154 0 0 0 0 0 0 0 0 0 0 0 0 0 0 0
 2021 7 16 3 2 1 46 46 16 0 0 0 0.118 0.471 0.294 0 0.059 0.059 0 0 0 0 0 0 0 0 0 0 0 0
 2021 7 16 3 2 1 48 48 12 0 0 0 0.267 0.2 0.4 0.067 0.067 0 0 0 0 0 0 0 0 0 0 0 0 0
 2021 7 16 3 2 1 50 50 7 0 0 0 0 0.333 0.667 0 0 0 0 0 0 0 0 0 0 0 0 0 0 0
 2021 7 16 3 2 1 52 52 5 0 0 0 0.2 0.2 0.6 0 0 0 0 0 0 0 0 0 0 0 0 0 0 0
 2021 7 16 3 2 1 54 54 4 0 0 0 0.25 0 0.5 0 0 0 0 0 0.25 0 0 0 0 0 0 0 0 0
 2021 7 16 3 2 1 56 56 4 0 0 0 0 0 1 0 0 0 0 0 0 0 0 0 0 0 0 0 0 0
 2021 7 16 3 2 1 58 58 5 0 0 0 0 0 0.8 0.2 0 0 0 0 0 0 0 0 0 0 0 0 0 0
 2021 7 16 3 2 1 60 60 5 0 0 0 0 0 0.333 0.333 0 0 0 0 0 0.167 0 0 0 0.167 0 0 0 0
 -2021 7 16 3 2 1 62 62 1 0 0 0 0 0 0 0 1 0 0 0 0 0 0 0 0 0 0 0 0 0
 2021 7 16 3 2 1 64 64 3 0 0 0 0 0 0 0.667 0 0.333 0 0 0 0 0 0 0 0 0 0 0 0
 2021 7 16 3 2 1 66 66 2 0 0 0 0 0 0.5 0 0 0 0 0 0 0 0 0 0 0 0.5 0 0 0
 2021 7 16 3 2 1 68 68 8 0 0 0 0 0 0.125 0.125 0.25 0.125 0.25 0 0 0 0 0.125 0 0 0 0 0 0
 -2021 7 16 3 2 1 70 70 1 0 0 0 0 0 0 0 1 0 0 0 0 0 0 0 0 0 0 0 0 0
 2021 7 16 3 2 1 72 72 3 0 0 0 0 0 0 0 0.667 0.333 0 0 0 0 0 0 0 0 0 0 0 0
 2021 7 16 3 2 1 74 74 2 0 0 0 0 0 0 0 0 0.5 0 0.5 0 0 0 0 0 0 0 0 0 0
 2021 7 16 3 2 1 80 80 3 0 0 0 0 0 0 0 0 0.333 0 0 0.333 0 0 0.333 0 0 0 0 0 0
 -2021 7 16 3 2 1 82 82 1 0 0 0 0 0 0 0 0 0 0 0 0 1 0 0 0 0 0 0 0 0
 2021 7 16 3 2 1 84 84 2 0 0 0 0 0 0 0 0 0 0 0 0 0 0 1 0 0 0 0 0 0
 -2022 7 16 3 2 1 32 32 1 0 0 0 1 0 0 0 0 0 0 0 0 0 0 0 0 0 0 0 0 0
 2022 7 16 3 2 1 34 34 2 0 0 0 0.5 0.5 0 0 0 0 0 0 0 0 0 0 0 0 0 0 0 0
 2022 7 16 3 2 1 36 36 36 0 0 0.059 0.451 0.333 0.039 0.098 0.02 0 0 0 0 0 0 0 0 0 0 0 0 0
 2022 7 16 3 2 1 38 38 66 0 0 0.011 0.389 0.278 0.167 0.122 0.033 0 0 0 0 0 0 0 0 0 0 0 0 0
 2022 7 16 3 2 1 40 40 43 0 0 0.017 0.259 0.448 0.069 0.172 0 0 0.017 0.017 0 0 0 0 0 0 0 0 0 0
 2022 7 16 3 2 1 42 42 39 0 0 0 0.18 0.38 0.18 0.18 0.08 0 0 0 0 0 0 0 0 0 0 0 0 0
 2022 7 16 3 2 1 44 44 35 0 0 0 0.114 0.432 0.205 0.136 0.068 0.045 0 0 0 0 0 0 0 0 0 0 0 0
 2022 7 16 3 2 1 46 46 20 0 0 0 0.1 0.3 0.35 0.15 0.1 0 0 0 0 0 0 0 0 0 0 0 0 0
 2022 7 16 3 2 1 48 48 10 0 0 0 0 0.417 0.083 0.25 0.083 0.167 0 0 0 0 0 0 0 0 0 0 0 0
 2022 7 16 3 2 1 50 50 14 0 0 0 0 0.222 0.278 0.444 0.056 0 0 0 0 0 0 0 0 0 0 0 0 0
 2022 7 16 3 2 1 52 52 9 0 0 0 0 0.333 0.222 0.333 0.111 0 0 0 0 0 0 0 0 0 0 0 0 0
 2022 7 16 3 2 1 54 54 10 0 0 0 0 0.182 0.273 0.364 0 0.182 0 0 0 0 0 0 0 0 0 0 0 0
 2022 7 16 3 2 1 56 56 11 0 0 0 0 0.182 0.273 0.182 0.273 0.091 0 0 0 0 0 0 0 0 0 0 0 0
 2022 7 16 3 2 1 58 58 10 0 0 0 0 0 0.4 0.3 0.3 0 0 0 0 0 0 0 0 0 0 0 0 0
 2022 7 16 3 2 1 60 60 2 0 0 0 0 0 0 0.333 0.667 0 0 0 0 0 0 0 0 0 0 0 0 0
 2022 7 16 3 2 1 62 62 7 0 0 0 0 0 0.111 0.222 0.556 0.111 0 0 0 0 0 0 0 0 0 0 0 0
 2022 7 16 3 2 1 64 64 4 0 0 0 0 0 0 0.167 0.5 0.167 0.167 0 0 0 0 0 0 0 0 0 0 0
 2022 7 16 3 2 1 66 66 5 0 0 0 0 0 0 0.4 0.4 0.2 0 0 0 0 0 0 0 0 0 0 0 0
 2022 7 16 3 2 1 68 68 4 0 0 0 0 0 0 0.5 0.5 0 0 0 0 0 0 0 0 0 0 0 0 0
 2022 7 16 3 2 1 70 70 2 0 0 0 0 0 0 0 0.5 0.5 0 0 0 0 0 0 0 0 0 0 0 0
 -2022 7 16 3 2 1 72 72 1 0 0 0 0 0 0 0 1 0 0 0 0 0 0 0 0 0 0 0 0 0
 2022 7 16 3 2 1 74 74 2 0 0 0 0 0 0 0 0 1 0 0 0 0 0 0 0 0 0 0 0 0
 2022 7 16 3 2 1 76 76 2 0 0 0 0 0 0 0 0 0.5 0 0 0 0 0 0.5 0 0 0 0 0 0
 -2022 7 16 3 2 1 78 78 1 0 0 0 0 0 0 0 0 0 0 0 0 0 0 0 0 1 0 0 0 0
 2022 7 16 3 2 1 80 80 3 0 0 0 0 0 0 0.333 0 0 0 0 0 0 0 0 0.333 0 0.333 0 0 0
 2022 7 16 3 2 1 82 82 2 0 0 0 0 0 0 0 0 0 0 0 0 0 0 0 0.5 0.5 0 0 0 0
 2022 7 16 3 2 1 84 84 2 0 0 0 0 0 0 0 0 0 0 0 0 0 0 0 0 0.5 0 0 0 0.5
 -2022 7 16 3 2 1 86 86 1 0 0 0 0 0 0 0 0 0 0 0 0 0 1 0 0 0 0 0 0 0
 2023 7 16 3 2 1 34 34 2 0 0 0.5 0 0.5 0 0 0 0 0 0 0 0 0 0 0 0 0 0 0 0
 2023 7 16 3 2 1 36 36 25 0 0 0.237 0.421 0.289 0.053 0 0 0 0 0 0 0 0 0 0 0 0 0 0 0
 2023 7 16 3 2 1 38 38 56 0 0 0.208 0.417 0.25 0.056 0.028 0.028 0.014 0 0 0 0 0 0 0 0 0 0 0 0
 2023 7 16 3 2 1 40 40 60 0 0 0.037 0.573 0.268 0.073 0.012 0.024 0.012 0 0 0 0 0 0 0 0 0 0 0 0
 2023 7 16 3 2 1 42 42 47 0 0 0 0.328 0.391 0.125 0.031 0.047 0.078 0 0 0 0 0 0 0 0 0 0 0 0
 2023 7 16 3 2 1 44 44 43 0 0 0 0.255 0.627 0.059 0.039 0.02 0 0 0 0 0 0 0 0 0 0 0 0 0
 2023 7 16 3 2 1 46 46 37 0 0 0 0.289 0.444 0.2 0.044 0.022 0 0 0 0 0 0 0 0 0 0 0 0 0
 2023 7 16 3 2 1 48 48 33 0 0 0 0.184 0.579 0.158 0.053 0.026 0 0 0 0 0 0 0 0 0 0 0 0 0
 2023 7 16 3 2 1 50 50 15 0 0 0 0 0.412 0.294 0.118 0.176 0 0 0 0 0 0 0 0 0 0 0 0 0
 2023 7 16 3 2 1 52 52 10 0 0 0 0 0.455 0.455 0 0.091 0 0 0 0 0 0 0 0 0 0 0 0 0
 2023 7 16 3 2 1 54 54 5 0 0 0 0 0 0.6 0 0.2 0 0.2 0 0 0 0 0 0 0 0 0 0 0
 2023 7 16 3 2 1 56 56 5 0 0 0 0 0.4 0.2 0 0 0.2 0.2 0 0 0 0 0 0 0 0 0 0 0
 2023 7 16 3 2 1 58 58 3 0 0 0 0 0.333 0.667 0 0 0 0 0 0 0 0 0 0 0 0 0 0 0
 2023 7 16 3 2 1 60 60 5 0 0 0 0 0 0.6 0.2 0.2 0 0 0 0 0 0 0 0 0 0 0 0 0
 2023 7 16 3 2 1 62 62 5 0 0 0 0 0 0 0.4 0.2 0 0.2 0 0 0 0 0 0 0.2 0 0 0 0
 2023 7 16 3 2 1 64 64 3 0 0 0 0 0 0 1 0 0 0 0 0 0 0 0 0 0 0 0 0 0
 -2023 7 16 3 2 1 66 66 1 0 0 0 0 0 0 0 1 0 0 0 0 0 0 0 0 0 0 0 0 0
 2023 7 16 3 2 1 68 68 3 0 0 0 0 0 0 0.333 0.333 0 0.333 0 0 0 0 0 0 0 0 0 0 0
 2023 7 16 3 2 1 70 70 2 0 0 0 0 0.5 0 0.5 0 0 0 0 0 0 0 0 0 0 0 0 0 0
 -2023 7 16 3 2 1 72 72 1 0 0 0 0 0 0 0 1 0 0 0 0 0 0 0 0 0 0 0 0 0
 -2023 7 16 3 2 1 74 74 1 0 0 0 0 0 0 0 0 0 0 1 0 0 0 0 0 0 0 0 0 0
 2023 7 16 3 2 1 76 76 3 0 0 0 0 0 0 0 0.333 0 0.333 0 0 0 0 0.333 0 0 0 0 0 0
 -2005 7 17 3 2 1 34 34 1 0 0 0 1 0 0 0 0 0 0 0 0 0 0 0 0 0 0 0 0 0
 2005 7 17 3 2 1 38 38 6 0 0 0 1 0 0 0 0 0 0 0 0 0 0 0 0 0 0 0 0 0
 2005 7 17 3 2 1 40 40 12 0 0 0 0.917 0.083 0 0 0 0 0 0 0 0 0 0 0 0 0 0 0 0
 2005 7 17 3 2 1 42 42 14 0 0 0 0.857 0.143 0 0 0 0 0 0 0 0 0 0 0 0 0 0 0 0
 2005 7 17 3 2 1 44 44 5 0 0 0 0.6 0.4 0 0 0 0 0 0 0 0 0 0 0 0 0 0 0 0
 2005 7 17 3 2 1 46 46 5 0 0 0 0.2 0.8 0 0 0 0 0 0 0 0 0 0 0 0 0 0 0 0
 -2005 7 17 3 2 1 48 48 1 0 0 0 0 1 0 0 0 0 0 0 0 0 0 0 0 0 0 0 0 0
 2005 7 17 3 2 1 50 50 2 0 0 0 0 0 0.5 0.5 0 0 0 0 0 0 0 0 0 0 0 0 0 0
 2005 7 17 3 2 1 52 52 3 0 0 0 0 0.667 0 0.333 0 0 0 0 0 0 0 0 0 0 0 0 0 0
 -2005 7 17 3 2 1 56 56 1 0 0 0 0 0 1 0 0 0 0 0 0 0 0 0 0 0 0 0 0 0
 -2005 7 17 3 2 1 58 58 1 0 0 0 0 0 1 0 0 0 0 0 0 0 0 0 0 0 0 0 0 0
 -2005 7 17 3 2 1 60 60 1 0 0 0 0 0 1 0 0 0 0 0 0 0 0 0 0 0 0 0 0 0
 2006 7 17 3 2 1 36 36 2 0 0 0 1 0 0 0 0 0 0 0 0 0 0 0 0 0 0 0 0 0
 2006 7 17 3 2 1 40 40 6 0 0 0 0.333 0.667 0 0 0 0 0 0 0 0 0 0 0 0 0 0 0 0
 2006 7 17 3 2 1 42 42 5 0 0 0 0.6 0.4 0 0 0 0 0 0 0 0 0 0 0 0 0 0 0 0
 2006 7 17 3 2 1 44 44 6 0 0 0 0.167 0.667 0.167 0 0 0 0 0 0 0 0 0 0 0 0 0 0 0
 2006 7 17 3 2 1 46 46 10 0 0 0 0.1 0.8 0.1 0 0 0 0 0 0 0 0 0 0 0 0 0 0 0
 2006 7 17 3 2 1 48 48 16 0 0 0 0 0.875 0.062 0 0 0.062 0 0 0 0 0 0 0 0 0 0 0 0
 2006 7 17 3 2 1 50 50 9 0 0 0 0 1 0 0 0 0 0 0 0 0 0 0 0 0 0 0 0 0
 2006 7 17 3 2 1 52 52 7 0 0 0 0 0.286 0.571 0 0 0 0.143 0 0 0 0 0 0 0 0 0 0 0
 2006 7 17 3 2 1 54 54 4 0 0 0 0 0.75 0 0.25 0 0 0 0 0 0 0 0 0 0 0 0 0 0
 2006 7 17 3 2 1 56 56 4 0 0 0 0 0 0.5 0.25 0.25 0 0 0 0 0 0 0 0 0 0 0 0 0
 2006 7 17 3 2 1 58 58 5 0 0 0 0 0.2 0.4 0 0.4 0 0 0 0 0 0 0 0 0 0 0 0 0
 -2006 7 17 3 2 1 60 60 1 0 0 0 0 1 0 0 0 0 0 0 0 0 0 0 0 0 0 0 0 0
 2006 7 17 3 2 1 62 62 2 0 0 0 0 0 0.5 0 0.5 0 0 0 0 0 0 0 0 0 0 0 0 0
 -2006 7 17 3 2 1 64 64 1 0 0 0 0 1 0 0 0 0 0 0 0 0 0 0 0 0 0 0 0 0
 2007 7 17 3 2 1 40 40 3 0 0 0 0.667 0.333 0 0 0 0 0 0 0 0 0 0 0 0 0 0 0 0
 -2007 7 17 3 2 1 42 42 1 0 0 0 1 0 0 0 0 0 0 0 0 0 0 0 0 0 0 0 0 0
 2007 7 17 3 2 1 44 44 2 0 0 0 1 0 0 0 0 0 0 0 0 0 0 0 0 0 0 0 0 0
 -2007 7 17 3 2 1 48 48 1 0 0 0 0 1 0 0 0 0 0 0 0 0 0 0 0 0 0 0 0 0
 2008 7 17 3 2 1 38 38 2 0 0 0.5 0.5 0 0 0 0 0 0 0 0 0 0 0 0 0 0 0 0 0
 2008 7 17 3 2 1 40 40 2 0 0 0 1 0 0 0 0 0 0 0 0 0 0 0 0 0 0 0 0 0
 2008 7 17 3 2 1 42 42 13 0 0 0.385 0.538 0.077 0 0 0 0 0 0 0 0 0 0 0 0 0 0 0 0
 2008 7 17 3 2 1 44 44 8 0 0 0.25 0.75 0 0 0 0 0 0 0 0 0 0 0 0 0 0 0 0 0
 2008 7 17 3 2 1 46 46 7 0 0 0.429 0.571 0 0 0 0 0 0 0 0 0 0 0 0 0 0 0 0 0
 2008 7 17 3 2 1 48 48 4 0 0 0.75 0.25 0 0 0 0 0 0 0 0 0 0 0 0 0 0 0 0 0
 2008 7 17 3 2 1 50 50 2 0 0 0.5 0 0.5 0 0 0 0 0 0 0 0 0 0 0 0 0 0 0 0
 -2008 7 17 3 2 1 52 52 1 0 0 0 0 0 0 1 0 0 0 0 0 0 0 0 0 0 0 0 0 0
 -2008 7 17 3 2 1 54 54 1 0 0 0 0 0 1 0 0 0 0 0 0 0 0 0 0 0 0 0 0 0
 2008 7 17 3 2 1 58 58 2 0 0 0 0 0.5 0.5 0 0 0 0 0 0 0 0 0 0 0 0 0 0 0
 -2008 7 17 3 2 1 60 60 1 0 0 0 0 0 1 0 0 0 0 0 0 0 0 0 0 0 0 0 0 0
 -2008 7 17 3 2 1 62 62 1 0 0 0 0 0 1 0 0 0 0 0 0 0 0 0 0 0 0 0 0 0
 -2008 7 17 3 2 1 64 64 1 0 0 0 0 0 0 1 0 0 0 0 0 0 0 0 0 0 0 0 0 0
 -2008 7 17 3 2 1 66 66 1 0 0 0 0 1 0 0 0 0 0 0 0 0 0 0 0 0 0 0 0 0
 -2009 7 17 3 2 1 22 22 1 0 0 0 0 1 0 0 0 0 0 0 0 0 0 0 0 0 0 0 0 0
 2009 7 17 3 2 1 32 32 2 0 0 0 0.5 0.5 0 0 0 0 0 0 0 0 0 0 0 0 0 0 0 0
 2009 7 17 3 2 1 36 36 4 0 0 0 1 0 0 0 0 0 0 0 0 0 0 0 0 0 0 0 0 0
 2009 7 17 3 2 1 38 38 26 0 0 0.115 0.885 0 0 0 0 0 0 0 0 0 0 0 0 0 0 0 0 0
 2009 7 17 3 2 1 40 40 24 0 0 0.042 0.833 0.083 0.042 0 0 0 0 0 0 0 0 0 0 0 0 0 0 0
 2009 7 17 3 2 1 42 42 16 0 0 0.063 0.688 0.188 0 0.063 0 0 0 0 0 0 0 0 0 0 0 0 0 0
 2009 7 17 3 2 1 44 44 18 0 0 0 0.722 0.222 0.056 0 0 0 0 0 0 0 0 0 0 0 0 0 0 0
 2009 7 17 3 2 1 46 46 27 0 0 0 0.222 0.667 0.111 0 0 0 0 0 0 0 0 0 0 0 0 0 0 0
 2009 7 17 3 2 1 48 48 30 0 0 0 0.167 0.633 0.2 0 0 0 0 0 0 0 0 0 0 0 0 0 0 0
 2009 7 17 3 2 1 50 50 35 0 0 0 0.2 0.6 0.2 0 0 0 0 0 0 0 0 0 0 0 0 0 0 0
 2009 7 17 3 2 1 52 52 34 0 0 0 0.118 0.559 0.294 0.029 0 0 0 0 0 0 0 0 0 0 0 0 0 0
 2009 7 17 3 2 1 54 54 31 0 0 0 0.097 0.613 0.29 0 0 0 0 0 0 0 0 0 0 0 0 0 0 0
 2009 7 17 3 2 1 56 56 15 0 0 0 0 0.333 0.467 0.133 0.067 0 0 0 0 0 0 0 0 0 0 0 0 0
 2009 7 17 3 2 1 58 58 14 0 0 0 0.143 0.357 0.286 0.214 0 0 0 0 0 0 0 0 0 0 0 0 0 0
 2009 7 17 3 2 1 60 60 13 0 0 0 0.154 0.385 0.154 0.308 0 0 0 0 0 0 0 0 0 0 0 0 0 0
 2009 7 17 3 2 1 62 62 10 0 0 0 0 0.1 0.8 0.1 0 0 0 0 0 0 0 0 0 0 0 0 0 0
 2009 7 17 3 2 1 64 64 7 0 0 0 0.143 0 0.571 0.143 0.143 0 0 0 0 0 0 0 0 0 0 0 0 0
 2009 7 17 3 2 1 66 66 4 0 0 0 0 0 0 0.5 0.25 0.25 0 0 0 0 0 0 0 0 0 0 0 0
 2009 7 17 3 2 1 68 68 3 0 0 0 0 0 0.333 0.333 0.333 0 0 0 0 0 0 0 0 0 0 0 0 0
 2009 7 17 3 2 1 70 70 2 0 0 0 0 0 0.5 0 0.5 0 0 0 0 0 0 0 0 0 0 0 0 0
 -2010 7 17 3 2 1 34 34 1 0 0 0 1 0 0 0 0 0 0 0 0 0 0 0 0 0 0 0 0 0
 2010 7 17 3 2 1 36 36 3 0 0 0.333 0.667 0 0 0 0 0 0 0 0 0 0 0 0 0 0 0 0 0
 2010 7 17 3 2 1 38 38 5 0 0 0 0.6 0.4 0 0 0 0 0 0 0 0 0 0 0 0 0 0 0 0
 2010 7 17 3 2 1 40 40 16 0 0 0 0.625 0.375 0 0 0 0 0 0 0 0 0 0 0 0 0 0 0 0
 2010 7 17 3 2 1 42 42 16 0 0 0 0.312 0.5 0.188 0 0 0 0 0 0 0 0 0 0 0 0 0 0 0
 2010 7 17 3 2 1 44 44 23 0 0 0 0.261 0.696 0.043 0 0 0 0 0 0 0 0 0 0 0 0 0 0 0
 2010 7 17 3 2 1 46 46 30 0 0 0 0.1 0.867 0.033 0 0 0 0 0 0 0 0 0 0 0 0 0 0 0
 2010 7 17 3 2 1 48 48 20 0 0 0 0 0.95 0.05 0 0 0 0 0 0 0 0 0 0 0 0 0 0 0
 2010 7 17 3 2 1 50 50 26 0 0 0 0.038 0.5 0.346 0.038 0.077 0 0 0 0 0 0 0 0 0 0 0 0 0
 2010 7 17 3 2 1 52 52 14 0 0 0 0 0.643 0.357 0 0 0 0 0 0 0 0 0 0 0 0 0 0 0
 2010 7 17 3 2 1 54 54 19 0 0 0 0 0.368 0.579 0.053 0 0 0 0 0 0 0 0 0 0 0 0 0 0
 2010 7 17 3 2 1 56 56 17 0 0 0 0 0.118 0.588 0.294 0 0 0 0 0 0 0 0 0 0 0 0 0 0
 2010 7 17 3 2 1 58 58 11 0 0 0 0 0 0.636 0.273 0 0.091 0 0 0 0 0 0 0 0 0 0 0 0
 2010 7 17 3 2 1 60 60 11 0 0 0 0 0 0.545 0.455 0 0 0 0 0 0 0 0 0 0 0 0 0 0
 2010 7 17 3 2 1 62 62 3 0 0 0 0 0 0.667 0 0.333 0 0 0 0 0 0 0 0 0 0 0 0 0
 2010 7 17 3 2 1 64 64 7 0 0 0 0 0 0.286 0.429 0.286 0 0 0 0 0 0 0 0 0 0 0 0 0
 2010 7 17 3 2 1 66 66 5 0 0 0 0 0 0 1 0 0 0 0 0 0 0 0 0 0 0 0 0 0
 2010 7 17 3 2 1 68 68 6 0 0 0 0 0 0.167 0.333 0.5 0 0 0 0 0 0 0 0 0 0 0 0 0
 2010 7 17 3 2 1 70 70 5 0 0 0 0 0 0 0.2 0.6 0.2 0 0 0 0 0 0 0 0 0 0 0 0
 -2010 7 17 3 2 1 74 74 1 0 0 0 0 0 0 0 1 0 0 0 0 0 0 0 0 0 0 0 0 0
 -2010 7 17 3 2 1 76 76 1 0 0 0 0 0 0 0 0 1 0 0 0 0 0 0 0 0 0 0 0 0
 2011 7 17 3 2 1 36 36 4 0 0 0 1 0 0 0 0 0 0 0 0 0 0 0 0 0 0 0 0 0
 2011 7 17 3 2 1 38 38 18 0 0 0 0.833 0.167 0 0 0 0 0 0 0 0 0 0 0 0 0 0 0 0
 2011 7 17 3 2 1 40 40 21 0 0 0 0.714 0.286 0 0 0 0 0 0 0 0 0 0 0 0 0 0 0 0
 2011 7 17 3 2 1 42 42 26 0 0 0 0.115 0.846 0.038 0 0 0 0 0 0 0 0 0 0 0 0 0 0 0
 2011 7 17 3 2 1 44 44 38 0 0 0 0.026 0.842 0.132 0 0 0 0 0 0 0 0 0 0 0 0 0 0 0
 2011 7 17 3 2 1 46 46 27 0 0 0 0.037 0.815 0.148 0 0 0 0 0 0 0 0 0 0 0 0 0 0 0
 2011 7 17 3 2 1 48 48 30 0 0 0 0 0.7 0.3 0 0 0 0 0 0 0 0 0 0 0 0 0 0 0
 2011 7 17 3 2 1 50 50 29 0 0 0 0 0.552 0.414 0 0.034 0 0 0 0 0 0 0 0 0 0 0 0 0
 2011 7 17 3 2 1 52 52 14 0 0 0 0 0.429 0.429 0.143 0 0 0 0 0 0 0 0 0 0 0 0 0 0
 2011 7 17 3 2 1 54 54 15 0 0 0 0 0.333 0.6 0.067 0 0 0 0 0 0 0 0 0 0 0 0 0 0
 2011 7 17 3 2 1 56 56 15 0 0 0 0 0.067 0.733 0.2 0 0 0 0 0 0 0 0 0 0 0 0 0 0
 2011 7 17 3 2 1 58 58 10 0 0 0 0 0 0.7 0.2 0 0.1 0 0 0 0 0 0 0 0 0 0 0 0
 2011 7 17 3 2 1 60 60 2 0 0 0 0 0 0 1 0 0 0 0 0 0 0 0 0 0 0 0 0 0
 2011 7 17 3 2 1 62 62 5 0 0 0 0 0 0.4 0.6 0 0 0 0 0 0 0 0 0 0 0 0 0 0
 2011 7 17 3 2 1 64 64 2 0 0 0 0 0 1 0 0 0 0 0 0 0 0 0 0 0 0 0 0 0
 -2011 7 17 3 2 1 66 66 1 0 0 0 0 0 0 1 0 0 0 0 0 0 0 0 0 0 0 0 0 0
 2011 7 17 3 2 1 70 70 2 0 0 0 0 0 0 0 1 0 0 0 0 0 0 0 0 0 0 0 0 0
 -2011 7 17 3 2 1 74 74 1 0 0 0 0 0 0 0 1 0 0 0 0 0 0 0 0 0 0 0 0 0
 -2012 7 17 3 2 1 36 36 1 0 0 0 1 0 0 0 0 0 0 0 0 0 0 0 0 0 0 0 0 0
 2012 7 17 3 2 1 38 38 2 0 0 0 0.5 0.5 0 0 0 0 0 0 0 0 0 0 0 0 0 0 0 0
 2012 7 17 3 2 1 40 40 5 0 0 0 0.2 0.8 0 0 0 0 0 0 0 0 0 0 0 0 0 0 0 0
 2012 7 17 3 2 1 42 42 13 0 0 0 0.154 0.692 0.154 0 0 0 0 0 0 0 0 0 0 0 0 0 0 0
 2012 7 17 3 2 1 44 44 12 0 0 0 0.083 0.833 0.083 0 0 0 0 0 0 0 0 0 0 0 0 0 0 0
 2012 7 17 3 2 1 46 46 6 0 0 0 0 0.667 0.333 0 0 0 0 0 0 0 0 0 0 0 0 0 0 0
 2012 7 17 3 2 1 48 48 10 0 0 0 0 0.3 0.7 0 0 0 0 0 0 0 0 0 0 0 0 0 0 0
 2012 7 17 3 2 1 50 50 13 0 0 0 0 0.462 0.385 0.154 0 0 0 0 0 0 0 0 0 0 0 0 0 0
 2012 7 17 3 2 1 52 52 6 0 0 0 0 0.167 0.5 0.333 0 0 0 0 0 0 0 0 0 0 0 0 0 0
 2012 7 17 3 2 1 54 54 17 0 0 0 0 0.059 0.529 0.353 0 0 0.059 0 0 0 0 0 0 0 0 0 0 0
 2012 7 17 3 2 1 56 56 8 0 0 0 0 0 0.5 0.375 0 0.125 0 0 0 0 0 0 0 0 0 0 0 0
 2012 7 17 3 2 1 58 58 7 0 0 0 0 0 0 0.571 0 0.143 0 0.286 0 0 0 0 0 0 0 0 0 0
 2012 7 17 3 2 1 60 60 7 0 0 0 0 0 0.143 0.429 0.143 0.143 0 0.143 0 0 0 0 0 0 0 0 0 0
 2012 7 17 3 2 1 62 62 6 0 0 0 0 0 0.167 0.333 0 0.167 0.167 0 0.167 0 0 0 0 0 0 0 0 0
 2012 7 17 3 2 1 64 64 5 0 0 0 0 0 0 0.8 0.2 0 0 0 0 0 0 0 0 0 0 0 0 0
 2012 7 17 3 2 1 66 66 3 0 0 0 0 0 0 0.333 0.667 0 0 0 0 0 0 0 0 0 0 0 0 0
 2012 7 17 3 2 1 68 68 2 0 0 0 0 0 0 0 1 0 0 0 0 0 0 0 0 0 0 0 0 0
 -2012 7 17 3 2 1 70 70 1 0 0 0 0 0 0 1 0 0 0 0 0 0 0 0 0 0 0 0 0 0
 -2012 7 17 3 2 1 72 72 1 0 0 0 0 0 0 0 0 0 1 0 0 0 0 0 0 0 0 0 0 0
 -2012 7 17 3 2 1 74 74 1 0 0 0 0 0 0 0 0 1 0 0 0 0 0 0 0 0 0 0 0 0
 2013 7 17 3 2 1 34 34 5 0 0 0 1 0 0 0 0 0 0 0 0 0 0 0 0 0 0 0 0 0
 2013 7 17 3 2 1 36 36 6 0 0 0 0.833 0.167 0 0 0 0 0 0 0 0 0 0 0 0 0 0 0 0
 2013 7 17 3 2 1 38 38 9 0 0 0 0.889 0.111 0 0 0 0 0 0 0 0 0 0 0 0 0 0 0 0
 2013 7 17 3 2 1 40 40 19 0 0 0 0.579 0.316 0.105 0 0 0 0 0 0 0 0 0 0 0 0 0 0 0
 2013 7 17 3 2 1 42 42 8 0 0 0 0.375 0.25 0.375 0 0 0 0 0 0 0 0 0 0 0 0 0 0 0
 2013 7 17 3 2 1 44 44 10 0 0 0 0 0.5 0.5 0 0 0 0 0 0 0 0 0 0 0 0 0 0 0
 2013 7 17 3 2 1 46 46 12 0 0 0 0 0 0.667 0.333 0 0 0 0 0 0 0 0 0 0 0 0 0 0
 2013 7 17 3 2 1 48 48 12 0 0 0 0 0.25 0.75 0 0 0 0 0 0 0 0 0 0 0 0 0 0 0
 2013 7 17 3 2 1 50 50 12 0 0 0 0 0.083 0.583 0.333 0 0 0 0 0 0 0 0 0 0 0 0 0 0
 2013 7 17 3 2 1 52 52 11 0 0 0 0 0 0.636 0.364 0 0 0 0 0 0 0 0 0 0 0 0 0 0
 2013 7 17 3 2 1 54 54 7 0 0 0 0 0 0.857 0.143 0 0 0 0 0 0 0 0 0 0 0 0 0 0
 2013 7 17 3 2 1 56 56 6 0 0 0 0 0 0.5 0.333 0.167 0 0 0 0 0 0 0 0 0 0 0 0 0
 2013 7 17 3 2 1 58 58 7 0 0 0 0 0 0.286 0.571 0.143 0 0 0 0 0 0 0 0 0 0 0 0 0
 2013 7 17 3 2 1 60 60 5 0 0 0 0 0 0 0.6 0.4 0 0 0 0 0 0 0 0 0 0 0 0 0
 2013 7 17 3 2 1 62 62 5 0 0 0 0 0 0.2 0.6 0 0 0 0.2 0 0 0 0 0 0 0 0 0 0
 2013 7 17 3 2 1 64 64 6 0 0 0 0 0 0 0.667 0.167 0 0.167 0 0 0 0 0 0 0 0 0 0 0
 2013 7 17 3 2 1 66 66 5 0 0 0 0 0 0 0.4 0.6 0 0 0 0 0 0 0 0 0 0 0 0 0
 2013 7 17 3 2 1 68 68 3 0 0 0 0 0 0 0 0.667 0 0.333 0 0 0 0 0 0 0 0 0 0 0
 2013 7 17 3 2 1 72 72 2 0 0 0 0 0 0 0 0.5 0.5 0 0 0 0 0 0 0 0 0 0 0 0
 2014 7 17 3 2 1 38 38 2 0 0 0 1 0 0 0 0 0 0 0 0 0 0 0 0 0 0 0 0 0
 2014 7 17 3 2 1 40 40 12 0 0 0 0.769 0.077 0.154 0 0 0 0 0 0 0 0 0 0 0 0 0 0 0
 2014 7 17 3 2 1 42 42 8 0 0 0 0.6 0.4 0 0 0 0 0 0 0 0 0 0 0 0 0 0 0 0
 2014 7 17 3 2 1 44 44 4 0 0 0 0.4 0 0.2 0.2 0.2 0 0 0 0 0 0 0 0 0 0 0 0 0
 2014 7 17 3 2 1 46 46 2 0 0 0 0 1 0 0 0 0 0 0 0 0 0 0 0 0 0 0 0 0
 2014 7 17 3 2 1 48 48 4 0 0 0 0 0.4 0.2 0.4 0 0 0 0 0 0 0 0 0 0 0 0 0 0
 2014 7 17 3 2 1 50 50 2 0 0 0 0 0.333 0.333 0.333 0 0 0 0 0 0 0 0 0 0 0 0 0 0
 -2014 7 17 3 2 1 52 52 1 0 0 0 0 0 0 1 0 0 0 0 0 0 0 0 0 0 0 0 0 0
 2014 7 17 3 2 1 54 54 2 0 0 0 0 0 0 1 0 0 0 0 0 0 0 0 0 0 0 0 0 0
 2014 7 17 3 2 1 56 56 3 0 0 0 0 0 0.5 0.25 0.25 0 0 0 0 0 0 0 0 0 0 0 0 0
 2014 7 17 3 2 1 58 58 2 0 0 0 0 0 0 0.333 0.667 0 0 0 0 0 0 0 0 0 0 0 0 0
 2014 7 17 3 2 1 60 60 2 0 0 0 0 0 0 0.667 0 0.333 0 0 0 0 0 0 0 0 0 0 0 0
 2014 7 17 3 2 1 64 64 3 0 0 0 0 0 0 1 0 0 0 0 0 0 0 0 0 0 0 0 0 0
 2014 7 17 3 2 1 66 66 3 0 0 0 0 0 0 0.25 0.75 0 0 0 0 0 0 0 0 0 0 0 0 0
 -2014 7 17 3 2 1 68 68 1 0 0 0 0 0 0 0 1 0 0 0 0 0 0 0 0 0 0 0 0 0
 -2014 7 17 3 2 1 70 70 1 0 0 0 0 0 0 0 0 1 0 0 0 0 0 0 0 0 0 0 0 0
 -2014 7 17 3 2 1 72 72 1 0 0 0 0 0 0 0 0 0 1 0 0 0 0 0 0 0 0 0 0 0
 -2014 7 17 3 2 1 74 74 1 0 0 0 0 0 0 0 1 0 0 0 0 0 0 0 0 0 0 0 0 0
 -2015 7 17 3 2 1 36 36 1 0 0 0 1 0 0 0 0 0 0 0 0 0 0 0 0 0 0 0 0 0
 2015 7 17 3 2 1 38 38 4 0 0 0.25 0.5 0.25 0 0 0 0 0 0 0 0 0 0 0 0 0 0 0 0
 2015 7 17 3 2 1 40 40 7 0 0 0.091 0.727 0.182 0 0 0 0 0 0 0 0 0 0 0 0 0 0 0 0
 2015 7 17 3 2 1 42 42 8 0 0 0 0.231 0.692 0.077 0 0 0 0 0 0 0 0 0 0 0 0 0 0 0
 2015 7 17 3 2 1 44 44 12 0 0 0 0.308 0.615 0 0.077 0 0 0 0 0 0 0 0 0 0 0 0 0 0
 2015 7 17 3 2 1 46 46 6 0 0 0 0 0.625 0.125 0.25 0 0 0 0 0 0 0 0 0 0 0 0 0 0
 2015 7 17 3 2 1 48 48 13 0 0 0 0.118 0.588 0.235 0.059 0 0 0 0 0 0 0 0 0 0 0 0 0 0
 2015 7 17 3 2 1 50 50 12 0 0 0 0.059 0.588 0.176 0.059 0.059 0 0.059 0 0 0 0 0 0 0 0 0 0 0
 2015 7 17 3 2 1 52 52 9 0 0 0 0.083 0.333 0.5 0 0 0 0.083 0 0 0 0 0 0 0 0 0 0 0
 2015 7 17 3 2 1 54 54 10 0 0 0 0 0.143 0.429 0.143 0.214 0.071 0 0 0 0 0 0 0 0 0 0 0 0
 2015 7 17 3 2 1 56 56 8 0 0 0 0 0.222 0.222 0.222 0.333 0 0 0 0 0 0 0 0 0 0 0 0 0
 2015 7 17 3 2 1 58 58 12 0 0 0 0 0.118 0.294 0.235 0.235 0 0.118 0 0 0 0 0 0 0 0 0 0 0
 2015 7 17 3 2 1 60 60 6 0 0 0 0 0 0.143 0.429 0 0.143 0.286 0 0 0 0 0 0 0 0 0 0 0
 2015 7 17 3 2 1 62 62 7 0 0 0 0 0 0.111 0.111 0.222 0.444 0.111 0 0 0 0 0 0 0 0 0 0 0
 2015 7 17 3 2 1 64 64 5 0 0 0 0 0 0.167 0.167 0.333 0.167 0 0 0 0 0.167 0 0 0 0 0 0 0
 2015 7 17 3 2 1 66 66 7 0 0 0 0 0 0 0 0.429 0.286 0.143 0.143 0 0 0 0 0 0 0 0 0 0
 2015 7 17 3 2 1 68 68 5 0 0 0 0 0 0 0 0.25 0.625 0.125 0 0 0 0 0 0 0 0 0 0 0
 2015 7 17 3 2 1 70 70 6 0 0 0 0 0 0 0 0.25 0.625 0.125 0 0 0 0 0 0 0 0 0 0 0
 2015 7 17 3 2 1 72 72 4 0 0 0 0 0 0 0 0 0.571 0.429 0 0 0 0 0 0 0 0 0 0 0
 2015 7 17 3 2 1 74 74 4 0 0 0 0 0 0 0 0.125 0.25 0.5 0.125 0 0 0 0 0 0 0 0 0 0
 2015 7 17 3 2 1 76 76 4 0 0 0 0 0 0 0 0 0.5 0.333 0 0.167 0 0 0 0 0 0 0 0 0
 -2015 7 17 3 2 1 78 78 1 0 0 0 0 0 0 0 0 0 1 0 0 0 0 0 0 0 0 0 0 0
 2016 7 17 3 2 1 36 36 4 0 0 0.75 0 0.25 0 0 0 0 0 0 0 0 0 0 0 0 0 0 0 0
 2016 7 17 3 2 1 38 38 3 0 0 0.333 0.667 0 0 0 0 0 0 0 0 0 0 0 0 0 0 0 0 0
 2016 7 17 3 2 1 40 40 2 0 0 0.5 0.5 0 0 0 0 0 0 0 0 0 0 0 0 0 0 0 0 0
 2016 7 17 3 2 1 42 42 3 0 0 0 0.667 0 0.333 0 0 0 0 0 0 0 0 0 0 0 0 0 0 0
 2016 7 17 3 2 1 44 44 4 0 0 0.25 0.5 0.25 0 0 0 0 0 0 0 0 0 0 0 0 0 0 0 0
 2016 7 17 3 2 1 46 46 2 0 0 0 0 0 1 0 0 0 0 0 0 0 0 0 0 0 0 0 0 0
 2016 7 17 3 2 1 48 48 2 0 0 0 0.5 0 0.5 0 0 0 0 0 0 0 0 0 0 0 0 0 0 0
 2016 7 17 3 2 1 50 50 2 0 0 0 0 0 1 0 0 0 0 0 0 0 0 0 0 0 0 0 0 0
 2016 7 17 3 2 1 52 52 5 0 0 0 0 0 0.6 0.4 0 0 0 0 0 0 0 0 0 0 0 0 0 0
 2016 7 17 3 2 1 54 54 2 0 0 0 0 0 0.5 0 0 0.5 0 0 0 0 0 0 0 0 0 0 0 0
 -2016 7 17 3 2 1 56 56 1 0 0 0 0 0 1 0 0 0 0 0 0 0 0 0 0 0 0 0 0 0
 2016 7 17 3 2 1 58 58 2 0 0 0 0 0 0 1 0 0 0 0 0 0 0 0 0 0 0 0 0 0
 -2016 7 17 3 2 1 62 62 1 0 0 0 0 0 0 1 0 0 0 0 0 0 0 0 0 0 0 0 0 0
 -2016 7 17 3 2 1 64 64 1 0 0 0 0 0 0 1 0 0 0 0 0 0 0 0 0 0 0 0 0 0
 2016 7 17 3 2 1 68 68 2 0 0 0 0 0 0 0 0 0.5 0 0.5 0 0 0 0 0 0 0 0 0 0
 2016 7 17 3 2 1 72 72 2 0 0 0 0 0 0 0 0 0 0.5 0.5 0 0 0 0 0 0 0 0 0 0
 -2016 7 17 3 2 1 76 76 1 0 0 0 0 0 0 0 0 1 0 0 0 0 0 0 0 0 0 0 0 0
 -2017 7 17 3 2 1 34 34 1 0 0 0 1 0 0 0 0 0 0 0 0 0 0 0 0 0 0 0 0 0
 2017 7 17 3 2 1 36 36 9 0 0 0 1 0 0 0 0 0 0 0 0 0 0 0 0 0 0 0 0 0
 2017 7 17 3 2 1 38 38 18 0 0 0 1 0 0 0 0 0 0 0 0 0 0 0 0 0 0 0 0 0
 2017 7 17 3 2 1 40 40 20 0 0 0.032 0.968 0 0 0 0 0 0 0 0 0 0 0 0 0 0 0 0 0
 2017 7 17 3 2 1 42 42 19 0 0 0.036 0.964 0 0 0 0 0 0 0 0 0 0 0 0 0 0 0 0 0
 2017 7 17 3 2 1 44 44 16 0 0 0.062 0.875 0.063 0 0 0 0 0 0 0 0 0 0 0 0 0 0 0 0
 2017 7 17 3 2 1 46 46 13 0 0 0 0.889 0.111 0 0 0 0 0 0 0 0 0 0 0 0 0 0 0 0
 2017 7 17 3 2 1 48 48 4 0 0 0 0.5 0.333 0.167 0 0 0 0 0 0 0 0 0 0 0 0 0 0 0
 2017 7 17 3 2 1 50 50 5 0 0 0 0.4 0.2 0.4 0 0 0 0 0 0 0 0 0 0 0 0 0 0 0
 -2017 7 17 3 2 1 54 54 1 0 0 0 1 0 0 0 0 0 0 0 0 0 0 0 0 0 0 0 0 0
 -2017 7 17 3 2 1 56 56 1 0 0 0 0 0 1 0 0 0 0 0 0 0 0 0 0 0 0 0 0 0
 2017 7 17 3 2 1 58 58 2 0 0 0 0 0 0.5 0.5 0 0 0 0 0 0 0 0 0 0 0 0 0 0
 -2017 7 17 3 2 1 62 62 1 0 0 0 0 0 1 0 0 0 0 0 0 0 0 0 0 0 0 0 0 0
 -2017 7 17 3 2 1 64 64 1 0 0 0 0 0 0 1 0 0 0 0 0 0 0 0 0 0 0 0 0 0
 -2017 7 17 3 2 1 70 70 1 0 0 0 0 0 0 0 1 0 0 0 0 0 0 0 0 0 0 0 0 0
 -2017 7 17 3 2 1 78 78 1 0 0 0 0 0 0 0 0 0 1 0 0 0 0 0 0 0 0 0 0 0
 2018 7 17 3 2 1 36 36 3 0 0 0 0.333 0.333 0 0 0 0 0 0.333 0 0 0 0 0 0 0 0 0 0
 2018 7 17 3 2 1 38 38 15 0 0 0 0.611 0.389 0 0 0 0 0 0 0 0 0 0 0 0 0 0 0 0
 2018 7 17 3 2 1 40 40 13 0 0 0 0.182 0.818 0 0 0 0 0 0 0 0 0 0 0 0 0 0 0 0
 2018 7 17 3 2 1 42 42 16 0 0 0 0.107 0.893 0 0 0 0 0 0 0 0 0 0 0 0 0 0 0 0
 2018 7 17 3 2 1 44 44 22 0 0 0 0 0.972 0.028 0 0 0 0 0 0 0 0 0 0 0 0 0 0 0
 2018 7 17 3 2 1 46 46 18 0 0 0 0 0.957 0.043 0 0 0 0 0 0 0 0 0 0 0 0 0 0 0
 2018 7 17 3 2 1 48 48 15 0 0 0 0 1 0 0 0 0 0 0 0 0 0 0 0 0 0 0 0 0
 2018 7 17 3 2 1 50 50 14 0 0 0 0 0.818 0.182 0 0 0 0 0 0 0 0 0 0 0 0 0 0 0
 2018 7 17 3 2 1 52 52 16 0 0 0 0 0.8 0.15 0.05 0 0 0 0 0 0 0 0 0 0 0 0 0 0
 2018 7 17 3 2 1 54 54 7 0 0 0 0 1 0 0 0 0 0 0 0 0 0 0 0 0 0 0 0 0
 2018 7 17 3 2 1 56 56 3 0 0 0 0 0.667 0 0.333 0 0 0 0 0 0 0 0 0 0 0 0 0 0
 2018 7 17 3 2 1 58 58 5 0 0 0 0 0.4 0.4 0.2 0 0 0 0 0 0 0 0 0 0 0 0 0 0
 2018 7 17 3 2 1 60 60 4 0 0 0 0 0.25 0 0.25 0 0.25 0.25 0 0 0 0 0 0 0 0 0 0 0
 2018 7 17 3 2 1 62 62 4 0 0 0 0 0 0.286 0.429 0 0 0 0.143 0 0.143 0 0 0 0 0 0 0 0
 2018 7 17 3 2 1 64 64 4 0 0 0 0 0 0 0.25 0.25 0.25 0 0.25 0 0 0 0 0 0 0 0 0 0
 -2018 7 17 3 2 1 66 66 1 0 0 0 0 0 0 0.5 0 0 0 0.5 0 0 0 0 0 0 0 0 0 0
 2018 7 17 3 2 1 68 68 3 0 0 0 0 0 0 0 0 0.167 0.333 0.333 0.167 0 0 0 0 0 0 0 0 0
 2018 7 17 3 2 1 70 70 3 0 0 0 0 0 0 0 0.667 0 0.333 0 0 0 0 0 0 0 0 0 0 0
 -2018 7 17 3 2 1 74 74 1 0 0 0 0 0 0 0 0 0 0 0 0 1 0 0 0 0 0 0 0 0
 -2019 7 17 3 2 1 32 32 1 0 0 1 0 0 0 0 0 0 0 0 0 0 0 0 0 0 0 0 0 0
 2019 7 17 3 2 1 38 38 7 0 0 0.1 0.6 0.1 0.2 0 0 0 0 0 0 0 0 0 0 0 0 0 0 0
 2019 7 17 3 2 1 40 40 6 0 0 0.143 0.429 0.143 0.286 0 0 0 0 0 0 0 0 0 0 0 0 0 0 0
 2019 7 17 3 2 1 42 42 8 0 0 0 0.5 0.2 0.3 0 0 0 0 0 0 0 0 0 0 0 0 0 0 0
 2019 7 17 3 2 1 44 44 12 0 0 0 0.267 0.267 0.467 0 0 0 0 0 0 0 0 0 0 0 0 0 0 0
 2019 7 17 3 2 1 46 46 20 0 0 0 0.087 0.217 0.696 0 0 0 0 0 0 0 0 0 0 0 0 0 0 0
 2019 7 17 3 2 1 48 48 15 0 0 0 0 0.238 0.714 0.048 0 0 0 0 0 0 0 0 0 0 0 0 0 0
 2019 7 17 3 2 1 50 50 16 0 0 0 0 0.316 0.632 0.053 0 0 0 0 0 0 0 0 0 0 0 0 0 0
 2019 7 17 3 2 1 52 52 17 0 0 0 0 0.235 0.765 0 0 0 0 0 0 0 0 0 0 0 0 0 0 0
 2019 7 17 3 2 1 54 54 16 0 0 0 0 0.1 0.8 0 0.1 0 0 0 0 0 0 0 0 0 0 0 0 0
 2019 7 17 3 2 1 56 56 13 0 0 0 0 0.053 0.895 0.053 0 0 0 0 0 0 0 0 0 0 0 0 0 0
 2019 7 17 3 2 1 58 58 11 0 0 0 0 0 1 0 0 0 0 0 0 0 0 0 0 0 0 0 0 0
 2019 7 17 3 2 1 60 60 2 0 0 0 0 0 1 0 0 0 0 0 0 0 0 0 0 0 0 0 0 0
 2019 7 17 3 2 1 62 62 5 0 0 0 0 0.167 0.5 0.167 0.167 0 0 0 0 0 0 0 0 0 0 0 0 0
 2019 7 17 3 2 1 64 64 6 0 0 0 0 0 0.857 0.143 0 0 0 0 0 0 0 0 0 0 0 0 0 0
 2019 7 17 3 2 1 66 66 5 0 0 0 0 0 0.6 0.4 0 0 0 0 0 0 0 0 0 0 0 0 0 0
 2019 7 17 3 2 1 68 68 5 0 0 0 0 0 0.333 0.333 0.167 0 0.167 0 0 0 0 0 0 0 0 0 0 0
 2019 7 17 3 2 1 70 70 2 0 0 0 0 0 0 0 0.5 0.5 0 0 0 0 0 0 0 0 0 0 0 0
 -2019 7 17 3 2 1 74 74 1 0 0 0 0 0 0 0 0 0 0 0 0 0 0 0 0 1 0 0 0 0
 -2021 7 17 3 2 1 36 36 1 0 0 1 0 0 0 0 0 0 0 0 0 0 0 0 0 0 0 0 0 0
 2021 7 17 3 2 1 38 38 3 0 0 0.2 0.6 0.2 0 0 0 0 0 0 0 0 0 0 0 0 0 0 0 0
 2021 7 17 3 2 1 40 40 5 0 0 0 0.8 0.2 0 0 0 0 0 0 0 0 0 0 0 0 0 0 0 0
 2021 7 17 3 2 1 42 42 3 0 0 0 0.333 0.667 0 0 0 0 0 0 0 0 0 0 0 0 0 0 0 0
 2021 7 17 3 2 1 44 44 5 0 0 0 0.5 0.5 0 0 0 0 0 0 0 0 0 0 0 0 0 0 0 0
 2021 7 17 3 2 1 46 46 3 0 0 0 0.333 0.667 0 0 0 0 0 0 0 0 0 0 0 0 0 0 0 0
 2021 7 17 3 2 1 48 48 3 0 0 0 0 1 0 0 0 0 0 0 0 0 0 0 0 0 0 0 0 0
 2021 7 17 3 2 1 50 50 2 0 0 0 0 0.667 0.333 0 0 0 0 0 0 0 0 0 0 0 0 0 0 0
 -2021 7 17 3 2 1 52 52 1 0 0 0 0 1 0 0 0 0 0 0 0 0 0 0 0 0 0 0 0 0
 2021 7 17 3 2 1 54 54 2 0 0 0 0 1 0 0 0 0 0 0 0 0 0 0 0 0 0 0 0 0
 2021 7 17 3 2 1 60 60 2 0 0 0 0 0 0.5 0.5 0 0 0 0 0 0 0 0 0 0 0 0 0 0
 2021 7 17 3 2 1 62 62 2 0 0 0 0 0 0 0.5 0.5 0 0 0 0 0 0 0 0 0 0 0 0 0
 -2021 7 17 3 2 1 64 64 1 0 0 0 0 0 0 0 1 0 0 0 0 0 0 0 0 0 0 0 0 0
 -2021 7 17 3 2 1 66 66 1 0 0 0 0 0 0 0 1 0 0 0 0 0 0 0 0 0 0 0 0 0
 -2022 7 17 3 2 1 36 36 1 0 0 1 0 0 0 0 0 0 0 0 0 0 0 0 0 0 0 0 0 0
 2022 7 17 3 2 1 38 38 5 0 0 0 1 0 0 0 0 0 0 0 0 0 0 0 0 0 0 0 0 0
 2022 7 17 3 2 1 40 40 12 0 0 0 0.846 0.154 0 0 0 0 0 0 0 0 0 0 0 0 0 0 0 0
 2022 7 17 3 2 1 42 42 8 0 0 0 1 0 0 0 0 0 0 0 0 0 0 0 0 0 0 0 0 0
 2022 7 17 3 2 1 44 44 8 0 0 0 0.273 0.455 0.182 0 0 0.091 0 0 0 0 0 0 0 0 0 0 0 0
 2022 7 17 3 2 1 46 46 2 0 0 0 0 0 1 0 0 0 0 0 0 0 0 0 0 0 0 0 0 0
 2022 7 17 3 2 1 48 48 2 0 0 0 0 0 0.5 0 0 0.5 0 0 0 0 0 0 0 0 0 0 0 0
 2022 7 17 3 2 1 50 50 6 0 0 0 0 0.333 0.5 0.167 0 0 0 0 0 0 0 0 0 0 0 0 0 0
 2022 7 17 3 2 1 52 52 4 0 0 0 0 0.2 0.6 0 0 0.2 0 0 0 0 0 0 0 0 0 0 0 0
 2022 7 17 3 2 1 54 54 2 0 0 0 0 0 1 0 0 0 0 0 0 0 0 0 0 0 0 0 0 0
 2022 7 17 3 2 1 56 56 3 0 0 0 0 0 0.5 0.25 0 0.25 0 0 0 0 0 0 0 0 0 0 0 0
 2022 7 17 3 2 1 58 58 5 0 0 0 0 0 0.4 0.2 0 0.4 0 0 0 0 0 0 0 0 0 0 0 0
 2022 7 17 3 2 1 60 60 4 0 0 0 0 0 0.2 0.2 0.2 0.4 0 0 0 0 0 0 0 0 0 0 0 0
 2022 7 17 3 2 1 62 62 5 0 0 0 0 0 0.167 0.333 0 0.5 0 0 0 0 0 0 0 0 0 0 0 0
 2022 7 17 3 2 1 64 64 4 0 0 0 0 0 0 0.75 0.25 0 0 0 0 0 0 0 0 0 0 0 0 0
 2022 7 17 3 2 1 66 66 6 0 0 0 0 0 0 0.286 0.143 0.571 0 0 0 0 0 0 0 0 0 0 0 0
 2022 7 17 3 2 1 68 68 5 0 0 0 0 0 0.167 0.333 0.167 0.333 0 0 0 0 0 0 0 0 0 0 0 0
 2022 7 17 3 2 1 70 70 7 0 0 0 0 0 0 0.125 0.125 0.5 0.125 0 0.125 0 0 0 0 0 0 0 0 0
 2022 7 17 3 2 1 72 72 2 0 0 0 0 0 0 0 0.2 0.6 0.2 0 0 0 0 0 0 0 0 0 0 0
 2022 7 17 3 2 1 74 74 3 0 0 0 0 0 0 0 0 1 0 0 0 0 0 0 0 0 0 0 0 0
 2022 7 17 3 2 1 76 76 2 0 0 0 0 0 0 0 0 0.667 0 0 0 0 0 0 0.333 0 0 0 0 0
 2023 7 17 3 2 1 36 36 3 0 0 0.333 0.667 0 0 0 0 0 0 0 0 0 0 0 0 0 0 0 0 0
 2023 7 17 3 2 1 38 38 7 0 0 0.083 0.917 0 0 0 0 0 0 0 0 0 0 0 0 0 0 0 0 0
 2023 7 17 3 2 1 40 40 9 0 0 0 0.615 0.308 0.077 0 0 0 0 0 0 0 0 0 0 0 0 0 0 0
 2023 7 17 3 2 1 42 42 13 0 0 0 0.562 0.187 0.188 0.062 0 0 0 0 0 0 0 0 0 0 0 0 0 0
 2023 7 17 3 2 1 44 44 12 0 0 0 0.462 0.385 0.077 0.077 0 0 0 0 0 0 0 0 0 0 0 0 0 0
 2023 7 17 3 2 1 46 46 10 0 0 0 0 1 0 0 0 0 0 0 0 0 0 0 0 0 0 0 0 0
 2023 7 17 3 2 1 48 48 6 0 0 0 0.2 0.4 0.3 0.1 0 0 0 0 0 0 0 0 0 0 0 0 0 0
 2023 7 17 3 2 1 50 50 10 0 0 0 0 0.5 0.5 0 0 0 0 0 0 0 0 0 0 0 0 0 0 0
 2023 7 17 3 2 1 52 52 7 0 0 0 0 0.571 0.429 0 0 0 0 0 0 0 0 0 0 0 0 0 0 0
 2023 7 17 3 2 1 54 54 7 0 0 0 0 0.571 0.143 0.143 0 0.143 0 0 0 0 0 0 0 0 0 0 0 0
 2023 7 17 3 2 1 56 56 2 0 0 0 0 0 0 1 0 0 0 0 0 0 0 0 0 0 0 0 0 0
 2023 7 17 3 2 1 58 58 4 0 0 0 0 0.25 0.5 0 0.25 0 0 0 0 0 0 0 0 0 0 0 0 0
 2023 7 17 3 2 1 60 60 5 0 0 0 0 0 0.333 0.5 0 0 0.167 0 0 0 0 0 0 0 0 0 0 0
 2023 7 17 3 2 1 62 62 3 0 0 0 0 0 0 0.25 0 0.25 0.5 0 0 0 0 0 0 0 0 0 0 0
 2023 7 17 3 2 1 64 64 6 0 0 0 0 0 0 0.714 0.286 0 0 0 0 0 0 0 0 0 0 0 0 0
 2023 7 17 3 2 1 66 66 7 0 0 0 0 0 0 0.222 0.667 0.111 0 0 0 0 0 0 0 0 0 0 0 0
 2023 7 17 3 2 1 68 68 8 0 0 0 0 0 0 0.25 0.167 0.083 0.5 0 0 0 0 0 0 0 0 0 0 0
 2023 7 17 3 2 1 70 70 3 0 0 0 0 0 0 0.4 0.2 0.2 0.2 0 0 0 0 0 0 0 0 0 0 0
 2023 7 17 3 2 1 72 72 2 0 0 0 0 0 0 0 0 1 0 0 0 0 0 0 0 0 0 0 0 0
 -2023 7 17 3 2 1 78 78 1 0 0 0 0 0 0 0 0 0 0 0 0 0 0 0 0 0 0 0 1 0
 -2023 7 17 3 2 1 80 80 1 0 0 0 0 0 0 0 0 0 0 1 0 0 0 0 0 0 0 0 0 0
 1999 7 18 3 2 1 36 36 6 0 0 0.077 0.923 0 0 0 0 0 0 0 0 0 0 0 0 0 0 0 0 0
 1999 7 18 3 2 1 38 38 3 0 0 0 0.889 0.111 0 0 0 0 0 0 0 0 0 0 0 0 0 0 0 0
 1999 7 18 3 2 1 40 40 5 0 0 0 0.556 0.333 0.111 0 0 0 0 0 0 0 0 0 0 0 0 0 0 0
 1999 7 18 3 2 1 42 42 9 0 0 0 0.6 0.4 0 0 0 0 0 0 0 0 0 0 0 0 0 0 0 0
 1999 7 18 3 2 1 44 44 7 0 0 0 0.5 0.5 0 0 0 0 0 0 0 0 0 0 0 0 0 0 0 0
 1999 7 18 3 2 1 46 46 2 0 0 0 0.2 0.8 0 0 0 0 0 0 0 0 0 0 0 0 0 0 0 0
 -1999 7 18 3 2 1 48 48 1 0 0 0 0 1 0 0 0 0 0 0 0 0 0 0 0 0 0 0 0 0
 1999 7 18 3 2 1 50 50 2 0 0 0 0 1 0 0 0 0 0 0 0 0 0 0 0 0 0 0 0 0
 -1999 7 18 3 2 1 52 52 1 0 0 0 0 0 1 0 0 0 0 0 0 0 0 0 0 0 0 0 0 0
 1999 7 18 3 2 1 54 54 5 0 0 0 0 0.8 0.2 0 0 0 0 0 0 0 0 0 0 0 0 0 0 0
 1999 7 18 3 2 1 56 56 2 0 0 0 0 0.5 0.5 0 0 0 0 0 0 0 0 0 0 0 0 0 0 0
 -1999 7 18 3 2 1 58 58 1 0 0 0 0 0 1 0 0 0 0 0 0 0 0 0 0 0 0 0 0 0
 1999 7 18 3 2 1 62 62 3 0 0 0 0 0.333 0.333 0.333 0 0 0 0 0 0 0 0 0 0 0 0 0 0
 -1999 7 18 3 2 1 66 66 1 0 0 0 0 0 0 1 0 0 0 0 0 0 0 0 0 0 0 0 0 0
 -2000 7 18 3 2 1 40 40 1 0 0 0 1 0 0 0 0 0 0 0 0 0 0 0 0 0 0 0 0 0
 -2000 7 18 3 2 1 44 44 1 0 0 0 1 0 0 0 0 0 0 0 0 0 0 0 0 0 0 0 0 0
 -2000 7 18 3 2 1 84 84 1 0 0 0 0 0 0 0 0 0 0 1 0 0 0 0 0 0 0 0 0 0
 2002 7 18 3 2 1 34 34 7 0 0 0.375 0.375 0.25 0 0 0 0 0 0 0 0 0 0 0 0 0 0 0 0
 2002 7 18 3 2 1 36 36 23 0 0.114 0.432 0.409 0.023 0.023 0 0 0 0 0 0 0 0 0 0 0 0 0 0 0
 2002 7 18 3 2 1 38 38 33 0 0.071 0.429 0.429 0.057 0.014 0 0 0 0 0 0 0 0 0 0 0 0 0 0 0
 2002 7 18 3 2 1 40 40 29 0 0.032 0.387 0.468 0.097 0.016 0 0 0 0 0 0 0 0 0 0 0 0 0 0 0
 2002 7 18 3 2 1 42 42 26 0 0.023 0.318 0.5 0.136 0.023 0 0 0 0 0 0 0 0 0 0 0 0 0 0 0
 2002 7 18 3 2 1 44 44 16 0 0 0.25 0.45 0.25 0.05 0 0 0 0 0 0 0 0 0 0 0 0 0 0 0
 2002 7 18 3 2 1 46 46 14 0 0.063 0.375 0.312 0.25 0 0 0 0 0 0 0 0 0 0 0 0 0 0 0 0
 2002 7 18 3 2 1 48 48 14 0 0 0.158 0.263 0.368 0.105 0.105 0 0 0 0 0 0 0 0 0 0 0 0 0 0
 2002 7 18 3 2 1 50 50 5 0 0 0.2 0.4 0.2 0.2 0 0 0 0 0 0 0 0 0 0 0 0 0 0 0
 2002 7 18 3 2 1 52 52 5 0 0 0 0.167 0.667 0.167 0 0 0 0 0 0 0 0 0 0 0 0 0 0 0
 2002 7 18 3 2 1 54 54 5 0 0 0 0.8 0 0.2 0 0 0 0 0 0 0 0 0 0 0 0 0 0 0
 2002 7 18 3 2 1 58 58 3 0 0 0 0.667 0 0.333 0 0 0 0 0 0 0 0 0 0 0 0 0 0 0
 2002 7 18 3 2 1 60 60 3 0 0 0 0.5 0 0.25 0 0 0.25 0 0 0 0 0 0 0 0 0 0 0 0
 2002 7 18 3 2 1 62 62 3 0 0 0 0.333 0 0.667 0 0 0 0 0 0 0 0 0 0 0 0 0 0 0
 2002 7 18 3 2 1 66 66 3 0 0 0 0.333 0.333 0 0 0.333 0 0 0 0 0 0 0 0 0 0 0 0 0
 2002 7 18 3 2 1 68 68 2 0 0 0 0 0 0.5 0 0.5 0 0 0 0 0 0 0 0 0 0 0 0 0
 2002 7 18 3 2 1 70 70 4 0 0 0 0 0.5 0 0.25 0.25 0 0 0 0 0 0 0 0 0 0 0 0 0
 -2002 7 18 3 2 1 72 72 1 0 0 0 0 0 1 0 0 0 0 0 0 0 0 0 0 0 0 0 0 0
 2002 7 18 3 2 1 74 74 2 0 0 0 0 0 0 0 0 0.5 0.5 0 0 0 0 0 0 0 0 0 0 0
 -2002 7 18 3 2 1 76 76 1 0 0 0 0 0 0 0 0 1 0 0 0 0 0 0 0 0 0 0 0 0
 -2002 7 18 3 2 1 78 78 1 0 0 0 0 0 0 0 0 0 0 0 0 0 0 1 0 0 0 0 0 0
 -2002 7 18 3 2 1 80 80 1 0 0 0 0 0 0 0 0 0 1 0 0 0 0 0 0 0 0 0 0 0
 2003 7 18 3 2 1 32 32 3 0 0 0 0.75 0.25 0 0 0 0 0 0 0 0 0 0 0 0 0 0 0 0
 2003 7 18 3 2 1 34 34 18 0 0 0.06 0.22 0.4 0.2 0.08 0.02 0.02 0 0 0 0 0 0 0 0 0 0 0 0
 2003 7 18 3 2 1 36 36 40 0 0 0.176 0.351 0.23 0.162 0.054 0.027 0 0 0 0 0 0 0 0 0 0 0 0 0
 2003 7 18 3 2 1 38 38 40 0 0 0.136 0.346 0.284 0.111 0.086 0.012 0.012 0 0 0 0.012 0 0 0 0 0 0 0 0
 2003 7 18 3 2 1 40 40 40 0 0 0.06 0.433 0.299 0.104 0.045 0.015 0.015 0.03 0 0 0 0 0 0 0 0 0 0 0
 2003 7 18 3 2 1 42 42 37 0 0 0.043 0.557 0.2 0.129 0.029 0.014 0.029 0 0 0 0 0 0 0 0 0 0 0 0
 2003 7 18 3 2 1 44 44 25 0 0 0.029 0.618 0.147 0.118 0.029 0.029 0 0 0 0 0 0 0.029 0 0 0 0 0 0
 2003 7 18 3 2 1 46 46 25 0 0 0 0.455 0.394 0.03 0 0.091 0 0 0.03 0 0 0 0 0 0 0 0 0 0
 2003 7 18 3 2 1 48 48 25 0 0 0 0.343 0.514 0.086 0.057 0 0 0 0 0 0 0 0 0 0 0 0 0 0
 2003 7 18 3 2 1 50 50 23 0 0 0.038 0.308 0.462 0.038 0.038 0.115 0 0 0 0 0 0 0 0 0 0 0 0 0
 2003 7 18 3 2 1 52 52 16 0 0 0 0.316 0.474 0.105 0.105 0 0 0 0 0 0 0 0 0 0 0 0 0 0
 2003 7 18 3 2 1 54 54 18 0 0 0 0.105 0.632 0.105 0.105 0.053 0 0 0 0 0 0 0 0 0 0 0 0 0
 2003 7 18 3 2 1 56 56 17 0 0 0 0.136 0.727 0.136 0 0 0 0 0 0 0 0 0 0 0 0 0 0 0
 2003 7 18 3 2 1 58 58 15 0 0 0 0 0.684 0.105 0.105 0.053 0 0.053 0 0 0 0 0 0 0 0 0 0 0
 2003 7 18 3 2 1 60 60 11 0 0 0 0 0.6 0.2 0.2 0 0 0 0 0 0 0 0 0 0 0 0 0 0
 2003 7 18 3 2 1 62 62 8 0 0 0 0 0.444 0.333 0.111 0.111 0 0 0 0 0 0 0 0 0 0 0 0 0
 2003 7 18 3 2 1 64 64 9 0 0 0 0.091 0.091 0.273 0.364 0.091 0 0.091 0 0 0 0 0 0 0 0 0 0 0
 2003 7 18 3 2 1 66 66 8 0 0 0 0 0.333 0.333 0.222 0.111 0 0 0 0 0 0 0 0 0 0 0 0 0
 2003 7 18 3 2 1 68 68 10 0 0 0 0 0.154 0.308 0.385 0.077 0 0 0.077 0 0 0 0 0 0 0 0 0 0
 2003 7 18 3 2 1 70 70 9 0 0 0 0 0.1 0 0.5 0.2 0.2 0 0 0 0 0 0 0 0 0 0 0 0
 2003 7 18 3 2 1 72 72 9 0 0 0 0 0 0 0.4 0.1 0.3 0.2 0 0 0 0 0 0 0 0 0 0 0
 2003 7 18 3 2 1 74 74 5 0 0 0 0 0 0 0.143 0.286 0.286 0.143 0 0 0.143 0 0 0 0 0 0 0 0
 2003 7 18 3 2 1 76 76 4 0 0 0 0 0 0 0.2 0.2 0.2 0.2 0.2 0 0 0 0 0 0 0 0 0 0
 2003 7 18 3 2 1 78 78 5 0 0 0 0 0 0.2 0 0 0.4 0 0 0 0.2 0.2 0 0 0 0 0 0 0
 2003 7 18 3 2 1 80 80 2 0 0 0 0 0 0 0 0 0.5 0 0 0 0 0 0 0.5 0 0 0 0 0
 -2003 7 18 3 2 1 84 84 1 0 0 0 0 0 0 0 0 0 0 0 0 1 0 0 0 0 0 0 0 0
 -2003 7 18 3 2 1 86 86 1 0 0 0 0 0 0 0 0 0 0 0 0 0 0 1 0 0 0 0 0 0
 -2003 7 18 3 2 1 88 88 1 0 0 0 0 0 0 0 0 0 0 0 0 0 0 0 0 0 0 0 0 1
 -2004 7 18 3 2 1 32 32 1 0 0 1 0 0 0 0 0 0 0 0 0 0 0 0 0 0 0 0 0 0
 2004 7 18 3 2 1 34 34 8 0 0 0.667 0.333 0 0 0 0 0 0 0 0 0 0 0 0 0 0 0 0 0
 2004 7 18 3 2 1 36 36 31 0 0.016 0.581 0.323 0.065 0.016 0 0 0 0 0 0 0 0 0 0 0 0 0 0 0
 2004 7 18 3 2 1 38 38 56 0 0.021 0.399 0.469 0.084 0.028 0 0 0 0 0 0 0 0 0 0 0 0 0 0 0
 2004 7 18 3 2 1 40 40 53 0 0.018 0.44 0.477 0.055 0.009 0 0 0 0 0 0 0 0 0 0 0 0 0 0 0
 2004 7 18 3 2 1 42 42 55 0 0.067 0.292 0.539 0.09 0.011 0 0 0 0 0 0 0 0 0 0 0 0 0 0 0
 2004 7 18 3 2 1 44 44 31 0 0.02 0.18 0.64 0.1 0.04 0.02 0 0 0 0 0 0 0 0 0 0 0 0 0 0
 2004 7 18 3 2 1 46 46 33 0 0 0.082 0.673 0.184 0.041 0.02 0 0 0 0 0 0 0 0 0 0 0 0 0 0
 2004 7 18 3 2 1 48 48 21 0 0 0.25 0.458 0.167 0.125 0 0 0 0 0 0 0 0 0 0 0 0 0 0 0
 2004 7 18 3 2 1 50 50 12 0 0 0.167 0.333 0.25 0.25 0 0 0 0 0 0 0 0 0 0 0 0 0 0 0
 2004 7 18 3 2 1 52 52 10 0 0 0.083 0.5 0.333 0.083 0 0 0 0 0 0 0 0 0 0 0 0 0 0 0
 2004 7 18 3 2 1 54 54 9 0 0 0 0.3 0.6 0 0.1 0 0 0 0 0 0 0 0 0 0 0 0 0 0
 2004 7 18 3 2 1 56 56 5 0 0 0 0.167 0.667 0.167 0 0 0 0 0 0 0 0 0 0 0 0 0 0 0
 2004 7 18 3 2 1 58 58 7 0 0 0 0.125 0.375 0.375 0 0 0.125 0 0 0 0 0 0 0 0 0 0 0 0
 2004 7 18 3 2 1 60 60 7 0 0 0.125 0.125 0.5 0.25 0 0 0 0 0 0 0 0 0 0 0 0 0 0 0
 2004 7 18 3 2 1 62 62 5 0 0 0.2 0 0.4 0.2 0.2 0 0 0 0 0 0 0 0 0 0 0 0 0 0
 2004 7 18 3 2 1 64 64 3 0 0 0 0 0.333 0.333 0.333 0 0 0 0 0 0 0 0 0 0 0 0 0 0
 2004 7 18 3 2 1 66 66 4 0 0 0 0 0.25 0.5 0.25 0 0 0 0 0 0 0 0 0 0 0 0 0 0
 -2004 7 18 3 2 1 68 68 1 0 0 0 0 0 0 1 0 0 0 0 0 0 0 0 0 0 0 0 0 0
 2004 7 18 3 2 1 70 70 2 0 0 0 0 0.5 0 0.5 0 0 0 0 0 0 0 0 0 0 0 0 0 0
 2004 7 18 3 2 1 72 72 6 0 0 0 0 0 0 0.143 0.286 0.286 0.143 0.143 0 0 0 0 0 0 0 0 0 0
 2004 7 18 3 2 1 74 74 2 0 0 0 0 0 0.5 0 0.5 0 0 0 0 0 0 0 0 0 0 0 0 0
 2004 7 18 3 2 1 76 76 4 0 0 0 0 0 0 0.25 0.25 0.25 0 0 0 0 0 0.25 0 0 0 0 0 0
 2004 7 18 3 2 1 82 82 2 0 0 0 0 0 0 0 0 0 0 0 0 0 0 0 0 0.5 0 0 0 0.5
 -2004 7 18 3 2 1 84 84 1 0 0 0 0 0 0 0 0 0 0 0 0 0 0 0 0 0 0 0 0 1
 -2004 7 18 3 2 1 86 86 1 0 0 0 0 0 0 0 0 0 0 0 0 0 0 0 0 0 0 0 0 1
 -2005 7 18 3 2 1 30 30 1 0 0 1 0 0 0 0 0 0 0 0 0 0 0 0 0 0 0 0 0 0
 2005 7 18 3 2 1 32 32 3 0 0 0 0.333 0.333 0.333 0 0 0 0 0 0 0 0 0 0 0 0 0 0 0
 2005 7 18 3 2 1 34 34 17 0 0.053 0.368 0.211 0.105 0.211 0.053 0 0 0 0 0 0 0 0 0 0 0 0 0 0
 2005 7 18 3 2 1 36 36 53 0 0.03 0.426 0.366 0.139 0.01 0.02 0.01 0 0 0 0 0 0 0 0 0 0 0 0 0
 2005 7 18 3 2 1 38 38 88 0 0.005 0.247 0.516 0.115 0.055 0.027 0.016 0 0.005 0.005 0.005 0 0 0 0 0 0 0 0 0
 2005 7 18 3 2 1 40 40 93 0 0 0.114 0.638 0.121 0.067 0.034 0.027 0 0 0 0 0 0 0 0 0 0 0 0 0
 2005 7 18 3 2 1 42 42 74 0 0 0.03 0.713 0.099 0.059 0.02 0.04 0.04 0 0 0 0 0 0 0 0 0 0 0 0
 2005 7 18 3 2 1 44 44 58 0 0 0.029 0.75 0.088 0.029 0.044 0.029 0.015 0 0.015 0 0 0 0 0 0 0 0 0 0
 2005 7 18 3 2 1 46 46 49 0 0 0.062 0.531 0.203 0.063 0.078 0.031 0.031 0 0 0 0 0 0 0 0 0 0 0 0
 2005 7 18 3 2 1 48 48 28 0 0 0 0.485 0.303 0.121 0 0.03 0.03 0.03 0 0 0 0 0 0 0 0 0 0 0
 2005 7 18 3 2 1 50 50 17 0 0 0.048 0.238 0.333 0.286 0.048 0 0.048 0 0 0 0 0 0 0 0 0 0 0 0
 2005 7 18 3 2 1 52 52 14 0 0 0.067 0.333 0.4 0.133 0.067 0 0 0 0 0 0 0 0 0 0 0 0 0 0
 2005 7 18 3 2 1 54 54 12 0 0 0 0.167 0.667 0.083 0 0.083 0 0 0 0 0 0 0 0 0 0 0 0 0
 2005 7 18 3 2 1 56 56 14 0 0 0 0.357 0.357 0.071 0.071 0.071 0.071 0 0 0 0 0 0 0 0 0 0 0 0
 2005 7 18 3 2 1 58 58 11 0 0 0 0.125 0.188 0.25 0.312 0 0.062 0 0.062 0 0 0 0 0 0 0 0 0 0
 2005 7 18 3 2 1 60 60 5 0 0 0 0 0.6 0 0.4 0 0 0 0 0 0 0 0 0 0 0 0 0 0
 2005 7 18 3 2 1 62 62 10 0 0 0 0.091 0.455 0.364 0 0.091 0 0 0 0 0 0 0 0 0 0 0 0 0
 2005 7 18 3 2 1 64 64 2 0 0 0 0 0 0.667 0.333 0 0 0 0 0 0 0 0 0 0 0 0 0 0
 2005 7 18 3 2 1 66 66 13 0 0 0 0 0.071 0.214 0.429 0.214 0.071 0 0 0 0 0 0 0 0 0 0 0 0
 2005 7 18 3 2 1 68 68 5 0 0 0 0 0.125 0.25 0.125 0.125 0.125 0.125 0 0 0.125 0 0 0 0 0 0 0 0
 2005 7 18 3 2 1 70 70 6 0 0 0 0 0 0 0.25 0.5 0.125 0 0 0 0.125 0 0 0 0 0 0 0 0
 2005 7 18 3 2 1 72 72 5 0 0 0 0 0 0 0.4 0.2 0.4 0 0 0 0 0 0 0 0 0 0 0 0
 2005 7 18 3 2 1 74 74 6 0 0 0 0 0 0.143 0.286 0.143 0.286 0 0 0 0.143 0 0 0 0 0 0 0 0
 2005 7 18 3 2 1 76 76 4 0 0 0 0.25 0 0 0 0 0.25 0.25 0.25 0 0 0 0 0 0 0 0 0 0
 2005 7 18 3 2 1 78 78 6 0 0 0 0 0 0 0 0 0.167 0.167 0 0 0.167 0.167 0.167 0 0 0 0 0.167 0
 2005 7 18 3 2 1 80 80 3 0 0 0 0 0 0 0.333 0 0 0 0 0.333 0 0 0 0 0 0 0 0.333 0
 2005 7 18 3 2 1 82 82 3 0 0 0 0 0 0 0 0 0 0 0.333 0 0.333 0 0.333 0 0 0 0 0 0
 2005 7 18 3 2 1 84 84 2 0 0 0 0 0 0 0 0 0 0 0 0 0 0 0 0 0 0 1 0 0
 -2006 7 18 3 2 1 32 32 1 0 0 0 1 0 0 0 0 0 0 0 0 0 0 0 0 0 0 0 0 0
 2006 7 18 3 2 1 34 34 18 0 0 0.333 0.593 0.037 0.037 0 0 0 0 0 0 0 0 0 0 0 0 0 0 0
 2006 7 18 3 2 1 36 36 73 0 0 0.346 0.611 0.043 0 0 0 0 0 0 0 0 0 0 0 0 0 0 0 0
 2006 7 18 3 2 1 38 38 105 0 0.004 0.158 0.672 0.131 0.023 0.008 0.004 0 0 0 0 0 0 0 0 0 0 0 0 0
 2006 7 18 3 2 1 40 40 103 0 0 0.1 0.605 0.229 0.048 0.01 0.01 0 0 0 0 0 0 0 0 0 0 0 0 0
 2006 7 18 3 2 1 42 42 78 0 0.007 0.042 0.653 0.229 0.035 0.021 0.007 0.007 0 0 0 0 0 0 0 0 0 0 0 0
 2006 7 18 3 2 1 44 44 61 0 0 0.02 0.67 0.22 0.05 0.03 0 0.01 0 0 0 0 0 0 0 0 0 0 0 0
 2006 7 18 3 2 1 46 46 44 0 0 0 0.509 0.302 0.113 0.057 0.019 0 0 0 0 0 0 0 0 0 0 0 0 0
 2006 7 18 3 2 1 48 48 25 0 0 0 0.393 0.321 0.143 0.107 0.036 0 0 0 0 0 0 0 0 0 0 0 0 0
 2006 7 18 3 2 1 50 50 17 0 0 0 0.35 0.5 0.05 0.05 0.05 0 0 0 0 0 0 0 0 0 0 0 0 0
 2006 7 18 3 2 1 52 52 12 0 0 0 0.222 0.389 0.056 0.222 0 0.111 0 0 0 0 0 0 0 0 0 0 0 0
 2006 7 18 3 2 1 54 54 13 0 0 0 0.071 0.714 0.143 0 0.071 0 0 0 0 0 0 0 0 0 0 0 0 0
 2006 7 18 3 2 1 56 56 9 0 0 0 0.222 0.444 0.222 0.111 0 0 0 0 0 0 0 0 0 0 0 0 0 0
 2006 7 18 3 2 1 58 58 7 0 0 0 0 0.429 0 0.143 0.286 0.143 0 0 0 0 0 0 0 0 0 0 0 0
 2006 7 18 3 2 1 60 60 3 0 0 0 0 0.333 0.667 0 0 0 0 0 0 0 0 0 0 0 0 0 0 0
 2006 7 18 3 2 1 62 62 9 0 0 0 0 0 0.556 0.222 0.222 0 0 0 0 0 0 0 0 0 0 0 0 0
 2006 7 18 3 2 1 64 64 7 0 0 0.125 0.25 0.125 0.25 0.25 0 0 0 0 0 0 0 0 0 0 0 0 0 0
 2006 7 18 3 2 1 66 66 11 0 0 0 0.083 0 0.417 0.25 0.167 0 0 0.083 0 0 0 0 0 0 0 0 0 0
 2006 7 18 3 2 1 68 68 4 0 0 0 0 0.25 0 0.25 0.5 0 0 0 0 0 0 0 0 0 0 0 0 0
 2006 7 18 3 2 1 70 70 7 0 0 0 0 0 0.143 0.286 0.286 0.143 0.143 0 0 0 0 0 0 0 0 0 0 0
 2006 7 18 3 2 1 72 72 4 0 0 0 0 0 0 0.25 0 0.25 0.25 0.25 0 0 0 0 0 0 0 0 0 0
 2006 7 18 3 2 1 74 74 4 0 0 0 0 0 0 0 0.2 0.2 0.2 0.4 0 0 0 0 0 0 0 0 0 0
 2006 7 18 3 2 1 76 76 2 0 0 0 0 0 0 0.5 0 0 0 0 0 0.5 0 0 0 0 0 0 0 0
 2006 7 18 3 2 1 78 78 4 0 0 0 0.25 0 0 0 0 0 0 0 0 0 0.25 0 0 0.25 0 0 0 0.25
 2006 7 18 3 2 1 84 84 3 0 0 0 0 0 0 0 0 0 0 0.333 0.333 0 0 0 0 0 0 0 0.333 0
 -2006 7 18 3 2 1 86 86 1 0 0 0 0 0 0 0 0 0 0 0 0 0 0 0 0 0 0 0 0 1
 -2007 7 18 3 2 1 26 26 1 0 0 1 0 0 0 0 0 0 0 0 0 0 0 0 0 0 0 0 0 0
 2007 7 18 3 2 1 28 28 2 0 0 1 0 0 0 0 0 0 0 0 0 0 0 0 0 0 0 0 0 0
 2007 7 18 3 2 1 30 30 4 0 0 0.933 0.067 0 0 0 0 0 0 0 0 0 0 0 0 0 0 0 0 0
 2007 7 18 3 2 1 32 32 3 0 0 0.909 0.091 0 0 0 0 0 0 0 0 0 0 0 0 0 0 0 0 0
 2007 7 18 3 2 1 34 34 8 0 0 0.556 0.444 0 0 0 0 0 0 0 0 0 0 0 0 0 0 0 0 0
 2007 7 18 3 2 1 36 36 22 0 0 0.375 0.6 0.025 0 0 0 0 0 0 0 0 0 0 0 0 0 0 0 0
 2007 7 18 3 2 1 38 38 39 0 0 0.141 0.705 0.128 0.013 0 0 0.013 0 0 0 0 0 0 0 0 0 0 0 0
 2007 7 18 3 2 1 40 40 36 0 0 0.041 0.825 0.134 0 0 0 0 0 0 0 0 0 0 0 0 0 0 0 0
 2007 7 18 3 2 1 42 42 33 0 0 0.1 0.643 0.2 0.029 0.014 0 0 0 0.014 0 0 0 0 0 0 0 0 0 0
 2007 7 18 3 2 1 44 44 27 0 0 0 0.738 0.213 0.016 0.033 0 0 0 0 0 0 0 0 0 0 0 0 0 0
 2007 7 18 3 2 1 46 46 26 0 0 0 0.571 0.4 0 0 0 0 0 0 0 0.029 0 0 0 0 0 0 0 0
 2007 7 18 3 2 1 48 48 22 0 0 0 0.517 0.483 0 0 0 0 0 0 0 0 0 0 0 0 0 0 0 0
 2007 7 18 3 2 1 50 50 13 0 0 0 0.467 0.533 0 0 0 0 0 0 0 0 0 0 0 0 0 0 0 0
 2007 7 18 3 2 1 52 52 10 0 0 0 0.333 0.417 0.083 0 0.167 0 0 0 0 0 0 0 0 0 0 0 0 0
 2007 7 18 3 2 1 54 54 7 0 0 0 0.143 0.857 0 0 0 0 0 0 0 0 0 0 0 0 0 0 0 0
 2007 7 18 3 2 1 56 56 7 0 0 0 0.143 0.714 0.143 0 0 0 0 0 0 0 0 0 0 0 0 0 0 0
 2007 7 18 3 2 1 58 58 4 0 0 0 0.2 0.2 0.2 0.2 0.2 0 0 0 0 0 0 0 0 0 0 0 0 0
 2007 7 18 3 2 1 60 60 6 0 0 0 0 0.5 0.333 0.167 0 0 0 0 0 0 0 0 0 0 0 0 0 0
 2007 7 18 3 2 1 62 62 3 0 0 0 0 0 1 0 0 0 0 0 0 0 0 0 0 0 0 0 0 0
 2007 7 18 3 2 1 64 64 5 0 0 0 0 0 0.333 0.333 0 0.333 0 0 0 0 0 0 0 0 0 0 0 0
 2007 7 18 3 2 1 66 66 5 0 0 0 0 0 0.4 0.2 0.4 0 0 0 0 0 0 0 0 0 0 0 0 0
 2007 7 18 3 2 1 68 68 3 0 0 0 0 0 0.333 0 0.667 0 0 0 0 0 0 0 0 0 0 0 0 0
 2007 7 18 3 2 1 70 70 3 0 0 0 0 0 0 0.333 0.667 0 0 0 0 0 0 0 0 0 0 0 0 0
 -2007 7 18 3 2 1 78 78 1 0 0 0 0 0 0 0 0 0 0 1 0 0 0 0 0 0 0 0 0 0
 -2008 7 18 3 2 1 32 32 1 0 0 0 1 0 0 0 0 0 0 0 0 0 0 0 0 0 0 0 0 0
 2008 7 18 3 2 1 34 34 3 0 0 0.667 0 0.333 0 0 0 0 0 0 0 0 0 0 0 0 0 0 0 0
 2008 7 18 3 2 1 36 36 8 0 0 0.182 0.636 0.182 0 0 0 0 0 0 0 0 0 0 0 0 0 0 0 0
 2008 7 18 3 2 1 38 38 18 0 0 0.227 0.409 0.182 0.091 0.091 0 0 0 0 0 0 0 0 0 0 0 0 0 0
 2008 7 18 3 2 1 40 40 34 0 0 0.096 0.712 0.173 0.019 0 0 0 0 0 0 0 0 0 0 0 0 0 0 0
 2008 7 18 3 2 1 42 42 25 0 0 0.047 0.628 0.302 0.023 0 0 0 0 0 0 0 0 0 0 0 0 0 0 0
 2008 7 18 3 2 1 44 44 32 0 0 0 0.619 0.357 0.024 0 0 0 0 0 0 0 0 0 0 0 0 0 0 0
 2008 7 18 3 2 1 46 46 22 0 0 0.029 0.588 0.324 0.059 0 0 0 0 0 0 0 0 0 0 0 0 0 0 0
 2008 7 18 3 2 1 48 48 27 0 0 0 0.425 0.375 0.2 0 0 0 0 0 0 0 0 0 0 0 0 0 0 0
 2008 7 18 3 2 1 50 50 20 0 0 0 0.259 0.741 0 0 0 0 0 0 0 0 0 0 0 0 0 0 0 0
 2008 7 18 3 2 1 52 52 9 0 0 0 0 0.7 0.2 0.1 0 0 0 0 0 0 0 0 0 0 0 0 0 0
 2008 7 18 3 2 1 54 54 16 0 0 0 0.056 0.722 0.167 0.056 0 0 0 0 0 0 0 0 0 0 0 0 0 0
 2008 7 18 3 2 1 56 56 10 0 0 0 0 0.929 0.071 0 0 0 0 0 0 0 0 0 0 0 0 0 0 0
 2008 7 18 3 2 1 58 58 7 0 0 0 0.143 0.714 0.143 0 0 0 0 0 0 0 0 0 0 0 0 0 0 0
 2008 7 18 3 2 1 60 60 4 0 0 0 0 0.5 0.5 0 0 0 0 0 0 0 0 0 0 0 0 0 0 0
 2008 7 18 3 2 1 62 62 4 0 0 0 0 0.4 0.6 0 0 0 0 0 0 0 0 0 0 0 0 0 0 0
 2008 7 18 3 2 1 64 64 4 0 0 0 0.25 0.5 0.25 0 0 0 0 0 0 0 0 0 0 0 0 0 0 0
 -2008 7 18 3 2 1 70 70 1 0 0 0 0 0 0 1 0 0 0 0 0 0 0 0 0 0 0 0 0 0
 -2009 7 18 3 2 1 34 34 1 0 0 0 1 0 0 0 0 0 0 0 0 0 0 0 0 0 0 0 0 0
 -2009 7 18 3 2 1 36 36 1 0 0 0 1 0 0 0 0 0 0 0 0 0 0 0 0 0 0 0 0 0
 2009 7 18 3 2 1 38 38 5 0 0 0.2 0.8 0 0 0 0 0 0 0 0 0 0 0 0 0 0 0 0 0
 2009 7 18 3 2 1 40 40 9 0 0 0 0.636 0.273 0.091 0 0 0 0 0 0 0 0 0 0 0 0 0 0 0
 2009 7 18 3 2 1 42 42 13 0 0 0 0.357 0.5 0.143 0 0 0 0 0 0 0 0 0 0 0 0 0 0 0
 2009 7 18 3 2 1 44 44 17 0 0 0.042 0.583 0.25 0.125 0 0 0 0 0 0 0 0 0 0 0 0 0 0 0
 2009 7 18 3 2 1 46 46 23 0 0 0 0.429 0.393 0.143 0.036 0 0 0 0 0 0 0 0 0 0 0 0 0 0
 2009 7 18 3 2 1 48 48 28 0 0 0 0.086 0.686 0.229 0 0 0 0 0 0 0 0 0 0 0 0 0 0 0
 2009 7 18 3 2 1 50 50 34 0 0 0 0.227 0.477 0.227 0.068 0 0 0 0 0 0 0 0 0 0 0 0 0 0
 2009 7 18 3 2 1 52 52 21 0 0 0 0.103 0.517 0.345 0.034 0 0 0 0 0 0 0 0 0 0 0 0 0 0
 2009 7 18 3 2 1 54 54 23 0 0 0 0.038 0.5 0.423 0 0.038 0 0 0 0 0 0 0 0 0 0 0 0 0
 2009 7 18 3 2 1 56 56 24 0 0 0 0.032 0.581 0.29 0.097 0 0 0 0 0 0 0 0 0 0 0 0 0 0
 2009 7 18 3 2 1 58 58 17 0 0 0 0.05 0.3 0.25 0.35 0.05 0 0 0 0 0 0 0 0 0 0 0 0 0
 2009 7 18 3 2 1 60 60 20 0 0 0 0 0.478 0.391 0.13 0 0 0 0 0 0 0 0 0 0 0 0 0 0
 2009 7 18 3 2 1 62 62 5 0 0 0 0 0.333 0.5 0.167 0 0 0 0 0 0 0 0 0 0 0 0 0 0
 2009 7 18 3 2 1 64 64 7 0 0 0 0 0 0.667 0.333 0 0 0 0 0 0 0 0 0 0 0 0 0 0
 2009 7 18 3 2 1 66 66 6 0 0 0 0 0 0.571 0.429 0 0 0 0 0 0 0 0 0 0 0 0 0 0
 2009 7 18 3 2 1 68 68 4 0 0 0 0 0 0.167 0.667 0.167 0 0 0 0 0 0 0 0 0 0 0 0 0
 2009 7 18 3 2 1 70 70 2 0 0 0 0 0 0 0.75 0 0.25 0 0 0 0 0 0 0 0 0 0 0 0
 -2009 7 18 3 2 1 94 94 1 0 0 0 0 0 0 0 0 0 0 0 0 0 0 0 0 0 0 0 0 1
 2010 7 18 3 2 1 36 36 5 0 0 0 0.6 0.2 0.2 0 0 0 0 0 0 0 0 0 0 0 0 0 0 0
 2010 7 18 3 2 1 38 38 3 0 0 0 0.8 0.2 0 0 0 0 0 0 0 0 0 0 0 0 0 0 0 0
 -2010 7 18 3 2 1 40 40 1 0 0 0 0 0 0 1 0 0 0 0 0 0 0 0 0 0 0 0 0 0
 2010 7 18 3 2 1 42 42 6 0 0 0 0.714 0.143 0.143 0 0 0 0 0 0 0 0 0 0 0 0 0 0 0
 2010 7 18 3 2 1 44 44 3 0 0 0 0.667 0.333 0 0 0 0 0 0 0 0 0 0 0 0 0 0 0 0
 2010 7 18 3 2 1 46 46 16 0 0 0 0.304 0.478 0.174 0.043 0 0 0 0 0 0 0 0 0 0 0 0 0 0
 2010 7 18 3 2 1 48 48 16 0 0 0 0.185 0.667 0.037 0.111 0 0 0 0 0 0 0 0 0 0 0 0 0 0
 2010 7 18 3 2 1 50 50 23 0 0 0 0.088 0.706 0.118 0.059 0.029 0 0 0 0 0 0 0 0 0 0 0 0 0
 2010 7 18 3 2 1 52 52 28 0 0 0 0.087 0.696 0.152 0.022 0.043 0 0 0 0 0 0 0 0 0 0 0 0 0
 2010 7 18 3 2 1 54 54 21 0 0 0 0.094 0.563 0.187 0.094 0.063 0 0 0 0 0 0 0 0 0 0 0 0 0
 2010 7 18 3 2 1 56 56 26 0 0 0 0 0.421 0.421 0.158 0 0 0 0 0 0 0 0 0 0 0 0 0 0
 2010 7 18 3 2 1 58 58 26 0 0 0 0 0.364 0.5 0.136 0 0 0 0 0 0 0 0 0 0 0 0 0 0
 2010 7 18 3 2 1 60 60 18 0 0 0 0 0.091 0.636 0.212 0.061 0 0 0 0 0 0 0 0 0 0 0 0 0
 2010 7 18 3 2 1 62 62 19 0 0 0 0 0.122 0.61 0.195 0.073 0 0 0 0 0 0 0 0 0 0 0 0 0
 2010 7 18 3 2 1 64 64 18 0 0 0 0 0.12 0.28 0.52 0.08 0 0 0 0 0 0 0 0 0 0 0 0 0
 2010 7 18 3 2 1 66 66 17 0 0 0 0 0.057 0.286 0.571 0.086 0 0 0 0 0 0 0 0 0 0 0 0 0
 2010 7 18 3 2 1 68 68 12 0 0 0 0 0.053 0.263 0.579 0.105 0 0 0 0 0 0 0 0 0 0 0 0 0
 2010 7 18 3 2 1 70 70 8 0 0 0 0 0 0.273 0.545 0.182 0 0 0 0 0 0 0 0 0 0 0 0 0
 2010 7 18 3 2 1 72 72 2 0 0 0 0 0 0 0.5 0.5 0 0 0 0 0 0 0 0 0 0 0 0 0
 -2010 7 18 3 2 1 74 74 1 0 0 0 0 0 0 0 0 0 0 0 0 0 0 1 0 0 0 0 0 0
 -2010 7 18 3 2 1 82 82 1 0 0 0 0 0 0 0 0 0 0 0 0 0 1 0 0 0 0 0 0 0
 -2010 7 18 3 2 1 84 84 1 0 0 0 0 0 0 0 0 0 0 0 0 0 0 0 0 0 0 0 0 1
 -2011 7 18 3 2 1 32 32 1 0 0 1 0 0 0 0 0 0 0 0 0 0 0 0 0 0 0 0 0 0
 -2011 7 18 3 2 1 36 36 1 0 0 1 0 0 0 0 0 0 0 0 0 0 0 0 0 0 0 0 0 0
 2011 7 18 3 2 1 38 38 2 0 0 0 0.5 0.5 0 0 0 0 0 0 0 0 0 0 0 0 0 0 0 0
 2011 7 18 3 2 1 40 40 4 0 0 0 0.5 0.5 0 0 0 0 0 0 0 0 0 0 0 0 0 0 0 0
 2011 7 18 3 2 1 42 42 6 0 0 0.167 0.333 0.333 0 0 0.167 0 0 0 0 0 0 0 0 0 0 0 0 0
 2011 7 18 3 2 1 44 44 9 0 0 0 0.455 0.364 0.182 0 0 0 0 0 0 0 0 0 0 0 0 0 0 0
 2011 7 18 3 2 1 46 46 7 0 0 0 0 0.889 0.111 0 0 0 0 0 0 0 0 0 0 0 0 0 0 0
 2011 7 18 3 2 1 48 48 7 0 0 0.143 0.143 0.571 0.143 0 0 0 0 0 0 0 0 0 0 0 0 0 0 0
 2011 7 18 3 2 1 50 50 7 0 0 0 0.222 0.222 0.333 0.222 0 0 0 0 0 0 0 0 0 0 0 0 0 0
 2011 7 18 3 2 1 52 52 12 0 0 0 0.071 0.429 0.286 0.214 0 0 0 0 0 0 0 0 0 0 0 0 0 0
 2011 7 18 3 2 1 54 54 14 0 0 0.053 0 0.316 0.474 0.053 0.053 0.053 0 0 0 0 0 0 0 0 0 0 0 0
 2011 7 18 3 2 1 56 56 13 0 0 0 0 0.133 0.667 0.133 0.067 0 0 0 0 0 0 0 0 0 0 0 0 0
 2011 7 18 3 2 1 58 58 9 0 0 0 0 0 0.583 0.417 0 0 0 0 0 0 0 0 0 0 0 0 0 0
 2011 7 18 3 2 1 60 60 7 0 0 0 0 0.125 0.25 0.375 0.25 0 0 0 0 0 0 0 0 0 0 0 0 0
 2011 7 18 3 2 1 62 62 5 0 0 0 0 0 0.5 0.333 0.167 0 0 0 0 0 0 0 0 0 0 0 0 0
 2011 7 18 3 2 1 64 64 3 0 0 0 0 0 0 0.667 0 0.333 0 0 0 0 0 0 0 0 0 0 0 0
 -2011 7 18 3 2 1 66 66 1 0 0 0 0 0 0 1 0 0 0 0 0 0 0 0 0 0 0 0 0 0
 -2011 7 18 3 2 1 76 76 1 0 0 0 0 0 0 0 0 0 0 0 1 0 0 0 0 0 0 0 0 0
 -2012 7 18 3 2 1 32 32 1 0 0 0 0 1 0 0 0 0 0 0 0 0 0 0 0 0 0 0 0 0
 -2012 7 18 3 2 1 38 38 1 0 0 0 1 0 0 0 0 0 0 0 0 0 0 0 0 0 0 0 0 0
 2012 7 18 3 2 1 40 40 9 0 0 0 1 0 0 0 0 0 0 0 0 0 0 0 0 0 0 0 0 0
 2012 7 18 3 2 1 42 42 10 0 0 0 0.625 0.312 0 0.062 0 0 0 0 0 0 0 0 0 0 0 0 0 0
 2012 7 18 3 2 1 44 44 11 0 0 0 0.5 0.286 0.143 0.071 0 0 0 0 0 0 0 0 0 0 0 0 0 0
 2012 7 18 3 2 1 46 46 17 0 0 0 0.417 0.333 0.167 0.083 0 0 0 0 0 0 0 0 0 0 0 0 0 0
 2012 7 18 3 2 1 48 48 17 0 0 0 0.121 0.606 0.212 0.061 0 0 0 0 0 0 0 0 0 0 0 0 0 0
 2012 7 18 3 2 1 50 50 18 0 0 0 0 0.536 0.321 0.071 0.071 0 0 0 0 0 0 0 0 0 0 0 0 0
 2012 7 18 3 2 1 52 52 16 0 0 0 0.036 0.25 0.536 0.179 0 0 0 0 0 0 0 0 0 0 0 0 0 0
 2012 7 18 3 2 1 54 54 16 0 0 0 0 0.2 0.5 0.25 0.05 0 0 0 0 0 0 0 0 0 0 0 0 0
 2012 7 18 3 2 1 56 56 21 0 0 0 0.03 0.091 0.515 0.303 0.03 0.03 0 0 0 0 0 0 0 0 0 0 0 0
 2012 7 18 3 2 1 58 58 22 0 0 0 0 0.118 0.588 0.265 0.029 0 0 0 0 0 0 0 0 0 0 0 0 0
 2012 7 18 3 2 1 60 60 23 0 0 0 0 0.029 0.294 0.529 0.088 0.059 0 0 0 0 0 0 0 0 0 0 0 0
 2012 7 18 3 2 1 62 62 25 0 0 0 0 0.029 0.143 0.6 0.171 0.057 0 0 0 0 0 0 0 0 0 0 0 0
 2012 7 18 3 2 1 64 64 17 0 0 0 0 0 0.167 0.333 0.375 0.125 0 0 0 0 0 0 0 0 0 0 0 0
 2012 7 18 3 2 1 66 66 17 0 0 0 0 0 0.143 0.286 0.333 0.238 0 0 0 0 0 0 0 0 0 0 0 0
 2012 7 18 3 2 1 68 68 10 0 0 0 0 0.091 0.091 0.273 0.273 0.182 0.091 0 0 0 0 0 0 0 0 0 0 0
 2012 7 18 3 2 1 70 70 6 0 0 0 0 0 0 0 0.571 0.286 0 0 0 0.143 0 0 0 0 0 0 0 0
 2012 7 18 3 2 1 72 72 2 0 0 0 0 0 0 0 0 1 0 0 0 0 0 0 0 0 0 0 0 0
 2012 7 18 3 2 1 76 76 2 0 0 0 0 0 0 0 0 1 0 0 0 0 0 0 0 0 0 0 0 0
 2012 7 18 3 2 1 78 78 2 0 0 0 0 0 0 0 0 0 0 0 0 0 0 0.5 0 0 0 0.5 0 0
 -2013 7 18 3 2 1 32 32 1 0 0 1 0 0 0 0 0 0 0 0 0 0 0 0 0 0 0 0 0 0
 2013 7 18 3 2 1 38 38 5 0 0 0.4 0.4 0.2 0 0 0 0 0 0 0 0 0 0 0 0 0 0 0 0
 2013 7 18 3 2 1 40 40 7 0 0 0.143 0.286 0.571 0 0 0 0 0 0 0 0 0 0 0 0 0 0 0 0
 2013 7 18 3 2 1 42 42 14 0 0 0.1 0.2 0.7 0 0 0 0 0 0 0 0 0 0 0 0 0 0 0 0
 2013 7 18 3 2 1 44 44 10 0 0.091 0.182 0.364 0.364 0 0 0 0 0 0 0 0 0 0 0 0 0 0 0 0
 2013 7 18 3 2 1 46 46 13 0 0 0 0.316 0.632 0.053 0 0 0 0 0 0 0 0 0 0 0 0 0 0 0
 2013 7 18 3 2 1 48 48 16 0 0 0.05 0 0.9 0 0.05 0 0 0 0 0 0 0 0 0 0 0 0 0 0
 2013 7 18 3 2 1 50 50 19 0 0 0 0.174 0.696 0.043 0.043 0 0.043 0 0 0 0 0 0 0 0 0 0 0 0
 2013 7 18 3 2 1 52 52 20 0 0.077 0.115 0 0.462 0.231 0.077 0 0.038 0 0 0 0 0 0 0 0 0 0 0 0
 2013 7 18 3 2 1 54 54 22 0 0 0.167 0.125 0.417 0.083 0.125 0.083 0 0 0 0 0 0 0 0 0 0 0 0 0
 2013 7 18 3 2 1 56 56 21 0 0 0.037 0.074 0.333 0.148 0.185 0.222 0 0 0 0 0 0 0 0 0 0 0 0 0
 2013 7 18 3 2 1 58 58 21 0 0.087 0 0.043 0.217 0.13 0.304 0.217 0 0 0 0 0 0 0 0 0 0 0 0 0
 2013 7 18 3 2 1 60 60 17 0 0 0 0 0.143 0.095 0.429 0.286 0.048 0 0 0 0 0 0 0 0 0 0 0 0
 2013 7 18 3 2 1 62 62 27 0 0 0.047 0 0.07 0.047 0.419 0.279 0.116 0.023 0 0 0 0 0 0 0 0 0 0 0
 2013 7 18 3 2 1 64 64 20 0 0 0 0 0.061 0.03 0.273 0.424 0.152 0.03 0.03 0 0 0 0 0 0 0 0 0 0
 2013 7 18 3 2 1 66 66 14 0 0 0 0 0.059 0 0.294 0.412 0.235 0 0 0 0 0 0 0 0 0 0 0 0
 2013 7 18 3 2 1 68 68 10 0 0 0 0 0 0 0.077 0.462 0.462 0 0 0 0 0 0 0 0 0 0 0 0
 2013 7 18 3 2 1 70 70 3 0 0 0 0 0 0 0.333 0 0.667 0 0 0 0 0 0 0 0 0 0 0 0
 2013 7 18 3 2 1 72 72 6 0 0 0 0 0 0 0 0.333 0.5 0.167 0 0 0 0 0 0 0 0 0 0 0
 2013 7 18 3 2 1 74 74 2 0 0 0 0 0 0 0 0.5 0.5 0 0 0 0 0 0 0 0 0 0 0 0
 -2013 7 18 3 2 1 76 76 1 0 0 0 0 0 0 0 0 0 1 0 0 0 0 0 0 0 0 0 0 0
 -2013 7 18 3 2 1 78 78 1 0 0 0 0 0 0 0 0 0 0 1 0 0 0 0 0 0 0 0 0 0
 -2013 7 18 3 2 1 82 82 1 0 0 0 0 0 0 0 0 0 0 0 0 0 0 0 0 0 0 0 0 1
 -2013 7 18 3 2 1 86 86 1 0 0 0 0 0 0 0 1 0 0 0 0 0 0 0 0 0 0 0 0 0
 2014 7 18 3 2 1 36 36 4 0 0 0.5 0.5 0 0 0 0 0 0 0 0 0 0 0 0 0 0 0 0 0
 2014 7 18 3 2 1 38 38 10 0 0 0.636 0.273 0.091 0 0 0 0 0 0 0 0 0 0 0 0 0 0 0 0
 2014 7 18 3 2 1 40 40 15 0 0 0.125 0.875 0 0 0 0 0 0 0 0 0 0 0 0 0 0 0 0 0
 2014 7 18 3 2 1 42 42 26 0 0 0.188 0.594 0.187 0.031 0 0 0 0 0 0 0 0 0 0 0 0 0 0 0
 2014 7 18 3 2 1 44 44 32 0 0 0 0.788 0.154 0.038 0.019 0 0 0 0 0 0 0 0 0 0 0 0 0 0
 2014 7 18 3 2 1 46 46 29 0 0 0.027 0.595 0.27 0.108 0 0 0 0 0 0 0 0 0 0 0 0 0 0 0
 2014 7 18 3 2 1 48 48 29 0 0 0.05 0.525 0.175 0.225 0 0.025 0 0 0 0 0 0 0 0 0 0 0 0 0
 2014 7 18 3 2 1 50 50 31 0 0 0 0.208 0.354 0.375 0.042 0.021 0 0 0 0 0 0 0 0 0 0 0 0 0
 2014 7 18 3 2 1 52 52 24 0 0 0 0.188 0.25 0.531 0.031 0 0 0 0 0 0 0 0 0 0 0 0 0 0
 2014 7 18 3 2 1 54 54 20 0 0 0 0.087 0.087 0.739 0.087 0 0 0 0 0 0 0 0 0 0 0 0 0 0
 2014 7 18 3 2 1 56 56 21 0 0 0 0.097 0.129 0.71 0.065 0 0 0 0 0 0 0 0 0 0 0 0 0 0
 2014 7 18 3 2 1 58 58 23 0 0 0 0.031 0.156 0.625 0.156 0 0.031 0 0 0 0 0 0 0 0 0 0 0 0
 2014 7 18 3 2 1 60 60 24 0 0 0 0 0 0.818 0.03 0.121 0.03 0 0 0 0 0 0 0 0 0 0 0 0
 2014 7 18 3 2 1 62 62 28 0 0 0.032 0 0.032 0.516 0.226 0.161 0.032 0 0 0 0 0 0 0 0 0 0 0 0
 2014 7 18 3 2 1 64 64 24 0 0 0 0 0 0.394 0.152 0.212 0.152 0.091 0 0 0 0 0 0 0 0 0 0 0
 2014 7 18 3 2 1 66 66 21 0 0 0 0.034 0.034 0.138 0.138 0.345 0.31 0 0 0 0 0 0 0 0 0 0 0 0
 2014 7 18 3 2 1 68 68 16 0 0 0 0 0 0.059 0 0.529 0.294 0.059 0.059 0 0 0 0 0 0 0 0 0 0
 2014 7 18 3 2 1 70 70 12 0 0 0 0 0 0.077 0.077 0.615 0.231 0 0 0 0 0 0 0 0 0 0 0 0
 2014 7 18 3 2 1 72 72 8 0 0 0 0 0 0 0 0.875 0.125 0 0 0 0 0 0 0 0 0 0 0 0
 2014 7 18 3 2 1 74 74 4 0 0 0 0 0 0 0 0 0.5 0.5 0 0 0 0 0 0 0 0 0 0 0
 -2014 7 18 3 2 1 76 76 1 0 0 0 0 0 0 0 0 0 0 0 1 0 0 0 0 0 0 0 0 0
 2015 7 18 3 2 1 38 38 6 0 0 0.333 0.5 0.167 0 0 0 0 0 0 0 0 0 0 0 0 0 0 0 0
 2015 7 18 3 2 1 40 40 9 0 0.077 0 0.692 0.231 0 0 0 0 0 0 0 0 0 0 0 0 0 0 0 0
 2015 7 18 3 2 1 42 42 14 0 0 0 0.733 0.2 0.067 0 0 0 0 0 0 0 0 0 0 0 0 0 0 0
 2015 7 18 3 2 1 44 44 19 0 0 0.038 0.692 0.269 0 0 0 0 0 0 0 0 0 0 0 0 0 0 0 0
 2015 7 18 3 2 1 46 46 17 0 0 0.091 0.545 0.318 0.045 0 0 0 0 0 0 0 0 0 0 0 0 0 0 0
 2015 7 18 3 2 1 48 48 16 0 0 0.05 0.5 0.35 0.05 0.05 0 0 0 0 0 0 0 0 0 0 0 0 0 0
 2015 7 18 3 2 1 50 50 17 0 0 0 0.333 0.444 0.074 0.148 0 0 0 0 0 0 0 0 0 0 0 0 0 0
 2015 7 18 3 2 1 52 52 17 0 0 0 0.143 0.667 0.048 0.143 0 0 0 0 0 0 0 0 0 0 0 0 0 0
 2015 7 18 3 2 1 54 54 15 0 0 0 0.176 0.412 0.118 0.176 0 0.059 0 0 0.059 0 0 0 0 0 0 0 0 0
 2015 7 18 3 2 1 56 56 21 0 0 0 0.037 0.444 0.111 0.259 0.074 0 0.074 0 0 0 0 0 0 0 0 0 0 0
 2015 7 18 3 2 1 58 58 25 0 0 0 0 0.2 0.08 0.32 0.2 0.12 0.08 0 0 0 0 0 0 0 0 0 0 0
 2015 7 18 3 2 1 60 60 17 0 0 0 0 0.158 0.263 0.316 0.053 0.105 0.105 0 0 0 0 0 0 0 0 0 0 0
 2015 7 18 3 2 1 62 62 21 0 0 0 0 0 0.37 0.259 0.148 0.148 0.037 0 0.037 0 0 0 0 0 0 0 0 0
 2015 7 18 3 2 1 64 64 28 0 0 0 0 0 0.062 0.219 0.156 0.344 0.156 0.063 0 0 0 0 0 0 0 0 0 0
 2015 7 18 3 2 1 66 66 22 0 0 0 0 0 0.118 0.265 0.088 0.206 0.176 0.088 0.059 0 0 0 0 0 0 0 0 0
 2015 7 18 3 2 1 68 68 21 0 0 0 0 0 0.04 0.2 0.16 0.24 0.2 0.12 0.04 0 0 0 0 0 0 0 0 0
 2015 7 18 3 2 1 70 70 14 0 0 0 0 0 0 0.211 0.158 0.316 0.158 0.053 0.105 0 0 0 0 0 0 0 0 0
 2015 7 18 3 2 1 72 72 11 0 0 0 0 0 0 0.083 0.167 0.083 0.25 0.25 0.083 0.083 0 0 0 0 0 0 0 0
 2015 7 18 3 2 1 74 74 8 0 0 0 0 0 0 0 0 0.25 0.5 0.25 0 0 0 0 0 0 0 0 0 0
 2015 7 18 3 2 1 76 76 2 0 0 0 0 0 0 0 0 0 0 0.5 0.5 0 0 0 0 0 0 0 0 0
 -2015 7 18 3 2 1 78 78 1 0 0 0 0 0 0 0 0 0 0 0 0 1 0 0 0 0 0 0 0 0
 2016 7 18 3 2 1 34 34 2 0 0.2 0.8 0 0 0 0 0 0 0 0 0 0 0 0 0 0 0 0 0 0
 2016 7 18 3 2 1 36 36 4 0 0 0.2 0.8 0 0 0 0 0 0 0 0 0 0 0 0 0 0 0 0 0
 2016 7 18 3 2 1 38 38 7 0 0 0.333 0.583 0.083 0 0 0 0 0 0 0 0 0 0 0 0 0 0 0 0
 2016 7 18 3 2 1 40 40 13 0 0.062 0.062 0.5 0.375 0 0 0 0 0 0 0 0 0 0 0 0 0 0 0 0
 2016 7 18 3 2 1 42 42 15 0 0 0.053 0.368 0.421 0.105 0.053 0 0 0 0 0 0 0 0 0 0 0 0 0 0
 2016 7 18 3 2 1 44 44 19 0 0 0 0.25 0.536 0.179 0.036 0 0 0 0 0 0 0 0 0 0 0 0 0 0
 2016 7 18 3 2 1 46 46 25 0 0 0.03 0.333 0.545 0.061 0 0 0 0 0.03 0 0 0 0 0 0 0 0 0 0
 2016 7 18 3 2 1 48 48 32 0 0 0.047 0.116 0.628 0.116 0.093 0 0 0 0 0 0 0 0 0 0 0 0 0 0
 2016 7 18 3 2 1 50 50 29 0 0 0 0.054 0.676 0.108 0.108 0.054 0 0 0 0 0 0 0 0 0 0 0 0 0
 2016 7 18 3 2 1 52 52 34 0 0 0 0.149 0.553 0.234 0.064 0 0 0 0 0 0 0 0 0 0 0 0 0 0
 2016 7 18 3 2 1 54 54 35 0 0 0 0.043 0.413 0.304 0.087 0.043 0.065 0.022 0 0.022 0 0 0 0 0 0 0 0 0
 2016 7 18 3 2 1 56 56 36 0 0 0 0 0.347 0.327 0.143 0.122 0.041 0 0 0.02 0 0 0 0 0 0 0 0 0
 2016 7 18 3 2 1 58 58 45 0 0 0 0.018 0.291 0.236 0.164 0.145 0.091 0.036 0.018 0 0 0 0 0 0 0 0 0 0
 2016 7 18 3 2 1 60 60 28 0 0 0 0 0.121 0.182 0.091 0.273 0.212 0 0.061 0.061 0 0 0 0 0 0 0 0 0
 2016 7 18 3 2 1 62 62 28 0 0 0 0 0.07 0.233 0.14 0.233 0.163 0.116 0.047 0 0 0 0 0 0 0 0 0 0
 2016 7 18 3 2 1 64 64 25 0 0 0 0 0.172 0.207 0.069 0.103 0.172 0.069 0.034 0.138 0 0.034 0 0 0 0 0 0 0
 2016 7 18 3 2 1 66 66 31 0 0 0 0 0 0.162 0.135 0.135 0.216 0.189 0.054 0.054 0.027 0.027 0 0 0 0 0 0 0
 2016 7 18 3 2 1 68 68 17 0 0 0 0 0 0.095 0.095 0.095 0.095 0.333 0.19 0.095 0 0 0 0 0 0 0 0 0
 2016 7 18 3 2 1 70 70 12 0 0 0 0 0 0.067 0.067 0.067 0.067 0.267 0.2 0.133 0.133 0 0 0 0 0 0 0 0
 2016 7 18 3 2 1 72 72 6 0 0 0 0 0 0 0 0.125 0 0.25 0.375 0.125 0 0.125 0 0 0 0 0 0 0
 2016 7 18 3 2 1 74 74 4 0 0 0 0 0 0.143 0 0.143 0 0 0.286 0.286 0.143 0 0 0 0 0 0 0 0
 2016 7 18 3 2 1 76 76 3 0 0 0 0 0 0 0 0 0 0 0.75 0.25 0 0 0 0 0 0 0 0 0
 -2016 7 18 3 2 1 78 78 1 0 0 0 0 0 0 0 0 1 0 0 0 0 0 0 0 0 0 0 0 0
 2016 7 18 3 2 1 80 80 2 0 0 0 0 0 0 0 0 0 0 0 0 0 0 0 0 0 0.5 0 0 0.5
 2017 7 18 3 2 1 36 36 2 0 0 0.75 0.25 0 0 0 0 0 0 0 0 0 0 0 0 0 0 0 0 0
 2017 7 18 3 2 1 38 38 5 0 0 0.167 0.833 0 0 0 0 0 0 0 0 0 0 0 0 0 0 0 0 0
 2017 7 18 3 2 1 40 40 13 0 0 0.067 0.8 0.067 0.067 0 0 0 0 0 0 0 0 0 0 0 0 0 0 0
 2017 7 18 3 2 1 42 42 10 0 0 0.133 0.6 0.267 0 0 0 0 0 0 0 0 0 0 0 0 0 0 0 0
 2017 7 18 3 2 1 44 44 13 0 0 0 0.786 0.143 0.071 0 0 0 0 0 0 0 0 0 0 0 0 0 0 0
 2017 7 18 3 2 1 46 46 20 0 0 0 0.609 0.348 0.043 0 0 0 0 0 0 0 0 0 0 0 0 0 0 0
 2017 7 18 3 2 1 48 48 19 0 0 0 0.407 0.222 0.37 0 0 0 0 0 0 0 0 0 0 0 0 0 0 0
 2017 7 18 3 2 1 50 50 20 0 0 0 0.182 0.545 0.182 0.091 0 0 0 0 0 0 0 0 0 0 0 0 0 0
 2017 7 18 3 2 1 52 52 18 0 0 0 0.192 0.308 0.346 0.115 0.038 0 0 0 0 0 0 0 0 0 0 0 0 0
 2017 7 18 3 2 1 54 54 24 0 0 0 0 0.3 0.6 0.033 0.067 0 0 0 0 0 0 0 0 0 0 0 0 0
 2017 7 18 3 2 1 56 56 26 0 0 0 0 0.2 0.486 0.2 0.057 0 0.029 0.029 0 0 0 0 0 0 0 0 0 0
 2017 7 18 3 2 1 58 58 28 0 0 0 0 0.079 0.553 0.184 0.026 0.053 0.026 0 0 0.026 0.026 0 0.026 0 0 0 0 0
 2017 7 18 3 2 1 60 60 34 0 0 0 0 0.077 0.596 0.192 0.019 0.019 0 0.019 0.077 0 0 0 0 0 0 0 0 0
 2017 7 18 3 2 1 62 62 34 0 0 0 0 0.021 0.521 0.146 0.083 0.104 0.042 0.021 0.042 0.021 0 0 0 0 0 0 0 0
 2017 7 18 3 2 1 64 64 30 0 0 0 0 0.05 0.175 0.15 0.275 0.15 0.025 0.025 0.125 0.025 0 0 0 0 0 0 0 0
 2017 7 18 3 2 1 66 66 32 0 0 0 0 0.026 0.205 0.154 0.077 0.179 0.077 0.051 0.103 0.077 0.026 0.026 0 0 0 0 0 0
 2017 7 18 3 2 1 68 68 14 0 0 0 0 0 0.1 0.2 0.1 0.15 0.15 0.1 0.1 0.05 0.05 0 0 0 0 0 0 0
 2017 7 18 3 2 1 70 70 14 0 0 0 0 0 0.125 0.063 0.125 0 0.188 0.312 0.125 0.063 0 0 0 0 0 0 0 0
 2017 7 18 3 2 1 72 72 4 0 0 0 0 0 0 0 0 0.25 0 0 0.25 0.25 0 0.25 0 0 0 0 0 0
 2017 7 18 3 2 1 74 74 7 0 0 0 0 0 0 0 0 0.143 0.571 0.143 0.143 0 0 0 0 0 0 0 0 0
 -2017 7 18 3 2 1 76 76 1 0 0 0 0 0 0 0 0 0 0.5 0.5 0 0 0 0 0 0 0 0 0 0
 -2017 7 18 3 2 1 80 80 1 0 0 0 0 0 0 0 0 0 0 0 0 0 0 0 0 0 0 1 0 0
 2018 7 18 3 2 1 34 34 3 0 0 0.667 0.333 0 0 0 0 0 0 0 0 0 0 0 0 0 0 0 0 0
 -2018 7 18 3 2 1 36 36 1 0 0 0.5 0.5 0 0 0 0 0 0 0 0 0 0 0 0 0 0 0 0 0
 2018 7 18 3 2 1 38 38 7 0 0 0.143 0.571 0.143 0.143 0 0 0 0 0 0 0 0 0 0 0 0 0 0 0
 2018 7 18 3 2 1 40 40 17 0 0 0.062 0.562 0.281 0 0.062 0 0.031 0 0 0 0 0 0 0 0 0 0 0 0
 2018 7 18 3 2 1 42 42 25 0 0 0.025 0.525 0.35 0.025 0.05 0.025 0 0 0 0 0 0 0 0 0 0 0 0 0
 2018 7 18 3 2 1 44 44 17 0 0.034 0.034 0.483 0.345 0.069 0.034 0 0 0 0 0 0 0 0 0 0 0 0 0 0
 2018 7 18 3 2 1 46 46 24 0 0 0 0.343 0.429 0.143 0.086 0 0 0 0 0 0 0 0 0 0 0 0 0 0
 2018 7 18 3 2 1 48 48 27 0 0 0 0.243 0.486 0.027 0.135 0.027 0.054 0 0 0 0.027 0 0 0 0 0 0 0 0
 2018 7 18 3 2 1 50 50 26 0 0 0.029 0.143 0.486 0.114 0.2 0.029 0 0 0 0 0 0 0 0 0 0 0 0 0
 2018 7 18 3 2 1 52 52 39 0 0 0 0.087 0.413 0.217 0.174 0.043 0.043 0.022 0 0 0 0 0 0 0 0 0 0 0
 2018 7 18 3 2 1 54 54 22 0 0 0 0.115 0.269 0.231 0.192 0.115 0.038 0 0 0 0 0.038 0 0 0 0 0 0 0
 2018 7 18 3 2 1 56 56 30 0 0 0 0 0.167 0.278 0.361 0.111 0.056 0.028 0 0 0 0 0 0 0 0 0 0 0
 2018 7 18 3 2 1 58 58 35 0 0 0 0 0.051 0.359 0.385 0.154 0 0 0.026 0.026 0 0 0 0 0 0 0 0 0
 2018 7 18 3 2 1 60 60 39 0 0 0 0 0.045 0.159 0.455 0.045 0.136 0.023 0.068 0 0.045 0 0 0 0.023 0 0 0 0
 2018 7 18 3 2 1 62 62 34 0 0 0 0 0.023 0.186 0.326 0.279 0.093 0 0.07 0 0.023 0 0 0 0 0 0 0 0
 2018 7 18 3 2 1 64 64 38 0 0 0 0 0 0.02 0.286 0.224 0.163 0.102 0.082 0.102 0 0.02 0 0 0 0 0 0 0
 2018 7 18 3 2 1 66 66 23 0 0 0 0.036 0.036 0.071 0.214 0.179 0.107 0.179 0.107 0.071 0 0 0 0 0 0 0 0 0
 2018 7 18 3 2 1 68 68 29 0 0 0 0 0 0 0.189 0.216 0.135 0.162 0.108 0.081 0.027 0.054 0 0 0 0 0 0 0.027
 2018 7 18 3 2 1 70 70 15 0 0 0 0 0 0 0.133 0.133 0.133 0.133 0.2 0.067 0.133 0.067 0 0 0 0 0 0 0
 2018 7 18 3 2 1 72 72 11 0 0 0 0.083 0 0.083 0 0 0.25 0 0 0.083 0.333 0.083 0 0 0.083 0 0 0 0
 2018 7 18 3 2 1 74 74 9 0 0 0 0 0 0 0.2 0.1 0 0 0.1 0.1 0.1 0.4 0 0 0 0 0 0 0
 2018 7 18 3 2 1 76 76 5 0 0 0 0 0 0 0.125 0.125 0 0.125 0.25 0.125 0.125 0.125 0 0 0 0 0 0 0
 2018 7 18 3 2 1 78 78 3 0 0 0 0 0 0 0 0 0 0 0 0.333 0.333 0.333 0 0 0 0 0 0 0
 -2018 7 18 3 2 1 84 84 1 0 0 0 0 0 0 0 0 0 0 0 0 0 0 0 0 0 0 0 0 1
 -2019 7 18 3 2 1 28 28 1 0 0 0 0 1 0 0 0 0 0 0 0 0 0 0 0 0 0 0 0 0
 2019 7 18 3 2 1 34 34 3 0 0 0.667 0 0.333 0 0 0 0 0 0 0 0 0 0 0 0 0 0 0 0
 2019 7 18 3 2 1 36 36 7 0 0 0.444 0.333 0.222 0 0 0 0 0 0 0 0 0 0 0 0 0 0 0 0
 2019 7 18 3 2 1 38 38 13 0 0 0.316 0.579 0.105 0 0 0 0 0 0 0 0 0 0 0 0 0 0 0 0
 2019 7 18 3 2 1 40 40 20 0 0 0.1 0.733 0.133 0.033 0 0 0 0 0 0 0 0 0 0 0 0 0 0 0
 2019 7 18 3 2 1 42 42 30 0 0 0.086 0.543 0.343 0.029 0 0 0 0 0 0 0 0 0 0 0 0 0 0 0
 2019 7 18 3 2 1 44 44 26 0 0 0.029 0.471 0.441 0.059 0 0 0 0 0 0 0 0 0 0 0 0 0 0 0
 2019 7 18 3 2 1 46 46 29 0 0 0 0.237 0.632 0.079 0.026 0 0 0 0.026 0 0 0 0 0 0 0 0 0 0
 2019 7 18 3 2 1 48 48 30 0 0 0 0.146 0.488 0.268 0.024 0.073 0 0 0 0 0 0 0 0 0 0 0 0 0
 2019 7 18 3 2 1 50 50 36 0 0 0.02 0.08 0.52 0.28 0.04 0.04 0.02 0 0 0 0 0 0 0 0 0 0 0 0
 2019 7 18 3 2 1 52 52 23 0 0 0 0.086 0.571 0.229 0.086 0 0 0 0 0.029 0 0 0 0 0 0 0 0 0
 2019 7 18 3 2 1 54 54 36 0 0 0 0.186 0.419 0.302 0.07 0.023 0 0 0 0 0 0 0 0 0 0 0 0 0
 2019 7 18 3 2 1 56 56 27 0 0 0.024 0.098 0.439 0.293 0.073 0.049 0.024 0 0 0 0 0 0 0 0 0 0 0 0
 2019 7 18 3 2 1 58 58 17 0 0 0 0 0.2 0.35 0.3 0.15 0 0 0 0 0 0 0 0 0 0 0 0 0
 2019 7 18 3 2 1 60 60 22 0 0 0.034 0.034 0.138 0.207 0.276 0.276 0 0 0 0 0.034 0 0 0 0 0 0 0 0
 2019 7 18 3 2 1 62 62 26 0 0 0 0 0.047 0.163 0.209 0.349 0.14 0.047 0.023 0 0.023 0 0 0 0 0 0 0 0
 2019 7 18 3 2 1 64 64 23 0 0 0 0.027 0.054 0.135 0.27 0.378 0.081 0.054 0 0 0 0 0 0 0 0 0 0 0
 2019 7 18 3 2 1 66 66 23 0 0 0 0 0.069 0.103 0.207 0.138 0.241 0.172 0 0 0.034 0 0.034 0 0 0 0 0 0
 2019 7 18 3 2 1 68 68 21 0 0 0 0.033 0.033 0.033 0.1 0.267 0.3 0.067 0.067 0.067 0 0 0 0 0 0 0 0.033 0
 2019 7 18 3 2 1 70 70 14 0 0 0 0.062 0 0.062 0.125 0.313 0.188 0.125 0 0 0.062 0.062 0 0 0 0 0 0 0
 2019 7 18 3 2 1 72 72 10 0 0 0 0 0 0.083 0 0.167 0.083 0.083 0.333 0.167 0.083 0 0 0 0 0 0 0 0
 2019 7 18 3 2 1 74 74 8 0 0 0 0 0 0.125 0 0 0.125 0.125 0 0 0 0.375 0 0.25 0 0 0 0 0
 2019 7 18 3 2 1 76 76 4 0 0 0 0 0 0 0 0 0 0 0.2 0.2 0.4 0.2 0 0 0 0 0 0 0
 -2019 7 18 3 2 1 78 78 1 0 0 0 0 0 0 0 0 1 0 0 0 0 0 0 0 0 0 0 0 0
 2020 7 18 3 2 1 32 32 2 0 0 1 0 0 0 0 0 0 0 0 0 0 0 0 0 0 0 0 0 0
 2020 7 18 3 2 1 34 34 3 0 0 0.333 0.667 0 0 0 0 0 0 0 0 0 0 0 0 0 0 0 0 0
 2020 7 18 3 2 1 36 36 5 0 0 0 0.9 0.1 0 0 0 0 0 0 0 0 0 0 0 0 0 0 0 0
 2020 7 18 3 2 1 38 38 10 0 0 0.125 0.625 0.188 0.063 0 0 0 0 0 0 0 0 0 0 0 0 0 0 0
 2020 7 18 3 2 1 40 40 14 0 0 0.048 0.762 0.143 0.048 0 0 0 0 0 0 0 0 0 0 0 0 0 0 0
 2020 7 18 3 2 1 42 42 27 0 0 0.086 0.343 0.314 0.2 0.029 0 0 0.029 0 0 0 0 0 0 0 0 0 0 0
 2020 7 18 3 2 1 44 44 25 0 0 0 0.4 0.3 0.267 0.033 0 0 0 0 0 0 0 0 0 0 0 0 0 0
 2020 7 18 3 2 1 46 46 30 0 0 0.025 0.2 0.325 0.275 0.125 0.05 0 0 0 0 0 0 0 0 0 0 0 0 0
 2020 7 18 3 2 1 48 48 22 0 0 0.097 0.129 0.355 0.323 0.065 0.032 0 0 0 0 0 0 0 0 0 0 0 0 0
 2020 7 18 3 2 1 50 50 28 0 0 0 0.085 0.383 0.404 0.106 0.021 0 0 0 0 0 0 0 0 0 0 0 0 0
 2020 7 18 3 2 1 52 52 29 0 0 0.023 0.045 0.295 0.364 0.205 0.023 0.045 0 0 0 0 0 0 0 0 0 0 0 0
 2020 7 18 3 2 1 54 54 30 0 0 0 0.022 0.378 0.289 0.2 0.089 0.022 0 0 0 0 0 0 0 0 0 0 0 0
 2020 7 18 3 2 1 56 56 28 0 0 0 0.029 0.086 0.4 0.314 0.171 0 0 0 0 0 0 0 0 0 0 0 0 0
 2020 7 18 3 2 1 58 58 25 0 0 0.03 0 0.091 0.242 0.364 0.182 0.061 0 0.03 0 0 0 0 0 0 0 0 0 0
 2020 7 18 3 2 1 60 60 22 0 0 0 0 0.107 0.25 0.286 0.107 0.143 0.036 0 0.036 0 0.036 0 0 0 0 0 0 0
 2020 7 18 3 2 1 62 62 22 0 0 0 0 0.077 0.231 0.154 0.077 0.231 0.115 0.038 0.038 0 0 0.038 0 0 0 0 0 0
 2020 7 18 3 2 1 64 64 26 0 0 0 0 0 0.219 0.219 0.125 0.281 0.063 0.031 0.031 0.031 0 0 0 0 0 0 0 0
 2020 7 18 3 2 1 66 66 22 0 0 0 0 0 0.143 0.143 0.25 0.25 0.107 0 0.071 0 0 0.036 0 0 0 0 0 0
 2020 7 18 3 2 1 68 68 13 0 0 0 0 0 0 0.2 0.067 0.267 0.067 0.067 0.067 0.067 0.067 0.067 0 0 0 0.067 0 0
 2020 7 18 3 2 1 70 70 16 0 0 0 0 0 0.062 0.188 0 0.062 0.125 0.188 0 0.125 0.125 0.062 0.062 0 0 0 0 0
 2020 7 18 3 2 1 72 72 7 0 0 0 0 0 0 0 0.25 0.125 0.125 0.125 0 0.125 0.125 0.125 0 0 0 0 0 0
 2020 7 18 3 2 1 74 74 3 0 0 0 0 0 0 0 0 0.5 0 0 0.5 0 0 0 0 0 0 0 0 0
 2020 7 18 3 2 1 76 76 3 0 0 0 0 0 0 0 0 0.333 0.333 0 0 0 0 0 0.333 0 0 0 0 0
 2021 7 18 3 2 1 36 36 9 0 0 0.444 0.333 0.222 0 0 0 0 0 0 0 0 0 0 0 0 0 0 0 0
 2021 7 18 3 2 1 38 38 22 0 0 0.387 0.452 0.097 0.065 0 0 0 0 0 0 0 0 0 0 0 0 0 0 0
 2021 7 18 3 2 1 40 40 30 0 0 0.125 0.475 0.225 0.15 0.025 0 0 0 0 0 0 0 0 0 0 0 0 0 0
 2021 7 18 3 2 1 42 42 41 0 0 0.056 0.519 0.333 0.056 0.037 0 0 0 0 0 0 0 0 0 0 0 0 0 0
 2021 7 18 3 2 1 44 44 45 0 0 0.016 0.393 0.344 0.197 0.033 0 0 0 0 0 0 0 0 0 0 0 0.016 0 0
 2021 7 18 3 2 1 46 46 38 0 0 0 0.383 0.426 0.149 0.021 0.021 0 0 0 0 0 0 0 0 0 0 0 0 0
 2021 7 18 3 2 1 48 48 43 0 0 0 0.353 0.333 0.196 0.098 0.02 0 0 0 0 0 0 0 0 0 0 0 0 0
 2021 7 18 3 2 1 50 50 32 0 0 0 0.229 0.286 0.257 0.171 0.057 0 0 0 0 0 0 0 0 0 0 0 0 0
 2021 7 18 3 2 1 52 52 26 0 0 0 0.138 0.517 0.207 0.069 0.069 0 0 0 0 0 0 0 0 0 0 0 0 0
 2021 7 18 3 2 1 54 54 23 0 0 0 0.074 0.185 0.407 0.185 0.148 0 0 0 0 0 0 0 0 0 0 0 0 0
 2021 7 18 3 2 1 56 56 31 0 0 0 0 0.216 0.27 0.351 0.162 0 0 0 0 0 0 0 0 0 0 0 0 0
 2021 7 18 3 2 1 58 58 24 0 0 0 0.038 0.192 0.346 0.269 0.077 0.077 0 0 0 0 0 0 0 0 0 0 0 0
 2021 7 18 3 2 1 60 60 29 0 0 0 0 0.097 0.29 0.355 0.161 0.065 0.032 0 0 0 0 0 0 0 0 0 0 0
 2021 7 18 3 2 1 62 62 22 0 0 0 0.04 0 0.36 0.12 0.28 0.04 0.08 0 0.04 0.04 0 0 0 0 0 0 0 0
 2021 7 18 3 2 1 64 64 19 0 0 0 0 0 0.12 0.24 0.16 0.16 0.16 0 0.04 0.04 0 0.04 0 0.04 0 0 0 0
 2021 7 18 3 2 1 66 66 19 0 0 0 0 0.053 0 0.053 0.368 0.158 0.053 0.211 0.053 0.053 0 0 0 0 0 0 0 0
 2021 7 18 3 2 1 68 68 22 0 0 0 0 0 0.042 0.083 0.208 0.167 0.083 0.125 0.083 0.125 0 0.042 0 0.042 0 0 0 0
 2021 7 18 3 2 1 70 70 18 0 0 0 0 0 0 0.158 0.053 0.316 0 0.105 0 0.158 0 0.105 0.105 0 0 0 0 0
 2021 7 18 3 2 1 72 72 7 0 0 0 0 0 0 0 0.25 0 0.25 0.375 0.125 0 0 0 0 0 0 0 0 0
 2021 7 18 3 2 1 74 74 9 0 0 0 0 0 0 0.111 0 0.111 0.333 0.222 0.111 0 0.111 0 0 0 0 0 0 0
 2021 7 18 3 2 1 76 76 8 0 0 0 0 0 0 0.111 0 0 0.556 0 0.111 0.111 0 0 0.111 0 0 0 0 0
 2021 7 18 3 2 1 78 78 4 0 0 0 0 0 0 0 0 0 0.2 0.2 0 0.2 0 0 0.4 0 0 0 0 0
 -2021 7 18 3 2 1 80 80 1 0 0 0 0 0 0 0 0 0 0 0 0 0 0 0.667 0 0.333 0 0 0 0
 -2021 7 18 3 2 1 84 84 1 0 0 0 0 0 0 0 0 0 0 0 0.5 0 0 0 0 0 0 0 0 0.5
 -2021 7 18 3 2 1 88 88 1 0 0 0 0 0 0 0 0 0 0 0 0 0 0 1 0 0 0 0 0 0
 2022 7 18 3 2 1 36 36 3 0 0 0 0.333 0.667 0 0 0 0 0 0 0 0 0 0 0 0 0 0 0 0
 2022 7 18 3 2 1 38 38 12 0 0 0.125 0.438 0.313 0.062 0 0.062 0 0 0 0 0 0 0 0 0 0 0 0 0
 2022 7 18 3 2 1 40 40 13 0 0 0.056 0.278 0.333 0.222 0 0 0.111 0 0 0 0 0 0 0 0 0 0 0 0
 2022 7 18 3 2 1 42 42 27 0 0 0 0.205 0.41 0.308 0.051 0 0.026 0 0 0 0 0 0 0 0 0 0 0 0
 2022 7 18 3 2 1 44 44 34 0 0 0.02 0.255 0.294 0.255 0.078 0.039 0.02 0 0.02 0.02 0 0 0 0 0 0 0 0 0
 2022 7 18 3 2 1 46 46 29 0 0 0.021 0.191 0.319 0.298 0.106 0.064 0 0 0 0 0 0 0 0 0 0 0 0 0
 2022 7 18 3 2 1 48 48 19 0 0 0.026 0.026 0.421 0.316 0.184 0.026 0 0 0 0 0 0 0 0 0 0 0 0 0
 2022 7 18 3 2 1 50 50 25 0 0 0 0.103 0.282 0.308 0.231 0.051 0.026 0 0 0 0 0 0 0 0 0 0 0 0
 2022 7 18 3 2 1 52 52 24 0 0 0 0.075 0.15 0.375 0.275 0.1 0.025 0 0 0 0 0 0 0 0 0 0 0 0
 2022 7 18 3 2 1 54 54 28 0 0 0 0.053 0.158 0.342 0.289 0.053 0.105 0 0 0 0 0 0 0 0 0 0 0 0
 2022 7 18 3 2 1 56 56 30 0 0 0 0.079 0.132 0.342 0.184 0.132 0.053 0.026 0.026 0 0 0.026 0 0 0 0 0 0 0
 2022 7 18 3 2 1 58 58 24 0 0 0 0 0.065 0.161 0.29 0.323 0.097 0 0.032 0 0 0.032 0 0 0 0 0 0 0
 2022 7 18 3 2 1 60 60 24 0 0 0 0 0.083 0.167 0.167 0.25 0.194 0.056 0.083 0 0 0 0 0 0 0 0 0 0
 2022 7 18 3 2 1 62 62 22 0 0 0 0 0.067 0.1 0.267 0.367 0.067 0.067 0 0.033 0 0.033 0 0 0 0 0 0 0
 2022 7 18 3 2 1 64 64 15 0 0 0 0 0.05 0.15 0.1 0.4 0.2 0.1 0 0 0 0 0 0 0 0 0 0 0
 2022 7 18 3 2 1 66 66 14 0 0 0 0 0 0.045 0.182 0.318 0.182 0.091 0.091 0.045 0 0 0.045 0 0 0 0 0 0
 2022 7 18 3 2 1 68 68 6 0 0 0 0 0 0 0 0 0.455 0.273 0.182 0.091 0 0 0 0 0 0 0 0 0
 2022 7 18 3 2 1 70 70 10 0 0 0 0 0 0 0.091 0 0.091 0.273 0.182 0 0.091 0 0.091 0 0.091 0.091 0 0 0
 2022 7 18 3 2 1 72 72 9 0 0 0 0 0.1 0 0 0 0 0 0.3 0 0.2 0.2 0 0.2 0 0 0 0 0
 2022 7 18 3 2 1 74 74 5 0 0 0 0 0.167 0 0 0 0 0.167 0.333 0.167 0.167 0 0 0 0 0 0 0 0
 2022 7 18 3 2 1 76 76 2 0 0 0 0 0 0 0 0 0 0 0 0 0 0 0 0 0 0 0 0.5 0.5
 -2022 7 18 3 2 1 78 78 1 0 0 0 0 0 0 0 0 0 0 1 0 0 0 0 0 0 0 0 0 0
 -2022 7 18 3 2 1 80 80 1 0 0 0 0 0 0 0 0 0 0 1 0 0 0 0 0 0 0 0 0 0
 -2022 7 18 3 2 1 84 84 1 0 0 0 0 0 0 0 0 0 0 0 0 1 0 0 0 0 0 0 0 0
 2023 7 18 3 2 1 36 36 14 0 0 0.053 0.316 0.579 0.053 0 0 0 0 0 0 0 0 0 0 0 0 0 0 0
 2023 7 18 3 2 1 38 38 37 0 0 0.094 0.245 0.453 0.17 0.019 0.019 0 0 0 0 0 0 0 0 0 0 0 0 0
 2023 7 18 3 2 1 40 40 44 0 0 0.032 0.222 0.492 0.206 0.048 0 0 0 0 0 0 0 0 0 0 0 0 0 0
 2023 7 18 3 2 1 42 42 54 0 0 0 0.25 0.353 0.324 0.059 0.015 0 0 0 0 0 0 0 0 0 0 0 0 0
 2023 7 18 3 2 1 44 44 57 0 0 0 0.162 0.5 0.27 0.041 0.014 0.014 0 0 0 0 0 0 0 0 0 0 0 0
 2023 7 18 3 2 1 46 46 63 0 0 0 0.078 0.478 0.278 0.144 0.022 0 0 0 0 0 0 0 0 0 0 0 0 0
 2023 7 18 3 2 1 48 48 58 0 0 0 0.049 0.321 0.358 0.222 0.037 0.012 0 0 0 0 0 0 0 0 0 0 0 0
 2023 7 18 3 2 1 50 50 43 0 0 0 0.1 0.35 0.367 0.1 0.05 0.033 0 0 0 0 0 0 0 0 0 0 0 0
 2023 7 18 3 2 1 52 52 43 0 0 0 0.036 0.25 0.375 0.268 0.018 0.054 0 0 0 0 0 0 0 0 0 0 0 0
 2023 7 18 3 2 1 54 54 37 0 0 0 0.019 0.154 0.346 0.269 0.154 0.058 0 0 0 0 0 0 0 0 0 0 0 0
 2023 7 18 3 2 1 56 56 32 0 0 0 0 0.194 0.361 0.194 0.167 0 0.083 0 0 0 0 0 0 0 0 0 0 0
 2023 7 18 3 2 1 58 58 22 0 0 0 0 0.077 0.385 0.115 0.192 0.154 0.038 0 0 0.038 0 0 0 0 0 0 0 0
 2023 7 18 3 2 1 60 60 25 0 0 0 0 0.061 0.212 0.394 0.212 0.091 0.03 0 0 0 0 0 0 0 0 0 0 0
 2023 7 18 3 2 1 62 62 24 0 0 0 0 0.042 0.25 0.333 0.125 0.125 0.083 0 0.042 0 0 0 0 0 0 0 0 0
 2023 7 18 3 2 1 64 64 26 0 0 0 0 0 0.083 0.333 0.222 0.167 0.056 0.056 0.028 0.028 0.028 0 0 0 0 0 0 0
 2023 7 18 3 2 1 66 66 20 0 0 0 0 0 0.136 0.045 0.273 0.273 0.091 0.045 0.045 0.045 0 0 0.045 0 0 0 0 0
 2023 7 18 3 2 1 68 68 16 0 0 0 0 0 0 0.188 0.062 0.25 0 0.125 0.062 0 0 0.062 0.062 0 0.062 0 0.062 0.062
 2023 7 18 3 2 1 70 70 11 0 0 0 0 0 0 0.077 0.077 0.077 0.231 0.154 0.154 0 0 0.077 0 0 0 0 0 0.154
 2023 7 18 3 2 1 72 72 6 0 0 0 0 0 0 0 0 0 0.286 0 0.286 0 0 0.143 0.143 0 0 0.143 0 0
 2023 7 18 3 2 1 74 74 10 0 0 0 0 0 0 0 0.083 0.083 0 0 0.167 0 0.083 0 0.083 0 0.083 0.083 0 0.333
 2023 7 18 3 2 1 76 76 4 0 0 0 0 0 0 0.25 0 0 0 0 0 0 0 0 0.25 0 0 0 0.25 0.25
 -2023 7 18 3 2 1 78 78 1 0 0 0 0 0 0 0 0 0 0 1 0 0 0 0 0 0 0 0 0 0
 -2023 7 18 3 2 1 84 84 1 0 0 0 0 0 0 0 0 0 0 0 0 0 0 0 1 0 0 0 0 0
 -2002 7 19 3 2 1 34 34 1 0 0 0 1 0 0 0 0 0 0 0 0 0 0 0 0 0 0 0 0 0
 2002 7 19 3 2 1 36 36 15 0 0 0 0.65 0.3 0.05 0 0 0 0 0 0 0 0 0 0 0 0 0 0 0
 2002 7 19 3 2 1 38 38 26 0 0 0.093 0.721 0.186 0 0 0 0 0 0 0 0 0 0 0 0 0 0 0 0
 2002 7 19 3 2 1 40 40 32 0 0 0.07 0.605 0.302 0.023 0 0 0 0 0 0 0 0 0 0 0 0 0 0 0
 2002 7 19 3 2 1 42 42 20 0 0 0 0.531 0.406 0.063 0 0 0 0 0 0 0 0 0 0 0 0 0 0 0
 2002 7 19 3 2 1 44 44 24 0 0 0.033 0.333 0.567 0.067 0 0 0 0 0 0 0 0 0 0 0 0 0 0 0
 2002 7 19 3 2 1 46 46 15 0 0 0.217 0.304 0.391 0.043 0.043 0 0 0 0 0 0 0 0 0 0 0 0 0 0
 2002 7 19 3 2 1 48 48 17 0 0 0 0.429 0.571 0 0 0 0 0 0 0 0 0 0 0 0 0 0 0 0
 2002 7 19 3 2 1 50 50 10 0 0 0.182 0.273 0.273 0.091 0.091 0.091 0 0 0 0 0 0 0 0 0 0 0 0 0
 2002 7 19 3 2 1 52 52 7 0 0 0 0.2 0.6 0.1 0 0.1 0 0 0 0 0 0 0 0 0 0 0 0 0
 2002 7 19 3 2 1 54 54 11 0 0 0 0.077 0.769 0.077 0.077 0 0 0 0 0 0 0 0 0 0 0 0 0 0
 2002 7 19 3 2 1 56 56 6 0 0 0 0.125 0.375 0.5 0 0 0 0 0 0 0 0 0 0 0 0 0 0 0
 2002 7 19 3 2 1 58 58 6 0 0 0 0 0.167 0.667 0.167 0 0 0 0 0 0 0 0 0 0 0 0 0 0
 2002 7 19 3 2 1 60 60 9 0 0 0 0.1 0.1 0.7 0.1 0 0 0 0 0 0 0 0 0 0 0 0 0 0
 2002 7 19 3 2 1 62 62 4 0 0 0 0 0 0.5 0.25 0 0 0 0.25 0 0 0 0 0 0 0 0 0 0
 2002 7 19 3 2 1 64 64 2 0 0 0 0 0.5 0 0.5 0 0 0 0 0 0 0 0 0 0 0 0 0 0
 2002 7 19 3 2 1 66 66 6 0 0 0 0 0 0.333 0.5 0 0.167 0 0 0 0 0 0 0 0 0 0 0 0
 2002 7 19 3 2 1 68 68 8 0 0 0 0 0 0.25 0.125 0.5 0.125 0 0 0 0 0 0 0 0 0 0 0 0
 2002 7 19 3 2 1 70 70 4 0 0 0 0 0 0.2 0 0.8 0 0 0 0 0 0 0 0 0 0 0 0 0
 2002 7 19 3 2 1 72 72 3 0 0 0 0 0 0 0.667 0 0.333 0 0 0 0 0 0 0 0 0 0 0 0
 -2002 7 19 3 2 1 74 74 1 0 0 0 0 0 0 0 1 0 0 0 0 0 0 0 0 0 0 0 0 0
 2002 7 19 3 2 1 76 76 4 0 0 0 0 0 0 0 0.75 0.25 0 0 0 0 0 0 0 0 0 0 0 0
 2002 7 19 3 2 1 78 78 2 0 0 0 0 0 0 0 0.5 0 0 0 0 0 0.5 0 0 0 0 0 0 0
 -2002 7 19 3 2 1 84 84 1 0 0 0 0 0 0 0 0 0 0 0 0 0 0 0 0 0 0 0 0 1
 -2003 7 19 3 2 1 32 32 1 0 0 1 0 0 0 0 0 0 0 0 0 0 0 0 0 0 0 0 0 0
 2003 7 19 3 2 1 34 34 3 0 0 0.25 0.5 0.25 0 0 0 0 0 0 0 0 0 0 0 0 0 0 0 0
 2003 7 19 3 2 1 36 36 18 0 0 0.32 0.6 0.08 0 0 0 0 0 0 0 0 0 0 0 0 0 0 0 0
 2003 7 19 3 2 1 38 38 30 0 0 0.098 0.61 0.293 0 0 0 0 0 0 0 0 0 0 0 0 0 0 0 0
 2003 7 19 3 2 1 40 40 28 0 0 0.205 0.436 0.333 0 0.026 0 0 0 0 0 0 0 0 0 0 0 0 0 0
 2003 7 19 3 2 1 42 42 25 0 0 0.094 0.406 0.469 0.031 0 0 0 0 0 0 0 0 0 0 0 0 0 0 0
 2003 7 19 3 2 1 44 44 29 0 0 0.026 0.395 0.5 0.079 0 0 0 0 0 0 0 0 0 0 0 0 0 0 0
 2003 7 19 3 2 1 46 46 25 0 0 0 0.172 0.724 0.069 0.034 0 0 0 0 0 0 0 0 0 0 0 0 0 0
 2003 7 19 3 2 1 48 48 19 0 0 0 0.19 0.667 0.095 0.048 0 0 0 0 0 0 0 0 0 0 0 0 0 0
 2003 7 19 3 2 1 50 50 13 0 0 0 0 0.923 0 0.077 0 0 0 0 0 0 0 0 0 0 0 0 0 0
 2003 7 19 3 2 1 52 52 11 0 0 0 0 0.727 0.273 0 0 0 0 0 0 0 0 0 0 0 0 0 0 0
 2003 7 19 3 2 1 54 54 6 0 0 0 0 0.857 0.143 0 0 0 0 0 0 0 0 0 0 0 0 0 0 0
 2003 7 19 3 2 1 56 56 5 0 0 0 0 0.667 0.333 0 0 0 0 0 0 0 0 0 0 0 0 0 0 0
 2003 7 19 3 2 1 58 58 6 0 0 0 0.167 0.5 0 0.167 0.167 0 0 0 0 0 0 0 0 0 0 0 0 0
 2003 7 19 3 2 1 60 60 7 0 0 0 0 0.571 0.429 0 0 0 0 0 0 0 0 0 0 0 0 0 0 0
 2003 7 19 3 2 1 62 62 3 0 0 0 0 0.333 0.333 0 0.333 0 0 0 0 0 0 0 0 0 0 0 0 0
 2003 7 19 3 2 1 64 64 3 0 0 0 0 0.5 0.5 0 0 0 0 0 0 0 0 0 0 0 0 0 0 0
 2003 7 19 3 2 1 66 66 4 0 0 0 0 0 0 0.5 0.5 0 0 0 0 0 0 0 0 0 0 0 0 0
 2003 7 19 3 2 1 68 68 3 0 0 0 0 0 0.25 0.5 0.25 0 0 0 0 0 0 0 0 0 0 0 0 0
 2003 7 19 3 2 1 72 72 3 0 0 0 0 0 0 0 0.667 0.333 0 0 0 0 0 0 0 0 0 0 0 0
 -2003 7 19 3 2 1 74 74 1 0 0 0 0 0 0 0 1 0 0 0 0 0 0 0 0 0 0 0 0 0
 -2003 7 19 3 2 1 76 76 1 0 0 0 0 0 0 0 1 0 0 0 0 0 0 0 0 0 0 0 0 0
 -2003 7 19 3 2 1 78 78 1 0 0 0 0 0 0 0 0 1 0 0 0 0 0 0 0 0 0 0 0 0
 -2004 7 19 3 2 1 32 32 1 0 0 1 0 0 0 0 0 0 0 0 0 0 0 0 0 0 0 0 0 0
 2004 7 19 3 2 1 34 34 2 0 0 1 0 0 0 0 0 0 0 0 0 0 0 0 0 0 0 0 0 0
 2004 7 19 3 2 1 36 36 4 0 0 0.6 0.2 0.2 0 0 0 0 0 0 0 0 0 0 0 0 0 0 0 0
 2004 7 19 3 2 1 38 38 19 0 0 0.32 0.48 0.08 0.12 0 0 0 0 0 0 0 0 0 0 0 0 0 0 0
 2004 7 19 3 2 1 40 40 18 0 0 0.091 0.545 0.227 0.136 0 0 0 0 0 0 0 0 0 0 0 0 0 0 0
 2004 7 19 3 2 1 42 42 22 0 0 0.077 0.269 0.538 0.077 0 0.038 0 0 0 0 0 0 0 0 0 0 0 0 0
 2004 7 19 3 2 1 44 44 17 0 0 0.056 0.111 0.722 0.111 0 0 0 0 0 0 0 0 0 0 0 0 0 0 0
 2004 7 19 3 2 1 46 46 23 0 0 0.037 0.148 0.704 0.111 0 0 0 0 0 0 0 0 0 0 0 0 0 0 0
 2004 7 19 3 2 1 48 48 13 0 0 0.143 0.143 0.643 0.071 0 0 0 0 0 0 0 0 0 0 0 0 0 0 0
 2004 7 19 3 2 1 50 50 9 0 0 0.111 0.111 0.444 0.333 0 0 0 0 0 0 0 0 0 0 0 0 0 0 0
 2004 7 19 3 2 1 52 52 7 0 0 0 0 0.286 0.571 0.143 0 0 0 0 0 0 0 0 0 0 0 0 0 0
 2004 7 19 3 2 1 54 54 3 0 0 0 0 0.333 0.667 0 0 0 0 0 0 0 0 0 0 0 0 0 0 0
 2004 7 19 3 2 1 56 56 4 0 0 0 0 0.8 0.2 0 0 0 0 0 0 0 0 0 0 0 0 0 0 0
 2004 7 19 3 2 1 58 58 7 0 0 0 0.25 0.25 0.5 0 0 0 0 0 0 0 0 0 0 0 0 0 0 0
 2004 7 19 3 2 1 60 60 5 0 0 0 0 0.4 0.6 0 0 0 0 0 0 0 0 0 0 0 0 0 0 0
 -2004 7 19 3 2 1 62 62 1 0 0 0 1 0 0 0 0 0 0 0 0 0 0 0 0 0 0 0 0 0
 2004 7 19 3 2 1 64 64 3 0 0 0 0 0 0.667 0.333 0 0 0 0 0 0 0 0 0 0 0 0 0 0
 2004 7 19 3 2 1 66 66 4 0 0 0 0 0 0.4 0.6 0 0 0 0 0 0 0 0 0 0 0 0 0 0
 2004 7 19 3 2 1 70 70 5 0 0 0 0 0 0.2 0.6 0.2 0 0 0 0 0 0 0 0 0 0 0 0 0
 2004 7 19 3 2 1 72 72 2 0 0 0 0 0.5 0 0.5 0 0 0 0 0 0 0 0 0 0 0 0 0 0
 2004 7 19 3 2 1 74 74 2 0 0 0 0 0 0 0 1 0 0 0 0 0 0 0 0 0 0 0 0 0
 -2004 7 19 3 2 1 76 76 1 0 0 0 0 0 0 0 0 1 0 0 0 0 0 0 0 0 0 0 0 0
 -2004 7 19 3 2 1 82 82 1 0 0 0 0 0 0 0 0 0 0 0 0 0 1 0 0 0 0 0 0 0
 2005 7 19 3 2 1 36 36 10 0 0 0.5 0.333 0.083 0 0.083 0 0 0 0 0 0 0 0 0 0 0 0 0 0
 2005 7 19 3 2 1 38 38 14 0 0 0.333 0.611 0.056 0 0 0 0 0 0 0 0 0 0 0 0 0 0 0 0
 2005 7 19 3 2 1 40 40 11 0 0 0 0.75 0.125 0.125 0 0 0 0 0 0 0 0 0 0 0 0 0 0 0
 2005 7 19 3 2 1 42 42 10 0 0 0 0.7 0.1 0.2 0 0 0 0 0 0 0 0 0 0 0 0 0 0 0
 2005 7 19 3 2 1 44 44 13 0 0 0.071 0.357 0.286 0.286 0 0 0 0 0 0 0 0 0 0 0 0 0 0 0
 2005 7 19 3 2 1 46 46 7 0 0 0 0.571 0.143 0 0.286 0 0 0 0 0 0 0 0 0 0 0 0 0 0
 2005 7 19 3 2 1 48 48 7 0 0 0 0.25 0.25 0.125 0.375 0 0 0 0 0 0 0 0 0 0 0 0 0 0
 2005 7 19 3 2 1 50 50 5 0 0 0 0 0.5 0.167 0.333 0 0 0 0 0 0 0 0 0 0 0 0 0 0
 2005 7 19 3 2 1 52 52 8 0 0 0 0.083 0.333 0.25 0.333 0 0 0 0 0 0 0 0 0 0 0 0 0 0
 2005 7 19 3 2 1 54 54 4 0 0 0 0 0.2 0.4 0.4 0 0 0 0 0 0 0 0 0 0 0 0 0 0
 2005 7 19 3 2 1 56 56 6 0 0 0 0 0.333 0.167 0.5 0 0 0 0 0 0 0 0 0 0 0 0 0 0
 2005 7 19 3 2 1 58 58 5 0 0 0 0 0 0.429 0.571 0 0 0 0 0 0 0 0 0 0 0 0 0 0
 -2005 7 19 3 2 1 60 60 1 0 0 0 0 0 0 1 0 0 0 0 0 0 0 0 0 0 0 0 0 0
 2005 7 19 3 2 1 62 62 3 0 0 0 0 0 0 1 0 0 0 0 0 0 0 0 0 0 0 0 0 0
 2005 7 19 3 2 1 64 64 2 0 0 0 0 0 0.5 0.5 0 0 0 0 0 0 0 0 0 0 0 0 0 0
 -2005 7 19 3 2 1 66 66 1 0 0 0 0 0 1 0 0 0 0 0 0 0 0 0 0 0 0 0 0 0
 2005 7 19 3 2 1 74 74 3 0 0 0 0 0 0 0.333 0 0.333 0.333 0 0 0 0 0 0 0 0 0 0 0
 -2006 7 19 3 2 1 28 28 1 0 0 1 0 0 0 0 0 0 0 0 0 0 0 0 0 0 0 0 0 0
 2006 7 19 3 2 1 34 34 7 0 0 0.583 0.333 0.083 0 0 0 0 0 0 0 0 0 0 0 0 0 0 0 0
 2006 7 19 3 2 1 36 36 18 0 0 0.462 0.513 0.026 0 0 0 0 0 0 0 0 0 0 0 0 0 0 0 0
 2006 7 19 3 2 1 38 38 31 0 0 0.25 0.563 0.125 0.062 0 0 0 0 0 0 0 0 0 0 0 0 0 0 0
 2006 7 19 3 2 1 40 40 20 0 0 0.125 0.625 0.208 0.042 0 0 0 0 0 0 0 0 0 0 0 0 0 0 0
 2006 7 19 3 2 1 42 42 8 0 0 0 0.7 0.2 0.1 0 0 0 0 0 0 0 0 0 0 0 0 0 0 0
 2006 7 19 3 2 1 44 44 12 0 0.053 0.053 0.316 0.368 0.211 0 0 0 0 0 0 0 0 0 0 0 0 0 0 0
 2006 7 19 3 2 1 46 46 14 0 0 0.059 0.235 0.471 0.176 0 0.059 0 0 0 0 0 0 0 0 0 0 0 0 0
 2006 7 19 3 2 1 48 48 6 0 0 0 0.375 0.375 0.25 0 0 0 0 0 0 0 0 0 0 0 0 0 0 0
 2006 7 19 3 2 1 50 50 4 0 0.25 0 0.25 0 0.5 0 0 0 0 0 0 0 0 0 0 0 0 0 0 0
 2006 7 19 3 2 1 52 52 6 0 0 0 0.143 0.286 0.143 0.429 0 0 0 0 0 0 0 0 0 0 0 0 0 0
 2006 7 19 3 2 1 54 54 2 0 0 0 0 0.5 0 0.5 0 0 0 0 0 0 0 0 0 0 0 0 0 0
 2006 7 19 3 2 1 56 56 3 0 0 0 0 0.5 0.25 0 0 0.25 0 0 0 0 0 0 0 0 0 0 0 0
 2006 7 19 3 2 1 60 60 2 0 0 0 0 0 1 0 0 0 0 0 0 0 0 0 0 0 0 0 0 0
 2006 7 19 3 2 1 62 62 2 0 0 0 0 0 0 0.5 0 0.5 0 0 0 0 0 0 0 0 0 0 0 0
 2006 7 19 3 2 1 64 64 2 0 0 0 0 0 0 0.5 0.5 0 0 0 0 0 0 0 0 0 0 0 0 0
 2006 7 19 3 2 1 66 66 2 0 0 0 0 0 0 0.5 0.5 0 0 0 0 0 0 0 0 0 0 0 0 0
 2006 7 19 3 2 1 68 68 3 0 0 0 0 0 0 0.333 0.333 0 0 0 0 0 0 0 0 0 0 0 0.333 0
 2006 7 19 3 2 1 70 70 4 0 0 0 0 0 0.2 0.6 0 0 0 0 0 0 0 0.2 0 0 0 0 0 0
 2006 7 19 3 2 1 72 72 2 0 0 0 0 0 0 0.5 0 0.5 0 0 0 0 0 0 0 0 0 0 0 0
 2006 7 19 3 2 1 74 74 3 0 0 0 0 0 0 0 0 0.333 0 0 0 0.333 0 0 0.333 0 0 0 0 0
 2006 7 19 3 2 1 78 78 2 0 0 0 0 0 0 0 0 0 0 1 0 0 0 0 0 0 0 0 0 0
 2007 7 19 3 2 1 36 36 4 0 0 0.5 0.5 0 0 0 0 0 0 0 0 0 0 0 0 0 0 0 0 0
 2007 7 19 3 2 1 38 38 6 0 0 0.143 0.857 0 0 0 0 0 0 0 0 0 0 0 0 0 0 0 0 0
 2007 7 19 3 2 1 40 40 11 0 0 0.091 0.818 0.091 0 0 0 0 0 0 0 0 0 0 0 0 0 0 0 0
 2007 7 19 3 2 1 42 42 11 0 0 0.077 0.923 0 0 0 0 0 0 0 0 0 0 0 0 0 0 0 0 0
 2007 7 19 3 2 1 44 44 4 0 0 0 0.6 0.4 0 0 0 0 0 0 0 0 0 0 0 0 0 0 0 0
 2007 7 19 3 2 1 46 46 4 0 0 0 0.75 0.25 0 0 0 0 0 0 0 0 0 0 0 0 0 0 0 0
 2007 7 19 3 2 1 48 48 2 0 0 0 0.5 0.5 0 0 0 0 0 0 0 0 0 0 0 0 0 0 0 0
 2007 7 19 3 2 1 50 50 6 0 0 0 0.333 0.333 0.333 0 0 0 0 0 0 0 0 0 0 0 0 0 0 0
 2007 7 19 3 2 1 52 52 2 0 0 0 0 1 0 0 0 0 0 0 0 0 0 0 0 0 0 0 0 0
 2007 7 19 3 2 1 54 54 3 0 0 0 0.333 0.667 0 0 0 0 0 0 0 0 0 0 0 0 0 0 0 0
 -2007 7 19 3 2 1 56 56 1 0 0 0 0 0 0 1 0 0 0 0 0 0 0 0 0 0 0 0 0 0
 2007 7 19 3 2 1 58 58 2 0 0 0 0 0.5 0.5 0 0 0 0 0 0 0 0 0 0 0 0 0 0 0
 2007 7 19 3 2 1 74 74 2 0 0 0 0 0 0 0 0.5 0.5 0 0 0 0 0 0 0 0 0 0 0 0
 2008 7 19 3 2 1 38 38 3 0 0 0.667 0.333 0 0 0 0 0 0 0 0 0 0 0 0 0 0 0 0 0
 2008 7 19 3 2 1 40 40 6 0 0 0.286 0.571 0.143 0 0 0 0 0 0 0 0 0 0 0 0 0 0 0 0
 2008 7 19 3 2 1 42 42 5 0 0 0.4 0.6 0 0 0 0 0 0 0 0 0 0 0 0 0 0 0 0 0
 2008 7 19 3 2 1 44 44 3 0 0 0.2 0.8 0 0 0 0 0 0 0 0 0 0 0 0 0 0 0 0 0
 2008 7 19 3 2 1 46 46 3 0 0 0 1 0 0 0 0 0 0 0 0 0 0 0 0 0 0 0 0 0
 2008 7 19 3 2 1 48 48 2 0 0 0 1 0 0 0 0 0 0 0 0 0 0 0 0 0 0 0 0 0
 -2008 7 19 3 2 1 50 50 1 0 0 0 0 1 0 0 0 0 0 0 0 0 0 0 0 0 0 0 0 0
 -2008 7 19 3 2 1 52 52 1 0 0 0 0 1 0 0 0 0 0 0 0 0 0 0 0 0 0 0 0 0
 -2008 7 19 3 2 1 54 54 1 0 0 0 1 0 0 0 0 0 0 0 0 0 0 0 0 0 0 0 0 0
 -2008 7 19 3 2 1 66 66 1 0 0 0 0 0 0 1 0 0 0 0 0 0 0 0 0 0 0 0 0 0
 -2009 7 19 3 2 1 34 34 1 0 0 0 1 0 0 0 0 0 0 0 0 0 0 0 0 0 0 0 0 0
 -2009 7 19 3 2 1 36 36 1 0 0 0 1 0 0 0 0 0 0 0 0 0 0 0 0 0 0 0 0 0
 2009 7 19 3 2 1 38 38 4 0 0 0 1 0 0 0 0 0 0 0 0 0 0 0 0 0 0 0 0 0
 2009 7 19 3 2 1 40 40 5 0 0 0 0.857 0.143 0 0 0 0 0 0 0 0 0 0 0 0 0 0 0 0
 2009 7 19 3 2 1 42 42 9 0 0 0 0.9 0.1 0 0 0 0 0 0 0 0 0 0 0 0 0 0 0 0
 2009 7 19 3 2 1 44 44 6 0 0 0 0.667 0.333 0 0 0 0 0 0 0 0 0 0 0 0 0 0 0 0
 2009 7 19 3 2 1 46 46 3 0 0 0 0 1 0 0 0 0 0 0 0 0 0 0 0 0 0 0 0 0
 2009 7 19 3 2 1 48 48 6 0 0 0 0.167 0.667 0 0 0.167 0 0 0 0 0 0 0 0 0 0 0 0 0
 2009 7 19 3 2 1 50 50 4 0 0 0 0 1 0 0 0 0 0 0 0 0 0 0 0 0 0 0 0 0
 2009 7 19 3 2 1 52 52 4 0 0 0 0 1 0 0 0 0 0 0 0 0 0 0 0 0 0 0 0 0
 2009 7 19 3 2 1 54 54 5 0 0 0 0.167 0.833 0 0 0 0 0 0 0 0 0 0 0 0 0 0 0 0
 2009 7 19 3 2 1 56 56 3 0 0 0 0 0.667 0.333 0 0 0 0 0 0 0 0 0 0 0 0 0 0 0
 -2009 7 19 3 2 1 58 58 1 0 0 0 0 0.5 0.5 0 0 0 0 0 0 0 0 0 0 0 0 0 0 0
 2009 7 19 3 2 1 60 60 4 0 0 0 0.2 0.2 0.6 0 0 0 0 0 0 0 0 0 0 0 0 0 0 0
 -2009 7 19 3 2 1 62 62 1 0 0 0 0 0 1 0 0 0 0 0 0 0 0 0 0 0 0 0 0 0
 -2009 7 19 3 2 1 64 64 1 0 0 0 0 0 0 0 0 1 0 0 0 0 0 0 0 0 0 0 0 0
 -2009 7 19 3 2 1 68 68 1 0 0 0 0 0 0 1 0 0 0 0 0 0 0 0 0 0 0 0 0 0
 -2009 7 19 3 2 1 70 70 1 0 0 0 0 0 0 1 0 0 0 0 0 0 0 0 0 0 0 0 0 0
 -2010 7 19 3 2 1 30 30 1 0 0 1 0 0 0 0 0 0 0 0 0 0 0 0 0 0 0 0 0 0
 -2010 7 19 3 2 1 34 34 1 0 0 1 0 0 0 0 0 0 0 0 0 0 0 0 0 0 0 0 0 0
 2010 7 19 3 2 1 38 38 6 0 0 0 0.75 0.25 0 0 0 0 0 0 0 0 0 0 0 0 0 0 0 0
 2010 7 19 3 2 1 40 40 2 0 0 0 0 1 0 0 0 0 0 0 0 0 0 0 0 0 0 0 0 0
 2010 7 19 3 2 1 42 42 3 0 0 0 0.333 0.667 0 0 0 0 0 0 0 0 0 0 0 0 0 0 0 0
 2010 7 19 3 2 1 44 44 3 0 0 0 0 0.667 0.333 0 0 0 0 0 0 0 0 0 0 0 0 0 0 0
 2010 7 19 3 2 1 46 46 3 0 0 0 0 1 0 0 0 0 0 0 0 0 0 0 0 0 0 0 0 0
 2010 7 19 3 2 1 48 48 6 0 0 0.125 0 0.875 0 0 0 0 0 0 0 0 0 0 0 0 0 0 0 0
 2010 7 19 3 2 1 50 50 5 0 0 0 0 1 0 0 0 0 0 0 0 0 0 0 0 0 0 0 0 0
 2010 7 19 3 2 1 52 52 4 0 0 0 0 1 0 0 0 0 0 0 0 0 0 0 0 0 0 0 0 0
 2010 7 19 3 2 1 54 54 4 0 0 0 0.25 0.75 0 0 0 0 0 0 0 0 0 0 0 0 0 0 0 0
 2010 7 19 3 2 1 56 56 4 0 0 0 0 0.25 0.5 0 0.25 0 0 0 0 0 0 0 0 0 0 0 0 0
 2010 7 19 3 2 1 58 58 3 0 0 0 0 0.333 0.667 0 0 0 0 0 0 0 0 0 0 0 0 0 0 0
 2010 7 19 3 2 1 60 60 2 0 0 0 0 0.667 0.333 0 0 0 0 0 0 0 0 0 0 0 0 0 0 0
 -2010 7 19 3 2 1 62 62 1 0 0 0 0 0 1 0 0 0 0 0 0 0 0 0 0 0 0 0 0 0
 2010 7 19 3 2 1 64 64 2 0 0 0 0 0 1 0 0 0 0 0 0 0 0 0 0 0 0 0 0 0
 2010 7 19 3 2 1 66 66 2 0 0 0 0 0.5 0 0.5 0 0 0 0 0 0 0 0 0 0 0 0 0 0
 2011 7 19 3 2 1 38 38 2 0 0 0 0 0 1 0 0 0 0 0 0 0 0 0 0 0 0 0 0 0
 2011 7 19 3 2 1 40 40 6 0 0 0 0.125 0.375 0.25 0.25 0 0 0 0 0 0 0 0 0 0 0 0 0 0
 2011 7 19 3 2 1 42 42 2 0 0 0 0 1 0 0 0 0 0 0 0 0 0 0 0 0 0 0 0 0
 2011 7 19 3 2 1 44 44 7 0 0 0 0.143 0.286 0.286 0.286 0 0 0 0 0 0 0 0 0 0 0 0 0 0
 2011 7 19 3 2 1 46 46 5 0 0 0 0 0.8 0 0 0.2 0 0 0 0 0 0 0 0 0 0 0 0 0
 2011 7 19 3 2 1 48 48 5 0 0 0 0 0.6 0.2 0.2 0 0 0 0 0 0 0 0 0 0 0 0 0 0
 2011 7 19 3 2 1 50 50 6 0 0 0 0 0.5 0.5 0 0 0 0 0 0 0 0 0 0 0 0 0 0 0
 2011 7 19 3 2 1 52 52 2 0 0 0 0 0 1 0 0 0 0 0 0 0 0 0 0 0 0 0 0 0
 2011 7 19 3 2 1 54 54 6 0 0 0 0 0.167 0.5 0.333 0 0 0 0 0 0 0 0 0 0 0 0 0 0
 2011 7 19 3 2 1 56 56 6 0 0 0 0 0 0.833 0 0 0 0 0.167 0 0 0 0 0 0 0 0 0 0
 2011 7 19 3 2 1 58 58 4 0 0 0 0 0 0.5 0.5 0 0 0 0 0 0 0 0 0 0 0 0 0 0
 2011 7 19 3 2 1 60 60 5 0 0 0 0 0 0.8 0.2 0 0 0 0 0 0 0 0 0 0 0 0 0 0
 2011 7 19 3 2 1 62 62 9 0 0 0 0 0 0.556 0.222 0.222 0 0 0 0 0 0 0 0 0 0 0 0 0
 2011 7 19 3 2 1 64 64 5 0 0 0 0 0 0.4 0.4 0.2 0 0 0 0 0 0 0 0 0 0 0 0 0
 2011 7 19 3 2 1 66 66 3 0 0 0 0 0 0 0.667 0 0 0.333 0 0 0 0 0 0 0 0 0 0 0
 -2011 7 19 3 2 1 68 68 1 0 0 0 0 0 0 1 0 0 0 0 0 0 0 0 0 0 0 0 0 0
 2011 7 19 3 2 1 70 70 2 0 0 0 0 0 0 0.5 0 0.5 0 0 0 0 0 0 0 0 0 0 0 0
 -2011 7 19 3 2 1 72 72 1 0 0 0 0 0 0 0 0 1 0 0 0 0 0 0 0 0 0 0 0 0
 -2011 7 19 3 2 1 74 74 1 0 0 0 0 0 0 1 0 0 0 0 0 0 0 0 0 0 0 0 0 0
 2012 7 19 3 2 1 38 38 3 0 0 0 0.667 0.333 0 0 0 0 0 0 0 0 0 0 0 0 0 0 0 0
 2012 7 19 3 2 1 40 40 3 0 0 0 0.667 0.333 0 0 0 0 0 0 0 0 0 0 0 0 0 0 0 0
 2012 7 19 3 2 1 42 42 5 0 0 0 0.4 0.2 0.4 0 0 0 0 0 0 0 0 0 0 0 0 0 0 0
 2012 7 19 3 2 1 44 44 7 0 0 0 0.375 0.375 0.25 0 0 0 0 0 0 0 0 0 0 0 0 0 0 0
 2012 7 19 3 2 1 46 46 5 0 0 0 0.4 0.4 0 0.2 0 0 0 0 0 0 0 0 0 0 0 0 0 0
 2012 7 19 3 2 1 48 48 12 0 0 0 0.167 0.167 0.083 0.5 0 0.083 0 0 0 0 0 0 0 0 0 0 0 0
 2012 7 19 3 2 1 50 50 12 0 0 0 0.083 0.333 0.417 0.083 0.083 0 0 0 0 0 0 0 0 0 0 0 0 0
 2012 7 19 3 2 1 52 52 17 0 0 0 0.105 0.263 0.263 0.316 0.053 0 0 0 0 0 0 0 0 0 0 0 0 0
 2012 7 19 3 2 1 54 54 11 0 0 0 0 0.214 0.214 0.429 0.071 0.071 0 0 0 0 0 0 0 0 0 0 0 0
 2012 7 19 3 2 1 56 56 16 0 0 0 0 0.312 0.25 0.312 0.125 0 0 0 0 0 0 0 0 0 0 0 0 0
 2012 7 19 3 2 1 58 58 8 0 0 0 0 0.222 0.222 0.444 0.111 0 0 0 0 0 0 0 0 0 0 0 0 0
 2012 7 19 3 2 1 60 60 6 0 0 0 0 0 0.333 0.333 0.333 0 0 0 0 0 0 0 0 0 0 0 0 0
 2012 7 19 3 2 1 62 62 7 0 0 0 0 0.125 0.5 0.375 0 0 0 0 0 0 0 0 0 0 0 0 0 0
 2012 7 19 3 2 1 64 64 10 0 0 0 0 0 0 0.909 0 0.091 0 0 0 0 0 0 0 0 0 0 0 0
 2012 7 19 3 2 1 66 66 10 0 0 0 0 0 0.2 0.2 0.3 0.3 0 0 0 0 0 0 0 0 0 0 0 0
 2012 7 19 3 2 1 68 68 8 0 0 0 0 0 0 0.222 0.667 0 0.111 0 0 0 0 0 0 0 0 0 0 0
 2012 7 19 3 2 1 70 70 6 0 0 0 0 0 0 0.333 0.667 0 0 0 0 0 0 0 0 0 0 0 0 0
 -2012 7 19 3 2 1 72 72 1 0 0 0 0 0 0 0 1 0 0 0 0 0 0 0 0 0 0 0 0 0
 -2013 7 19 3 2 1 38 38 1 0 0 0 0 1 0 0 0 0 0 0 0 0 0 0 0 0 0 0 0 0
 2013 7 19 3 2 1 40 40 2 0 0 0 0 0.5 0 0 0.5 0 0 0 0 0 0 0 0 0 0 0 0 0
 2013 7 19 3 2 1 42 42 4 0 0 0.25 0.25 0.25 0 0.25 0 0 0 0 0 0 0 0 0 0 0 0 0 0
 2013 7 19 3 2 1 44 44 4 0 0 0 0 0.333 0.333 0.167 0.167 0 0 0 0 0 0 0 0 0 0 0 0 0
 2013 7 19 3 2 1 46 46 5 0 0 0 0.2 0.2 0 0.6 0 0 0 0 0 0 0 0 0 0 0 0 0 0
 2013 7 19 3 2 1 48 48 5 0 0 0 0 0.5 0.167 0.167 0.167 0 0 0 0 0 0 0 0 0 0 0 0 0
 2013 7 19 3 2 1 50 50 4 0 0 0 0 0.2 0.4 0.4 0 0 0 0 0 0 0 0 0 0 0 0 0 0
 -2013 7 19 3 2 1 52 52 1 0 0 0 0 1 0 0 0 0 0 0 0 0 0 0 0 0 0 0 0 0
 2013 7 19 3 2 1 54 54 5 0 0 0 0 0.2 0.2 0.2 0.4 0 0 0 0 0 0 0 0 0 0 0 0 0
 2013 7 19 3 2 1 56 56 2 0 0 0 0 0 0 0.5 0 0.5 0 0 0 0 0 0 0 0 0 0 0 0
 2013 7 19 3 2 1 58 58 9 0 0 0 0 0.222 0 0.333 0.222 0.222 0 0 0 0 0 0 0 0 0 0 0 0
 2013 7 19 3 2 1 60 60 3 0 0 0 0 0 0.333 0.667 0 0 0 0 0 0 0 0 0 0 0 0 0 0
 2013 7 19 3 2 1 62 62 4 0 0 0 0 0.25 0 0.75 0 0 0 0 0 0 0 0 0 0 0 0 0 0
 2013 7 19 3 2 1 64 64 6 0 0 0 0 0 0.143 0.143 0.714 0 0 0 0 0 0 0 0 0 0 0 0 0
 2013 7 19 3 2 1 66 66 4 0 0 0 0 0 0.25 0.5 0.25 0 0 0 0 0 0 0 0 0 0 0 0 0
 -2013 7 19 3 2 1 68 68 1 0 0 0 0 0 0 0 0.5 0.5 0 0 0 0 0 0 0 0 0 0 0 0
 2013 7 19 3 2 1 70 70 3 0 0 0 0 0 0 0.333 0.333 0 0.333 0 0 0 0 0 0 0 0 0 0 0
 2013 7 19 3 2 1 72 72 3 0 0 0 0 0 0 0 0.75 0 0.25 0 0 0 0 0 0 0 0 0 0 0
 2013 7 19 3 2 1 78 78 3 0 0 0 0 0 0 0 0 0.333 0.333 0 0 0 0.333 0 0 0 0 0 0 0
 -2013 7 19 3 2 1 86 86 1 0 0 0 0 0 0 0 0 0 0 0 0 0 0 0 0 0 1 0 0 0
 2014 7 19 3 2 1 38 38 10 0 0 0 0.7 0.3 0 0 0 0 0 0 0 0 0 0 0 0 0 0 0 0
 2014 7 19 3 2 1 40 40 22 0 0 0 0.682 0.182 0.045 0 0.045 0.045 0 0 0 0 0 0 0 0 0 0 0 0
 2014 7 19 3 2 1 42 42 27 0 0 0 0.483 0.276 0.103 0.034 0.034 0.069 0 0 0 0 0 0 0 0 0 0 0 0
 2014 7 19 3 2 1 44 44 35 0 0 0 0.4 0.314 0.086 0.029 0.086 0.029 0.029 0.029 0 0 0 0 0 0 0 0 0 0
 2014 7 19 3 2 1 46 46 27 0 0 0 0.037 0.333 0.148 0.111 0.222 0.111 0 0.037 0 0 0 0 0 0 0 0 0 0
 2014 7 19 3 2 1 48 48 24 0 0 0 0.167 0.292 0.292 0.083 0.083 0.042 0.042 0 0 0 0 0 0 0 0 0 0 0
 2014 7 19 3 2 1 50 50 21 0 0 0 0.048 0.286 0.143 0.095 0.095 0.143 0.095 0.095 0 0 0 0 0 0 0 0 0 0
 2014 7 19 3 2 1 52 52 12 0 0 0 0 0 0.25 0.167 0.167 0.333 0 0.083 0 0 0 0 0 0 0 0 0 0
 2014 7 19 3 2 1 54 54 20 0 0 0 0 0.1 0.45 0.1 0.1 0.2 0 0.05 0 0 0 0 0 0 0 0 0 0
 2014 7 19 3 2 1 56 56 17 0 0 0 0 0.111 0.389 0.056 0.167 0.222 0.056 0 0 0 0 0 0 0 0 0 0 0
 2014 7 19 3 2 1 58 58 12 0 0 0 0 0.357 0.143 0.143 0.286 0.071 0 0 0 0 0 0 0 0 0 0 0 0
 2014 7 19 3 2 1 60 60 11 0 0 0 0 0.133 0.267 0 0.333 0.2 0.067 0 0 0 0 0 0 0 0 0 0 0
 2014 7 19 3 2 1 62 62 11 0 0 0 0 0 0.333 0.333 0.167 0.083 0 0.083 0 0 0 0 0 0 0 0 0 0
 2014 7 19 3 2 1 64 64 7 0 0 0 0 0 0 0.143 0.286 0.571 0 0 0 0 0 0 0 0 0 0 0 0
 2014 7 19 3 2 1 66 66 8 0 0 0 0 0 0 0.125 0.5 0.125 0.125 0.125 0 0 0 0 0 0 0 0 0 0
 2014 7 19 3 2 1 68 68 4 0 0 0 0 0 0 0 0.4 0.2 0.4 0 0 0 0 0 0 0 0 0 0 0
 2014 7 19 3 2 1 70 70 7 0 0 0 0 0 0 0 0.286 0.429 0.286 0 0 0 0 0 0 0 0 0 0 0
 2014 7 19 3 2 1 72 72 7 0 0 0 0 0 0 0 0.286 0.571 0.143 0 0 0 0 0 0 0 0 0 0 0
 2014 7 19 3 2 1 74 74 4 0 0 0 0 0 0 0 0.25 0.5 0 0.25 0 0 0 0 0 0 0 0 0 0
 -2014 7 19 3 2 1 76 76 1 0 0 0 0 0 0 0 0 0 1 0 0 0 0 0 0 0 0 0 0 0
 2014 7 19 3 2 1 78 78 3 0 0 0 0 0 0 0 0 0.333 0.333 0.333 0 0 0 0 0 0 0 0 0 0
 -2014 7 19 3 2 1 80 80 1 0 0 0 0 0 0 0 0 0 0 1 0 0 0 0 0 0 0 0 0 0
 -2015 7 19 3 2 1 28 28 1 0 0 1 0 0 0 0 0 0 0 0 0 0 0 0 0 0 0 0 0 0
 2015 7 19 3 2 1 30 30 3 0 0 1 0 0 0 0 0 0 0 0 0 0 0 0 0 0 0 0 0 0
 2015 7 19 3 2 1 32 32 5 0 0.167 0.833 0 0 0 0 0 0 0 0 0 0 0 0 0 0 0 0 0 0
 -2015 7 19 3 2 1 34 34 1 0 0 0 1 0 0 0 0 0 0 0 0 0 0 0 0 0 0 0 0 0
 2015 7 19 3 2 1 36 36 15 0 0 0.471 0.471 0.059 0 0 0 0 0 0 0 0 0 0 0 0 0 0 0 0
 2015 7 19 3 2 1 38 38 46 0 0 0.145 0.709 0.091 0.036 0 0 0 0.018 0 0 0 0 0 0 0 0 0 0 0
 2015 7 19 3 2 1 40 40 55 0 0 0.063 0.734 0.165 0.025 0 0 0 0.013 0 0 0 0 0 0 0 0 0 0 0
 2015 7 19 3 2 1 42 42 73 0 0 0.01 0.688 0.167 0.031 0.042 0 0.042 0.021 0 0 0 0 0 0 0 0 0 0 0
 2015 7 19 3 2 1 44 44 54 0 0 0 0.627 0.164 0.119 0.015 0 0.045 0.03 0 0 0 0 0 0 0 0 0 0 0
 2015 7 19 3 2 1 46 46 59 0 0 0 0.534 0.233 0.11 0.041 0.014 0.027 0.027 0 0.014 0 0 0 0 0 0 0 0 0
 2015 7 19 3 2 1 48 48 50 0 0 0 0.386 0.123 0.088 0.158 0.123 0.123 0 0 0 0 0 0 0 0 0 0 0 0
 2015 7 19 3 2 1 50 50 34 0 0 0 0.146 0.341 0.098 0.244 0.024 0.024 0.098 0.024 0 0 0 0 0 0 0 0 0 0
 2015 7 19 3 2 1 52 52 29 0 0 0 0.086 0.257 0.2 0.057 0.086 0.143 0.029 0.114 0.029 0 0 0 0 0 0 0 0 0
 2015 7 19 3 2 1 54 54 25 0 0 0 0.069 0.379 0.207 0 0.069 0.103 0.069 0.069 0.034 0 0 0 0 0 0 0 0 0
 2015 7 19 3 2 1 56 56 22 0 0 0.038 0.038 0.423 0.077 0.154 0.077 0.154 0.038 0 0 0 0 0 0 0 0 0 0 0
 2015 7 19 3 2 1 58 58 8 0 0 0 0.125 0.25 0.125 0 0 0.25 0.125 0 0.125 0 0 0 0 0 0 0 0 0
 2015 7 19 3 2 1 60 60 13 0 0 0 0 0.143 0.286 0.286 0.071 0.143 0.071 0 0 0 0 0 0 0 0 0 0 0
 2015 7 19 3 2 1 62 62 6 0 0 0 0 0.333 0.333 0.333 0 0 0 0 0 0 0 0 0 0 0 0 0 0
 2015 7 19 3 2 1 64 64 10 0 0 0 0 0 0 0.1 0.2 0.5 0 0.2 0 0 0 0 0 0 0 0 0 0
 2015 7 19 3 2 1 66 66 6 0 0 0 0 0.167 0 0.167 0.167 0.167 0.333 0 0 0 0 0 0 0 0 0 0 0
 2015 7 19 3 2 1 68 68 7 0 0 0 0 0 0.125 0.125 0.25 0.25 0.25 0 0 0 0 0 0 0 0 0 0 0
 2015 7 19 3 2 1 70 70 4 0 0 0 0 0 0 0 0.25 0.25 0.5 0 0 0 0 0 0 0 0 0 0 0
 2015 7 19 3 2 1 72 72 5 0 0 0 0 0.2 0 0 0 0.4 0.2 0.2 0 0 0 0 0 0 0 0 0 0
 2015 7 19 3 2 1 74 74 6 0 0 0 0 0 0.167 0 0 0.333 0.333 0.167 0 0 0 0 0 0 0 0 0 0
 -2015 7 19 3 2 1 76 76 1 0 0 0 0 0 0 0 0 1 0 0 0 0 0 0 0 0 0 0 0 0
 -2015 7 19 3 2 1 78 78 1 0 0 0 0 0 0 0 0 0 1 0 0 0 0 0 0 0 0 0 0 0
 -2015 7 19 3 2 1 98 98 1 0 0 0 0 0 0 0 0 0 0 0 0 0 0 0 0 0 1 0 0 0
 -2016 7 19 3 2 1 24 24 1 0 1 0 0 0 0 0 0 0 0 0 0 0 0 0 0 0 0 0 0 0
 -2016 7 19 3 2 1 28 28 1 0 1 0 0 0 0 0 0 0 0 0 0 0 0 0 0 0 0 0 0 0
 2016 7 19 3 2 1 36 36 19 0 0 0.75 0.25 0 0 0 0 0 0 0 0 0 0 0 0 0 0 0 0 0
 2016 7 19 3 2 1 38 38 54 0 0 0.492 0.393 0.066 0.033 0.016 0 0 0 0 0 0 0 0 0 0 0 0 0 0
 2016 7 19 3 2 1 40 40 80 0 0 0.24 0.45 0.17 0.06 0.04 0 0 0.03 0.01 0 0 0 0 0 0 0 0 0 0
 2016 7 19 3 2 1 42 42 68 0 0 0.231 0.256 0.372 0.064 0.013 0.026 0.013 0.026 0 0 0 0 0 0 0 0 0 0 0
 2016 7 19 3 2 1 44 44 68 0 0 0.064 0.269 0.436 0.115 0.026 0.038 0.026 0.026 0 0 0 0 0 0 0 0 0 0 0
 2016 7 19 3 2 1 46 46 63 0 0 0.041 0.176 0.473 0.108 0.041 0.014 0.014 0.068 0.068 0 0 0 0 0 0 0 0 0 0
 2016 7 19 3 2 1 48 48 56 0 0 0.033 0.098 0.492 0.082 0.082 0.049 0.049 0.098 0.016 0 0 0 0 0 0 0 0 0 0
 2016 7 19 3 2 1 50 50 49 0 0 0.018 0.071 0.286 0.268 0.125 0.018 0.054 0.036 0.089 0.018 0.018 0 0 0 0 0 0 0 0
 2016 7 19 3 2 1 52 52 43 0 0 0 0.044 0.333 0.222 0.156 0.067 0.022 0.044 0.067 0.044 0 0 0 0 0 0 0 0 0
 2016 7 19 3 2 1 54 54 43 0 0 0.042 0.042 0.292 0.292 0.104 0.042 0.021 0.104 0.042 0 0 0 0 0 0.021 0 0 0 0
 2016 7 19 3 2 1 56 56 38 0 0 0 0.044 0.422 0.178 0.089 0.133 0.044 0.022 0.044 0.022 0 0 0 0 0 0 0 0 0
 2016 7 19 3 2 1 58 58 25 0 0 0 0 0.192 0.231 0.115 0.077 0.038 0.115 0.154 0.077 0 0 0 0 0 0 0 0 0
 2016 7 19 3 2 1 60 60 17 0 0 0 0 0.053 0.263 0.158 0.158 0.053 0.158 0.158 0 0 0 0 0 0 0 0 0 0
 2016 7 19 3 2 1 62 62 20 0 0 0 0 0.19 0.429 0.143 0.048 0.048 0.095 0.048 0 0 0 0 0 0 0 0 0 0
 2016 7 19 3 2 1 64 64 20 0 0 0 0.048 0.048 0.333 0.143 0.19 0 0.095 0.095 0 0.048 0 0 0 0 0 0 0 0
 2016 7 19 3 2 1 66 66 16 0 0 0 0 0.125 0.187 0.062 0.187 0.125 0.25 0.063 0 0 0 0 0 0 0 0 0 0
 2016 7 19 3 2 1 68 68 10 0 0 0 0 0 0.1 0.2 0.1 0.1 0.3 0.2 0 0 0 0 0 0 0 0 0 0
 2016 7 19 3 2 1 70 70 7 0 0 0 0 0 0 0.143 0.286 0.143 0 0.286 0.143 0 0 0 0 0 0 0 0 0
 2016 7 19 3 2 1 72 72 9 0 0 0 0 0 0 0.111 0.111 0.222 0.222 0.222 0.111 0 0 0 0 0 0 0 0 0
 2016 7 19 3 2 1 74 74 8 0 0 0 0 0 0 0 0.5 0.1 0.2 0.2 0 0 0 0 0 0 0 0 0 0
 2016 7 19 3 2 1 76 76 10 0 0 0 0 0 0.1 0 0.1 0.2 0.4 0 0.2 0 0 0 0 0 0 0 0 0
 2016 7 19 3 2 1 78 78 8 0 0 0 0 0 0 0 0 0.222 0.222 0.222 0.333 0 0 0 0 0 0 0 0 0
 2016 7 19 3 2 1 80 80 4 0 0 0 0 0 0 0 0 0 0.25 0.25 0.25 0.25 0 0 0 0 0 0 0 0
 -2016 7 19 3 2 1 82 82 1 0 0 0 0 0 0 0 0 0 0 1 0 0 0 0 0 0 0 0 0 0
 -2016 7 19 3 2 1 84 84 1 0 0 0 0 0 0 0 0 0 0 0 1 0 0 0 0 0 0 0 0 0
 2017 7 19 3 2 1 36 36 9 0 0 0.6 0.3 0 0 0 0 0 0 0.1 0 0 0 0 0 0 0 0 0 0
 2017 7 19 3 2 1 38 38 26 0 0 0.517 0.379 0.103 0 0 0 0 0 0 0 0 0 0 0 0 0 0 0 0
 2017 7 19 3 2 1 40 40 50 0 0 0.185 0.723 0.046 0.046 0 0 0 0 0 0 0 0 0 0 0 0 0 0 0
 2017 7 19 3 2 1 42 42 46 0 0 0.039 0.843 0.098 0.02 0 0 0 0 0 0 0 0 0 0 0 0 0 0 0
 2017 7 19 3 2 1 44 44 41 0 0 0.104 0.562 0.229 0.083 0 0 0.021 0 0 0 0 0 0 0 0 0 0 0 0
 2017 7 19 3 2 1 46 46 20 0 0 0 0.478 0.13 0.217 0.087 0.043 0 0 0.043 0 0 0 0 0 0 0 0 0 0
 2017 7 19 3 2 1 48 48 24 0 0 0 0.654 0 0.154 0.115 0.038 0.038 0 0 0 0 0 0 0 0 0 0 0 0
 2017 7 19 3 2 1 50 50 23 0 0 0 0.296 0.222 0.259 0.037 0.074 0.037 0 0.037 0.037 0 0 0 0 0 0 0 0 0
 2017 7 19 3 2 1 52 52 21 0 0 0 0.083 0.125 0.375 0.083 0.042 0 0.083 0.083 0.042 0.083 0 0 0 0 0 0 0 0
 2017 7 19 3 2 1 54 54 26 0 0 0 0.069 0.138 0.586 0.069 0.069 0 0 0.034 0.034 0 0 0 0 0 0 0 0 0
 2017 7 19 3 2 1 56 56 20 0 0 0 0 0.095 0.667 0.095 0 0.095 0 0 0.048 0 0 0 0 0 0 0 0 0
 2017 7 19 3 2 1 58 58 14 0 0 0 0 0.267 0.067 0.2 0.067 0.067 0.067 0.133 0.133 0 0 0 0 0 0 0 0 0
 2017 7 19 3 2 1 60 60 16 0 0 0 0 0.176 0.412 0.118 0.059 0 0.059 0.059 0 0.118 0 0 0 0 0 0 0 0
 2017 7 19 3 2 1 62 62 9 0 0 0 0 0 0 0.222 0.222 0 0 0.111 0.333 0.111 0 0 0 0 0 0 0 0
 2017 7 19 3 2 1 64 64 10 0 0 0 0 0 0.333 0.333 0.083 0 0.083 0 0.167 0 0 0 0 0 0 0 0 0
 2017 7 19 3 2 1 66 66 9 0 0 0 0 0 0.111 0.222 0.222 0 0 0.111 0.333 0 0 0 0 0 0 0 0 0
 2017 7 19 3 2 1 68 68 5 0 0 0 0 0 0.286 0 0.286 0 0 0 0.143 0.143 0.143 0 0 0 0 0 0 0
 2017 7 19 3 2 1 70 70 6 0 0 0 0 0 0 0.5 0 0.333 0 0.167 0 0 0 0 0 0 0 0 0 0
 2017 7 19 3 2 1 72 72 5 0 0 0 0 0 0 0 0 0.333 0.167 0.167 0.333 0 0 0 0 0 0 0 0 0
 2017 7 19 3 2 1 74 74 8 0 0 0 0 0 0 0 0.125 0.25 0.25 0.25 0 0.125 0 0 0 0 0 0 0 0
 2017 7 19 3 2 1 76 76 8 0 0 0 0 0 0 0 0 0.125 0.125 0 0.375 0.25 0.125 0 0 0 0 0 0 0
 2017 7 19 3 2 1 78 78 4 0 0 0 0 0 0.25 0 0 0 0 0.25 0.25 0 0.25 0 0 0 0 0 0 0
 2017 7 19 3 2 1 80 80 3 0 0 0 0 0 0.333 0 0 0 0 0.333 0.333 0 0 0 0 0 0 0 0 0
 2018 7 19 3 2 1 28 28 2 0 0 0.5 0 0.5 0 0 0 0 0 0 0 0 0 0 0 0 0 0 0 0
 -2018 7 19 3 2 1 30 30 1 0 0 1 0 0 0 0 0 0 0 0 0 0 0 0 0 0 0 0 0 0
 -2018 7 19 3 2 1 32 32 1 0 0 0 1 0 0 0 0 0 0 0 0 0 0 0 0 0 0 0 0 0
 2018 7 19 3 2 1 34 34 2 0 0 0.5 0.5 0 0 0 0 0 0 0 0 0 0 0 0 0 0 0 0 0
 2018 7 19 3 2 1 36 36 8 0 0 0.333 0.417 0.25 0 0 0 0 0 0 0 0 0 0 0 0 0 0 0 0
 2018 7 19 3 2 1 38 38 33 0 0 0.25 0.45 0.275 0.025 0 0 0 0 0 0 0 0 0 0 0 0 0 0 0
 2018 7 19 3 2 1 40 40 64 0 0 0.113 0.425 0.388 0.038 0.025 0 0 0.013 0 0 0 0 0 0 0 0 0 0 0
 2018 7 19 3 2 1 42 42 74 0 0 0.075 0.441 0.43 0.022 0.032 0 0 0 0 0 0 0 0 0 0 0 0 0 0
 2018 7 19 3 2 1 44 44 76 0 0 0.011 0.356 0.483 0.092 0.034 0.011 0.011 0 0 0 0 0 0 0 0 0 0 0 0
 2018 7 19 3 2 1 46 46 58 0 0 0.014 0.282 0.563 0.056 0.028 0.028 0.028 0 0 0 0 0 0 0 0 0 0 0 0
 2018 7 19 3 2 1 48 48 63 0 0 0 0.113 0.704 0.085 0.07 0 0 0.014 0.014 0 0 0 0 0 0 0 0 0 0
 2018 7 19 3 2 1 50 50 45 0 0 0 0.176 0.569 0.098 0.118 0.02 0 0 0 0.02 0 0 0 0 0 0 0 0 0
 2018 7 19 3 2 1 52 52 36 0 0 0 0.182 0.568 0.136 0.068 0.023 0 0 0.023 0 0 0 0 0 0 0 0 0 0
 2018 7 19 3 2 1 54 54 29 0 0 0 0.188 0.625 0.156 0.031 0 0 0 0 0 0 0 0 0 0 0 0 0 0
 2018 7 19 3 2 1 56 56 22 0 0 0.042 0.042 0.708 0 0.167 0.042 0 0 0 0 0 0 0 0 0 0 0 0 0
 2018 7 19 3 2 1 58 58 16 0 0 0 0.059 0.588 0.235 0 0.059 0.059 0 0 0 0 0 0 0 0 0 0 0 0
 2018 7 19 3 2 1 60 60 17 0 0 0 0.056 0.278 0.167 0.111 0.056 0.056 0.056 0 0 0.111 0.056 0.056 0 0 0 0 0 0
 2018 7 19 3 2 1 62 62 10 0 0 0 0 0.1 0.6 0.2 0 0 0 0 0 0.1 0 0 0 0 0 0 0 0
 2018 7 19 3 2 1 64 64 6 0 0 0 0.167 0 0.667 0.167 0 0 0 0 0 0 0 0 0 0 0 0 0 0
 2018 7 19 3 2 1 66 66 10 0 0 0 0 0.091 0.364 0.455 0.091 0 0 0 0 0 0 0 0 0 0 0 0 0
 2018 7 19 3 2 1 68 68 3 0 0 0 0 0 0 0.667 0 0.333 0 0 0 0 0 0 0 0 0 0 0 0
 2018 7 19 3 2 1 70 70 9 0 0 0 0 0.111 0.111 0.222 0.444 0 0 0 0 0 0 0 0.111 0 0 0 0 0
 2018 7 19 3 2 1 72 72 4 0 0 0 0 0 0.25 0 0.5 0 0 0 0 0.25 0 0 0 0 0 0 0 0
 2018 7 19 3 2 1 74 74 2 0 0 0 0 0 0 0 0.5 0 0 0 0.5 0 0 0 0 0 0 0 0 0
 2018 7 19 3 2 1 76 76 5 0 0 0 0 0 0 0 0.167 0 0 0.167 0.167 0.333 0.167 0 0 0 0 0 0 0
 2018 7 19 3 2 1 78 78 5 0 0 0 0.2 0 0 0 0 0 0 0.2 0 0.2 0 0.2 0.2 0 0 0 0 0
 2018 7 19 3 2 1 80 80 2 0 0 0 0 0 0 0 0 0 0 0 0 1 0 0 0 0 0 0 0 0
 -2018 7 19 3 2 1 84 84 1 0 0 0 0 0 0 0 0 0 0 0 0 1 0 0 0 0 0 0 0 0
 -2018 7 19 3 2 1 86 86 1 0 0 0 0 0 0 0 0 0 1 0 0 0 0 0 0 0 0 0 0 0
 -2019 7 19 3 2 1 30 30 1 0 0 0 1 0 0 0 0 0 0 0 0 0 0 0 0 0 0 0 0 0
 -2019 7 19 3 2 1 34 34 1 0 0 1 0 0 0 0 0 0 0 0 0 0 0 0 0 0 0 0 0 0
 2019 7 19 3 2 1 36 36 12 0 0 0.143 0.714 0.143 0 0 0 0 0 0 0 0 0 0 0 0 0 0 0 0
 2019 7 19 3 2 1 38 38 25 0 0.03 0.182 0.727 0 0.061 0 0 0 0 0 0 0 0 0 0 0 0 0 0 0
 2019 7 19 3 2 1 40 40 57 0 0 0.027 0.68 0.187 0.067 0.027 0.013 0 0 0 0 0 0 0 0 0 0 0 0 0
 2019 7 19 3 2 1 42 42 60 0 0 0.014 0.75 0.153 0.056 0.028 0 0 0 0 0 0 0 0 0 0 0 0 0 0
 2019 7 19 3 2 1 44 44 61 0 0 0 0.593 0.247 0.148 0.012 0 0 0 0 0 0 0 0 0 0 0 0 0 0
 2019 7 19 3 2 1 46 46 49 0 0 0 0.518 0.393 0.071 0.018 0 0 0 0 0 0 0 0 0 0 0 0 0 0
 2019 7 19 3 2 1 48 48 55 0 0 0.015 0.324 0.353 0.309 0 0 0 0 0 0 0 0 0 0 0 0 0 0 0
 2019 7 19 3 2 1 50 50 42 0 0 0 0.186 0.512 0.279 0 0.023 0 0 0 0 0 0 0 0 0 0 0 0 0
 2019 7 19 3 2 1 52 52 38 0 0 0 0.156 0.467 0.289 0.067 0 0 0 0 0 0 0 0.022 0 0 0 0 0 0
 2019 7 19 3 2 1 54 54 25 0 0 0 0.034 0.345 0.586 0.034 0 0 0 0 0 0 0 0 0 0 0 0 0 0
 2019 7 19 3 2 1 56 56 19 0 0 0 0.048 0.476 0.381 0.048 0.048 0 0 0 0 0 0 0 0 0 0 0 0 0
 2019 7 19 3 2 1 58 58 23 0 0 0 0.042 0.25 0.667 0 0.042 0 0 0 0 0 0 0 0 0 0 0 0 0
 2019 7 19 3 2 1 60 60 17 0 0 0 0.056 0.444 0.389 0 0.056 0 0 0 0 0 0.056 0 0 0 0 0 0 0
 2019 7 19 3 2 1 62 62 11 0 0 0 0.091 0 0.818 0 0 0.091 0 0 0 0 0 0 0 0 0 0 0 0
 2019 7 19 3 2 1 64 64 8 0 0 0 0.125 0.125 0.375 0.25 0 0.125 0 0 0 0 0 0 0 0 0 0 0 0
 2019 7 19 3 2 1 66 66 4 0 0 0 0 0.6 0.2 0 0 0.2 0 0 0 0 0 0 0 0 0 0 0 0
 2019 7 19 3 2 1 68 68 3 0 0 0 0 0 0.667 0.333 0 0 0 0 0 0 0 0 0 0 0 0 0 0
 2019 7 19 3 2 1 70 70 6 0 0 0 0 0 0.286 0.143 0.286 0 0.143 0 0 0 0 0 0 0 0.143 0 0 0
 -2019 7 19 3 2 1 72 72 1 0 0 0 0 0 0 1 0 0 0 0 0 0 0 0 0 0 0 0 0 0
 2019 7 19 3 2 1 74 74 2 0 0 0 0 0.5 0 0 0 0 0 0 0 0.5 0 0 0 0 0 0 0 0
 2019 7 19 3 2 1 76 76 7 0 0 0 0 0 0 0 0.143 0 0.143 0.143 0.143 0.143 0.143 0.143 0 0 0 0 0 0
 2019 7 19 3 2 1 78 78 2 0 0 0 0 0 0 0 0 0 0 0 0.5 0 0.5 0 0 0 0 0 0 0
 2019 7 19 3 2 1 82 82 2 0 0 0 0 0.5 0.5 0 0 0 0 0 0 0 0 0 0 0 0 0 0 0
 2019 7 19 3 2 1 84 84 3 0 0 0 0 0 0 0 0 0 0 0.333 0 0 0 0.333 0 0.333 0 0 0 0
 2020 7 19 3 2 1 36 36 5 0 0 0.857 0.143 0 0 0 0 0 0 0 0 0 0 0 0 0 0 0 0 0
 2020 7 19 3 2 1 38 38 16 0 0 0.526 0.263 0.105 0.053 0.053 0 0 0 0 0 0 0 0 0 0 0 0 0 0
 2020 7 19 3 2 1 40 40 25 0 0 0.296 0.296 0.296 0.037 0.074 0 0 0 0 0 0 0 0 0 0 0 0 0 0
 2020 7 19 3 2 1 42 42 26 0 0 0.214 0.286 0.357 0.071 0.036 0.036 0 0 0 0 0 0 0 0 0 0 0 0 0
 2020 7 19 3 2 1 44 44 19 0 0 0.05 0.25 0.6 0.05 0.05 0 0 0 0 0 0 0 0 0 0 0 0 0 0
 2020 7 19 3 2 1 46 46 20 0 0 0.043 0.217 0.565 0.087 0.087 0 0 0 0 0 0 0 0 0 0 0 0 0 0
 2020 7 19 3 2 1 48 48 20 0 0 0 0.048 0.667 0.19 0.048 0 0.048 0 0 0 0 0 0 0 0 0 0 0 0
 2020 7 19 3 2 1 50 50 19 0 0 0.053 0.053 0.684 0 0.105 0.105 0 0 0 0 0 0 0 0 0 0 0 0 0
 2020 7 19 3 2 1 52 52 18 0 0 0 0.04 0.56 0.2 0.12 0.04 0.04 0 0 0 0 0 0 0 0 0 0 0 0
 2020 7 19 3 2 1 54 54 16 0 0 0 0 0.65 0.15 0.15 0.05 0 0 0 0 0 0 0 0 0 0 0 0 0
 2020 7 19 3 2 1 56 56 13 0 0 0 0 0.714 0.071 0.143 0 0 0 0 0 0 0 0.071 0 0 0 0 0 0
 2020 7 19 3 2 1 58 58 8 0 0 0 0 0.125 0.5 0.125 0.25 0 0 0 0 0 0 0 0 0 0 0 0 0
 2020 7 19 3 2 1 60 60 10 0 0 0 0 0.25 0.083 0.5 0.167 0 0 0 0 0 0 0 0 0 0 0 0 0
 2020 7 19 3 2 1 62 62 9 0 0 0 0 0.1 0.2 0.4 0.2 0.1 0 0 0 0 0 0 0 0 0 0 0 0
 2020 7 19 3 2 1 66 66 3 0 0 0 0 0.333 0 0.333 0 0.333 0 0 0 0 0 0 0 0 0 0 0 0
 2020 7 19 3 2 1 68 68 2 0 0 0 0 0 0.5 0.5 0 0 0 0 0 0 0 0 0 0 0 0 0 0
 -2020 7 19 3 2 1 70 70 1 0 0 0 0 0 0 1 0 0 0 0 0 0 0 0 0 0 0 0 0 0
 -2020 7 19 3 2 1 72 72 1 0 0 0 0 0 0 1 0 0 0 0 0 0 0 0 0 0 0 0 0 0
 -2020 7 19 3 2 1 80 80 1 0 0 0 0 0 0 0 0 0 1 0 0 0 0 0 0 0 0 0 0 0
 -2020 7 19 3 2 1 82 82 1 0 0 0 0 0 0 0 0 0 0 0 0 0 0 1 0 0 0 0 0 0
 -2020 7 19 3 2 1 90 90 1 0 0 0 0 0 0 0 0 0 0 0 0 0 0 0 0 0 0 0 0 1
 2021 7 19 3 2 1 36 36 6 0 0 0 0.625 0.125 0.125 0.125 0 0 0 0 0 0 0 0 0 0 0 0 0 0
 2021 7 19 3 2 1 38 38 21 0 0 0.04 0.64 0.32 0 0 0 0 0 0 0 0 0 0 0 0 0 0 0 0
 2021 7 19 3 2 1 40 40 22 0 0 0 0.519 0.259 0.111 0.074 0.037 0 0 0 0 0 0 0 0 0 0 0 0 0
 2021 7 19 3 2 1 42 42 29 0 0 0.026 0.564 0.282 0.026 0 0.051 0 0.051 0 0 0 0 0 0 0 0 0 0 0
 2021 7 19 3 2 1 44 44 26 0 0 0.036 0.429 0.429 0.071 0 0 0 0.036 0 0 0 0 0 0 0 0 0 0 0
 2021 7 19 3 2 1 46 46 13 0 0 0 0.385 0.385 0.154 0.077 0 0 0 0 0 0 0 0 0 0 0 0 0 0
 2021 7 19 3 2 1 48 48 20 0 0 0 0.391 0.217 0.348 0 0.043 0 0 0 0 0 0 0 0 0 0 0 0 0
 2021 7 19 3 2 1 50 50 16 0 0 0 0.118 0.294 0.294 0.118 0.118 0 0 0.059 0 0 0 0 0 0 0 0 0 0
 2021 7 19 3 2 1 52 52 11 0 0 0 0 0.083 0.5 0.167 0.25 0 0 0 0 0 0 0 0 0 0 0 0 0
 2021 7 19 3 2 1 54 54 14 0 0 0 0.067 0.133 0.6 0.067 0.133 0 0 0 0 0 0 0 0 0 0 0 0 0
 2021 7 19 3 2 1 56 56 9 0 0 0 0 0.2 0.5 0 0.3 0 0 0 0 0 0 0 0 0 0 0 0 0
 2021 7 19 3 2 1 58 58 5 0 0 0 0 0.167 0.333 0 0.5 0 0 0 0 0 0 0 0 0 0 0 0 0
 2021 7 19 3 2 1 60 60 7 0 0 0 0 0.125 0.5 0.125 0.125 0.125 0 0 0 0 0 0 0 0 0 0 0 0
 2021 7 19 3 2 1 62 62 3 0 0 0 0 0 0.333 0.333 0.333 0 0 0 0 0 0 0 0 0 0 0 0 0
 2021 7 19 3 2 1 64 64 8 0 0 0 0.125 0 0.5 0 0.375 0 0 0 0 0 0 0 0 0 0 0 0 0
 2021 7 19 3 2 1 66 66 6 0 0 0 0 0 0.286 0.143 0.286 0.286 0 0 0 0 0 0 0 0 0 0 0 0
 2021 7 19 3 2 1 68 68 7 0 0 0 0 0 0.25 0.125 0.5 0.125 0 0 0 0 0 0 0 0 0 0 0 0
 2021 7 19 3 2 1 70 70 7 0 0 0 0 0 0 0.125 0.625 0.25 0 0 0 0 0 0 0 0 0 0 0 0
 2021 7 19 3 2 1 72 72 7 0 0 0 0 0 0.143 0.286 0.143 0 0 0 0 0 0 0 0 0.143 0.143 0.143 0 0
 2021 7 19 3 2 1 74 74 2 0 0 0 0 0 0 0.5 0 0 0 0.5 0 0 0 0 0 0 0 0 0 0
 2021 7 19 3 2 1 76 76 2 0 0 0 0 0 0 0 0 0 0 0.5 0 0 0.5 0 0 0 0 0 0 0
 -2021 7 19 3 2 1 78 78 1 0 0 0 0 0 0 0 0 0 0 0 0 0 0 0 0 1 0 0 0 0
 2021 7 19 3 2 1 82 82 3 0 0 0 0 0 0 0 0 0 0.333 0 0 0 0 0 0 0.333 0 0.333 0 0
 2022 7 19 3 2 1 36 36 14 0 0 0.412 0.353 0.235 0 0 0 0 0 0 0 0 0 0 0 0 0 0 0 0
 2022 7 19 3 2 1 38 38 24 0 0 0.179 0.464 0.214 0.071 0.071 0 0 0 0 0 0 0 0 0 0 0 0 0 0
 2022 7 19 3 2 1 40 40 19 0 0 0.042 0.542 0.333 0.083 0 0 0 0 0 0 0 0 0 0 0 0 0 0 0
 2022 7 19 3 2 1 42 42 24 0 0 0.062 0.531 0.344 0.063 0 0 0 0 0 0 0 0 0 0 0 0 0 0 0
 2022 7 19 3 2 1 44 44 19 0 0 0 0.269 0.462 0.192 0.077 0 0 0 0 0 0 0 0 0 0 0 0 0 0
 2022 7 19 3 2 1 46 46 17 0 0 0 0.238 0.619 0.048 0.048 0 0.048 0 0 0 0 0 0 0 0 0 0 0 0
 2022 7 19 3 2 1 48 48 6 0 0 0 0.833 0.167 0 0 0 0 0 0 0 0 0 0 0 0 0 0 0 0
 2022 7 19 3 2 1 50 50 10 0 0 0 0 0.6 0.2 0 0 0.2 0 0 0 0 0 0 0 0 0 0 0 0
 2022 7 19 3 2 1 52 52 3 0 0 0 0 0.333 0.333 0.333 0 0 0 0 0 0 0 0 0 0 0 0 0 0
 2022 7 19 3 2 1 54 54 5 0 0 0 0 0.333 0.5 0.167 0 0 0 0 0 0 0 0 0 0 0 0 0 0
 2022 7 19 3 2 1 56 56 3 0 0 0 0 0 0.333 0.333 0 0.333 0 0 0 0 0 0 0 0 0 0 0 0
 -2022 7 19 3 2 1 58 58 1 0 0 0 0 0 1 0 0 0 0 0 0 0 0 0 0 0 0 0 0 0
 2022 7 19 3 2 1 60 60 6 0 0 0 0 0.167 0.667 0.167 0 0 0 0 0 0 0 0 0 0 0 0 0 0
 2022 7 19 3 2 1 62 62 2 0 0 0 0 0 0.5 0 0 0.5 0 0 0 0 0 0 0 0 0 0 0 0
 2022 7 19 3 2 1 64 64 2 0 0 0 0 0 0 0.5 0.5 0 0 0 0 0 0 0 0 0 0 0 0 0
 2022 7 19 3 2 1 66 66 2 0 0 0 0 0 0 1 0 0 0 0 0 0 0 0 0 0 0 0 0 0
 -2022 7 19 3 2 1 68 68 1 0 0 0 0 0 0 1 0 0 0 0 0 0 0 0 0 0 0 0 0 0
 2022 7 19 3 2 1 70 70 9 0 0 0 0 0 0 0.556 0.111 0.222 0 0 0.111 0 0 0 0 0 0 0 0 0
 2022 7 19 3 2 1 72 72 3 0 0 0 0 0 0 0 0.667 0 0 0 0 0.333 0 0 0 0 0 0 0 0
 -2022 7 19 3 2 1 76 76 1 0 0 0 0 0 0 0 0 0 0 0 0 0 0 0 1 0 0 0 0 0
 -2022 7 19 3 2 1 78 78 1 0 0 0 0 0 0 0 0 1 0 0 0 0 0 0 0 0 0 0 0 0
 2022 7 19 3 2 1 80 80 2 0 0 0 0 0 0 0 0 0 0.5 0 0 0 0.5 0 0 0 0 0 0 0
 -2022 7 19 3 2 1 82 82 1 0 0 0 0 0 0 0 0 0 0 0 0 0 0 0 0 0 1 0 0 0
 -2022 7 19 3 2 1 84 84 1 0 0 0 0 0 0 0 0 0 0 0 0 0 0 0 0 1 0 0 0 0
 -2022 7 19 3 2 1 86 86 1 0 0 0 0 0 0 0 0 0 0 0 0 0 0 0 1 0 0 0 0 0
 2023 7 19 3 2 1 36 36 8 0 0 0.625 0.375 0 0 0 0 0 0 0 0 0 0 0 0 0 0 0 0 0
 2023 7 19 3 2 1 38 38 22 0 0.043 0.348 0.348 0.261 0 0 0 0 0 0 0 0 0 0 0 0 0 0 0 0
 2023 7 19 3 2 1 40 40 42 0 0 0.298 0.426 0.128 0.128 0.021 0 0 0 0 0 0 0 0 0 0 0 0 0 0
 2023 7 19 3 2 1 42 42 32 0 0 0.167 0.611 0.139 0.056 0.028 0 0 0 0 0 0 0 0 0 0 0 0 0 0
 2023 7 19 3 2 1 44 44 24 0 0 0.077 0.538 0.154 0.192 0.038 0 0 0 0 0 0 0 0 0 0 0 0 0 0
 2023 7 19 3 2 1 46 46 15 0 0 0.125 0.188 0.562 0.062 0 0 0.062 0 0 0 0 0 0 0 0 0 0 0 0
 2023 7 19 3 2 1 48 48 18 0 0 0.045 0.455 0.273 0.091 0.045 0.045 0 0.045 0 0 0 0 0 0 0 0 0 0 0
 2023 7 19 3 2 1 50 50 9 0 0 0 0.333 0.444 0.222 0 0 0 0 0 0 0 0 0 0 0 0 0 0 0
 2023 7 19 3 2 1 52 52 9 0 0 0 0 0.333 0.333 0.111 0.222 0 0 0 0 0 0 0 0 0 0 0 0 0
 2023 7 19 3 2 1 54 54 7 0 0 0 0 0.571 0.286 0 0 0 0.143 0 0 0 0 0 0 0 0 0 0 0
 2023 7 19 3 2 1 56 56 9 0 0 0 0 0.444 0.333 0 0.111 0.111 0 0 0 0 0 0 0 0 0 0 0 0
 2023 7 19 3 2 1 58 58 10 0 0 0 0 0.3 0.4 0 0 0 0.3 0 0 0 0 0 0 0 0 0 0 0
 2023 7 19 3 2 1 60 60 5 0 0 0 0 0.167 0.333 0 0.167 0 0.333 0 0 0 0 0 0 0 0 0 0 0
 2023 7 19 3 2 1 62 62 2 0 0 0 0 0 0 1 0 0 0 0 0 0 0 0 0 0 0 0 0 0
 2023 7 19 3 2 1 64 64 5 0 0 0 0 0 0.4 0.2 0 0 0.4 0 0 0 0 0 0 0 0 0 0 0
 2023 7 19 3 2 1 66 66 2 0 0 0 0 0 0 0.5 0.5 0 0 0 0 0 0 0 0 0 0 0 0 0
 2023 7 19 3 2 1 68 68 2 0 0 0 0 0 0 0 0 0.5 0.5 0 0 0 0 0 0 0 0 0 0 0
 2023 7 19 3 2 1 70 70 2 0 0 0 0 0 0 0 0 0 0.5 0 0 0.5 0 0 0 0 0 0 0 0
 2023 7 19 3 2 1 72 72 4 0 0 0 0 0 0 0.25 0 0 0.75 0 0 0 0 0 0 0 0 0 0 0
 -2023 7 19 3 2 1 74 74 1 0 0 0 0 0 0 0 1 0 0 0 0 0 0 0 0 0 0 0 0 0
 -2023 7 19 3 2 1 76 76 1 0 0 0 0 0 0 0 0 0 1 0 0 0 0 0 0 0 0 0 0 0
 -2023 7 19 3 2 1 78 78 1 0 0 0 0 0 0 0 0 0 1 0 0 0 0 0 0 0 0 0 0 0
 2023 7 19 3 2 1 80 80 4 0 0 0 0 0 0 0 0 0 0.5 0 0 0 0.5 0 0 0 0 0 0 0
 -2023 7 19 3 2 1 82 82 1 0 0 0 0 0 0 0 1 0 0 0 0 0 0 0 0 0 0 0 0 0
 -2023 7 19 3 2 1 84 84 1 0 0 0 0 0 0 0 0 0 0 0 0 0 0 0 1 0 0 0 0 0
 -2023 7 19 3 2 1 88 88 1 0 0 0 0 0 0 0 0 0 0 0 0 0 0 0 1 0 0 0 0 0
 -2017 7 20 3 2 1 34 34 1 0 0 0 1 0 0 0 0 0 0 0 0 0 0 0 0 0 0 0 0 0
 2017 7 20 3 2 1 36 36 8 0 0 0 1 0 0 0 0 0 0 0 0 0 0 0 0 0 0 0 0 0
 2017 7 20 3 2 1 38 38 16 0 0 0 0.96 0 0 0 0.04 0 0 0 0 0 0 0 0 0 0 0 0 0
 2017 7 20 3 2 1 40 40 37 0 0 0 1 0 0 0 0 0 0 0 0 0 0 0 0 0 0 0 0 0
 2017 7 20 3 2 1 42 42 44 0 0 0.017 0.917 0.033 0.033 0 0 0 0 0 0 0 0 0 0 0 0 0 0 0
 2017 7 20 3 2 1 44 44 45 0 0 0 0.955 0.045 0 0 0 0 0 0 0 0 0 0 0 0 0 0 0 0
 2017 7 20 3 2 1 46 46 42 0 0 0 0.933 0.044 0.022 0 0 0 0 0 0 0 0 0 0 0 0 0 0 0
 2017 7 20 3 2 1 48 48 26 0 0 0 0.882 0.088 0.029 0 0 0 0 0 0 0 0 0 0 0 0 0 0 0
 2017 7 20 3 2 1 50 50 14 0 0 0 0.867 0 0.067 0 0.067 0 0 0 0 0 0 0 0 0 0 0 0 0
 2017 7 20 3 2 1 52 52 6 0 0 0 0.833 0.167 0 0 0 0 0 0 0 0 0 0 0 0 0 0 0 0
 2017 7 20 3 2 1 54 54 8 0 0 0 0.75 0.125 0 0.125 0 0 0 0 0 0 0 0 0 0 0 0 0 0
 2017 7 20 3 2 1 56 56 2 0 0 0 0.5 0 0 0 0 0.5 0 0 0 0 0 0 0 0 0 0 0 0
 -2017 7 20 3 2 1 58 58 1 0 0 0 0 0 1 0 0 0 0 0 0 0 0 0 0 0 0 0 0 0
 2017 7 20 3 2 1 60 60 4 0 0 0 0 0.2 0.2 0.4 0.2 0 0 0 0 0 0 0 0 0 0 0 0 0
 2017 7 20 3 2 1 62 62 2 0 0 0 0 0 1 0 0 0 0 0 0 0 0 0 0 0 0 0 0 0
 2017 7 20 3 2 1 64 64 3 0 0 0 0 0 0.4 0.6 0 0 0 0 0 0 0 0 0 0 0 0 0 0
 -2017 7 20 3 2 1 66 66 1 0 0 0 0 0 0 0.5 0.5 0 0 0 0 0 0 0 0 0 0 0 0 0
 2017 7 20 3 2 1 70 70 2 0 0 0 0 0 0 0.5 0 0 0 0.5 0 0 0 0 0 0 0 0 0 0
 -2017 7 20 3 2 1 72 72 1 0 0 0 0 0 0 0 0 0 1 0 0 0 0 0 0 0 0 0 0 0
 2017 7 20 3 2 1 74 74 2 0 0 0 0 0 0 0 0 0 0.5 0.5 0 0 0 0 0 0 0 0 0 0
 -2017 7 20 3 2 1 76 76 1 0 0 0 0 0 0 0 0.5 0 0.5 0 0 0 0 0 0 0 0 0 0 0
 -2017 7 20 3 2 1 80 80 1 0 0 0 0 0 0 0 0 0 1 0 0 0 0 0 0 0 0 0 0 0
 2018 7 20 3 2 1 38 38 2 0 0 0 0 1 0 0 0 0 0 0 0 0 0 0 0 0 0 0 0 0
 2018 7 20 3 2 1 42 42 2 0 0 0 0 1 0 0 0 0 0 0 0 0 0 0 0 0 0 0 0 0
 2018 7 20 3 2 1 44 44 4 0 0 0 0 1 0 0 0 0 0 0 0 0 0 0 0 0 0 0 0 0
 2018 7 20 3 2 1 46 46 4 0 0 0 0.2 0.6 0.2 0 0 0 0 0 0 0 0 0 0 0 0 0 0 0
 2018 7 20 3 2 1 48 48 6 0 0 0 0 1 0 0 0 0 0 0 0 0 0 0 0 0 0 0 0 0
 2018 7 20 3 2 1 50 50 7 0 0 0 0 0.875 0.125 0 0 0 0 0 0 0 0 0 0 0 0 0 0 0
 2018 7 20 3 2 1 52 52 4 0 0 0 0 1 0 0 0 0 0 0 0 0 0 0 0 0 0 0 0 0
 2018 7 20 3 2 1 54 54 3 0 0 0 0 1 0 0 0 0 0 0 0 0 0 0 0 0 0 0 0 0
 -2018 7 20 3 2 1 56 56 1 0 0 0 0 1 0 0 0 0 0 0 0 0 0 0 0 0 0 0 0 0
 -2018 7 20 3 2 1 58 58 1 0 0 0 0 1 0 0 0 0 0 0 0 0 0 0 0 0 0 0 0 0
 2018 7 20 3 2 1 66 66 2 0 0 0 0 0 0 1 0 0 0 0 0 0 0 0 0 0 0 0 0 0
 -2019 7 20 3 2 1 38 38 1 0 0 0 1 0 0 0 0 0 0 0 0 0 0 0 0 0 0 0 0 0
 2019 7 20 3 2 1 40 40 2 0 0 0 0.5 0 0.5 0 0 0 0 0 0 0 0 0 0 0 0 0 0 0
 2019 7 20 3 2 1 42 42 2 0 0 0 1 0 0 0 0 0 0 0 0 0 0 0 0 0 0 0 0 0
 -2019 7 20 3 2 1 44 44 1 0 0 0 1 0 0 0 0 0 0 0 0 0 0 0 0 0 0 0 0 0
 2019 7 20 3 2 1 46 46 2 0 0 0 0 0 1 0 0 0 0 0 0 0 0 0 0 0 0 0 0 0
 2019 7 20 3 2 1 48 48 4 0 0 0 0 0.167 0.833 0 0 0 0 0 0 0 0 0 0 0 0 0 0 0
 2019 7 20 3 2 1 50 50 2 0 0 0 0 0 1 0 0 0 0 0 0 0 0 0 0 0 0 0 0 0
 -2019 7 20 3 2 1 52 52 1 0 0 0 0 0 1 0 0 0 0 0 0 0 0 0 0 0 0 0 0 0
 2019 7 20 3 2 1 54 54 2 0 0 0 0 0 1 0 0 0 0 0 0 0 0 0 0 0 0 0 0 0
 2019 7 20 3 2 1 56 56 3 0 0 0 0 0 1 0 0 0 0 0 0 0 0 0 0 0 0 0 0 0
 -2019 7 20 3 2 1 58 58 1 0 0 0 0 0 1 0 0 0 0 0 0 0 0 0 0 0 0 0 0 0
 -2019 7 20 3 2 1 60 60 1 0 0 0 0 0 1 0 0 0 0 0 0 0 0 0 0 0 0 0 0 0
 -2019 7 20 3 2 1 64 64 1 0 0 0 0 0 1 0 0 0 0 0 0 0 0 0 0 0 0 0 0 0
 2020 7 20 3 2 1 38 38 2 0 0 0 0.5 0.5 0 0 0 0 0 0 0 0 0 0 0 0 0 0 0 0
 2020 7 20 3 2 1 40 40 2 0 0 0 0 0.5 0 0.5 0 0 0 0 0 0 0 0 0 0 0 0 0 0
 2020 7 20 3 2 1 42 42 5 0 0 0 0.571 0.429 0 0 0 0 0 0 0 0 0 0 0 0 0 0 0 0
 2020 7 20 3 2 1 44 44 3 0 0 0 0.333 0.333 0 0.333 0 0 0 0 0 0 0 0 0 0 0 0 0 0
 2020 7 20 3 2 1 46 46 3 0 0 0 0.333 0 0 0.667 0 0 0 0 0 0 0 0 0 0 0 0 0 0
 2020 7 20 3 2 1 48 48 6 0 0 0 0 0.143 0.143 0.714 0 0 0 0 0 0 0 0 0 0 0 0 0 0
 2020 7 20 3 2 1 50 50 4 0 0 0 0.25 0 0 0.75 0 0 0 0 0 0 0 0 0 0 0 0 0 0
 2020 7 20 3 2 1 52 52 3 0 0 0 0 0 0 1 0 0 0 0 0 0 0 0 0 0 0 0 0 0
 2020 7 20 3 2 1 54 54 3 0 0 0 0 0 0.333 0.667 0 0 0 0 0 0 0 0 0 0 0 0 0 0
 2020 7 20 3 2 1 56 56 5 0 0 0 0 0 0 1 0 0 0 0 0 0 0 0 0 0 0 0 0 0
 2020 7 20 3 2 1 58 58 3 0 0 0 0 0 0 1 0 0 0 0 0 0 0 0 0 0 0 0 0 0
 2020 7 20 3 2 1 60 60 4 0 0 0 0 0 0 1 0 0 0 0 0 0 0 0 0 0 0 0 0 0
 2020 7 20 3 2 1 62 62 2 0 0 0 0 0 0 1 0 0 0 0 0 0 0 0 0 0 0 0 0 0
 -2020 7 20 3 2 1 64 64 1 0 0 0 0 0 0 1 0 0 0 0 0 0 0 0 0 0 0 0 0 0
 -2021 7 20 3 2 1 38 38 1 0 0 1 0 0 0 0 0 0 0 0 0 0 0 0 0 0 0 0 0 0
 2021 7 20 3 2 1 42 42 2 0 0 0 0.5 0.5 0 0 0 0 0 0 0 0 0 0 0 0 0 0 0 0
 2021 7 20 3 2 1 44 44 3 0 0 0 0.333 0.333 0 0 0.333 0 0 0 0 0 0 0 0 0 0 0 0 0
 2021 7 20 3 2 1 46 46 4 0 0 0 0.25 0.75 0 0 0 0 0 0 0 0 0 0 0 0 0 0 0 0
 2021 7 20 3 2 1 48 48 2 0 0 0 0 0 0 0.5 0.5 0 0 0 0 0 0 0 0 0 0 0 0 0
 -2021 7 20 3 2 1 50 50 1 0 0 0 0 1 0 0 0 0 0 0 0 0 0 0 0 0 0 0 0 0
 2021 7 20 3 2 1 52 52 3 0 0 0 0 0.667 0 0 0.333 0 0 0 0 0 0 0 0 0 0 0 0 0
 -2021 7 20 3 2 1 54 54 1 0 0 0 0 1 0 0 0 0 0 0 0 0 0 0 0 0 0 0 0 0
 -2021 7 20 3 2 1 56 56 1 0 0 0 0 0 0 0 1 0 0 0 0 0 0 0 0 0 0 0 0 0
 2021 7 20 3 2 1 60 60 2 0 0 0 0 0 0 1 0 0 0 0 0 0 0 0 0 0 0 0 0 0
 2021 7 20 3 2 1 62 62 2 0 0 0 0 0 0.5 0.5 0 0 0 0 0 0 0 0 0 0 0 0 0 0
 -2022 7 20 3 2 1 36 36 1 0 0 1 0 0 0 0 0 0 0 0 0 0 0 0 0 0 0 0 0 0
 -2022 7 20 3 2 1 42 42 1 0 0 0 1 0 0 0 0 0 0 0 0 0 0 0 0 0 0 0 0 0
 2022 7 20 3 2 1 44 44 2 0 0 0 0 0.5 0 0.5 0 0 0 0 0 0 0 0 0 0 0 0 0 0
 2022 7 20 3 2 1 46 46 2 0 0 0 0.667 0.333 0 0 0 0 0 0 0 0 0 0 0 0 0 0 0 0
 2022 7 20 3 2 1 48 48 3 0 0 0 0.333 0 0.333 0 0 0.333 0 0 0 0 0 0 0 0 0 0 0 0
 2022 7 20 3 2 1 50 50 3 0 0 0 0.5 0.25 0.25 0 0 0 0 0 0 0 0 0 0 0 0 0 0 0
 2022 7 20 3 2 1 52 52 3 0 0 0 0 1 0 0 0 0 0 0 0 0 0 0 0 0 0 0 0 0
 -2022 7 20 3 2 1 54 54 1 0 0 0 0 1 0 0 0 0 0 0 0 0 0 0 0 0 0 0 0 0
 2022 7 20 3 2 1 60 60 2 0 0 0 0 0 1 0 0 0 0 0 0 0 0 0 0 0 0 0 0 0
 2022 7 20 3 2 1 62 62 2 0 0 0 0 0.333 0.667 0 0 0 0 0 0 0 0 0 0 0 0 0 0 0
 2022 7 20 3 2 1 64 64 3 0 0 0 0 0 0.75 0.25 0 0 0 0 0 0 0 0 0 0 0 0 0 0
 -2022 7 20 3 2 1 68 68 1 0 0 0 0 0 1 0 0 0 0 0 0 0 0 0 0 0 0 0 0 0
 -2022 7 20 3 2 1 70 70 1 0 0 0 0 0 0 1 0 0 0 0 0 0 0 0 0 0 0 0 0 0
 -2022 7 20 3 2 1 72 72 1 0 0 0 0 0 0 0 1 0 0 0 0 0 0 0 0 0 0 0 0 0
 -2023 7 20 3 2 1 38 38 1 0 0 0 1 0 0 0 0 0 0 0 0 0 0 0 0 0 0 0 0 0
 2023 7 20 3 2 1 40 40 2 0 0 0 1 0 0 0 0 0 0 0 0 0 0 0 0 0 0 0 0 0
 2023 7 20 3 2 1 42 42 2 0 0 0 1 0 0 0 0 0 0 0 0 0 0 0 0 0 0 0 0 0
 2023 7 20 3 2 1 44 44 2 0 0 0 0.5 0 0 0.5 0 0 0 0 0 0 0 0 0 0 0 0 0 0
 2023 7 20 3 2 1 48 48 2 0 0 0 1 0 0 0 0 0 0 0 0 0 0 0 0 0 0 0 0 0
 -2023 7 20 3 2 1 50 50 1 0 0 0 0.5 0.5 0 0 0 0 0 0 0 0 0 0 0 0 0 0 0 0
 2023 7 20 3 2 1 52 52 2 0 0 0 0 1 0 0 0 0 0 0 0 0 0 0 0 0 0 0 0 0
 2023 7 20 3 2 1 54 54 2 0 0 0 0 0.5 0 0 0 0 0.5 0 0 0 0 0 0 0 0 0 0 0
 2023 7 20 3 2 1 56 56 2 0 0 0 0 0 0 0 0 0 1 0 0 0 0 0 0 0 0 0 0 0
 -2023 7 20 3 2 1 58 58 1 0 0 0 0 1 0 0 0 0 0 0 0 0 0 0 0 0 0 0 0 0
 -2023 7 20 3 2 1 60 60 1 0 0 0 0 0 0 0 0 0 1 0 0 0 0 0 0 0 0 0 0 0
 -2023 7 20 3 2 1 62 62 1 0 0 0 0 0 0 1 0 0 0 0 0 0 0 0 0 0 0 0 0 0
 2023 7 20 3 2 1 64 64 5 0 0 0 0 0 0 0.4 0.2 0 0.4 0 0 0 0 0 0 0 0 0 0 0
 2023 7 20 3 2 1 66 66 3 0 0 0 0 0 0 0.333 0 0 0.667 0 0 0 0 0 0 0 0 0 0 0
 2023 7 20 3 2 1 68 68 2 0 0 0 0 0 0 0 0.333 0 0.667 0 0 0 0 0 0 0 0 0 0 0
 -2023 7 20 3 2 1 74 74 1 0 0 0 0 0 0 0 0 0 1 0 0 0 0 0 0 0 0 0 0 0
 2007 7 27 3 0 1 -1 -1 287 0 0.024 0.023 0.317 0.43 0.15 0.035 0.012 0.003 0 0.001 0 0 0 0 0 0 0 0 0 0
 2008 7 27 3 0 1 -1 -1 310 0 0.005 0.074 0.26 0.254 0.317 0.063 0.011 0.006 0.002 0 0 0 0 0 0 0 0.002 0 0 0
 2009 7 27 3 0 1 -1 -1 219 0 0.004 0.039 0.286 0.346 0.204 0.084 0.022 0.003 0 0.002 0.003 0 0 0 0 0 0.001 0 0.002 0.001
 2010 7 27 3 0 1 -1 -1 496 0 0 0.061 0.232 0.383 0.215 0.068 0.03 0.007 0 0 0 0 0 0 0 0 0 0 0 0
 2011 7 27 3 0 1 -1 -1 750 0 0 0.007 0.068 0.332 0.381 0.147 0.047 0.011 0.005 0.001 0 0 0 0 0 0 0 0 0 0
 2012 7 27 3 0 1 -1 -1 1532 0 0.004 0.024 0.066 0.245 0.328 0.232 0.07 0.019 0.005 0.003 0.001 0 0 0 0 0 0 0 0 0
 2013 7 27 3 0 1 -1 -1 660 0 0 0.05 0.133 0.106 0.222 0.233 0.165 0.065 0.015 0.004 0.004 0 0 0 0 0 0 0 0 0
 2014 7 27 3 0 1 -1 -1 490 0 0.007 0.052 0.217 0.172 0.108 0.153 0.116 0.102 0.053 0.014 0.002 0 0.001 0 0 0 0 0 0 0
 2015 7 27 3 0 1 -1 -1 853 0 0.158 0.138 0.189 0.206 0.084 0.045 0.064 0.05 0.04 0.018 0.002 0 0 0 0 0 0 0 0 0
 2016 7 27 3 0 1 -1 -1 871 0 0.007 0.518 0.178 0.095 0.097 0.037 0.016 0.018 0.016 0.011 0.004 0 0 0 0 0 0 0 0 0
 2017 7 27 3 0 1 -1 -1 457 0 0.001 0.081 0.767 0.055 0.032 0.026 0.012 0.006 0.008 0.004 0.003 0.004 0 0 0 0 0 0 0 0
 2018 7 27 3 0 1 -1 -1 158 0 0 0.03 0.125 0.723 0.067 0.016 0.013 0.006 0.004 0.005 0.004 0.003 0.001 0 0 0 0 0 0 0
 2019 7 27 3 0 1 -1 -1 81 0 0.002 0.038 0.127 0.174 0.548 0.057 0.026 0.008 0.008 0.004 0.003 0.002 0.001 0 0 0 0 0 0 0
 2020 7 27 3 0 1 -1 -1 371 0 0.003 0.021 0.101 0.152 0.186 0.453 0.043 0.014 0.008 0.006 0.003 0.001 0 0.003 0 0 0 0 0 0
 2021 7 27 3 0 1 -1 -1 287 0 0.002 0.049 0.084 0.28 0.15 0.132 0.272 0.015 0.003 0.004 0.001 0.002 0.002 0 0 0.001 0 0 0 0
 2022 7 27 3 0 1 -1 -1 350 0 0.003 0.027 0.224 0.119 0.177 0.129 0.086 0.213 0.011 0.002 0.002 0.001 0.002 0.001 0.001 0 0 0 0 0
 2023 7 27 3 0 1 -1 -1 356 0 0.003 0.039 0.145 0.19 0.087 0.134 0.112 0.108 0.132 0.016 0.011 0.005 0.004 0.004 0.004 0.003 0 0.003 0 0
 -1995 -7 34 3 0 1 -1 -1 1079.21 0.846 0.105 0.033 0.011 0.002 0 0 0 0 0 0 0 0 0 0 0 0 0 0 0 0
 -1996 7 -34 3 0 1 -1 -1 1127.26 0.959 0.038 0 0 0 0 0 0 0 0 0 0 0 0 0 0 0 0 0 0 0
 -1997 7 -34 3 0 1 -1 -1 1325.11 0.853 0.12 0.018 0.004 0.001 0 0 0 0 0 0 0 0 0 0 0 0 0 0 0 0
 -1998 7 -34 3 0 1 -1 -1 2219.34 0.944 0.013 0.029 0.012 0.002 0 0 0 0 0 0 0 0 0 0 0 0 0 0 0 0
 -1999 7 -34 3 0 1 -1 -1 2165.01 0.951 0.039 0.003 0.003 0.002 0 0 0 0 0 0 0 0 0 0 0 0 0 0 0 0
 -2000 7 -34 3 0 1 -1 -1 2107 0.917 0.078 0.001 0.002 0 0 0 0 0 0 0 0 0 0 0 0 0 0 0 0 0
 -2001 7 -34 3 0 1 -1 -1 1559.24 0.839 0.152 0.004 0.002 0.001 0 0 0 0 0 0 0 0 0 0 0 0 0 0 0 0
 -2002 7 -34 3 0 1 -1 -1 1882.26 0.937 0.021 0.023 0.016 0.001 0 0 0 0 0 0 0 0 0 0 0 0 0 0 0 0
 -2003 7 -34 3 0 1 -1 -1 1415.78 0.943 0 0.042 0.009 0.003 0 0 0 0 0 0 0 0 0 0 0 0 0 0 0 0
 -2004 7 -34 3 0 1 -1 -1 1271.42 0.891 0.002 0.067 0.033 0.005 0 0 0 0 0 0 0 0 0 0 0 0 0 0 0 0
 -2005 7 -34 3 0 1 -1 -1 1029.88 0.837 0.156 0.002 0.001 0 0 0 0 0 0 0 0 0 0 0 0 0 0 0 0 0
 -2006 7 -34 3 0 1 -1 -1 911.42 0.818 0 0.123 0.054 0.003 0 0 0 0 0 0 0 0 0 0 0 0 0 0 0 0
 -2007 7 -34 3 0 1 -1 -1 1031.26 0.82 0.116 0.048 0.012 0.001 0 0 0 0 0 0 0 0 0 0 0 0 0 0 0 0
 -2008 7 -34 3 0 1 -1 -1 779.07 0.071 0.862 0.045 0.017 0.004 0 0 0 0 0 0 0 0 0 0 0 0 0 0 0 0
 -2009 7 -34 3 0 1 -1 -1 1108.06 0.923 0.006 0.054 0.014 0.002 0 0 0 0 0 0 0 0 0 0 0 0 0 0 0 0
 -2010 7 -34 3 0 1 -1 -1 613.86 0.588 0.393 0.007 0.006 0.002 0.002 0.001 0 0 0 0 0 0 0 0 0 0 0 0 0 0
 -2011 7 -34 3 0 1 -1 -1 940.05 0.692 0.081 0.213 0.009 0.003 0.001 0 0 0 0 0 0 0 0 0 0 0 0 0 0 0
 -2012 7 -34 3 0 1 -1 -1 762.96 0.785 0.169 0.03 0.012 0 0 0 0 0 0 0 0 0 0 0 0 0 0 0 0 0
 -2013 7 -34 3 0 1 -1 -1 404.09 0.503 0.373 0.106 0.011 0.004 0 0 0.001 0 0 0 0 0 0 0 0 0 0 0 0 0
 -2014 7 -34 3 0 1 -1 -1 944.69 0.277 0.635 0.07 0.015 0.002 0.001 0 0 0 0 0 0 0 0 0 0 0 0 0 0 0
 -2015 7 -34 3 0 1 -1 -1 947.72 0.952 0.002 0.021 0.017 0.003 0.001 0.001 0 0 0 0 0 0 0 0 0 0 0 0 0 0
 -2016 7 -34 3 0 1 -1 -1 900.97 0.939 0.002 0.027 0.019 0.007 0.002 0.001 0 0 0 0 0 0 0 0 0 0 0 0 0 0
 -2017 7 -34 3 0 1 -1 -1 866.9 0.898 0.077 0.015 0.003 0.001 0.002 0.001 0 0 0 0 0 0 0 0 0 0 0 0 0 0
 -2018 7 -34 3 0 1 -1 -1 806.79 0.96 0 0.016 0.015 0.004 0 0.001 0 0 0 0 0 0 0 0 0 0 0 0 0 0
 -2019 7 -34 3 0 1 -1 -1 711.78 0.941 0.005 0.021 0.021 0.006 0.002 0 0 0 0 0 0 0 0 0 0 0 0 0 0 0
 -2020 7 -34 3 0 1 -1 -1 661.75 0.917 0.065 0.001 0.005 0.004 0.002 0.002 0 0.001 0 0 0 0 0 0 0 0 0 0 0 0
 -2021 7 -34 3 0 1 -1 -1 772.58 0.864 0.111 0.005 0.009 0.004 0.002 0 0 0 0 0 0 0 0 0 0 0 0 0 0 0
 -2022 7 -34 3 0 1 -1 -1 486.71 0.953 0.027 0 0.007 0.005 0.002 0.001 0 0 0 0 0 0 0 0 0 0 0 0 0 0
 -2023 -7 -34 3 0 1 -1 -1 464.89 0.897 0.076 0.016 0.004 0.003 0.001 0 0 0 0 0 0 0 0 0 0 0 0 0 0 0
 -1995 -7 35 3 0 1 -1 -1 1074.9 0.899 0.077 0.018 0.003 0 0 0 0 0 0 0 0 0 0 0 0 0 0 0 0 0
 -1996 7 -35 3 0 1 -1 -1 57.91 0.977 0.018 0.003 0 0 0 0 0 0 0 0 0 0 0 0 0 0 0 0 0 0
 -1997 7 -35 3 0 1 -1 -1 79.29 0.93 0.063 0.006 0 0 0 0 0 0 0 0 0 0 0 0 0 0 0 0 0 0
 -1998 7 -35 3 0 1 -1 -1 161.87 0.931 0.003 0.063 0.003 0 0 0 0 0 0 0 0 0 0 0 0 0 0 0 0 0
 -1999 7 -35 3 0 1 -1 -1 163.34 0.946 0.026 0.024 0.003 0 0 0 0 0 0 0 0 0 0 0 0 0 0 0 0 0
 -2000 7 -35 3 0 1 -1 -1 136.79 0.79 0.2 0.005 0.004 0 0 0 0 0 0 0 0 0 0 0 0 0 0 0 0 0
 -2001 7 -35 3 0 1 -1 -1 154 0.932 0.057 0.008 0.002 0 0 0 0 0 0 0 0 0 0 0 0 0 0 0 0 0
 -2002 7 -35 3 0 1 -1 -1 156.48 0.924 0.068 0.003 0.003 0 0 0 0 0 0 0 0 0 0 0 0 0 0 0 0 0
 -2003 7 -35 3 0 1 -1 -1 126.31 0.971 0.023 0.003 0.001 0 0 0 0 0 0 0 0 0 0 0 0 0 0 0 0 0
 -2004 7 -35 3 0 1 -1 -1 94.29 0.974 0.002 0.021 0.001 0 0 0 0 0 0 0 0 0 0 0 0 0 0 0 0 0
 -2005 7 -35 3 0 1 -1 -1 58.78 0.902 0.091 0.004 0.001 0 0 0 0 0 0 0 0 0 0 0 0 0 0 0 0 0
 -2006 7 -35 3 0 1 -1 -1 51.81 0.901 0.086 0.011 0.001 0 0 0 0 0 0 0 0 0 0 0 0 0 0 0 0 0
 -2007 7 -35 3 0 1 -1 -1 23.8 0.764 0.214 0.016 0.004 0 0 0 0 0 0 0 0 0 0 0 0 0 0 0 0 0
 -2008 7 -35 3 0 1 -1 -1 44.28 0.92 0.072 0.005 0.002 0 0 0 0 0 0 0 0 0 0 0 0 0 0 0 0 0
 -2009 7 -35 3 0 1 -1 -1 52.16 0.91 0.077 0.01 0.002 0 0 0 0 0 0 0 0 0 0 0 0 0 0 0 0 0
 -2010 7 -35 3 0 1 -1 -1 26.03 0.925 0.066 0.004 0.004 0 0 0 0 0 0 0 0 0 0 0 0 0 0 0 0 0
 -2011 7 -35 3 0 1 -1 -1 23.3 0.889 0.03 0.075 0.003 0.002 0 0 0 0 0 0 0 0 0 0 0 0 0 0 0 0
 -2012 7 -35 3 0 1 -1 -1 20.34 0.779 0.203 0.012 0.004 0 0 0 0 0 0 0 0 0 0 0 0 0 0 0 0 0
 -2013 7 -35 3 0 1 -1 -1 79.64 0.942 0.033 0.019 0.003 0.001 0 0 0 0 0 0 0 0 0 0 0 0 0 0 0 0
 -2014 7 -35 3 0 1 -1 -1 102.17 0.962 0.029 0.006 0.002 0 0 0 0 0 0 0 0 0 0 0 0 0 0 0 0 0
 -2015 7 -35 3 0 1 -1 -1 66.32 0.929 0.058 0.005 0.003 0 0 0 0 0.001 0.001 0 0 0 0 0 0 0 0 0 0 0
 -2016 7 -35 3 0 1 -1 -1 51.94 0.893 0.077 0.022 0.003 0.001 0 0 0 0 0.001 0 0 0 0 0 0 0 0 0 0 0
 -2017 7 -35 3 0 1 -1 -1 53.16 0.737 0.244 0.009 0.005 0 0 0 0 0 0 0 0 0 0 0 0 0 0 0 0 0
 -2018 7 -35 3 0 1 -1 -1 58.7 0.844 0.095 0.052 0.002 0.003 0 0 0 0 0 0 0 0 0 0 0 0 0 0 0 0
 -2019 7 -35 3 0 1 -1 -1 49.19 0.735 0.237 0.016 0.008 0 0.002 0 0 0 0 0 0 0 0 0 0 0 0 0 0 0
 -2020 7 -35 3 0 1 -1 -1 67.48 0.82 0.114 0.054 0.004 0.002 0 0.002 0 0 0 0 0 0 0 0 0 0 0 0 0 0
 -2021 7 -35 3 0 1 -1 -1 56.64 0.803 0.149 0.029 0.013 0.002 0 0 0.002 0 0 0 0 0 0 0 0 0 0 0 0 0
 -2022 7 -35 3 0 1 -1 -1 38.67 0.894 0.086 0.006 0.005 0.002 0 0 0 0.003 0 0 0 0 0 0 0 0 0 0 0 0
 -2023 -7 -35 3 0 1 -1 -1 42.45 0.717 0.236 0.036 0.004 0.002 0 0 0 0 0.002 0 0 0 0 0 0 0 0 0 0 0
 -1995 -7 36 3 0 1 -1 -1 1016.5 0.9 0.096 0.003 0 0 0 0 0 0 0 0 0 0 0 0 0 0 0 0 0 0
 -1996 7 -36 3 0 1 -1 -1 28.83 0.996 0.003 0 0 0 0 0 0 0 0 0 0 0 0 0 0 0 0 0 0 0
 -1997 7 -36 3 0 1 -1 -1 25.85 0.989 0.01 0 0 0 0 0 0 0 0 0 0 0 0 0 0 0 0 0 0 0
 -1998 7 -36 3 0 1 -1 -1 36.12 0.996 0.002 0.001 0 0 0 0 0 0 0 0 0 0 0 0 0 0 0 0 0 0
 -1999 7 -36 3 0 1 -1 -1 24.22 0.997 0.003 0 0 0 0 0 0 0 0 0 0 0 0 0 0 0 0 0 0 0
 -2000 7 -36 3 0 1 -1 -1 19.52 0.995 0.005 0 0 0 0 0 0 0 0 0 0 0 0 0 0 0 0 0 0 0
 -2001 7 -36 3 0 1 -1 -1 22.56 0.99 0.009 0 0 0 0 0 0 0 0 0 0 0 0 0 0 0 0 0 0 0
 -2002 7 -36 3 0 1 -1 -1 14.75 0.995 0.002 0.002 0.001 0 0 0 0 0 0 0 0 0 0 0 0 0 0 0 0 0
 -2003 7 -36 3 0 1 -1 -1 12.74 0.996 0.003 0 0 0 0 0 0 0 0 0 0 0 0 0 0 0 0 0 0 0
 -2004 7 -36 3 0 1 -1 -1 11.95 0.997 0.002 0 0 0 0 0 0 0 0 0 0 0 0 0 0 0 0 0 0 0
 -2005 7 -36 3 0 1 -1 -1 8.58 0.995 0.004 0 0 0 0 0 0 0 0 0 0 0 0 0 0 0 0 0 0 0
 -2006 7 -36 3 0 1 -1 -1 6.53 0.994 0.004 0 0 0 0 0 0 0 0 0 0 0 0 0 0 0 0 0 0 0
 -2007 7 -36 3 0 1 -1 -1 14.71 0.994 0.004 0 0 0 0 0 0 0 0 0 0 0 0 0 0 0 0 0 0 0
 -2008 7 -36 3 0 1 -1 -1 7.28 0.993 0.005 0.002 0 0 0 0 0 0 0 0 0 0 0 0 0 0 0 0 0 0
 -2009 7 -36 3 0 1 -1 -1 11.18 0.994 0.004 0.002 0 0 0 0 0 0 0 0 0 0 0 0 0 0 0 0 0 0
 -2010 7 -36 3 0 1 -1 -1 5.38 0.978 0.018 0.003 0 0 0 0 0 0 0 0 0 0 0 0 0 0 0 0 0 0
 -2011 7 -36 3 0 1 -1 -1 6.89 0.994 0.004 0 0.001 0 0 0 0 0 0 0 0 0 0 0 0 0 0 0 0 0
 -2012 7 -36 3 0 1 -1 -1 6.67 0.993 0.005 0.002 0 0 0 0 0 0 0 0 0 0 0 0 0 0 0 0 0 0
 -2013 7 -36 3 0 1 -1 -1 4.1 0.996 0.003 0.001 0 0 0 0 0 0 0 0 0 0 0 0 0 0 0 0 0 0
 -2014 7 -36 3 0 1 -1 -1 10.05 0.992 0.006 0 0 0 0 0 0 0 0 0 0 0 0 0 0 0 0 0 0 0
 -2015 7 -36 3 0 1 -1 -1 17.89 0.986 0.012 0.001 0 0 0 0 0 0 0 0 0 0 0 0 0 0 0 0 0 0
 -2016 7 -36 3 0 1 -1 -1 18.36 0.954 0.014 0.032 0 0 0 0 0 0 0 0 0 0 0 0 0 0 0 0 0 0
 -2017 7 -36 3 0 1 -1 -1 21.34 0.124 0.869 0.002 0.004 0 0 0 0 0 0 0 0 0 0 0 0 0 0 0 0 0
 -2018 7 -36 3 0 1 -1 -1 26.72 0.3 0.693 0.005 0 0 0 0 0 0 0 0 0 0 0 0 0 0 0 0 0 0
 -2019 7 -36 3 0 1 -1 -1 23.24 0.99 0.003 0.005 0.001 0 0 0 0 0 0 0 0 0 0 0 0 0 0 0 0 0
 -2020 7 -36 3 0 1 -1 -1 23.37 0.968 0.027 0.003 0.001 0 0 0 0 0 0 0 0 0 0 0 0 0 0 0 0 0
 -2021 7 -36 3 0 1 -1 -1 22.32 0.936 0.051 0.013 0 0 0 0 0 0 0 0 0 0 0 0 0 0 0 0 0 0
 -2022 7 -36 3 0 1 -1 -1 19.5 0.971 0.022 0.005 0.002 0 0 0 0 0 0 0 0 0 0 0 0 0 0 0 0 0
 -2023 -7 -36 3 0 1 -1 -1 11.22 0.717 0.271 0.011 0.001 0 0 0 0 0 0 0 0 0 0 0 0 0 0 0 0 0
 2009 -7 40 3 0 1 -1 -1 78.14 0.534 0.257 0.113 0.053 0.018 0 0 0 0 0 0 0 0 0 0 0 0 0 0 0 0
 2010 7 -40 3 0 1 -1 -1 86 0.048 0.853 0.014 0.026 0.029 0.02 0.008 0.002 0 0 0 0 0 0 0 0 0 0 0 0 0
 2011 7 -40 3 0 1 -1 -1 81 0.253 0.204 0.499 0.022 0.011 0.006 0.003 0.001 0 0 0 0 0 0 0 0 0 0 0 0 0
 2012 7 -40 3 0 1 -1 -1 79 0.343 0.433 0.116 0.077 0.005 0.005 0.008 0.006 0.004 0.001 0 0 0 0 0 0 0 0 0 0 0
 2013 7 -40 3 0 1 -1 -1 68 0.417 0.42 0.125 0.016 0.009 0.002 0.003 0.004 0.002 0.001 0 0 0 0 0 0 0 0 0 0 0
 2014 7 -40 3 0 1 -1 -1 72 0.08 0.606 0.174 0.079 0.02 0.019 0.006 0.006 0.004 0.002 0.001 0 0 0 0 0 0 0 0 0 0
 2015 7 -40 3 0 1 -1 -1 83 0.805 0.006 0.069 0.078 0.016 0.006 0.006 0.003 0.005 0.003 0.002 0 0 0 0 0 0 0 0 0 0
 2016 7 -40 3 0 1 -1 -1 81 0.719 0.008 0.12 0.088 0.038 0.01 0.005 0.004 0.002 0.002 0.002 0.001 0 0 0 0 0 0 0 0 0
 2017 7 -40 3 0 1 -1 -1 70 0.605 0.265 0.071 0.015 0.006 0.01 0.007 0.005 0.004 0.002 0.003 0.003 0.002 0 0 0 0 0 0 0 0
 2018 7 -40 3 0 1 -1 -1 84 0.67 0.003 0.118 0.137 0.041 0.007 0.008 0.004 0.003 0.002 0.002 0.002 0.002 0 0 0 0 0 0 0 0
 2019 7 -40 3 0 1 -1 -1 76 0.721 0.015 0.081 0.105 0.037 0.008 0.004 0.006 0.004 0.003 0.002 0.003 0.003 0.002 0.002 0.001 0 0 0 0 0.001
 2021 7 -40 3 0 1 -1 -1 50 0.284 0.561 0.029 0.05 0.021 0.008 0.006 0.006 0.005 0.005 0.005 0.004 0.003 0.002 0.002 0.003 0.002 0.001 0.001 0 0.001
 2022 7 -40 3 0 1 -1 -1 77 0.931 0.041 0 0.007 0.005 0.002 0.001 0.002 0.001 0.001 0.001 0 0 0.001 0 0 0 0 0 0 0
 2023 -7 -40 3 0 1 -1 -1 97 0.555 0.325 0.076 0.015 0.009 0.004 0.003 0.003 0.002 0.001 0 0 0 0 0 0 0 0 0 0 0
 2009 -7 41 3 0 1 -1 -1 17.57 0.438 0.307 0.137 0.056 0.026 0.014 0 0 0 0 0 0 0 0 0 0 0 0 0 0 0
 2010 7 -41 3 0 1 -1 -1 19 0.571 0.221 0.032 0.096 0.063 0.012 0.003 0 0 0 0 0 0 0 0 0 0 0 0 0 0
 2011 7 -41 3 0 1 -1 -1 12 0.333 0.043 0.389 0.09 0.104 0.034 0.006 0.001 0 0 0 0 0 0 0 0 0 0 0 0 0
 2012 7 -41 3 0 1 -1 -1 21 0.418 0.336 0.065 0.062 0.019 0.042 0.035 0.014 0.005 0.002 0 0 0 0 0 0 0 0 0 0 0
 2013 7 -41 3 0 1 -1 -1 14 0.805 0.073 0.035 0.009 0.01 0.008 0.027 0.022 0.008 0.003 0 0 0 0 0 0 0 0 0 0 0
 2014 7 -41 3 0 1 -1 -1 14 0.524 0.329 0.075 0.034 0.004 0.002 0.002 0.009 0.012 0.005 0.002 0 0 0 0 0 0 0 0 0 0
 2015 7 -41 3 0 1 -1 -1 15 0.533 0.247 0.053 0.068 0.033 0.014 0.014 0.008 0.015 0.01 0.003 0 0 0 0 0 0 0 0 0 0
 2016 7 -41 3 0 1 -1 -1 20 0.238 0.31 0.349 0.067 0.019 0.004 0.002 0.002 0.002 0.003 0.003 0.002 0 0 0 0 0 0 0 0 0
 2017 7 -41 3 0 1 -1 -1 30 0.56 0.351 0.032 0.037 0.003 0.002 0.002 0.001 0.002 0.001 0.003 0.003 0.001 0 0 0 0 0 0 0 0
 2018 7 -41 3 0 1 -1 -1 17 0.18 0.114 0.522 0.105 0.059 0.003 0.002 0.002 0.001 0.001 0.001 0.002 0.003 0.001 0 0 0 0 0 0 0
 2019 7 -41 3 0 1 -1 -1 14 0.22 0.579 0.029 0.052 0.047 0.064 0.006 0.003 0 0 0 0 0 0 0 0 0 0 0 0 0
 2021 7 -41 3 0 1 -1 -1 8 0.633 0.274 0.053 0.035 0.004 0 0 0 0 0 0 0 0 0 0 0 0 0 0 0 0
 2022 7 -41 3 0 1 -1 -1 12 0.709 0.24 0.012 0.006 0.003 0.004 0.006 0.004 0.016 0 0 0 0 0 0 0 0 0 0 0 0
 2023 -7 -41 3 0 1 -1 -1 17 0.292 0.624 0.064 0.008 0.002 0 0 0.001 0.001 0.004 0 0 0 0 0 0 0 0 0 0 0
 2009 -7 42 3 0 1 -1 -1 9 0.356 0.33 0.189 0.06 0.036 0 0 0 0 0 0 0 0 0 0 0 0 0 0 0 0
 2010 7 -42 3 0 1 -1 -1 1 0 0 0.912 0.084 0.004 0 0 0 0 0 0 0 0 0 0 0 0 0 0 0 0
 2011 7 -42 3 0 1 -1 -1 7 0.914 0.036 0.007 0.039 0.004 0 0 0 0 0 0 0 0 0 0 0 0 0 0 0 0
 2012 7 -42 3 0 1 -1 -1 9 0.756 0.135 0.042 0.014 0.022 0.024 0.006 0 0 0 0 0 0 0 0 0 0 0 0 0 0
 2013 7 -42 3 0 1 -1 -1 2 0 0.007 0.73 0.013 0.001 0.018 0.076 0.096 0.042 0.01 0.003 0.003 0 0 0 0 0 0 0 0 0
 2014 7 -42 3 0 1 -1 -1 9 0.444 0.427 0.018 0 0 0.002 0.01 0.025 0.035 0.025 0.009 0.002 0 0 0 0 0 0 0 0 0
 2015 7 -42 3 0 1 -1 -1 15 0.579 0.412 0.007 0.002 0 0 0 0 0 0 0 0 0 0 0 0 0 0 0 0 0
 2016 7 -42 3 0 1 -1 -1 20 0.338 0.033 0.596 0.018 0.003 0.004 0.003 0.002 0.002 0.001 0 0 0 0 0 0 0 0 0 0 0
 2017 7 -42 3 0 1 -1 -1 13 0.042 0.751 0.016 0.142 0.014 0.01 0.01 0.005 0.003 0.003 0.001 0 0 0 0 0 0 0 0 0 0
 2018 7 -42 3 0 1 -1 -1 15 0.137 0.476 0.083 0.089 0.191 0.016 0.004 0.002 0 0 0 0 0 0 0 0 0 0 0 0 0
 2019 7 -42 3 0 1 -1 -1 6 0.637 0.121 0.187 0.048 0.005 0.002 0 0 0 0 0 0 0 0 0 0 0 0 0 0 0
 2021 7 -42 3 0 1 -1 -1 9 0.091 0.384 0.36 0.099 0.061 0.004 0 0 0 0 0 0 0 0 0 0 0 0 0 0 0
 2022 7 -42 3 0 1 -1 -1 9 0.19 0.504 0.093 0.126 0.027 0.02 0.013 0.008 0.018 0 0 0 0 0 0 0 0 0 0 0 0
 2023 -7 -42 3 0 1 -1 -1 11 0.176 0.554 0.081 0.074 0.056 0.01 0.012 0.011 0.011 0.014 0.001 0.001 0 0 0 0 0 0 0 0 0
 2008 7 23 3 0 1 -1 -1 175 0.083 0.765 0.096 0.042 0.01 0.002 0 0 0 0 0 0 0 0 0 0 0 0 0 0 0
 2009 7 23 3 0 1 -1 -1 188 0.98 0.001 0.012 0.004 0 0 0 0 0 0 0 0 0 0 0 0 0 0 0 0 0
 2010 7 23 3 0 1 -1 -1 96 0.684 0.304 0.005 0.003 0.001 0 0 0 0 0 0 0 0 0 0 0 0 0 0 0 0
 2011 7 23 3 0 1 -1 -1 101 0.735 0.067 0.181 0.009 0.003 0.001 0.001 0.001 0 0 0 0 0 0 0 0 0 0 0 0 0
 2012 7 23 3 0 1 -1 -1 92 0.92 0.056 0.016 0.006 0 0 0 0 0 0 0 0 0 0 0 0 0 0 0 0 0
 2013 7 23 3 0 1 -1 -1 56 0.638 0.268 0.075 0.01 0.003 0 0.001 0.002 0 0 0 0 0 0 0 0 0 0 0 0 0
 2014 7 23 3 0 1 -1 -1 102 0.373 0.568 0.041 0.013 0.002 0.001 0 0 0 0 0 0 0 0 0 0 0 0 0 0 0
 2015 7 23 3 0 1 -1 -1 112 0.953 0.002 0.021 0.015 0.003 0.001 0.001 0 0 0 0 0 0 0 0 0 0 0 0 0 0
 2016 7 23 3 0 1 -1 -1 72 0.899 0.002 0.036 0.031 0.019 0.005 0.002 0.001 0 0 0 0 0 0 0 0 0 0 0 0 0
 2017 7 23 3 0 1 -1 -1 84 0.714 0.207 0.056 0.009 0.003 0.003 0.002 0.001 0 0 0 0 0 0 0 0 0 0 0 0 0
 2018 7 23 3 0 1 -1 -1 102 0.827 0.002 0.068 0.069 0.021 0.004 0.003 0.001 0 0 0 0 0 0 0 0 0 0 0 0 0
 2019 7 23 3 0 1 -1 -1 83 0.789 0.014 0.071 0.083 0.029 0.006 0.001 0.002 0.001 0 0 0 0 0 0 0 0 0 0 0 0
 2020 7 23 3 0 1 -1 -1 66 0.63 0.286 0.005 0.028 0.02 0.009 0.005 0.003 0.005 0.002 0.001 0.001 0.001 0.002 0 0 0 0 0 0 0
 2021 7 23 3 0 1 -1 -1 90 0.768 0.151 0.017 0.032 0.015 0.005 0.003 0.002 0.001 0.001 0.001 0 0 0 0 0 0 0 0 0 0
 2022 7 23 3 0 1 -1 -1 64 0.784 0.149 0.002 0.024 0.017 0.008 0.004 0.002 0.001 0.001 0.001 0 0 0 0 0 0 0 0 0 0
 2023 7 23 3 0 1 -1 -1 78 0.462 0.254 0.164 0.053 0.039 0.011 0.004 0.003 0.002 0.001 0 0 0 0 0 0 0 0 0 0 0
 2008 7 24 3 0 1 -1 -1 23 0.389 0.407 0.108 0.055 0.033 0.007 0.001 0 0 0 0 0 0 0 0 0 0 0 0 0 0
 2009 7 24 3 0 1 -1 -1 63 0.857 0.096 0.036 0.009 0 0 0 0 0 0 0 0 0 0 0 0 0 0 0 0 0
 2010 7 24 3 0 1 -1 -1 23 0.685 0.263 0.029 0.017 0.004 0 0 0 0 0 0 0 0 0 0 0 0 0 0 0 0
 2011 7 24 3 0 1 -1 -1 18 0.625 0.036 0.166 0.042 0.071 0.04 0.014 0.005 0.001 0 0 0 0 0 0 0 0 0 0 0 0
 2012 7 24 3 0 1 -1 -1 23 0.702 0.207 0.017 0.012 0.007 0.022 0.02 0.008 0.003 0 0 0 0 0 0 0 0 0 0 0 0
 2013 7 24 3 0 1 -1 -1 13 0.968 0.02 0.01 0.001 0 0 0 0 0 0 0 0 0 0 0 0 0 0 0 0 0
 2014 7 24 3 0 1 -1 -1 24 0.897 0.026 0.011 0.037 0.013 0.01 0.002 0.003 0.001 0 0 0 0 0 0 0 0 0 0 0 0
 2015 7 24 3 0 1 -1 -1 27 0.689 0.234 0.049 0.022 0.004 0 0 0 0 0 0 0 0 0 0 0 0 0 0 0 0
 2016 7 24 3 0 1 -1 -1 12 0.961 0.014 0.017 0.005 0.002 0 0 0 0 0 0 0 0 0 0 0 0 0 0 0 0
 2017 7 24 3 0 1 -1 -1 18 0.629 0.279 0.039 0.033 0.004 0.003 0.002 0.002 0.002 0.001 0.002 0.002 0.001 0 0 0 0 0 0 0 0
 2018 7 24 3 0 1 -1 -1 20 0.861 0.045 0.072 0.01 0.01 0.001 0 0 0 0 0 0 0 0 0 0 0 0 0 0 0
 2019 7 24 3 0 1 -1 -1 19 0.696 0.231 0.036 0.029 0.005 0.003 0 0 0 0 0 0 0 0 0 0 0 0 0 0 0
 2020 7 24 3 0 1 -1 -1 16 0.736 0.086 0.146 0.026 0.005 0 0 0 0 0 0 0 0 0 0 0 0 0 0 0 0
 2021 7 24 3 0 1 -1 -1 13 0.832 0.09 0.053 0.023 0 0 0 0 0 0 0 0 0 0 0 0 0 0 0 0 0
 2022 7 24 3 0 1 -1 -1 18 0.914 0.073 0.007 0.005 0.001 0 0 0 0 0 0 0 0 0 0 0 0 0 0 0 0
 2023 7 24 3 0 1 -1 -1 18 0.669 0.219 0.082 0.014 0.003 0.001 0.001 0.002 0.002 0.004 0 0 0 0 0 0 0 0 0 0 0
-2008 7 25 3 0 1 -1 -1 3 0.071 0.26 0.335 0.261 0.018 0.041 0.011 0.001 0 0 0 0 0 0 0 0 0 0 0 0 0
-2009 7 25 3 0 1 -1 -1 7 0.636 0.015 0.148 0.181 0.019 0 0 0 0 0 0 0 0 0 0 0 0 0 0 0 0
 2010 7 25 3 0 1 -1 -1 11 0.546 0.046 0.151 0.084 0.087 0.053 0.021 0.009 0.002 0 0 0 0 0 0 0 0 0 0 0 0
-2012 7 25 3 0 1 -1 -1 3 0.333 0.379 0.176 0.003 0.029 0.057 0.021 0.001 0 0 0 0 0 0 0 0 0 0 0 0 0
-2013 7 25 3 0 1 -1 -1 3 1 0 0 0 0 0 0 0 0 0 0 0 0 0 0 0 0 0 0 0 0
 2014 7 25 3 0 1 -1 -1 16 0.958 0.033 0.005 0.002 0 0 0 0 0 0 0 0 0 0 0 0 0 0 0 0 0
 2015 7 25 3 0 1 -1 -1 21 0.213 0.691 0.053 0.034 0.009 0 0 0 0 0 0 0 0 0 0 0 0 0 0 0 0
 2016 7 25 3 0 1 -1 -1 11 0.62 0.022 0.333 0.022 0.002 0 0 0 0 0 0 0 0 0 0 0 0 0 0 0 0
 2017 7 25 3 0 1 -1 -1 15 0.104 0.815 0.008 0.07 0.003 0 0 0 0 0 0 0 0 0 0 0 0 0 0 0 0
-2018 7 25 3 0 1 -1 -1 6 0.184 0.515 0.041 0.033 0.117 0.058 0.022 0.014 0.006 0.004 0.004 0.001 0 0 0 0 0 0 0 0 0
 2019 7 25 3 0 1 -1 -1 12 0.911 0.035 0.041 0.01 0 0 0 0 0 0 0 0 0 0 0 0 0 0 0 0 0
-2020 7 25 3 0 1 -1 -1 4 0.143 0.628 0.056 0.051 0.03 0.024 0.059 0.007 0.002 0 0 0 0 0 0 0 0 0 0 0 0
 2021 7 25 3 0 1 -1 -1 19 0.888 0.03 0.059 0.011 0.007 0.002 0.001 0.001 0 0 0 0 0 0 0 0 0 0 0 0 0
 2022 7 25 3 0 1 -1 -1 14 0.675 0.17 0.054 0.04 0.009 0.009 0.008 0.007 0.022 0.001 0 0 0 0.001 0.001 0.001 0 0 0 0 0
 2023 7 25 3 0 1 -1 -1 10 0.775 0.169 0.022 0.005 0 0 0.002 0.004 0.006 0.008 0.002 0 0 0 0 0 0 0 0 0 0
 1996	7	44	3	0	1	-1	-1	23	0.003	0.104	0.145	0.331	0.198	0.090	0.015	0.015	0.057	0.024	0.003	0.000	0.003	0.009	0.000	0.000	0.000	0.000	0.000	0.000	0.003 #	GFISHER_W
 1997	7	44	3	0	1	-1	-1	30	0.000	0.000	0.088	0.061	0.230	0.255	0.061	0.147	0.083	0.001	0.058	0.000	0.000	0.000	0.008	0.000	0.000	0.000	0.000	0.007	0.000 #	GFISHER_W
 2002	7	44	3	0	1	-1	-1	32	0.000	0.013	0.068	0.211	0.163	0.187	0.101	0.096	0.044	0.019	0.014	0.015	0.010	0.005	0.010	0.005	0.006	0.004	0.003	0.001	0.026 #	GFISHER_W
 2004	7	44	3	0	1	-1	-1	11	0.000	0.007	0.232	0.398	0.212	0.068	0.021	0.014	0.010	0.007	0.005	0.003	0.003	0.003	0.002	0.002	0.002	0.000	0.000	0.000	0.008 #	GFISHER_W
 2005	7	44	3	0	1	-1	-1	35	0.000	0.045	0.130	0.265	0.190	0.148	0.089	0.047	0.030	0.016	0.010	0.008	0.004	0.007	0.005	0.003	0.002	0.000	0.000	0.000	0.000 #	GFISHER_W
 2006	7	44	3	0	1	-1	-1	19	0.000	0.000	0.075	0.375	0.200	0.088	0.089	0.066	0.033	0.017	0.021	0.014	0.008	0.009	0.003	0.001	0.000	0.000	0.000	0.000	0.000 #	GFISHER_W
 2007	7	44	3	0	1	-1	-1	42	0.000	0.016	0.143	0.331	0.194	0.076	0.065	0.059	0.030	0.020	0.014	0.013	0.004	0.006	0.004	0.006	0.003	0.000	0.003	0.001	0.011 #	GFISHER_W
 2008	7	44	3	0	1	-1	-1	16	0.000	0.000	0.058	0.273	0.327	0.131	0.061	0.039	0.033	0.026	0.016	0.010	0.009	0.002	0.003	0.001	0.003	0.001	0.000	0.003	0.002 #	GFISHER_W
 2009	7	44	3	0	1	-1	-1	12	0.000	0.002	0.083	0.320	0.213	0.162	0.070	0.016	0.015	0.025	0.015	0.009	0.007	0.004	0.010	0.005	0.003	0.001	0.001	0.001	0.039 #	GFISHER_W
 2010	7	44	3	0	1	-1	-1	33	0.000	0.007	0.064	0.305	0.305	0.202	0.088	0.017	0.003	0.003	0.000	0.001	0.000	0.000	0.000	0.000	0.000	0.000	0.000	0.000	0.000 #	GFISHER_W
 2011	7	44	3	0	1	-1	-1	33	0.000	0.004	0.111	0.133	0.280	0.240	0.122	0.063	0.016	0.008	0.004	0.005	0.002	0.003	0.002	0.001	0.000	0.000	0.000	0.000	0.004 #	GFISHER_W
 2012	7	44	3	0	1	-1	-1	38	0.000	0.007	0.032	0.158	0.120	0.251	0.232	0.109	0.052	0.013	0.007	0.003	0.003	0.002	0.001	0.000	0.001	0.003	0.001	0.001	0.003 #	GFISHER_W
 2013	7	44	3	0	1	-1	-1	58	0.000	0.019	0.085	0.123	0.366	0.121	0.112	0.087	0.043	0.020	0.006	0.002	0.002	0.003	0.002	0.002	0.001	0.000	0.000	0.002	0.003 #	GFISHER_W
 2014	7	44	3	0	1	-1	-1	50	0.000	0.011	0.121	0.237	0.152	0.262	0.079	0.069	0.036	0.016	0.008	0.003	0.001	0.000	0.000	0.000	0.000	0.000	0.000	0.000	0.000 #	GFISHER_W
 2015	7	44	3	0	1	-1	-1	15	0.000	0.004	0.089	0.344	0.302	0.149	0.076	0.017	0.011	0.005	0.001	0.000	0.000	0.000	0.000	0.000	0.000	0.000	0.000	0.000	0.000 #	GFISHER_W
 2016	7	44	3	0	1	-1	-1	68	0.000	0.003	0.038	0.134	0.317	0.197	0.108	0.070	0.030	0.028	0.028	0.017	0.012	0.004	0.002	0.002	0.002	0.002	0.002	0.000	0.004 #	GFISHER_W
 2017	7	44	3	0	1	-1	-1	78	0.007	0.007	0.052	0.125	0.130	0.252	0.163	0.089	0.057	0.030	0.029	0.024	0.015	0.007	0.003	0.003	0.001	0.001	0.000	0.001	0.003 #	GFISHER_W
 2018	7	44	3	0	1	-1	-1	103	0.002	0.002	0.060	0.209	0.233	0.119	0.180	0.069	0.038	0.026	0.018	0.015	0.013	0.007	0.003	0.001	0.000	0.000	0.000	0.000	0.002 #	GFISHER_W
 2019	7	44	3	0	1	-1	-1	106	0.000	0.004	0.048	0.187	0.263	0.189	0.085	0.068	0.040	0.021	0.017	0.015	0.015	0.012	0.011	0.007	0.005	0.002	0.002	0.000	0.008 #	GFISHER_W
-9999  0 0 0 0 0 0 0 0 0 0 0 0 0 0 0 0 0 0 0 0 0 0 0 0 0 0 0 0 0
#
1 #_Use_MeanSize-at-Age_obs (0/1)
# sex codes:  0=combined; 1=use female only; 2=use male only; 3=use both as joint sexxlength distribution
# partition codes:  (0=combined; 1=discard; 2=retained
# ageerr codes:  positive means mean length-at-age; negative means mean bodywt_at_age
#_yr month fleet sex part ageerr ignore datavector(female-male)
#                                          samplesize(female-male)
 1991 7 1 3 2 1 999 0 0 33.4554 32.6444 39.8586 66.6807 0 0 0 0 79.6293 0 0 0 0 0 0 0 78.7044 0 84.2538 0 0 13 5 1 1 0 0 0 0 1 0 0 0 0 0 0 0 1 0 3
 1992 7 1 3 2 1 999 0 0 30.5 36.248 42.1108 49.2 60.2545 69.4 63.475 0 69 0 0 0 0 0 0 0 0 0 76 0 0 1 123 37 23 11 11 4 0 2 0 0 0 0 0 0 0 0 0 2
 1993 7 1 3 2 1 999 0 0 33.4556 39.4393 46.1078 49.3174 67.56 70.8667 74.5 0 0 0 0 0 0 0 0 0 0 0 84 0 0 9 117 152 46 10 6 1 0 0 0 0 0 0 0 0 0 0 0 3
 1994 7 1 3 2 1 999 0 0 36.7053 38.4346 48.089 54.9133 58.5966 68.8 69.6714 71.4333 85.5 78 0 0 0 0 80.5 0 0 0 84.45 0 0 19 159 154 120 29 11 7 3 1 1 0 0 0 0 1 0 0 0 2
 1995 7 1 3 2 1 999 0 0 0 40.1545 44.095 47.7733 58.3333 57.05 0 0 0 0 0 0 87 0 0 0 0 0 0 0 0 0 22 40 15 15 4 0 0 0 0 0 0 1 0 0 0 0 0 0
 1998 7 1 3 2 1 999 0 38.71 39.1607 42.1936 47.9412 52.0452 57.1662 64.6967 66.89 70.2986 70.2861 72.1 67 0 0 0 0 0 0 0 84.5793 0 10 66 524 303 162 39 31 20 6 5 1 1 0 0 0 0 0 0 0 5
 1999 7 1 3 2 1 999 0 35.1416 37.292 39.2949 42.6461 49.6955 56.2719 62.7487 66.0625 71.2143 71.25 67.4 0 0 0 0 0 0 0 0 79.3667 0 1 56 330 703 404 178 78 24 7 6 2 0 0 0 0 0 0 0 0 3
 2000 7 1 3 2 1 999 0 0 38.9306 40.2911 42.4511 48.4102 55.6149 61.3182 61.7125 69.7 75.8667 75.9 67.7 0 0 0 0 0 0 0 81.4 0 0 36 235 190 118 67 33 8 2 3 1 1 0 0 0 0 0 0 0 1
 2001 7 1 3 2 1 999 0 0 38.7958 40.9434 43.4787 47.4909 53.1055 55.6297 62.1087 68.5651 68.4782 72.4667 67 0 71.7 0 0 0 0 0 84.6 0 0 72 192 295 196 151 64 34 11 5 3 1 0 1 0 0 0 0 0 2
 2002 7 1 3 2 1 999 0 37.8126 38.9029 39.7374 42.3673 49.0114 52.426 57.5653 60.7972 59.4964 67.8766 61.1431 57.7091 76.4575 91.4 0 76.2828 0 0 0 78.7111 0 40 255 953 491 354 153 102 40 8 4 7 2 2 1 0 2 0 0 0 7
 2003 7 1 3 2 1 999 0 39.9333 36.7243 39.161 41.8331 45.5441 49.9955 52.8799 58.1541 57.2773 55.246 64.373 58.5878 59.9289 59.0796 0 0 0 80.8 0 82.625 0 3 70 410 510 183 98 55 36 9 5 4 2 2 3 0 0 0 1 0 4
 2004 7 1 3 2 1 999 0 0 38.3817 39.9965 42.2313 45.5852 52.8144 58.6667 63.5384 62.5097 65.0279 72.32 70.808 72.2939 74.7698 72.8012 74.297 77.105 68 0 80.847 0 0 58 470 646 374 123 82 55 26 15 11 6 7 4 5 2 1 1 0 6
 2005 7 1 3 2 1 999 0 33.395 37.5508 39.2719 41.1056 44.7257 49.0081 52.3522 57.053 61.1895 66.5811 57.2263 74.0002 64.4023 70.434 73.6105 59.156 77.9652 76.5238 0 79.2207 0 1 207 576 594 420 218 99 57 33 24 12 13 17 12 13 2 4 8 0 8
 2006 7 1 3 2 1 999 0 0 37.207 38.0702 40.4056 44.416 46.9507 51.4377 58.609 63.0808 58.3381 58.5913 63.3997 42.7415 0 77.57 0 0 0 0 0 0 0 170 1127 674 258 206 97 30 14 11 6 3 2 0 1 0 0 0 0 0
 2007 7 1 3 2 1 999 0 0 36.3518 37.9927 41.9263 47.5478 52.0809 53.9912 55.2666 58.025 67.6429 62.0878 69.6032 73 69.3 72.1965 0 0 0 0 73.2667 0 0 108 549 462 142 68 61 24 12 7 5 2 1 1 2 0 0 0 0 3
 2008 7 1 3 2 1 999 0 0 36.4876 39.4261 42.7418 46.5478 47.8469 44.1415 44.6693 44.9877 53.7591 46.2546 42.7313 39.44 48.368 0 61.799 0 0 58.465 89.7 0 0 34 471 607 243 85 42 30 32 10 10 6 2 1 0 2 0 0 2 1
 2009 7 1 3 2 1 999 0 0 36.9794 40.0087 45.314 49.7555 53.7202 53.4579 56.1793 63.4625 69.3163 62 0 64 0 0 0 0 65 0 80.1 0 0 44 644 756 466 154 30 14 8 3 1 0 1 0 0 0 0 1 0 4
 2010 7 1 3 2 1 999 0 0 38.0587 39.5779 45.6048 48.8895 54.1059 55.9631 57.2833 54.075 46.5 58.65 67.9 0 74.6 64.2 56.5 0 0 0 80.85 0 0 24 393 695 578 284 47 8 4 1 2 1 0 1 1 1 0 0 0 2
 2011 7 1 3 2 1 999 0 35.2975 36.4342 40.4561 44.9766 50.4789 55.0899 61.2539 60.6124 64.575 45.55 64 59.1 0 0 0 0 0 78.5 0 83.6 0 2 89 170 477 524 263 91 31 8 4 3 1 0 0 0 0 0 1 0 1
 2012 7 1 3 2 1 999 0 28.8177 32.2488 38.6896 44.5016 49.1988 54.835 57.0857 60.9384 58.986 62.4973 0 61.8603 68.875 69.6 0 74.95 63.4333 75.65 76.2 77.275 0 4 128 925 410 646 442 196 108 27 6 0 3 4 3 0 2 3 2 1 4
 2013 7 1 3 2 1 999 0 40.1375 40.3146 40.1933 43.5948 49.9926 53.1331 57.7511 58.836 62.1214 53.75 67.85 51 62.6 0 58.6 0 0 0 0 74.85 0 4 51 237 686 186 157 107 47 14 2 2 1 1 0 1 0 0 0 0 4
 2014 7 1 3 2 1 999 0 0 35.2148 39.4534 43.2412 48.5329 52.0649 57.42 58.9414 61.8167 61.2333 69.05 62.4 0 0 0 75.6 0 0 0 0 0 0 27 188 298 397 81 61 29 12 3 2 2 0 0 0 1 0 0 0 0
 2015 7 1 3 2 1 999 0 37.05 37.3593 38.9927 44.1954 48.1561 54.1691 56.5508 63.5304 65.8389 64.1667 0 75 53.7 0 59.4 0 0 0 0 79.1 0 2 59 327 499 353 233 61 56 18 9 0 2 1 0 1 0 0 0 0 1
 2016 7 1 3 2 1 999 0 41.9262 38.7653 39.6531 42.8353 46.5343 50.9271 54.5996 55.1585 61.5532 61.5231 64.05 71.9333 65 0 72.6 0 71.3 0 0 0 0 5 49 256 612 400 180 100 28 16 13 6 3 1 0 1 0 1 0 0 0
 2017 7 1 3 2 1 999 0 35.4333 35.586 39.859 42.6924 46.967 51.2417 53.9688 56.3033 57.94 61.419 61.46 62.7 67.3 65.5 0 0 0 0 0 78.95 0 6 50 161 210 370 216 96 61 25 21 10 5 1 1 0 0 0 0 0 2
 2018 7 1 3 2 1 999 0 36.2 36.924 38.4671 42.1931 45.5786 49.6502 54.4674 57.0841 58.3 61.9077 63.87 65.8222 66 76.3 71.6 45.7 0 0 0 75.35 0 1 25 210 377 243 323 135 69 36 13 10 9 2 1 1 1 0 0 0 2
 2019 7 1 3 2 1 999 0 33.9 37.0176 38.5939 41.9801 46.0765 50.4829 56.4202 55.4 60.7206 61.5478 61.4692 64.05 71.0857 66.54 70.7667 74.9 73.6 74.7 0 81.6167 0 1 17 98 246 332 158 94 59 34 23 13 6 7 5 6 2 1 1 0 6
 2020 7 1 3 2 1 999 0 0 35.5083 37.6884 41.0896 46.0896 49.4628 51.7208 58.6621 57.3722 62.4778 58.9667 60.6 60.325 71.5 70.1 0 43.8 0 0 0 0 0 12 95 202 240 180 72 66 18 9 6 1 4 1 1 0 1 0 0 0
 2021 7 1 3 2 1 999 0 0 36.1 37.0613 40.7313 44.3386 49.0245 53.3679 56.8261 60.8773 58.7687 61.4 71.3 69.75 0 0 77 0 0 0 78.6 0 0 8 80 163 176 155 134 46 22 16 3 1 2 0 0 2 0 0 0 2
 2022 7 1 3 2 1 999 0 0 39.7333 36.7146 40.3268 43.5639 47.3951 51.2148 53.3203 57.42 60.5667 61.3875 62.78 62.8143 69.1 67.6 63.8667 64.1 73.2 0 0 0 0 6 96 194 227 204 149 79 35 24 16 5 7 3 2 3 1 1 0 0
 2023 7 1 3 2 1 999 0 0 32.58 36.6051 40.0184 43.9514 48.3686 52.4667 56.23 60.2566 59.9737 60.3 59.5636 67.4333 65.4625 72.025 80 0 74 81.95 0 0 0 10 59 212 208 172 147 100 53 19 18 11 3 8 4 1 0 1 2 0
 1991 7 2 3 2 1 999 0 34.3092 34.7401 42.4777 50.608 57.4039 63.906 65.7558 82.404 0 0 0 0 0 0 0 0 0 0 0 0 0 1 44 107 9 10 3 3 1 0 0 0 0 0 0 0 0 0 0 0 0
 1992 7 2 3 2 1 999 0 0 32.8 35.0757 38.7222 46.6455 0 0 0 0 0 0 0 0 0 0 0 0 0 0 0 0 0 3 87 18 11 0 0 0 0 0 0 0 0 0 0 0 0 0 0 0
 1993 7 2 3 2 1 999 0 0 36.4816 42.425 46.3793 52.34 56.9 74 0 0 0 70 0 0 0 0 0 0 0 0 81.8 0 0 38 60 29 5 4 1 0 0 0 1 0 0 0 0 0 0 0 0 1
 1994 7 2 3 2 1 999 0 0 35.2667 41.9919 51.08 57.5632 69.7333 76 0 0 0 0 0 0 0 0 0 0 0 0 0 0 0 39 37 20 19 6 1 0 0 0 0 0 0 0 0 0 0 0 0 0
 1995 7 2 3 2 1 999 0 0 36.8649 40.927 46.8575 58.6035 64.5 0 0 0 0 80.5 0 0 0 0 0 0 0 0 0 0 0 6 41 28 7 2 0 0 0 0 1 0 0 0 0 0 0 0 0 0
 1996 7 2 3 2 1 999 0 0 33.6 43.4 50.3 50.8 0 0 0 0 0 0 0 0 0 0 0 0 0 0 0 0 0 3 3 2 1 0 0 0 0 0 0 0 0 0 0 0 0 0 0 0
 1997 7 2 3 2 1 999 0 0 0 0 0 0 0 0 0 77.8 0 0 0 0 0 0 0 0 0 0 0 0 0 0 0 0 0 0 0 0 1 0 0 0 0 0 0 0 0 0 0 0
 1998 7 2 3 2 1 999 0 0 38.1714 42.6387 52.8511 59.0667 69.6667 64.775 72.9 0 0 0 76 0 0 0 82.6 0 75 0 80.8 0 0 7 93 45 24 3 4 1 0 0 0 1 0 0 0 1 0 1 0 6
 1999 7 2 3 2 1 999 0 34.6 38.3227 40.0024 43.9088 51.6162 57.6686 59.2333 63.6792 65.2095 61.125 55.725 0 75.05 0 0 0 0 0 0 86.3 0 1 97 245 283 111 70 36 24 21 12 4 0 2 0 0 0 0 0 0 2
 2000 7 2 3 2 1 999 0 0 39.6124 40.1312 45.4013 54.0812 58.8316 64.4375 61.51 73.44 0 73.6667 0 0 0 0 0 0 0 0 81.7 0 0 46 554 406 238 95 24 10 5 0 3 0 0 0 0 0 0 0 0 1
 2001 7 2 3 2 1 999 0 0 37.16 39.7466 44.5078 50.6886 55.3728 58.0525 55.54 71.4077 65.2167 64.34 73.3 0 0 0 0 77 0 0 88.35 0 0 105 266 396 229 136 59 20 13 6 5 1 0 0 0 0 1 0 0 4
 2002 7 2 3 2 1 999 0 35 37.8385 39.5801 43.9117 51.5686 59.9656 66.9786 69.55 0 0 78.9 0 0 0 0 0 0 0 79.5 84 0 1 104 648 196 140 32 28 2 0 0 2 0 0 0 0 0 0 0 1 1
 2003 7 2 3 2 1 999 0 35.8222 37.2287 39.2691 42.683 46.14 57.2719 66.605 71.3444 63.8667 79.45 79 79.3667 0 0 0 79.4 84.3 82.35 0 81.8 0 9 181 602 446 120 64 20 9 3 2 3 3 0 0 0 2 1 2 0 7
 2004 7 2 3 2 1 999 0 37.7 37.8087 39.4745 44.7018 51.384 55.7091 63.1267 71.76 70.65 74.5 72.65 69.55 71 0 80.5 0 0 0 0 0 0 7 195 306 282 125 22 15 5 4 1 2 2 3 0 1 0 0 0 0 0
 2005 7 2 3 2 1 999 0 33.1 36.8872 39.185 44.7299 49.4977 53.7014 60.22 65.4167 67.76 76.6167 72.8 79 73.65 78.85 0 0 0 0 80 86.1 0 1 125 487 201 172 70 20 6 5 6 1 1 2 2 0 0 0 0 1 1
 2006 7 2 3 2 1 999 0 35.9079 36.9729 38.8861 44.1376 51.2736 56.6444 62.7234 63.3611 73.9404 74.6227 73.106 72.176 75.896 80.3 80.3 76.5 83 0 0 80 0 10 244 436 248 77 55 45 14 5 4 1 1 1 1 1 1 1 0 0 1
 2007 7 2 3 2 1 999 0 31.1133 34.4077 37.7123 41.894 49.4875 52.9444 69.7667 0 57.3 0 0 0 0 77.2 0 0 0 0 0 0 0 15 299 559 166 24 9 3 0 1 0 0 0 0 1 0 0 0 0 0 0
 2008 7 2 3 2 1 999 0 30.7 35.8134 39.3873 44.3787 50.236 51.74 0 0 0 73 0 0 0 0 0 0 0 0 0 0 0 2 198 349 327 51 5 0 0 0 1 0 0 0 0 0 0 0 0 0 0
 2009 7 2 3 2 1 999 0 32.1 34.2884 38.4384 44.0978 49.5481 54.67 63.3 0 0 83.9 0 0 0 0 0 0 0 0 0 0 0 6 147 370 268 104 20 2 0 0 1 0 0 0 0 0 0 0 0 0 0
 2010 7 2 3 2 1 999 0 29.2 35.3891 38.331 43.3522 49.5613 59.0857 55.73 62.9143 0 71.9 0 0 0 0 0 0 0 0 0 0 0 2 129 400 356 181 63 10 7 0 1 0 0 0 0 0 0 0 0 0 0
 2011 7 2 3 2 1 999 0 34.325 35.3647 37.9524 43.6071 50.394 55.3332 58.1768 59.64 66.7 0 70.5 0 0 0 0 0 0 0 0 90.5 0 4 153 231 1002 744 220 82 25 8 0 1 0 0 0 0 0 0 0 0 1
 2012 7 2 3 2 1 999 0 29.5666 34.4839 37.6695 43.5213 48.2034 52.5867 55.077 57.9789 58.7746 59.3833 75.0667 0 0 0 0 0 0 0 0 88 0 39 220 724 408 1060 553 131 59 22 6 3 0 0 0 0 0 0 0 0 1
 2013 7 2 3 2 1 999 0 35.1 35.7275 38.542 43.1523 48.8156 54.5241 59.5415 63.1104 62.9192 62.6444 77 68.3 0 0 0 0 0 0 0 86.8 0 5 204 200 419 211 394 260 67 26 9 1 1 0 0 0 0 0 0 0 1
 2014 7 2 3 2 1 999 0 30.9 35.562 40.3764 44.5101 47.5387 53.6079 58.8754 62.1093 63.7917 60.8062 69.5 63.1 79.9 0 0 0 0 0 0 0 0 2 79 305 189 230 177 284 161 48 16 7 1 1 0 0 0 0 0 0 0
 2015 7 2 3 2 1 999 0 31.9 36.5805 39.4771 47.0076 50.1673 53.4839 58.3138 62.6772 66.1281 69.995 71.6188 71.125 74.35 0 0 0 0 0 0 0 0 13 174 519 485 254 199 174 193 135 40 16 4 2 0 0 0 0 0 0 0
 2016 7 2 3 2 1 999 0 33.1125 36.511 39.4707 44.987 53.3548 55.5855 56.9533 64.188 66.3157 69.9881 72.316 67.765 70.4 79 70.4 72.2 0 0 0 102.9 0 16 683 441 478 292 131 122 92 153 84 25 20 3 2 1 1 0 0 0 1
 2017 7 2 3 2 1 999 0 34.3125 37.7794 41.2348 44.144 50.6846 58.6407 59.9828 62.6122 64.2027 68.58 69.0828 69.5941 74.5286 73.55 73.6 89.4 84.1 0 0 0 0 24 257 1859 241 208 113 64 49 37 50 29 17 7 2 2 1 1 0 0 0
 2018 7 2 3 2 1 999 0 38.2 34.7746 40.3829 46.1093 48.5392 54.5963 61.7375 64.8167 62.0704 70.1545 67.7862 69.7875 71.35 75.1429 75.9 0 82.8 0 0 0 0 3 527 694 2223 166 134 56 30 27 11 29 16 4 7 2 0 2 0 0 0
 2019 7 2 3 2 1 999 0 32.1059 34.4655 37.1639 43.5124 50.8669 52.6805 57.4787 62.6259 65.4091 69.5778 71.6 73.1235 72.7 64.2571 78.35 41.8 79.9 0 0 83.45 0 17 142 1397 716 1715 128 89 27 11 18 4 17 12 7 4 1 1 0 0 4
 2020 7 2 3 2 1 999 0 32.9444 34.7817 36.9403 41.5436 47.0131 53.3714 54.0176 56.9148 66.7429 70.3455 71.775 76.3091 77.2182 77.38 77.4545 83.05 77 80.6 0 86.2 0 18 273 409 702 367 1250 91 27 7 11 4 11 11 10 11 2 2 1 0 1
 2021 7 2 3 2 1 999 0 34.7727 34.6359 36.8752 41.3374 45.8147 53.1067 56.99 58.3314 64.0905 67.68 76.5 68.5571 70.6333 75.85 76.3667 77.1 73.9 74.1 0 71.4 0 11 153 943 476 394 209 631 35 21 5 2 7 6 6 6 4 1 1 0 1
 2022 7 2 3 2 1 999 0 32.59 35.7797 37.5203 40.3759 45.0139 50.8324 57.3571 61.266 60.1 68.5333 67.9 0 70.3 79.6 71.625 69.8 70 0 0 0 0 40 187 610 722 281 207 84 482 17 6 3 0 1 1 4 4 4 0 0 0
 2023 7 2 3 2 1 999 0 35.575 35.3379 38.3947 42.3056 46.1655 55.028 59.2396 62.4333 64.8129 68.88 67.75 75.2 0 0 84.7 74.1 71.9 74.4 71.9 79.2 0 4 95 151 234 119 50 48 39 132 5 2 1 0 0 1 1 2 1 1 1
 1992 7 3 3 2 1 999 0 0 0 52.3447 50.8546 51.4198 56.5068 62.9811 0 72.5384 0 0 0 0 0 0 0 0 0 0 0 0 0 0 2 9 2 1 1 0 3 0 0 0 0 0 0 0 0 0 0 0
 1993 7 3 3 2 1 999 0 0 0 53.7321 49.6625 0 0 0 0 0 0 0 0 0 0 0 0 0 0 0 0 0 0 0 2 10 0 0 0 0 0 0 0 0 0 0 0 0 0 0 0 0
 1994 7 3 3 2 1 999 0 0 0 41.5508 42.8388 60.2064 0 75.0048 0 0 0 0 0 80.5542 0 0 0 0 0 0 84.2538 0 0 0 15 9 1 0 1 0 0 0 0 0 1 0 0 0 0 0 0 1
 1995 7 3 3 2 1 999 0 0 34.0333 40.325 0 0 0 0 0 0 0 0 0 0 0 0 0 0 0 0 0 0 0 3 4 0 0 0 0 0 0 0 0 0 0 0 0 0 0 0 0 0
 1997 7 3 3 2 1 999 0 0 0 46.5 51.1875 60 68.5 70 0 0 0 0 0 0 0 0 0 0 0 0 0 0 0 0 10 16 2 2 1 0 0 0 0 0 0 0 0 0 0 0 0 0
 1998 7 3 3 2 1 999 0 0 39.875 38.2018 53 39 0 0 0 0 0 0 0 0 0 0 0 0 0 0 0 0 0 4 5 1 1 0 0 0 0 0 0 0 0 0 0 0 0 0 0 0
 1999 7 3 3 2 1 999 0 0 0 41.8833 45.4891 47.1364 53 68 61 0 0 0 0 0 0 0 0 0 0 0 0 0 0 0 6 46 11 4 2 1 0 0 0 0 0 0 0 0 0 0 0 0
 2000 7 3 3 2 1 999 0 0 47.3 44.6 48.7375 53.825 69.5 0 0 0 0 0 0 0 0 0 0 0 0 0 0 0 0 3 1 8 16 1 0 0 0 0 0 0 0 0 0 0 0 0 0 0
 2001 7 3 3 2 1 999 0 0 0 45.7692 52.2556 59.1769 61.7273 0 0 58 0 83.6 0 0 0 0 0 0 0 0 0 0 0 0 13 27 13 11 0 0 1 0 1 0 0 0 0 0 0 0 0 0
 2002 7 3 3 2 1 999 0 0 41.6 44.35 0 53.8333 0 68.75 0 0 0 0 0 0 0 0 0 0 0 0 0 0 0 1 8 0 3 0 2 0 0 0 0 0 0 0 0 0 0 0 0 0
 2003 7 3 3 2 1 999 0 0 0 43.04 51.375 0 0 0 0 0 0 0 0 0 0 0 0 0 0 0 0 0 0 0 5 4 0 0 0 0 0 0 0 0 0 0 0 0 0 0 0 0
 2004 7 3 3 2 1 999 0 0 39.8286 45.2864 48.1377 55.0955 69 0 0 0 0 0 0 0 0 0 0 0 0 0 0 0 0 7 22 61 22 1 0 0 0 0 0 0 0 0 0 0 0 0 0 0
 2005 7 3 3 2 1 999 0 0 37.8 42.8214 50.1765 56.0222 55.2667 73 0 0 0 0 0 0 0 0 0 0 0 0 0 0 0 1 28 17 18 3 1 0 0 0 0 0 0 0 0 0 0 0 0 0
 2006 7 3 3 2 1 999 0 0 40.1667 43.32 49.4245 57.5645 62.9087 64.9333 69.5 0 0 0 0 0 85 0 0 87.9 0 86 86.85 0 0 3 35 49 31 23 6 1 0 0 0 0 0 1 0 0 1 0 1 2
 2007 7 3 3 2 1 999 0 35.9 39.6667 42.7455 47.68 56.425 63.125 0 0 0 0 0 0 0 0 0 0 0 0 0 0 0 1 3 22 20 4 4 0 0 0 0 0 0 0 0 0 0 0 0 0 0
 2008 7 3 3 2 1 999 0 36.4 39.55 47.3 52.66 53.7 55.65 0 0 0 0 0 0 0 0 0 0 0 0 0 0 0 2 2 3 10 4 2 0 0 0 0 0 0 0 0 0 0 0 0 0 0
 2009 7 3 3 2 1 999 0 37.625 34.3731 40.5302 49.892 55.7965 59.068 56.0833 60.6 0 0 0 0 0 0 0 0 0 0 0 0 0 4 26 96 113 57 25 6 1 0 0 0 0 0 0 0 0 0 0 0 0
 2010 7 3 3 2 1 999 0 0 35.7111 43.2306 49.2018 56.6359 62.1178 66.83 65.1 0 0 0 0 0 0 0 0 0 0 0 0 0 0 9 85 171 128 45 10 3 0 0 0 0 0 0 0 0 0 0 0 0
 2011 7 3 3 2 1 999 0 0 39.8 39.9652 48.7747 54.1861 61.7685 64.3043 64.7182 62.4833 50.6 0 0 0 0 0 0 0 0 0 0 0 0 15 69 292 339 127 46 11 6 1 0 0 0 0 0 0 0 0 0 0
 2012 7 3 3 2 1 999 0 35.1 34.75 41.35 48.1399 54.8044 59.607 65.6238 63.4308 68.5 79.8333 65.85 64.5 0 0 0 69 0 0 0 84.8 0 2 16 28 132 311 300 116 26 1 3 2 1 0 0 0 1 0 0 0 1
 2013 7 3 3 2 1 999 0 0 36.8083 41.5912 46.946 52.1694 57.7194 62.6811 66.85 62.7 62.1 69.98 0 77.5 79.9 0 0 0 0 0 0 0 0 12 34 100 160 247 159 34 12 1 5 0 1 1 0 0 0 0 0 0
 2014 7 3 3 2 1 999 0 43.4 38 43.265 49.6586 53.7983 57.3503 61.9621 65.2439 66.9257 72.1571 73.2 0 55.9 78.7 0 0 0 0 0 0 0 1 20 163 174 115 159 169 114 35 7 2 0 1 1 0 0 0 0 0 0
 2015 7 3 3 2 1 999 0 34.2421 40.919 43.1303 48.9602 55.8815 59.8356 62.2417 64.3075 68.2733 69.8727 64.2 0 64 0 0 0 0 0 0 0 0 19 21 76 181 65 45 84 80 45 22 2 0 1 0 0 0 0 0 0 0
 2016 7 3 3 2 1 999 0 0 37.4592 42.4613 48.9197 54.0187 59.8442 60.7444 66.5632 67.5922 70.5061 73.3 0 76.35 77.4333 72.75 0 0 0 0 0 0 0 213 142 132 166 77 36 38 51 33 11 0 4 3 2 0 0 0 0 0
 2017 7 3 3 2 1 999 0 33 40.3266 41.6395 50.3761 55.5451 59.1052 62.5861 65.0591 67.248 70.68 71.5944 73.9375 69.6 0 72.1 0 0 0 0 0 0 1 94 755 138 82 77 36 22 25 15 18 16 2 0 1 0 0 0 0 0
 2018 7 3 3 2 1 999 0 31.9 38.1857 43.1652 47.8656 52.9696 66.0455 65.1385 66.2875 65.25 71.9143 74.4636 74.68 79.3 74.65 78.5 79 0 0 0 0 0 1 21 92 675 69 11 13 8 2 7 11 5 2 2 1 1 0 0 0 0
 2019 7 3 3 2 1 999 0 37.25 38.5265 43.1242 48.8671 53.6397 59.6466 63.5977 68.0929 67.34 73.2111 71.8833 72.9444 78.0667 79.2667 76.7 0 77.9 0 0 0 0 2 49 124 164 499 73 43 14 15 9 6 9 6 3 1 0 1 0 0 0
 2020 7 3 3 2 1 999 0 33.1333 35.8962 40.5408 46.5059 53.34 55.878 58.5712 64.0714 71.8375 72.55 77.1 0 80.4 68.85 0 0 0 65.8 0 0 0 3 26 98 153 220 532 52 14 8 2 4 0 2 2 0 0 0 1 0 0
 2021 7 3 3 2 1 999 0 40.2 38.1132 43.3673 47.3902 51.8283 57.0097 61.1923 70.0111 66.6667 67.05 71.7333 0 71.2667 79.7 78.4 0 0 0 0 0 0 2 38 55 194 106 93 209 9 3 2 3 0 3 1 2 0 0 0 0 0
 2022 7 3 3 2 1 999 0 32.3667 38.2571 42.687 48.6048 55.2567 60.0075 63.5008 65.4096 62.865 71.7 76.525 79.2 76.2143 78.05 78 88.1 0 81.5 86.4 0 0 3 35 347 210 312 239 131 406 20 4 4 1 7 4 3 1 0 1 1 0
 2023 7 3 3 2 1 999 0 40.1 38.8308 44.5926 50.368 58.6906 61.955 67.5933 67.75 69.3879 74.8714 72.2 73.6 77.65 74.3 79.65 73.85 0 72.6 0 84.9 0 1 39 81 128 53 60 45 28 33 7 5 1 4 2 2 4 0 1 0 2
 1993 7 6 3 2 1 999 0 0 34.6714 41.9429 32.5 0 0 0 0 0 0 0 0 0 0 0 0 0 0 0 0 0 0 21 7 1 0 0 0 0 0 0 0 0 0 0 0 0 0 0 0 0
 1998 7 6 3 2 1 999 0 0 37.5667 41.9861 44.6746 54.7243 56.9871 59.4774 64.4735 71.3942 71.4238 72.5637 73.7518 74.1471 74.3422 73.5434 72.6333 75.6255 74.675 70 78.3643 0 0 3 31 50 66 24 18 22 18 23 17 15 15 9 9 9 5 4 1 9
 1999 7 6 3 2 1 999 0 0 0 39.665 41.278 44.0778 45.1 0 64 0 0 0 0 0 0 0 0 0 0 0 0 0 0 0 20 41 9 5 0 1 0 0 0 0 0 0 0 0 0 0 0 0
 2000 7 6 3 2 1 999 0 0 0 47.2 50.95 54.556 60.5091 62.9492 67.2439 69.0889 69.0692 71.5714 70.19 69.3111 70.75 74.775 74.075 76.2 0 68.5 78.5971 0 0 0 3 12 50 55 65 41 27 13 14 10 9 2 4 4 1 0 1 34
 2001 7 6 3 2 1 999 0 0 0 0 45.25 52.2727 55.8886 59.4567 65.9571 67.3333 70.5222 72.325 70.75 73.2714 75.8 69.75 76.375 71 74 75.5 81.6125 0 0 0 0 4 11 44 30 21 18 9 8 6 7 3 2 4 1 1 2 8
 2002 7 6 3 2 1 999 0 36.2 45.5 45.0954 51.3371 49.5049 53.5897 64.6483 67.1138 68.1894 71.929 72.4748 71.6467 73.84 74.0783 73.9364 73.63 73.0367 75.6 70.1 77.0712 0 1 5 36 23 40 20 34 29 19 21 16 15 10 12 11 10 10 5 1 22
 2003 7 6 3 2 1 999 0 0 0 0 49.4 54.0875 60.2625 60.0526 65.9216 69.0727 68.4043 69.6118 68.9217 69.5364 70.7583 72.2923 72.8235 73.95 72.52 75.5667 77.6625 0 0 0 0 1 8 8 19 37 22 23 17 23 11 12 13 17 8 5 3 32
 2004 7 6 3 2 1 999 0 0 0 37.4919 41.0384 49.686 54.8889 62.9872 64.3786 66.588 67.7811 69.962 70.4304 70.5003 70.9484 70.9418 72.3872 73.35 71.7278 72.0333 76.0885 0 0 0 19 107 52 54 51 45 46 46 28 39 27 27 20 15 8 9 6 41
 2005 7 6 3 2 1 999 0 0 0 48.0565 50.081 52.6815 60.1952 63.2833 66.2491 67.7318 68.9773 67.6338 72.7481 72.9866 70.1397 68.3473 72.8333 0 71.5 70 77.316 0 0 0 13 15 39 29 26 25 26 14 13 12 13 9 4 6 0 1 1 6
 2006 7 6 3 2 1 999 0 0 0 40.3826 41.9611 48.8071 54.6721 56.655 61.6866 64.5396 65.3845 65.3107 69.9139 69.0608 72.7712 73.2083 71.7959 77.7221 77.765 75.5333 78.9754 0 0 0 8 34 49 74 89 56 41 51 31 28 21 19 12 9 7 2 3 22
 2007 7 6 3 2 1 999 0 0 34.7 38.425 47.7333 52.2 55.309 56.9953 61 63.1833 67.5136 67.5 70.3333 71.2545 65 71.32 73.3778 72.1667 76.525 73.7 76.6375 0 0 1 4 15 31 67 64 37 30 22 24 6 11 5 10 9 3 4 1 8
 2008 7 6 3 2 1 999 0 0 34.7 38.58 43.5294 51.1559 56.4741 60.5704 63.6087 63.625 68.0741 73.12 71.4154 73.75 72.8 79.6 73.4 73.4667 70.7 0 80.4643 0 0 1 10 34 34 54 54 46 28 27 10 13 2 4 5 3 3 2 0 14
 2009 7 6 3 2 1 999 0 0 0 33.55 44.1 46.07 52.7107 56.8182 64.035 64.6102 65.32 67.75 73.4111 69.1 75.4583 76.3167 67.975 72.5 78.7 73.35 78.3385 0 0 0 2 13 30 28 22 20 49 30 20 9 7 12 6 4 3 1 2 13
 2010 7 6 3 2 1 999 0 0 0 37.775 44.4476 50.1292 57.08 60.1 50.2 67.55 0 61.6 60.1 0 72 0 0 77.2 0 0 79.2 0 0 0 8 21 24 15 5 1 4 0 2 1 0 1 0 0 1 0 0 1
 2011 7 6 3 2 1 999 0 0 0 0 38.1667 46.175 51.0667 56.9 69.2 67 0 0 0 0 0 0 0 0 0 0 0 0 0 0 0 3 4 3 2 1 1 0 0 0 0 0 0 0 0 0 0 0
 2012 7 6 3 2 1 999 0 0 0 38.125 44.8167 47.8692 52.9714 58.9444 64.0154 63.03 65.525 64.6571 62.05 64.3 66.5 71.55 80 66.4 73.1 74.7 77.075 0 0 0 12 6 13 28 27 13 10 12 7 2 2 4 2 1 4 1 1 4
 2013 7 6 3 2 1 999 0 0 38.7 40.59 43.4857 46.1 46.8 60.2182 60.9824 60.79 61.7833 62.48 59.45 62.1 62.98 65.56 75.7 62.95 0 65.65 69.9 0 0 1 10 14 3 4 11 17 20 6 5 2 3 5 5 2 2 0 4 2
 2014 7 6 3 2 1 999 0 0 0 0 0 62.9 67.08 68.0667 67.8286 69.4083 69.3625 64.55 67.4 71.5333 72 75.45 0 59.5 79 69.6 85.1 0 0 0 0 0 1 5 9 14 12 8 2 1 3 2 2 0 1 1 2 1
 2015 7 6 3 2 1 999 0 0 0 0 42.52 48.0143 59.425 62.875 67.4529 67.1727 67.3182 69.9 67.0667 69.8333 0 72.7 78.15 74.925 68.7 76.8 83.58 0 0 0 0 5 7 4 12 17 22 11 8 3 3 0 1 2 4 1 1 5
 2016 7 6 3 2 1 999 0 0 38.2 37.2636 41.8 48.72 50.22 54.1364 70.7 65.58 69.2083 65.7667 72.7778 75.1 80.8 0 0 74.4 0 0 0 0 0 1 11 18 15 10 11 2 10 12 6 9 1 1 0 0 1 0 0 0
 2017 7 6 3 2 1 999 0 0 0 0 0 56.45 0 64.175 63.8667 66.2667 69.088 71.1909 67.0231 74.4167 74.1333 68.8857 81.05 74.5 72.2667 78.4 80.5 0 0 0 0 0 2 0 4 3 9 25 33 13 6 3 7 2 2 3 1 7
 2018 7 6 3 2 1 999 0 0 0 0 72.6 0 60.2333 65.0833 64.8158 67.2321 68.9313 71.3 70.7577 69.725 73.0818 73.5667 73.35 71.55 77.2333 71.7 80.7667 0 0 0 0 1 0 12 12 19 28 64 59 52 24 11 3 2 2 3 3 12
 2019 7 6 3 2 1 999 0 0 38.3 38.84 49.1 49.1125 58.5556 62.325 63.8512 65.8763 66.6299 70.216 70.16 70.7662 71.4754 71.9026 71.9548 71.8667 70.8 73.775 78.4429 0 0 2 5 4 8 18 44 43 59 67 75 85 77 65 39 31 12 8 4 35
 2020 7 6 3 2 1 999 0 0 0 38.6 47.975 44.1 54.0571 54.98 63.2889 64.9214 67.2182 68.3167 66.2462 70.7 65.45 70.85 74.12 0 0 61.9 74.1 0 0 0 2 4 1 7 10 18 14 11 6 13 21 10 2 5 0 0 1 1
 2021 7 6 3 2 1 999 0 0 0 0 0 58.1 64.4333 62.84 64.6818 68.0625 70.1077 69.4036 71 70.8368 69.7222 69.875 72.8615 72.95 74.5667 77.35 78.4692 0 0 0 0 0 1 3 5 11 8 13 28 9 19 18 20 13 6 6 2 13
 2022 7 6 3 2 1 999 0 0 0 38.18 51.1125 48.1 53.76 60.3529 62.4 67.4391 68.9806 69.8618 70.4529 73.4628 73.1406 73.6375 73.5444 74.95 76.0833 75.9 79.244 0 0 0 5 8 15 15 17 28 23 36 34 34 43 32 40 36 16 6 7 25
 2023 7 6 3 2 1 999 0 0 0 0 0 45.65 52.77 55.85 70.5429 66.8467 69.2031 69.9917 70.3027 72.2575 71.0923 72.4442 72.6018 75.6657 72.9211 75.9643 76.9897 0 0 0 0 0 2 10 8 7 15 32 24 37 40 26 52 56 35 19 14 29
 1991 7 7 3 2 1 999 0 0 33.3843 51.362 63.906 58.3566 0 0 0 0 0 0 0 0 0 80.0917 0 0 0 0 0 0 0 1 8 1 1 0 0 0 0 0 0 0 0 0 1 0 0 0 0 0
 1992 7 7 3 2 1 999 0 0 0 50.9574 52.8072 54.657 48.7993 62.5186 0 0 79.6293 0 0 0 0 0 0 0 0 0 87.0285 0 0 0 2 3 3 3 2 0 0 1 0 0 0 0 0 0 0 0 0 1
 1993 7 7 3 2 1 999 0 0 43.5582 52.6978 55.4617 59.052 62.9811 62.9811 0 0 78.7044 0 0 80.5542 0 0 0 0 0 0 82.404 0 0 2 7 9 7 1 2 0 0 1 0 0 1 0 0 0 0 0 0 1
 1994 7 7 3 2 1 999 0 0 0 0 59.7439 60.2064 0 0 0 0 0 0 0 0 0 0 0 0 0 0 0 0 0 0 0 2 2 0 0 0 0 0 0 0 0 0 0 0 0 0 0 0
 1995 7 7 3 2 1 999 0 0 0 51.7105 50.7827 52.8997 0 0 0 67.6056 0 0 0 0 0 0 0 0 0 0 0 0 0 0 7 9 2 0 0 0 1 0 0 0 0 0 0 0 0 0 0 0
 1996 7 7 3 2 1 999 0 0 0 0 57.5 66 61.1313 0 0 0 0 0 0 0 0 0 0 0 0 0 0 0 0 0 0 2 3 1 0 0 0 0 0 0 0 0 0 0 0 0 0 0
 1997 7 7 3 2 1 999 0 0 43 59 54.5 67.5 67 0 0 0 0 0 0 0 0 0 0 0 0 0 0 0 0 1 1 2 2 1 0 0 0 0 0 0 0 0 0 0 0 0 0 0
 1998 7 7 3 2 1 999 0 0 0 69 45.5833 51.85 61.0833 71.25 0 0 0 0 0 0 0 0 0 0 0 0 0 0 0 0 1 6 10 6 2 0 0 0 0 0 0 0 0 0 0 0 0 0
 1999 7 7 3 2 1 999 0 0 0 44.5 47.8824 52.6 60.975 64.1 0 64 0 0 0 0 0 0 0 0 0 0 87 0 0 0 3 51 20 20 5 0 2 0 0 0 0 0 0 0 0 0 0 1
 2000 7 7 3 2 1 999 0 0 0 47 54.5 56.0541 61.0714 58.4167 62.6667 64.125 0 86 0 75.5 0 0 0 0 84.5 0 87 0 0 0 2 13 37 14 6 3 4 0 1 0 1 0 0 0 0 1 0 2
 2001 7 7 3 2 1 999 0 0 0 51.125 54.615 59.6682 62.4261 64.1 71 80 0 0 0 0 0 0 0 0 0 0 80 0 0 0 4 20 22 23 5 1 1 0 0 0 0 0 0 0 0 0 0 1
 2002 7 7 3 2 1 999 0 44 51.75 54.3565 58.6529 60.65 63.3486 67.265 68.78 71.0667 68.8 74.7 0 0 0 68.2 0 0 0 0 80.9 0 3 8 23 34 24 35 20 5 3 2 1 0 0 0 1 0 0 0 0 8
 2003 7 7 3 2 1 999 0 0 39 47.825 50.612 54.8789 63.9056 65.625 66.5778 68.125 77.1 68.5 76.5 58.6 0 88 0 76.3 0 0 84.525 0 0 1 28 50 38 18 12 9 4 1 1 1 1 0 1 0 1 0 0 4
 2004 7 7 3 2 1 999 0 0 43.2667 49.383 53.3967 55.0774 54.3647 56.9125 60.225 0 73.75 76 0 0 0 0 0 84.5 0 0 82.5 0 0 3 53 91 53 17 8 4 0 2 1 0 0 0 0 0 1 0 0 2
 2005 7 7 3 2 1 999 0 0 43.95 46.86 52.2828 57.4381 61.395 60.9333 0 0 0 0 76.8 0 0 0 0 0 0 0 0 0 0 4 40 99 118 40 9 0 0 0 0 1 0 0 0 0 0 0 0 0
 2006 7 7 3 2 1 999 0 0 36.98 44.1579 51.407 57.3286 61.5089 64.8636 70.625 80.5 0 0 78.6 78.5 0 0 80.5 0 0 0 0 0 0 5 19 71 42 45 11 4 1 0 0 1 2 0 0 1 0 0 0 0
 2007 7 7 3 2 1 999 0 39.8 0 46.2833 52.2737 57.1825 60.7167 63.0636 66.6667 0 0 0 0 0 0 0 0 0 0 0 0 0 2 0 12 38 40 18 11 3 0 0 0 0 0 0 0 0 0 0 0 0
 2008 7 7 3 2 1 999 0 0 45.2 45.0651 52.3071 55.787 60.6091 64.65 66.4167 65.45 0 0 0 0 0 0 0 0 0 0 62 0 0 5 43 84 131 33 10 6 2 0 0 0 0 0 0 0 0 0 0 1
 2009 7 7 3 2 1 999 0 0 35.3 43.145 49.0038 54.9667 60.935 62 63 0 0 0 0 0 0 0 0 0 0 0 0 0 0 1 20 26 27 20 1 1 0 0 0 0 0 0 0 0 0 0 0 0
 2010 7 7 3 2 1 999 0 0 40.2167 47.0521 50.4432 56.5131 61.4429 64.5964 68.2923 60.5 0 0 0 0 0 0 0 81 0 0 85.6 0 0 6 71 333 397 126 55 13 2 0 0 0 0 0 0 0 1 0 0 1
 2011 7 7 3 2 1 999 0 0 0 40.8062 50.7283 54.4552 61.0319 63.4412 70.2667 66.62 0 72.35 0 0 0 0 0 0 0 0 0 0 0 0 16 120 210 135 51 12 5 0 2 0 0 0 0 0 0 0 0 0
 2012 7 7 3 2 1 999 0 0 0 51.1 50.75 55.7952 60.0263 63.45 66.8364 66.1833 66.9 0 0 0 0 0 0 0 0 0 0 0 0 0 6 24 63 76 42 11 6 2 0 0 0 0 0 0 0 0 0 0
 2013 7 7 3 2 1 999 0 0 39.6333 44.4 48.7158 53.1961 60.471 63.9036 66.959 68.7467 72.4333 66.1 76.25 72 77 0 0 0 0 0 88.8 0 0 3 46 57 179 155 140 100 15 3 2 2 1 1 0 0 0 0 0 1
 2014 7 7 3 2 1 999 0 0 43.9 43.8841 48.6377 53.8675 58.4556 64.6 66.0803 68.1017 69.8314 72.15 0 74.35 0 0 0 0 0 0 0 0 0 6 88 199 166 216 137 157 116 35 6 0 2 0 0 0 0 0 0 0
 2015 7 7 3 2 1 999 0 0 45.5182 47.6869 50.7915 56.1077 62.5873 63.4866 67.0258 69.9468 71.6967 73.9667 70.9 78.6 0 0 0 0 0 0 88.9 0 0 11 61 224 155 102 127 66 62 30 3 2 1 0 0 0 0 0 0 2
 2016 7 7 3 2 1 999 0 43.7 37.8565 45.299 50.4675 55.7778 59.9784 64.1911 65.4683 69.9062 71.0781 73.4118 80.55 78.5 0 80.7 77 0 0 78 0 0 2 69 98 120 216 102 56 60 48 32 17 4 1 0 1 1 0 0 1 0
 2017 7 7 3 2 1 999 0 0 42.0263 43.8376 51.0737 54.7926 60.3395 65.0122 65.4125 69.0324 68.4083 72.3 73.585 76.475 79.2 77.5 0 0 82.5 0 91.8 0 0 19 149 57 68 81 41 24 37 12 11 20 4 2 1 0 0 1 0 1
 2018 7 7 3 2 1 999 0 0 41.3 47.1146 49.5 57.0662 63.4486 67.1179 68.1278 67.5462 72.1364 74.6714 75.51 77.7333 0 74.1 0 0 0 0 92.5 0 0 5 41 274 71 37 39 18 13 11 7 10 9 0 1 0 0 0 0 1
 2019 7 7 3 2 1 999 0 35.6 40.3667 44.6415 50.4322 53.296 60.0896 65.3556 71.0062 68.7286 70.3846 74.3556 76.7833 77.3778 75.925 79.7 77.3 90.5 0 76.1 76.7 0 2 6 41 121 470 48 18 16 14 13 18 12 9 4 3 2 1 0 1 4
 2020 7 7 3 2 1 999 0 0 40.6333 44.1833 48.3367 53.5 57.6258 62.8462 64 68 70.5 72.2667 74.45 78.4 73.15 69.7 0 0 0 0 0 0 0 3 12 49 59 132 13 6 4 4 3 2 1 2 1 0 0 0 0 0
 2021 7 7 3 2 1 999 0 0 37.2 44.8143 51.8767 57.9353 59.8284 65.4435 65 75.25 73.8833 0 75.14 0 76.5 77.4 68.7 78 0 0 0 0 0 1 14 73 85 81 124 15 2 6 0 5 0 2 1 1 1 0 0 0
 2022 7 7 3 2 1 999 0 32.3 39.0727 43.9245 51.0438 57.2945 60.8598 63.3841 65.5762 68.0214 72.5143 71.04 73.1 75.9167 77.4 77.22 79.85 74.4 82.1 0 0 0 1 11 139 144 309 266 232 488 28 7 5 7 6 5 5 2 2 2 0 0
 2023 7 7 3 2 1 999 0 0 38.5556 44.2297 48.7975 56.7674 61.1174 64.1393 67.7559 68.305 68.0778 71.6333 76.14 72.7 73.5 75.175 83.5 81.7 77.8 79.2 81.45 0 0 9 64 159 89 121 107 118 119 9 6 5 2 3 4 1 1 1 1 2
 1994 7 8 3 2 1 999 0 0 0 42.6333 50.9574 0 55.5819 0 0 85.1787 0 0 0 0 0 0 0 0 0 0 0 0 0 0 1 1 0 1 0 0 1 0 0 0 0 0 0 0 0 0 0 0
 1997 7 8 3 2 1 999 0 0 0 52 61.5 0 0 0 0 0 0 0 0 0 0 0 0 0 0 0 0 0 0 0 1 2 0 0 0 0 0 0 0 0 0 0 0 0 0 0 0 0
 2001 7 8 3 2 1 999 0 0 58.9 54.1 56.0857 55.275 62.1 0 0 0 0 0 0 0 0 0 0 0 0 0 0 0 0 1 1 7 4 1 0 0 0 0 0 0 0 0 0 0 0 0 0 0
 2002 7 8 3 2 1 999 0 0 0 42.5 46.5 56.4667 63.2333 0 0 0 0 0 0 0 0 0 0 0 0 0 0 0 0 0 3 2 3 3 0 0 0 0 0 0 0 0 0 0 0 0 0 0
 2003 7 8 3 2 1 999 0 0 0 0 50.6 51.4125 63.35 68.2333 70.6333 68.7667 0 0 0 69.2 77.7 0 0 0 0 0 0 0 0 0 0 2 8 6 3 3 3 0 0 0 1 1 0 0 0 0 0 0
 2004 7 8 3 2 1 999 0 0 0 47.0333 49.64 56.4 0 0 0 0 0 0 0 0 0 88.8 0 0 0 0 83.85 0 0 0 3 5 7 0 0 0 0 0 0 0 0 0 1 0 0 0 0 2
 2005 7 8 3 2 1 999 0 0 39 42.1667 50.6 54.2333 49.1 57.1 0 0 50.3 0 0 0 0 0 0 0 0 0 0 0 0 1 3 9 12 5 3 0 0 1 0 0 0 0 0 0 0 0 0 0
 2007 7 8 3 2 1 999 0 31.675 36.1 41.475 49.7464 53.8824 64.8571 73.5 69.2 53.85 0 0 0 0 0 0 0 0 0 0 0 0 4 16 16 28 17 7 1 2 2 0 0 0 0 0 0 0 0 0 0 0
 2008 7 8 3 2 1 999 0 0 0 41.775 47.1 52.1364 52.9471 64.1833 64.45 74.2571 67.325 67.0333 74.5667 71.5 73.2333 84.2 77.85 77.4 0 0 77.675 0 0 0 8 66 44 17 12 6 7 4 3 3 1 3 2 2 1 0 0 4
 2009 7 8 3 2 1 999 0 0 0 43.6 45.3 50.2667 54.2333 51.6667 69.4 66.6 0 0 0 71 0 0 0 0 0 0 88.2 0 0 0 3 2 3 3 3 1 3 0 0 0 1 0 0 0 0 0 0 1
 2010 7 8 3 2 1 999 0 0 0 0 49.8 0 0 0 0 0 0 0 0 0 0 0 0 0 0 0 0 0 0 0 0 1 0 0 0 0 0 0 0 0 0 0 0 0 0 0 0 0
 2011 7 8 3 2 1 999 0 0 0 32 41.65 55.2286 60.3 61.6 54.7 0 0 0 0 0 0 0 0 0 0 0 0 0 0 0 1 6 7 5 1 2 0 0 0 0 0 0 0 0 0 0 0 0
 2012 7 8 3 2 1 999 0 29.5 33.6714 37.0091 40.25 55.0059 51.5727 0 65 0 0 0 0 0 0 0 0 0 0 0 0 0 1 7 11 2 17 11 0 2 0 0 0 0 0 0 0 0 0 0 0 0
 2013 7 8 3 2 1 999 0 0 0 0 0 59.65 64.62 66.4667 64.6 0 0 0 0 0 0 0 0 0 0 0 0 0 0 0 0 0 2 5 6 1 0 0 0 0 0 0 0 0 0 0 0 0
 2014 7 8 3 2 1 999 0 0 0 0 49.0429 62.8 60.15 57.05 0 0 0 0 0 0 0 0 0 0 0 0 0 0 0 0 0 7 1 2 4 0 0 0 0 0 0 0 0 0 0 0 0 0
 2015 7 8 3 2 1 999 0 0 0 0 49.6 53.9 61.1667 66.52 62.04 68.075 70.3 0 0 0 0 0 0 0 0 0 0 0 0 0 0 1 3 3 5 5 4 2 0 0 0 0 0 0 0 0 0 0
 2016 7 8 3 2 1 999 0 0 0 0 58.15 60.9333 62.1875 61.95 66.94 68.55 66.25 72.6 0 0 0 0 0 0 0 0 0 0 0 0 0 2 6 8 4 5 2 2 2 0 0 0 0 0 0 0 0 0
 2017 7 8 3 2 1 999 0 0 49.1 45.1182 0 61 60.15 61.2 0 69.0333 69.4 69.14 71.3 75.4 72 67 0 0 0 0 0 0 0 1 11 0 1 2 1 0 3 4 5 3 1 1 3 0 0 0 0 0
 2018 7 8 3 2 1 999 0 0 0 48.6667 48.163 50.8 64.375 56.1 65.7 65.025 68.32 69.46 70.6786 74.28 76.35 75.7667 69.45 0 0 70.9 0 0 0 0 3 54 3 4 1 1 4 5 10 14 5 6 3 2 0 0 1 0
 2019 7 8 3 2 1 999 0 0 0 0 47.2667 53.8391 0 62.1 61.7 64.1 64.3 62.8667 66.575 66.4 61.7 74.1 0 0 0 0 0 0 0 0 0 6 23 0 1 2 3 3 3 8 2 1 1 0 0 0 0 0
 2020 7 8 3 2 1 999 0 0 0 51.1 0 57.5429 59.3647 61.76 61.4 60.8 68.8 0 66.2333 74.7667 66.175 82.1 73.7333 76.9 0 0 80.1 0 0 0 1 0 7 17 5 3 1 1 0 3 3 4 1 3 1 0 0 1
 2021 7 8 3 2 1 999 0 0 38.2333 38.1 48.0889 54.9882 59.4333 61.7897 78.8 78.5 0 0 0 0 0 0 0 0 0 0 0 0 0 3 1 9 17 15 39 1 1 0 0 0 0 0 0 0 0 0 0 0
 2022 7 8 3 2 1 999 0 0 0 42.1889 46.9 52.6 58.0421 63.3312 63.6191 73.4 72 78.3 75 73.2 74.5 72.52 0 76 0 81.7 0 0 0 0 9 7 11 19 16 68 1 1 2 3 1 1 5 0 1 0 1 0
 2023 7 8 3 2 1 999 0 36.5 39.5667 45.445 50.2 55.6417 61.925 65.56 67.42 70.4619 70.5625 69.85 70.35 72.75 70.2333 72.4333 74.2167 0 74.1667 0 89.1 0 1 3 20 14 12 20 20 30 21 8 2 2 4 3 3 6 0 3 0 1
 1980 7 12 3 2 1 999 0 0 29.7368 33.8827 41.2333 58 59.6 73.3333 75 75 70.6667 0 0 0 74 0 0 0 0 0 0 0 0 95 179 30 6 5 3 2 1 3 0 0 0 1 0 0 0 0 0 0
 1981 7 12 3 2 1 999 0 0 0 0 0 0 0 0 0 0 0 0 0 0 0 0 0 0 0 0 0 0 0 0 0 0 0 0 0 0 0 0 0 0 0 0 0 0 0 0 0 0
 1982 7 12 3 2 1 999 0 0 0 0 0 0 0 0 0 0 0 0 0 0 0 0 0 0 0 0 0 0 0 0 0 0 0 0 0 0 0 0 0 0 0 0 0 0 0 0 0 0
 1983 7 12 3 2 1 999 0 0 0 0 0 0 0 0 0 0 0 0 0 0 0 0 0 0 0 0 0 0 0 0 0 0 0 0 0 0 0 0 0 0 0 0 0 0 0 0 0 0
 1984 7 12 3 2 1 999 0 0 0 0 0 0 0 0 0 0 0 0 0 0 0 0 0 0 0 0 0 0 0 0 0 0 0 0 0 0 0 0 0 0 0 0 0 0 0 0 0 0
 1985 7 12 3 2 1 999 0 0 0 0 0 0 0 0 0 0 0 0 0 0 0 0 0 0 0 0 0 0 0 0 0 0 0 0 0 0 0 0 0 0 0 0 0 0 0 0 0 0
 1986 7 12 3 2 1 999 0 0 0 0 0 0 0 0 0 0 0 0 0 0 0 0 0 0 0 0 0 0 0 0 0 0 0 0 0 0 0 0 0 0 0 0 0 0 0 0 0 0
 1987 7 12 3 2 1 999 0 0 0 0 0 0 0 0 0 0 0 0 0 0 0 0 0 0 0 0 0 0 0 0 0 0 0 0 0 0 0 0 0 0 0 0 0 0 0 0 0 0
 1988 7 12 3 2 1 999 0 0 0 0 0 0 0 0 0 0 0 0 0 0 0 0 0 0 0 0 0 0 0 0 0 0 0 0 0 0 0 0 0 0 0 0 0 0 0 0 0 0
 1989 7 12 3 2 1 999 0 0 0 0 0 0 0 0 0 0 0 0 0 0 0 0 0 0 0 0 0 0 0 0 0 0 0 0 0 0 0 0 0 0 0 0 0 0 0 0 0 0
 1990 7 12 3 2 1 999 0 0 0 0 0 0 0 0 0 0 0 0 0 0 0 0 0 0 0 0 0 0 0 0 0 0 0 0 0 0 0 0 0 0 0 0 0 0 0 0 0 0
 1991 7 12 3 2 1 999 0 31.0909 36.6154 42.9519 57 66.7143 68 0 0 0 0 0 0 0 0 0 0 0 0 0 0 0 11 104 104 10 7 1 0 0 0 0 0 0 0 0 0 0 0 0 0 0
 1992 7 12 3 2 1 999 0 32 36.5175 43.7417 51.9125 54.7778 69.7143 0 72 0 0 0 0 0 0 0 0 0 0 0 0 0 16 114 120 80 9 7 0 1 0 0 0 0 0 0 0 0 0 0 0 0
 1993 7 12 3 2 1 999 0 0 35.775 44.4406 53.4219 60 70.5 74 0 0 0 81 0 0 0 0 0 0 0 0 0 0 0 160 143 64 23 2 6 0 0 0 1 0 0 0 0 0 0 0 0 0
 1994 7 12 3 2 1 999 0 33.3333 34.5556 43 53.7831 58.9167 62.6667 66 0 70 0 0 0 0 0 0 0 0 0 0 0 0 3 108 172 83 36 18 2 0 1 0 0 0 0 0 0 0 0 0 0 0
 1995 7 12 3 2 1 999 0 29 36.596 45.25 52.9895 60.6667 65 68.7143 69 71.75 81.5 0 0 0 0 0 0 0 0 0 87.5 0 8 99 80 95 42 20 7 1 4 2 0 0 0 0 0 0 0 0 0 2
 1996 7 12 3 2 1 999 0 34 36.04 40.8704 49.3636 61.5 60 68.6667 0 68 78.5 0 0 0 0 0 0 0 0 0 0 0 1 25 54 11 2 1 3 0 1 2 0 0 0 0 0 0 0 0 0 0
 1997 7 12 3 2 1 999 0 0 35.6585 49.3333 60 46 70.3333 0 0 0 0 0 0 0 0 0 0 0 0 0 0 0 0 41 6 5 1 3 0 0 0 0 0 0 0 0 0 0 0 0 0 0
 1998 7 12 3 2 1 999 0 0 36.6409 40.3027 43.5714 57.3478 58 0 46 0 0 0 0 0 0 0 0 0 0 0 0 0 0 220 555 140 23 6 0 1 0 0 0 0 0 0 0 0 0 0 0 0
 1999 7 12 3 2 1 999 0 0 37.1333 40.0063 45.4251 50.7778 65.3333 73 0 0 0 0 0 0 0 0 0 0 0 0 0 0 0 30 319 287 18 3 1 0 0 0 0 0 0 0 0 0 0 0 0 0
 2000 7 12 3 2 1 999 0 0 38 39.9046 43.3692 46.5714 58.5 0 0 0 0 0 0 0 0 0 0 0 0 0 0 0 0 40 304 130 28 2 0 0 0 0 0 0 0 0 0 0 0 0 0 0
 2001 7 12 3 2 1 999 0 0 38.4667 41.2256 43.8382 52.619 54 65 0 0 0 0 0 0 0 0 0 0 0 0 0 0 0 120 164 68 21 2 1 0 0 0 0 0 0 0 0 0 0 0 0 0
 2002 7 12 3 2 1 999 0 0 39.3366 41.8542 45.1211 54.0874 59.4713 62.4667 62.875 76 81 83 82 81 0 0 0 0 0 0 0 0 0 404 1310 454 206 87 45 8 2 1 1 1 2 0 0 0 0 0 0 0
 2003 7 12 3 2 1 999 0 36 38.2376 41.0725 46.3751 50.8685 57.9485 64.3521 70.8636 69.1667 80 0 73 0 82 72 0 87 0 0 85.6667 0 5 1006 2827 1645 289 136 71 22 6 2 0 1 0 1 1 0 1 0 0 6
 2004 7 12 3 2 1 999 0 40.7143 38.4283 41.0183 45.3607 50.8874 57.6237 62.125 61.625 68.75 77.5 79.4 72.3333 67 0 84 0 0 94 0 87 0 7 523 1582 1034 444 93 64 32 12 4 5 6 1 0 2 0 0 1 0 5
 2005 7 12 3 2 1 999 0 0 37.8723 40.693 45.9428 49.6815 54.2448 55.5926 58.9375 70.4 69.6 0 0 81 82.25 0 0 0 0 0 84 0 0 987 2713 787 383 143 27 16 5 5 0 0 1 4 0 0 0 0 0 2
 2006 7 12 3 2 1 999 0 23.125 37.8566 40.0023 44.8291 50.3333 55.1552 59.3333 60.5714 60 0 70 81 75 0 0 86 0 0 0 81 0 8 516 1749 702 177 116 57 7 5 0 2 1 1 0 0 1 0 0 0 1
 2007 7 12 3 2 1 999 0 0 37.7045 42.7184 48.0127 54 58 63 71.3333 0 83 77 0 81 0 0 0 0 0 0 0 0 0 44 245 79 13 6 5 3 0 1 1 0 1 0 0 0 0 0 0 0
 2008 7 12 3 2 1 999 0 0 39.3333 42.9358 47.2871 52.6316 62 0 0 0 0 0 0 0 0 0 0 0 0 0 0 0 0 57 187 101 19 2 0 0 0 0 0 0 0 0 0 0 0 0 0 0
 2009 7 12 3 2 1 999 0 47 40.6667 42.1176 49.5144 55.1379 60.12 62.625 69 70 0 0 0 0 0 0 0 0 0 0 0 0 1 3 153 208 116 25 8 3 2 0 0 0 0 0 0 0 0 0 0 0
 2010 7 12 3 2 1 999 0 0 38.5 42.7198 48.5942 53.3295 56.6667 56.6176 53.4 64.6667 0 58 0 0 0 0 0 0 0 0 0 0 0 6 207 616 264 120 34 15 6 0 1 0 0 0 0 0 0 0 0 0
 2011 7 12 3 2 1 999 0 0 38 41.6585 45.5847 51.9061 56.9225 60.6264 60.6957 67.8333 47 84 0 0 0 0 0 0 0 0 0 0 0 1 41 248 458 258 91 23 6 1 1 0 0 0 0 0 0 0 0 0
 2012 7 12 3 2 1 999 0 0 38 42.0177 48.36 51.0996 56.8885 59.961 63.75 63.6429 68.4 78 66 89 0 0 0 85 87 0 80 0 0 2 113 175 502 529 231 72 14 5 2 1 1 0 0 0 1 1 0 1
 2013 7 12 3 2 1 999 0 0 40.4028 42.2609 46.6752 52.9836 54.1187 58.0385 58.7299 58.6379 60.9231 57.5 53.5 71 0 0 78 0 82 0 0 0 0 72 161 314 183 598 390 174 58 13 2 2 2 0 0 1 0 1 0 0
 2014 7 12 3 2 1 999 0 0 37.8 42.3727 46.0548 50.4516 52.9348 55.3989 58.3962 57.3824 59 70.5 0 63.5 0 0 0 0 0 0 0 0 0 15 161 146 124 46 188 106 34 14 2 0 2 0 0 0 0 0 0 0
 2015 7 12 3 2 1 999 0 0 39.96 41.5947 44.9613 47.5322 52.781 54.3934 54.1053 56.7933 58.4706 61.3846 55.5 50.5 73 0 0 0 0 0 0 0 0 25 301 336 233 210 122 285 150 51 13 4 2 1 0 0 0 0 0 0
 2016 7 12 3 2 1 999 0 0 41 44.9953 47.9866 50.497 52.0875 58.3836 57.1951 60.4324 63.6271 65.75 71.3636 78 49 0 63 0 0 0 86 0 0 73 212 298 169 80 73 41 111 59 28 11 4 1 0 1 0 0 0 1
 2017 7 12 3 2 1 999 0 0 39.8125 42.6242 46.0275 52.563 56.9048 55.8438 63.7576 58.7895 63.1379 61.3043 62.0769 61.75 57.5 0 0 0 82 0 87 0 0 32 165 109 135 63 32 33 19 29 23 13 8 4 0 0 0 1 0 1
 2018 7 12 3 2 1 999 0 0 38.7368 42.7092 46.5012 53.2885 55.8824 57.6538 60.5882 64.8095 67 63.2353 67.6452 66.0714 70.3333 78.6667 70 0 0 0 0 0 0 38 251 425 52 51 26 17 21 8 34 31 14 3 3 2 0 0 0 0
 2019 7 12 3 2 1 999 0 0 37.5833 42.1867 49.0542 53.1462 54.1778 59.4828 64.2667 61.7 63.2308 70.6 69 67.4615 71.0909 57 78 79.3333 0 82 0 0 0 12 391 332 342 90 58 15 10 13 10 15 13 11 3 1 3 0 1 0
 2020 7 12 3 2 1 999 0 0 38.1538 40.5055 44.9219 50.9519 56.494 56.8 61.8235 67.25 67.625 73.625 62.3333 75.5 74.7273 78.75 76.5 0 65 0 0 0 0 13 91 269 104 83 25 17 8 8 8 3 4 11 4 2 0 1 0 0
 2021 7 12 3 2 1 999 0 0 37.871 41.391 44.8482 50.8119 55.4098 62.0238 62.5833 57.75 75 81 75 71.75 75 75.1429 81 76.5 79 0 0 0 0 62 289 224 218 61 84 12 4 2 1 2 4 5 7 2 2 1 0 0
 2022 7 12 3 2 1 999 0 0 37.2308 40.461 44.6009 49.9519 54.64 58.5 66.9531 67.3125 68 74.4286 75.3333 0 82 79.5 80 80.6667 75 0 0 0 0 39 295 213 104 75 40 64 16 5 7 3 0 1 2 5 3 1 0 0
 2023 7 12 3 2 1 999 0 0 39.3333 41.7338 46.4981 51.2143 50.975 56.4211 60.0625 69.1579 71 67.3333 73.25 57 77.8 81 75 76.8333 85 0 78.5 0 0 48 278 269 84 40 38 16 19 3 3 4 1 5 3 1 6 2 0 2
 1980 7 13 3 2 1 999 0 0 0 0 0 0 0 0 0 0 0 0 0 0 0 0 0 0 0 0 0 0 0 0 0 0 0 0 0 0 0 0 0 0 0 0 0 0 0 0 0 0
 1981 7 13 3 2 1 999 0 0 0 0 0 0 0 0 0 0 0 0 0 0 0 0 0 0 0 0 0 0 0 0 0 0 0 0 0 0 0 0 0 0 0 0 0 0 0 0 0 0
 1982 7 13 3 2 1 999 0 0 0 0 0 0 0 0 0 0 0 0 0 0 0 0 0 0 0 0 0 0 0 0 0 0 0 0 0 0 0 0 0 0 0 0 0 0 0 0 0 0
 1983 7 13 3 2 1 999 0 0 0 0 0 0 0 0 0 0 0 0 0 0 0 0 0 0 0 0 0 0 0 0 0 0 0 0 0 0 0 0 0 0 0 0 0 0 0 0 0 0
 1984 7 13 3 2 1 999 0 0 0 0 0 0 0 0 0 0 0 0 0 0 0 0 0 0 0 0 0 0 0 0 0 0 0 0 0 0 0 0 0 0 0 0 0 0 0 0 0 0
 1985 7 13 3 2 1 999 0 0 0 0 0 0 0 0 0 0 0 0 0 0 0 0 0 0 0 0 0 0 0 0 0 0 0 0 0 0 0 0 0 0 0 0 0 0 0 0 0 0
 1986 7 13 3 2 1 999 0 0 0 0 0 0 0 0 0 0 0 0 0 0 0 0 0 0 0 0 0 0 0 0 0 0 0 0 0 0 0 0 0 0 0 0 0 0 0 0 0 0
 1987 7 13 3 2 1 999 0 0 0 0 0 0 0 0 0 0 0 0 0 0 0 0 0 0 0 0 0 0 0 0 0 0 0 0 0 0 0 0 0 0 0 0 0 0 0 0 0 0
 1988 7 13 3 2 1 999 0 0 0 0 0 0 0 0 0 0 0 0 0 0 0 0 0 0 0 0 0 0 0 0 0 0 0 0 0 0 0 0 0 0 0 0 0 0 0 0 0 0
 1989 7 13 3 2 1 999 0 0 0 0 0 0 0 0 0 0 0 0 0 0 0 0 0 0 0 0 0 0 0 0 0 0 0 0 0 0 0 0 0 0 0 0 0 0 0 0 0 0
 1990 7 13 3 2 1 999 0 0 0 0 0 0 0 0 0 0 0 0 0 0 0 0 0 0 0 0 0 0 0 0 0 0 0 0 0 0 0 0 0 0 0 0 0 0 0 0 0 0
 1991 7 13 3 2 1 999 0 30 33.8391 36.0429 46.2 62 0 0 0 0 0 0 0 0 0 0 0 0 0 0 0 0 2 373 140 10 1 0 0 0 0 0 0 0 0 0 0 0 0 0 0 0
 1992 7 13 3 2 1 999 0 0 32.3168 37.2595 45.1818 61.4615 65.125 70.875 0 0 0 0 0 0 0 0 0 0 0 0 0 0 0 161 262 33 13 8 8 0 0 0 0 0 0 0 0 0 0 0 0 0
 1993 7 13 3 2 1 999 0 36 35.9888 46.3333 50.6 0 0 0 0 0 0 0 0 0 0 0 0 0 0 0 0 0 3 178 36 5 0 0 0 0 0 0 0 0 0 0 0 0 0 0 0 0
 1994 7 13 3 2 1 999 0 0 0 0 0 0 0 0 0 0 0 0 0 0 0 0 0 0 0 0 0 0 0 0 0 0 0 0 0 0 0 0 0 0 0 0 0 0 0 0 0 0
 1995 7 13 3 2 1 999 0 0 0 0 0 0 0 0 0 0 0 0 0 0 0 0 0 0 0 0 0 0 0 0 0 0 0 0 0 0 0 0 0 0 0 0 0 0 0 0 0 0
 1996 7 13 3 2 1 999 0 0 0 0 0 0 0 0 0 0 0 0 0 0 0 0 0 0 0 0 0 0 0 0 0 0 0 0 0 0 0 0 0 0 0 0 0 0 0 0 0 0
 1997 7 13 3 2 1 999 0 0 0 0 0 0 0 0 0 0 0 0 0 0 0 0 0 0 0 0 0 0 0 0 0 0 0 0 0 0 0 0 0 0 0 0 0 0 0 0 0 0
 1998 7 13 3 2 1 999 0 36.6667 41.3077 46.411 54.1212 59.8889 61 0 75 0 0 0 0 0 0 0 0 0 0 0 0 0 3 13 73 33 9 3 0 1 0 0 0 0 0 0 0 0 0 0 0 0
 1999 7 13 3 2 1 999 0 0 41.6667 43.9167 50.186 51.875 68.6667 66 0 0 0 0 0 0 0 0 0 0 0 0 0 0 0 3 36 43 8 6 1 0 0 0 0 0 0 0 0 0 0 0 0 0
 2000 7 13 3 2 1 999 0 0 0 0 0 0 0 68 0 0 0 0 0 0 0 0 79 0 0 0 0 0 0 0 0 0 0 0 1 0 0 0 0 0 0 0 0 1 0 0 0 0
 2001 7 13 3 2 1 999 0 0 0 0 0 0 0 0 0 0 0 0 0 0 0 0 0 0 0 0 0 0 0 0 0 0 0 0 0 0 0 0 0 0 0 0 0 0 0 0 0 0
 2002 7 13 3 2 1 999 0 39.5 39.8276 40.5512 45.3281 55.25 64.5 63 0 0 0 0 0 0 0 0 0 0 0 0 0 0 2 29 127 64 16 4 4 0 0 0 0 0 0 0 0 0 0 0 0 0
 2003 7 13 3 2 1 999 0 0 37.9286 40.64 43.2727 43.8889 50.1154 57.3077 60.8 62.6667 68 0 0 56 78 0 79 0 0 0 0 0 0 14 75 55 36 26 13 5 3 1 0 0 2 1 0 1 0 0 0 0
 2004 7 13 3 2 1 999 0 0 40.1282 41.6276 46.5507 50.2222 53.6 0 0 0 0 0 0 0 0 0 0 0 0 0 0 0 0 78 239 69 9 5 0 0 0 0 0 0 0 0 0 0 0 0 0 0
 2005 7 13 3 2 1 999 0 37 39.8837 42.5697 44.1532 46.4923 50.375 54.6923 59.5556 0 79 74.6667 0 0 80 0 0 0 0 0 0 0 2 43 165 111 65 24 13 9 0 2 3 0 0 1 0 0 0 0 0 0
 2006 7 13 3 2 1 999 0 0 39.9545 40.938 44.1957 51 61.0909 68.5 53.6667 0 0 0 0 0 0 0 0 0 0 84 0 0 0 22 129 92 15 11 4 3 0 0 0 0 0 0 0 0 0 0 1 0
 2007 7 13 3 2 1 999 0 0 40.7097 43.8592 47.6311 51.1739 60.5 64.6667 58 64.6 0 74 77 0 0 0 0 0 0 0 82 0 0 31 277 122 23 10 6 2 5 0 1 1 0 0 0 0 0 0 0 1
 2008 7 13 3 2 1 999 0 0 43.0714 46.3841 52.1008 56.3607 57.8182 53 68 74 0 68.5 0 0 0 0 0 0 0 0 0 0 0 14 138 238 61 11 1 1 1 0 2 0 0 0 0 0 0 0 0 0
 2009 7 13 3 2 1 999 0 42 46.25 47.1286 52.7318 56.9286 59.7941 65.5 68.5 76 0 73 0 0 0 74 0 0 0 0 79.5 0 1 4 70 179 126 34 2 4 2 0 2 0 0 0 1 0 0 0 0 2
 2010 7 13 3 2 1 999 0 0 0 46.3333 54.4444 56.5556 57.8 0 0 0 0 0 0 0 0 0 0 0 0 0 0 0 0 0 3 18 18 10 0 0 0 0 0 0 0 0 0 0 0 0 0 0
 2011 7 13 3 2 1 999 0 0 0 46.25 51.2188 58.7718 63.2252 64.8222 66 63.3333 0 0 0 0 0 0 0 0 0 0 78.5 0 0 0 4 64 149 151 45 5 3 0 0 0 0 0 0 0 0 0 0 2
 2012 7 13 3 2 1 999 0 0 0 46.25 50.3529 57.5663 63.4305 65.6867 68 66.625 73 0 52 0 0 0 61 0 0 0 83 0 0 0 44 17 83 151 83 28 8 1 0 1 0 0 0 1 0 0 0 2
 2013 7 13 3 2 1 999 0 0 45.7143 49.1786 52.2857 58.0227 61.0865 64.96 66.3636 66.4667 67.3333 0 65.5 79 70 80 0 0 0 0 82.3333 0 0 7 28 245 88 104 100 33 15 6 0 2 1 2 1 0 0 0 0 3
 2014 7 13 3 2 1 999 0 0 42 44.5667 52.6316 58.037 63.9524 65.1 65.8478 67.1333 67.5 68 0 0 0 0 0 0 0 0 0 0 0 1 30 19 54 21 50 46 15 4 1 0 0 0 0 0 0 0 0 0
 2015 7 13 3 2 1 999 0 0 0 46.9048 51.1852 54.641 59.8915 62.2407 65.2564 64.7917 65.7143 68 0 0 0 0 0 0 0 0 75 0 0 0 42 81 78 129 54 78 48 14 4 0 0 0 0 0 0 0 0 1
 2016 7 13 3 2 1 999 0 0 0 45.55 51.1318 58.2222 59.4643 61.7255 63.2821 65.5135 67.25 68.7647 71.4286 66 74 71 72.5 56 62 0 0 0 0 0 20 129 90 56 51 39 37 36 17 7 1 1 1 2 1 1 0 0
 2017 7 13 3 2 1 999 0 0 41.5 45.0636 49.9907 57.699 61.0909 63.5156 65.1556 64.8286 66.7179 65.7826 67.875 65.8333 0 0 0 0 0 0 86 0 0 2 110 108 206 110 64 45 35 39 23 16 6 0 0 0 0 0 0 2
 2018 7 13 3 2 1 999 0 0 43 46.2766 50.1593 55.0353 61.0458 62.7234 64.4677 65.8615 68.3774 69.2742 70.0678 70.7297 72.3846 72.3333 71 0 0 0 77 0 0 1 47 113 85 153 94 62 65 53 62 59 37 13 9 3 0 0 0 1
 2019 7 13 3 2 1 999 0 0 39 44.7059 49.6932 54.0278 59.0741 63.0225 64.4909 64.0952 66.45 69.8125 69.4118 72.4 72.2 69 77.5 0 85 0 82 0 0 1 34 88 108 54 89 55 21 20 16 17 5 10 1 2 0 1 0 1
 2020 7 13 3 2 1 999 0 0 0 46.4167 47.9286 55.8 56.9559 59.6792 63.6883 64.6 64 70.7143 67.9 69 69.1667 75 68 77 0 0 76.5 0 0 0 12 28 40 68 53 77 25 9 7 10 12 6 3 3 1 0 0 2
 2021 7 13 3 2 1 999 0 0 39.6667 44.7077 46.7333 54.6329 57.7288 59.5926 61.5517 64 67.3529 64.2 69.6667 70.5 70.7143 68 75.3333 67 75.6667 0 70.75 0 0 3 65 60 79 59 54 29 29 17 10 9 2 7 1 3 2 3 0 4
 2022 7 13 3 2 1 999 0 0 39.6667 42.95 47 51.4 57.48 60.7143 59.625 64.5556 63.8 72.6667 0 69 73.4 69 77 77 73 0 75 0 0 3 20 47 35 25 14 8 9 5 3 0 4 5 1 2 1 3 0 6
 2023 7 13 3 2 1 999 0 0 37.5 42.5 45.9733 51.967 58.0678 62.1957 66.9091 69 72 72 68.2 73.3333 74 72 76 71.4 78 72.4 73 0 0 4 46 75 91 59 46 22 9 7 8 5 3 2 3 2 5 1 5 1
 1980 7 14 3 2 1 999 0 0 0 0 0 0 0 0 0 0 0 0 0 0 0 0 0 0 0 0 0 0 0 0 0 0 0 0 0 0 0 0 0 0 0 0 0 0 0 0 0 0
 1981 7 14 3 2 1 999 0 0 0 0 0 0 0 0 0 0 0 0 0 0 0 0 0 0 0 0 0 0 0 0 0 0 0 0 0 0 0 0 0 0 0 0 0 0 0 0 0 0
 1982 7 14 3 2 1 999 0 0 0 0 0 0 0 0 0 0 0 0 0 0 0 0 0 0 0 0 0 0 0 0 0 0 0 0 0 0 0 0 0 0 0 0 0 0 0 0 0 0
 1983 7 14 3 2 1 999 0 0 0 0 0 0 0 0 0 0 0 0 0 0 0 0 0 0 0 0 0 0 0 0 0 0 0 0 0 0 0 0 0 0 0 0 0 0 0 0 0 0
 1984 7 14 3 2 1 999 0 0 0 0 0 0 0 0 0 0 0 0 0 0 0 0 0 0 0 0 0 0 0 0 0 0 0 0 0 0 0 0 0 0 0 0 0 0 0 0 0 0
 1985 7 14 3 2 1 999 0 0 0 0 0 0 0 0 0 0 0 0 0 0 0 0 0 0 0 0 0 0 0 0 0 0 0 0 0 0 0 0 0 0 0 0 0 0 0 0 0 0
 1986 7 14 3 2 1 999 0 0 0 0 0 0 0 0 0 0 0 0 0 0 0 0 0 0 0 0 0 0 0 0 0 0 0 0 0 0 0 0 0 0 0 0 0 0 0 0 0 0
 1987 7 14 3 2 1 999 0 0 0 0 0 0 0 0 0 0 0 0 0 0 0 0 0 0 0 0 0 0 0 0 0 0 0 0 0 0 0 0 0 0 0 0 0 0 0 0 0 0
 1988 7 14 3 2 1 999 0 0 0 0 0 0 0 0 0 0 0 0 0 0 0 0 0 0 0 0 0 0 0 0 0 0 0 0 0 0 0 0 0 0 0 0 0 0 0 0 0 0
 1989 7 14 3 2 1 999 0 0 0 0 0 0 0 0 0 0 0 0 0 0 0 0 0 0 0 0 0 0 0 0 0 0 0 0 0 0 0 0 0 0 0 0 0 0 0 0 0 0
 1990 7 14 3 2 1 999 0 0 0 0 0 0 0 0 0 0 0 0 0 0 0 0 0 0 0 0 0 0 0 0 0 0 0 0 0 0 0 0 0 0 0 0 0 0 0 0 0 0
 1991 7 14 3 2 1 999 0 0 0 59 0 49 0 0 0 0 0 0 0 0 0 0 0 0 0 0 0 0 0 0 1 0 1 0 0 0 0 0 0 0 0 0 0 0 0 0 0 0
 1992 7 14 3 2 1 999 0 0 0 0 0 0 0 0 0 0 0 0 0 0 0 0 0 0 0 0 0 0 0 0 0 0 0 0 0 0 0 0 0 0 0 0 0 0 0 0 0 0
 1993 7 14 3 2 1 999 0 0 0 0 0 0 0 0 0 0 0 0 0 0 0 0 0 0 0 0 0 0 0 0 0 0 0 0 0 0 0 0 0 0 0 0 0 0 0 0 0 0
 1994 7 14 3 2 1 999 0 0 0 0 0 0 0 0 0 0 0 0 0 0 0 0 0 0 0 0 0 0 0 0 0 0 0 0 0 0 0 0 0 0 0 0 0 0 0 0 0 0
 1995 7 14 3 2 1 999 0 0 0 0 0 0 0 0 0 0 0 0 0 0 0 0 0 0 0 0 0 0 0 0 0 0 0 0 0 0 0 0 0 0 0 0 0 0 0 0 0 0
 1996 7 14 3 2 1 999 0 0 0 0 0 0 0 0 0 0 0 0 0 0 0 0 0 0 0 0 0 0 0 0 0 0 0 0 0 0 0 0 0 0 0 0 0 0 0 0 0 0
 1997 7 14 3 2 1 999 0 0 0 0 0 0 0 0 0 0 0 0 0 0 0 0 0 0 0 0 0 0 0 0 0 0 0 0 0 0 0 0 0 0 0 0 0 0 0 0 0 0
 1998 7 14 3 2 1 999 0 0 0 0 42 0 0 0 0 0 0 0 0 0 0 0 0 0 0 0 0 0 0 0 0 1 0 0 0 0 0 0 0 0 0 0 0 0 0 0 0 0
 1999 7 14 3 2 1 999 0 0 0 0 0 0 0 0 0 0 0 0 0 0 0 0 0 0 0 0 0 0 0 0 0 0 0 0 0 0 0 0 0 0 0 0 0 0 0 0 0 0
 2000 7 14 3 2 1 999 0 0 0 0 49 0 0 0 0 0 0 0 0 0 0 0 0 0 0 0 0 0 0 0 0 2 0 0 0 0 0 0 0 0 0 0 0 0 0 0 0 0
 2001 7 14 3 2 1 999 0 0 37 46 54 63.5 0 59 0 0 0 0 0 0 0 0 0 0 0 0 0 0 0 1 3 4 2 0 1 0 0 0 0 0 0 0 0 0 0 0 0 0
 2002 7 14 3 2 1 999 0 0 40 47.1667 48 49.5 0 0 0 0 0 0 0 0 0 0 0 0 0 0 0 0 0 3 6 3 2 0 0 0 0 0 0 0 0 0 0 0 0 0 0 0
 2003 7 14 3 2 1 999 0 0 0 47 48.8182 45.2857 0 66.2 73 0 0 0 0 0 0 0 0 0 0 0 0 0 0 0 11 11 7 0 5 1 0 0 0 0 0 0 0 0 0 0 0 0
 2004 7 14 3 2 1 999 0 0 0 0 48.5 53 0 0 0 0 0 0 0 0 0 0 0 0 0 0 0 0 0 0 0 2 1 0 0 0 0 0 0 0 0 0 0 0 0 0 0 0
 2005 7 14 3 2 1 999 0 0 36.5 44 48 0 0 0 0 0 0 0 0 0 0 0 0 0 0 0 0 0 0 2 2 1 0 0 0 0 0 0 0 0 0 0 0 0 0 0 0 0
 2006 7 14 3 2 1 999 0 0 0 0 44.6 0 0 0 0 0 0 0 0 0 0 0 0 0 0 0 0 0 0 0 0 5 0 0 0 0 0 0 0 0 0 0 0 0 0 0 0 0
 2007 7 14 3 2 1 999 0 0 0 43 46 43 0 0 0 0 0 0 0 0 0 0 0 0 0 0 0 0 0 0 1 12 1 0 0 0 0 0 0 0 0 0 0 0 0 0 0 0
 2008 7 14 3 2 1 999 0 0 0 43.6667 0 58.5 51 0 0 0 0 0 0 0 0 0 0 0 0 0 0 0 0 0 3 0 2 2 0 0 0 0 0 0 0 0 0 0 0 0 0 0
 2009 7 14 3 2 1 999 0 0 0 47.0833 49.5185 56.8571 63.4 63 0 0 0 0 0 0 0 0 0 0 0 0 0 0 0 0 12 27 7 5 1 0 0 0 0 0 0 0 0 0 0 0 0 0
 2010 7 14 3 2 1 999 0 0 40 43.0769 49.4348 56.8438 58.5556 69.25 66 0 0 0 0 0 0 0 0 0 0 0 0 0 0 1 13 46 32 9 4 1 0 0 0 0 0 0 0 0 0 0 0 0
 2011 7 14 3 2 1 999 0 0 0 38.0909 48.2353 53.9091 59.6667 63 69 0 0 0 0 0 0 0 0 0 0 0 0 0 0 0 11 17 22 18 3 2 0 0 0 0 0 0 0 0 0 0 0 0
 2012 7 14 3 2 1 999 0 0 0 40 43 54.6667 60.3333 60.5 72 72 0 0 0 0 0 0 0 0 0 0 0 0 0 0 2 2 3 3 2 1 1 0 0 0 0 0 0 0 0 0 0 0
 2013 7 14 3 2 1 999 0 0 0 0 47 51 55.625 63.3333 66 0 0 0 0 0 0 0 0 0 0 0 0 0 0 0 0 2 5 8 3 1 0 0 0 0 0 0 0 0 0 0 0 0
 2014 7 14 3 2 1 999 0 0 0 39.5 48.8 52.25 60.0909 68.1429 63.8889 58 0 0 0 0 0 0 0 0 0 0 0 0 0 0 14 20 8 22 7 9 1 0 0 0 0 0 0 0 0 0 0 0
 2015 7 14 3 2 1 999 0 0 0 46.5 52.4231 57.6143 62.5455 69.25 0 77 74 0 0 0 0 0 0 0 0 0 0 0 0 0 2 52 70 11 4 0 1 1 0 0 0 0 0 0 0 0 0 0
 2016 7 14 3 2 1 999 0 0 39.6923 40.25 44.25 63.5 64 0 0 0 0 0 0 0 0 0 0 0 0 0 0 0 0 13 4 4 2 1 0 0 0 0 0 0 0 0 0 0 0 0 0 0
 2017 7 14 3 2 1 999 0 0 0 44.2391 50.8889 55 61.5 0 0 0 0 0 0 0 0 0 0 0 0 0 0 0 0 0 46 9 9 2 0 0 0 0 0 0 0 0 0 0 0 0 0 0
 2018 7 14 3 2 1 999 0 0 0 41.9375 47.8876 58.5714 61.6667 65.5 0 49 0 0 0 0 0 0 0 0 0 0 0 0 0 0 16 178 7 3 2 0 1 0 0 0 0 0 0 0 0 0 0 0
 2019 7 14 3 2 1 999 0 0 39.8 41.25 48.1538 54.1778 63.2 56 68 75 0 0 0 85 0 0 0 0 0 0 0 0 0 5 20 39 135 5 1 1 1 0 0 0 1 0 0 0 0 0 0 0
 2020 7 14 3 2 1 999 0 0 0 41.375 47.5714 54.6 56.2941 0 0 0 62.5 0 0 0 0 0 0 0 0 0 0 0 0 0 24 7 5 17 0 0 0 2 0 0 0 0 0 0 0 0 0 0
 2021 7 14 3 2 1 999 0 0 38.8571 43.9231 48.2169 53.963 59.25 60.9091 46.5 0 0 0 0 72 0 0 0 0 0 0 0 0 0 14 26 83 27 24 99 2 0 0 0 0 1 0 0 0 0 0 0 0
 2022 7 14 3 2 1 999 0 0 39 46.7273 50.25 59.8125 60.8947 62.5556 64.5283 73.6667 0 72 0 0 0 0 0 0 0 0 0 0 0 2 33 20 32 19 9 53 3 0 1 0 0 0 0 0 0 0 0 0
 2023 7 14 3 2 1 999 0 0 0 42.5833 49.4872 51.7692 57.7037 63.0833 65.3333 68.2222 68 67 73 0 0 0 0 0 0 0 0 0 0 0 12 39 13 27 12 6 18 3 2 1 0 0 0 0 0 0 0 0
 1980 7 15 3 2 1 999 0 0 0 0 0 0 0 0 0 0 0 0 0 0 0 0 0 0 0 0 0 0 0 0 0 0 0 0 0 0 0 0 0 0 0 0 0 0 0 0 0 0
 1981 7 15 3 2 1 999 0 0 0 0 0 0 0 0 0 0 0 0 0 0 0 0 0 0 0 0 0 0 0 0 0 0 0 0 0 0 0 0 0 0 0 0 0 0 0 0 0 0
 1982 7 15 3 2 1 999 0 0 0 0 0 0 0 0 0 0 0 0 0 0 0 0 0 0 0 0 0 0 0 0 0 0 0 0 0 0 0 0 0 0 0 0 0 0 0 0 0 0
 1983 7 15 3 2 1 999 0 0 0 0 0 0 0 0 0 0 0 0 0 0 0 0 0 0 0 0 0 0 0 0 0 0 0 0 0 0 0 0 0 0 0 0 0 0 0 0 0 0
 1984 7 15 3 2 1 999 0 0 0 0 0 0 0 0 0 0 0 0 0 0 0 0 0 0 0 0 0 0 0 0 0 0 0 0 0 0 0 0 0 0 0 0 0 0 0 0 0 0
 1985 7 15 3 2 1 999 0 0 0 0 0 0 0 0 0 0 0 0 0 0 0 0 0 0 0 0 0 0 0 0 0 0 0 0 0 0 0 0 0 0 0 0 0 0 0 0 0 0
 1986 7 15 3 2 1 999 0 24.3725 28.8025 33.9255 38.9231 46.0556 50.7 52 0 0 72 70 79 0 0 0 0 0 0 0 0 0 51 157 94 13 18 10 2 0 0 1 1 2 0 0 0 0 0 0 0 0
 1987 7 15 3 2 1 999 0 26.2667 28.2907 33.3846 38 51.2 0 46.5 0 0 0 0 0 0 0 0 0 0 0 0 0 0 15 86 26 8 5 0 2 0 0 0 0 0 0 0 0 0 0 0 0 0
 1988 7 15 3 2 1 999 0 21.6429 26.3424 30.1548 43.35 62.2667 65.8333 70 71.25 72 70 73 79 0 0 75 0 79.5 0 77 82 0 14 184 84 20 15 12 3 4 1 1 1 1 0 0 1 0 2 0 1 6
 1989 7 15 3 2 1 999 0 20 27.6 30 38.8571 65.8182 67.9 69.5 76 79 0 0 77 0 0 81 0 0 0 0 77 0 3 20 13 14 11 10 2 3 1 0 0 1 0 0 1 0 0 0 0 3
 1990 7 15 3 2 1 999 0 31 31.375 32.75 47 67 68.6667 77 0 71 0 0 76 0 0 0 0 0 77 0 80.5 0 1 8 16 1 1 3 1 0 1 0 0 1 0 0 0 0 0 1 0 2
 1991 7 15 3 2 1 999 0 0 33.2826 33.9474 44.1429 45.6 54.6667 56.5 65 0 0 0 0 0 0 0 0 0 0 0 0 0 0 46 38 7 5 3 2 1 0 0 0 0 0 0 0 0 0 0 0 0
 1992 7 15 3 2 1 999 0 0 41.6 40.1333 69 68 67 72 0 0 0 0 0 0 0 0 0 0 0 0 82 0 0 5 15 1 2 1 1 0 0 0 0 0 0 0 0 0 0 0 0 1
 1993 7 15 3 2 1 999 0 33.6667 33.2329 37.5571 43.1536 52.8679 63.8 69.25 71.25 0 0 0 0 0 0 0 0 0 0 0 0 0 3 219 350 267 53 10 4 4 0 0 0 0 0 0 0 0 0 0 0 0
 1994 7 15 3 2 1 999 0 33 36.2857 43.1803 54.6667 57.65 64 70 0 0 0 0 0 0 0 0 0 0 0 0 0 0 2 105 61 48 20 4 1 0 0 0 0 0 0 0 0 0 0 0 0 0
 1995 7 15 3 2 1 999 0 0 39.6667 44.75 0 0 0 0 0 0 0 0 0 0 0 0 0 0 0 0 0 0 0 6 4 0 0 0 0 0 0 0 0 0 0 0 0 0 0 0 0 0
 1996 7 15 3 2 1 999 0 0 0 0 0 0 0 0 0 0 0 0 0 0 0 0 0 0 0 0 0 0 0 0 0 0 0 0 0 0 0 0 0 0 0 0 0 0 0 0 0 0
 1997 7 15 3 2 1 999 0 0 0 0 0 0 0 0 0 0 0 0 0 0 0 0 0 0 0 0 0 0 0 0 0 0 0 0 0 0 0 0 0 0 0 0 0 0 0 0 0 0
 1998 7 15 3 2 1 999 0 33 35.975 39.1538 44.3797 50.0508 59.7833 66.6818 68.8889 71.2 73 0 0 0 0 84 0 0 0 0 84.8889 0 1 80 390 266 118 60 22 9 5 1 0 0 0 0 1 0 0 0 0 9
 1999 7 15 3 2 1 999 0 0 36.8571 42.1 46.1828 52.1026 59.7037 70 60.6667 72.5 75 0 66 0 0 0 0 0 0 0 83.25 0 0 7 80 93 39 27 6 3 2 1 0 1 0 0 0 0 0 0 0 4
 2000 7 15 3 2 1 999 0 0 38.75 42.9175 52.2368 62.5333 66.7742 70.4167 70 0 78 0 67 0 0 0 0 79 76 0 80 0 0 32 97 38 30 31 12 4 0 2 0 1 0 0 0 0 1 1 0 1
 2001 7 15 3 2 1 999 0 0 39 47.2 51.3333 53 60.4286 62.9091 59 60 77 74 0 0 0 0 0 0 0 0 80.5 0 0 10 15 15 9 7 11 1 1 1 2 0 0 0 0 0 0 0 0 2
 2002 7 15 3 2 1 999 0 37.5556 40.0345 43.1932 50.8 57.2632 56.8889 63.7273 0 75 0 0 0 0 77.5 0 0 0 0 0 87 0 9 29 88 35 19 9 11 0 2 0 0 0 0 2 0 0 0 0 0 1
 2003 7 15 3 2 1 999 0 0 37.2105 42.7692 47.0606 45.5 54.7143 0 69 72 0 0 0 0 0 0 0 0 0 0 0 0 0 38 39 33 18 7 0 3 1 0 0 0 0 0 0 0 0 0 0 0
 2004 7 15 3 2 1 999 0 0 37.75 41.6341 45.2941 53.25 47.2222 60.75 74 47 0 84 0 0 0 0 77 0 0 0 0 0 0 44 41 34 28 9 4 3 3 0 1 0 0 0 0 1 0 0 0 0
 2005 7 15 3 2 1 999 0 0 38.5333 42.5185 46.7 52.5 52.5 52.6667 41 51 0 0 0 0 0 0 0 0 0 0 0 0 0 45 81 30 24 20 3 1 1 0 0 0 0 0 0 0 0 0 0 0
 2006 7 15 3 2 1 999 0 0 36.8333 41.9636 45.5094 51.1667 59.4 63.3333 43 50 0 0 0 0 0 0 0 0 0 0 0 0 0 24 110 53 6 5 3 3 1 0 0 0 0 0 0 0 0 0 0 0
 2007 7 15 3 2 1 999 0 0 39 41.7059 45.1852 52.5 65 0 0 0 0 0 0 0 0 0 0 0 0 0 0 0 0 1 34 27 4 1 0 0 0 0 0 0 0 0 0 0 0 0 0 0
 2008 7 15 3 2 1 999 0 0 0 39.8919 46.9296 51.2 46.75 46 0 0 0 0 0 0 0 0 0 0 0 0 0 0 0 0 37 71 20 4 1 0 0 0 0 0 0 0 0 0 0 0 0 0
 2009 7 15 3 2 1 999 0 0 0 43.7647 49.8922 53.5588 58.9302 60.6 52.5 60 56 0 0 0 0 0 71 0 0 0 77 0 0 0 34 167 170 43 5 2 2 3 0 0 0 0 0 1 0 0 0 1
 2010 7 15 3 2 1 999 0 0 0 44.3421 47.802 52.25 54.1333 54.2857 53.1 43.3333 0 0 0 0 0 0 0 0 0 0 75 0 0 0 38 101 144 75 21 10 3 0 0 0 0 0 0 0 0 0 0 1
 2011 7 15 3 2 1 999 0 0 40.5 42.1522 46.0571 54.22 58.3684 62.3294 58.2727 60.75 0 52 0 0 0 0 0 0 0 0 0 0 0 2 46 140 200 171 85 11 4 0 1 0 0 0 0 0 0 0 0 0
 2012 7 15 3 2 1 999 0 0 0 44.3846 49.2273 55.7634 60.6423 63.9024 67.2857 66 74 0 0 0 0 0 0 0 0 0 0 0 0 0 13 22 131 137 41 14 2 1 0 0 0 0 0 0 0 0 0 0
 2013 7 15 3 2 1 999 0 0 45.3333 44.1099 49.4628 53.649 56.8974 61.3203 62.913 62 65.5 73 0 0 0 0 0 0 0 0 79.6667 0 0 6 91 605 302 273 128 46 19 2 1 0 0 0 0 0 0 0 0 3
 2014 7 15 3 2 1 999 0 0 43.25 44.878 49.1944 54.1777 57.5316 60.0714 63.4516 66.6 68.5294 67 0 64 0 65 67 59 0 0 0 0 0 4 41 216 546 190 112 62 35 17 3 0 1 0 1 2 1 0 0 0
 2015 7 15 3 2 1 999 0 0 48 46.5152 49.8889 53.5159 56.0634 59.1857 63 67.7143 68 67 0 0 0 0 0 0 0 0 84 0 0 5 66 243 347 205 70 41 14 4 1 0 0 0 0 0 0 0 0 2
 2016 7 15 3 2 1 999 0 0 27 41.4375 48.6878 53.971 56.6795 60.4571 62.0556 64.1579 65.8571 61.3333 70 60.3333 0 0 0 0 0 0 74 0 0 1 16 221 207 156 70 18 19 7 3 1 3 0 0 0 0 0 0 1
 2017 7 15 3 2 1 999 0 37.5 0 42.2222 46.584 52.7152 54.2152 57.4586 57.6667 60.8667 65.5 68 66.5 0 0 71 0 0 0 0 77.5 0 2 0 45 125 330 316 157 66 15 4 3 2 0 0 1 0 0 0 0 6
 2018 7 15 3 2 1 999 0 0 37.8571 43.9444 48.2076 52.4431 56.9342 59.4286 60.0192 61.4 65.4 67.5 70.7143 0 72 65.6667 0 0 65 0 78.1667 0 0 7 72 236 167 365 119 52 15 10 4 7 0 1 3 0 0 1 0 6
 2019 7 15 3 2 1 999 0 0 47.3333 44.0533 48.185 52.6971 55.2208 58.9623 58.6526 60.1714 62.1667 64.9286 65 62.3333 68.3333 0 68 72.5 0 66 71 0 0 3 75 254 241 154 159 95 35 12 14 6 3 3 0 1 2 0 1 2
 2020 7 15 3 2 1 999 0 0 0 0 37.25 54.3333 0 0 64 0 0 0 0 0 0 0 0 0 0 0 0 0 0 0 0 4 3 0 0 1 0 0 0 0 0 0 0 0 0 0 0 0
 2021 7 15 3 2 1 999 0 0 39 41.4706 42.9286 47.3333 50.8235 56.875 60.75 63 63.25 68 0 0 0 0 74 0 71 0 77 0 0 1 17 14 12 17 8 4 3 4 1 0 0 0 0 1 0 1 0 1
 2022 7 15 3 2 1 999 0 0 0 41.3043 43.9608 48.0638 51.04 53.5152 57.5 58.4 56.6667 70 52.5 63 70.5 75 69 72 0 0 74 0 0 0 23 51 47 50 33 12 5 3 2 2 1 2 1 2 1 0 0 1
 2023 7 15 3 2 1 999 0 0 0 38.8824 41.5424 44.6848 51.1667 54.3043 55.0714 56 61 66.3333 55 0 0 71 0 0 0 0 0 0 0 0 17 59 92 42 23 14 4 2 3 1 0 0 1 0 0 0 0 0
 1980 7 16 3 2 1 999 0 0 0 0 0 0 0 0 0 0 0 0 0 0 0 0 0 0 0 0 0 0 0 0 0 0 0 0 0 0 0 0 0 0 0 0 0 0 0 0 0 0
 1981 7 16 3 2 1 999 0 0 0 0 0 0 0 0 0 0 0 0 0 0 0 0 0 0 0 0 0 0 0 0 0 0 0 0 0 0 0 0 0 0 0 0 0 0 0 0 0 0
 1982 7 16 3 2 1 999 0 0 0 0 0 0 0 0 0 0 0 0 0 0 0 0 0 0 0 0 0 0 0 0 0 0 0 0 0 0 0 0 0 0 0 0 0 0 0 0 0 0
 1983 7 16 3 2 1 999 0 0 0 0 0 0 0 0 0 0 0 0 0 0 0 0 0 0 0 0 0 0 0 0 0 0 0 0 0 0 0 0 0 0 0 0 0 0 0 0 0 0
 1984 7 16 3 2 1 999 0 0 0 0 0 0 0 0 0 0 0 0 0 0 0 0 0 0 0 0 0 0 0 0 0 0 0 0 0 0 0 0 0 0 0 0 0 0 0 0 0 0
 1985 7 16 3 2 1 999 0 0 0 0 0 0 0 0 0 0 0 0 0 0 0 0 0 0 0 0 0 0 0 0 0 0 0 0 0 0 0 0 0 0 0 0 0 0 0 0 0 0
 1986 7 16 3 2 1 999 0 27.5 36.4286 38 61 0 0 0 0 0 0 0 0 0 0 0 0 0 0 0 0 0 4 7 1 1 0 0 0 0 0 0 0 0 0 0 0 0 0 0 0 0
 1987 7 16 3 2 1 999 0 0 35 0 0 0 71 0 0 0 0 0 0 0 0 0 0 0 0 0 88 0 0 1 0 0 0 1 0 0 0 0 0 0 0 0 0 0 0 0 0 1
 1988 7 16 3 2 1 999 0 34 31 32 46.5 70 0 0 0 0 0 0 0 0 0 0 0 0 0 0 0 0 1 2 1 2 1 0 0 0 0 0 0 0 0 0 0 0 0 0 0 0
 1989 7 16 3 2 1 999 0 0 30.8 46.2 51.3333 63 0 0 0 0 0 0 0 0 0 0 0 0 0 0 0 0 0 5 5 3 1 0 0 0 0 0 0 0 0 0 0 0 0 0 0 0
 1990 7 16 3 2 1 999 0 0 32 0 52.5 0 0 0 0 0 0 0 0 0 0 0 0 0 0 0 0 0 0 1 0 2 0 0 0 0 0 0 0 0 0 0 0 0 0 0 0 0
 1991 7 16 3 2 1 999 0 0 36 46.4 50.5 0 0 0 0 0 0 0 0 0 0 0 0 0 0 0 0 0 0 8 10 2 0 0 0 0 0 0 0 0 0 0 0 0 0 0 0 0
 1992 7 16 3 2 1 999 0 0 34.6818 39.2821 50.8571 55.5 0 0 0 0 0 0 0 0 0 0 0 0 0 0 0 0 0 22 39 7 2 0 0 0 0 0 0 0 0 0 0 0 0 0 0 0
 1993 7 16 3 2 1 999 0 0 34.2283 40.0947 43.6296 35.6667 49.5 0 0 0 0 0 0 0 0 0 0 0 0 0 0 0 0 127 95 27 3 2 0 0 0 0 0 0 0 0 0 0 0 0 0 0
 1994 7 16 3 2 1 999 0 0 32.6 41.0909 51 58 69 0 0 0 0 0 0 0 0 0 0 0 0 0 0 0 0 5 11 2 2 1 0 0 0 0 0 0 0 0 0 0 0 0 0 0
 1995 7 16 3 2 1 999 0 34 35 43 49.6 0 0 69 0 0 0 0 0 0 0 0 0 0 0 0 0 0 1 3 1 5 0 0 1 0 0 0 0 0 0 0 0 0 0 0 0 0
 1996 7 16 3 2 1 999 0 32 34.9459 41.9318 49.75 58 0 0 0 0 0 0 0 0 0 0 0 0 0 0 0 0 1 37 44 8 5 0 0 0 0 0 0 0 0 0 0 0 0 0 0 0
 1997 7 16 3 2 1 999 0 0 36.942 47.125 57.8333 60.5 0 0 0 0 0 0 0 0 0 0 0 0 0 0 0 0 0 69 16 6 2 0 0 0 0 0 0 0 0 0 0 0 0 0 0 0
 1998 7 16 3 2 1 999 0 0 36.6145 38.5443 42.875 49.5556 65.2 72.5 55.3333 67 0 0 0 0 0 0 0 0 0 0 0 0 0 83 463 80 9 5 2 3 1 0 0 0 0 0 0 0 0 0 0 0
 1999 7 16 3 2 1 999 0 0 36.6364 38.5706 44.3556 52.5238 56.3333 64 0 0 0 41 0 0 0 0 0 0 0 0 0 0 0 11 177 135 21 3 3 0 0 0 1 0 0 0 0 0 0 0 0 0
 2000 7 16 3 2 1 999 0 0 37.625 40.6528 44.7105 55.2 0 69.3333 0 0 0 0 0 0 0 0 0 0 0 0 0 0 0 16 72 38 10 0 3 0 0 0 0 0 0 0 0 0 0 0 0 0
 2001 7 16 3 2 1 999 0 0 38.0521 40.9107 45.4565 52 64 66 0 75 0 0 0 0 0 0 0 0 0 0 0 0 0 96 56 46 11 4 1 0 1 0 0 0 0 0 0 0 0 0 0 0
 2002 7 16 3 2 1 999 0 23.5 37.7368 40.5629 40.3125 45.75 50.6667 51 0 0 0 0 0 0 0 84 0 0 0 0 0 0 4 19 167 16 8 3 1 0 0 0 0 0 0 0 1 0 0 0 0 0
 2003 7 16 3 2 1 999 0 0 38.0588 41.4 44.6667 0 63 73 72 0 0 0 0 0 0 0 0 0 0 0 0 0 0 17 30 18 0 2 1 2 0 0 0 0 0 0 0 0 0 0 0 0
 2004 7 16 3 2 1 999 0 0 37 39.6667 41.7647 43.7273 56.3333 57 47 0 0 0 0 0 0 0 0 0 0 0 0 0 0 1 27 17 11 3 3 1 0 0 0 0 0 0 0 0 0 0 0 0
 2005 7 16 3 2 1 999 0 0 37.5 40.0435 43.0769 45 60 48 0 0 0 0 0 0 0 0 0 0 0 0 0 0 0 6 23 13 4 1 1 0 0 0 0 0 0 0 0 0 0 0 0 0
 2006 7 16 3 2 1 999 0 0 37.3182 40.6531 42.12 42.2 43 50 0 0 0 0 0 0 0 0 0 0 0 0 0 0 0 22 49 25 10 1 2 0 0 0 0 0 0 0 0 0 0 0 0 0
 2007 7 16 3 2 1 999 0 0 37.5385 40.5625 43.6522 53 37 56 41.5 48 49 0 0 0 0 0 0 0 0 0 0 0 0 13 112 46 8 1 1 2 1 1 0 0 0 0 0 0 0 0 0 0
 2008 7 16 3 2 1 999 0 0 38.1667 40.0319 44.5135 41 41 53 0 0 0 0 0 0 0 0 0 0 0 0 0 0 0 6 94 37 6 2 1 0 0 0 0 0 0 0 0 0 0 0 0 0
 2009 7 16 3 2 1 999 0 0 0 40.4153 45.9426 49.9565 50.9091 57.5 46 0 0 0 0 0 0 0 0 0 0 0 0 0 0 0 183 122 46 11 4 1 0 0 0 0 0 0 0 0 0 0 0 0
 2010 7 16 3 2 1 999 0 0 41 42.0139 46.3619 54.6923 54.9231 56.4 51 0 0 0 0 0 0 0 0 0 0 0 0 0 0 1 72 105 39 13 5 1 0 0 0 0 0 0 0 0 0 0 0 0
 2011 7 16 3 2 1 999 0 0 0 41.1765 45.193 49.8919 50.9667 52.5 53.6667 0 0 0 0 0 0 0 0 0 0 0 0 0 0 0 17 57 74 30 4 3 0 0 0 0 0 0 0 0 0 0 0 0
 2012 7 16 3 2 1 999 0 0 38 40.2045 45.6905 50.4143 53.9302 59.619 62 51 80 0 0 0 0 77 0 0 0 0 0 0 0 1 44 42 70 43 21 2 3 1 0 0 0 0 1 0 0 0 0 0
 2013 7 16 3 2 1 999 0 0 37.2857 40.1864 44.5897 48.16 52.044 54.6667 55.4286 59.087 70 56.3333 0 74 82 0 0 0 0 0 0 0 0 7 59 156 50 182 132 49 23 5 3 0 1 1 0 0 0 0 0 0
 2014 7 16 3 2 1 999 0 0 39.5882 40.6044 43.7757 47.1858 52.3689 54.9863 59.3118 59.9273 65.5806 64.6364 70 0 86 0 0 0 86 0 0 0 0 17 637 379 619 206 512 340 165 31 11 5 0 2 0 0 0 1 0 0
 2015 7 16 3 2 1 999 0 37.5 38.6562 41.1497 45.6235 49.5643 53.7645 57.3776 57.69 60.5741 62.3231 63.4286 66.1667 86.5 85 0 0 0 0 0 85 0 2 32 521 733 241 259 98 200 162 65 14 6 2 1 0 0 0 0 0 1
 2016 7 16 3 2 1 999 0 0 39.4444 40.38 45.5246 49.5789 52.1111 51.087 61.6 59.9 71.75 71.8 80 82 78.5 0 0 0 0 0 0 0 0 9 50 122 38 27 23 10 10 8 5 2 1 2 0 0 0 0 0 0
 2017 7 16 3 2 1 999 0 34 38.7273 40.4697 43.8148 49.4286 52.3704 54.3333 56 50.2857 53.5 64.2222 76.5 65 75 0 0 0 0 0 0 0 1 44 132 54 70 27 6 11 7 4 9 2 2 1 0 0 0 0 0 0
 2018 7 16 3 2 1 999 0 0 38.9167 41.0492 46.1347 48.9674 50.75 59.4706 58.2222 61.75 76 70.3333 75.2857 73.5 79 80 0 0 0 0 0 0 0 12 244 245 92 56 17 9 4 2 3 7 4 2 2 0 0 0 0 0
 2019 7 16 3 2 1 999 0 0 38.5833 40.0207 45.2716 49.7778 51.6935 57.8947 58.8 61.7143 67.6 0 74 0 80.5 0 84 0 0 0 84 0 0 12 242 232 153 62 38 10 7 5 0 6 0 2 0 1 0 0 0 1
 2020 7 16 3 2 1 999 0 0 41 39 40.6667 54 57 0 0 0 0 0 0 90 0 0 0 0 0 0 0 0 0 1 14 6 3 1 0 0 0 0 0 0 1 0 0 0 0 0 0 0
 2021 7 16 3 2 1 999 0 0 38.5833 40.8101 43.3256 50.5556 56.2222 58.8 68 68 74 67 71 0 79.5 0 60 66 0 0 0 0 0 12 79 43 45 9 10 6 2 1 2 2 0 4 0 1 1 0 0 0
 2022 7 16 3 2 1 999 0 0 37.4 39.1209 42.0233 45.5846 47.5263 54.8421 60.1429 52.5 41 0 0 86 76 81.5 82 81 0 0 84 0 0 5 91 129 65 76 38 14 2 1 0 0 1 1 2 3 1 0 0 1
 2023 7 16 3 2 1 999 0 0 38.0714 41.1973 44.1257 47.0351 52.5714 52 43.375 63.2 75 0 0 0 76 0 62 0 0 0 0 0 0 28 147 167 57 21 21 8 5 1 0 0 0 1 0 1 0 0 0 0
 1980 7 17 3 2 1 999 0 0 0 0 0 0 0 0 0 0 0 0 0 0 0 0 0 0 0 0 0 0 0 0 0 0 0 0 0 0 0 0 0 0 0 0 0 0 0 0 0 0
 1981 7 17 3 2 1 999 0 0 0 0 0 0 0 0 0 0 0 0 0 0 0 0 0 0 0 0 0 0 0 0 0 0 0 0 0 0 0 0 0 0 0 0 0 0 0 0 0 0
 1982 7 17 3 2 1 999 0 0 0 0 0 0 0 0 0 0 0 0 0 0 0 0 0 0 0 0 0 0 0 0 0 0 0 0 0 0 0 0 0 0 0 0 0 0 0 0 0 0
 1983 7 17 3 2 1 999 0 0 0 0 0 0 0 0 0 0 0 0 0 0 0 0 0 0 0 0 0 0 0 0 0 0 0 0 0 0 0 0 0 0 0 0 0 0 0 0 0 0
 1984 7 17 3 2 1 999 0 0 0 0 0 0 0 0 0 0 0 0 0 0 0 0 0 0 0 0 0 0 0 0 0 0 0 0 0 0 0 0 0 0 0 0 0 0 0 0 0 0
 1985 7 17 3 2 1 999 0 0 0 0 0 0 0 0 0 0 0 0 0 0 0 0 0 0 0 0 0 0 0 0 0 0 0 0 0 0 0 0 0 0 0 0 0 0 0 0 0 0
 1986 7 17 3 2 1 999 0 0 39 0 0 0 0 0 0 0 0 0 0 0 0 0 0 0 0 0 0 0 0 1 0 0 0 0 0 0 0 0 0 0 0 0 0 0 0 0 0 0
 1987 7 17 3 2 1 999 0 0 0 0 0 0 0 0 0 0 0 0 0 0 0 0 0 0 0 0 0 0 0 0 0 0 0 0 0 0 0 0 0 0 0 0 0 0 0 0 0 0
 1988 7 17 3 2 1 999 0 0 0 0 0 0 0 0 0 0 0 0 0 0 0 0 0 0 0 0 0 0 0 0 0 0 0 0 0 0 0 0 0 0 0 0 0 0 0 0 0 0
 1989 7 17 3 2 1 999 0 0 0 0 0 67 0 0 0 0 0 0 0 0 0 0 0 0 0 0 0 0 0 0 0 0 1 0 0 0 0 0 0 0 0 0 0 0 0 0 0 0
 1990 7 17 3 2 1 999 0 0 0 0 0 0 0 0 0 0 0 0 0 0 0 0 0 0 0 0 0 0 0 0 0 0 0 0 0 0 0 0 0 0 0 0 0 0 0 0 0 0
 1991 7 17 3 2 1 999 0 0 0 0 0 0 0 0 0 0 0 0 0 0 0 0 0 0 0 0 0 0 0 0 0 0 0 0 0 0 0 0 0 0 0 0 0 0 0 0 0 0
 1992 7 17 3 2 1 999 0 0 0 0 0 39 48 58 0 0 0 0 0 0 0 0 0 0 0 0 0 0 0 0 0 0 1 3 1 0 0 0 0 0 0 0 0 0 0 0 0 0
 1993 7 17 3 2 1 999 0 0 0 0 0 0 0 0 0 0 0 0 0 0 0 0 0 0 0 0 0 0 0 0 0 0 0 0 0 0 0 0 0 0 0 0 0 0 0 0 0 0
 1994 7 17 3 2 1 999 0 0 0 0 0 0 0 0 0 0 0 0 0 0 0 0 0 0 0 0 0 0 0 0 0 0 0 0 0 0 0 0 0 0 0 0 0 0 0 0 0 0
 1995 7 17 3 2 1 999 0 0 0 0 0 0 0 0 0 0 0 0 0 0 0 0 0 0 0 0 0 0 0 0 0 0 0 0 0 0 0 0 0 0 0 0 0 0 0 0 0 0
 1996 7 17 3 2 1 999 0 0 0 0 0 0 0 0 0 0 0 0 0 0 0 0 0 0 0 0 0 0 0 0 0 0 0 0 0 0 0 0 0 0 0 0 0 0 0 0 0 0
 1997 7 17 3 2 1 999 0 0 0 48 0 0 0 0 0 0 0 0 0 0 0 0 0 0 0 0 0 0 0 0 1 0 0 0 0 0 0 0 0 0 0 0 0 0 0 0 0 0
 1998 7 17 3 2 1 999 0 0 0 0 45 0 0 0 0 0 0 0 0 0 0 0 0 0 0 0 0 0 0 0 0 1 0 0 0 0 0 0 0 0 0 0 0 0 0 0 0 0
 1999 7 17 3 2 1 999 0 0 0 41.3333 46.2 0 0 0 0 0 0 0 0 0 0 0 0 0 0 0 0 0 0 0 9 5 0 0 0 0 0 0 0 0 0 0 0 0 0 0 0 0
 2000 7 17 3 2 1 999 0 0 0 0 0 46 0 0 0 0 0 0 0 0 0 0 0 0 0 0 0 0 0 0 0 0 1 0 0 0 0 0 0 0 0 0 0 0 0 0 0 0
 2001 7 17 3 2 1 999 0 0 0 0 0 0 0 69 0 0 0 0 0 0 0 0 0 0 0 0 0 0 0 0 0 0 0 0 1 0 0 0 0 0 0 0 0 0 0 0 0 0
 2002 7 17 3 2 1 999 0 0 0 0 0 0 0 0 0 0 0 0 0 0 0 0 0 0 0 0 0 0 0 0 0 0 0 0 0 0 0 0 0 0 0 0 0 0 0 0 0 0
 2003 7 17 3 2 1 999 0 0 0 46 41 0 0 0 0 0 0 0 0 0 0 0 0 0 0 0 0 0 0 0 1 1 0 0 0 0 0 0 0 0 0 0 0 0 0 0 0 0
 2004 7 17 3 2 1 999 0 0 0 42 0 0 0 0 0 0 0 0 0 0 0 0 0 0 0 0 0 0 0 0 1 0 0 0 0 0 0 0 0 0 0 0 0 0 0 0 0 0
 2005 7 17 3 2 1 999 0 0 0 41.3235 46.3333 56.25 51.5 0 0 0 0 0 0 0 0 0 0 0 0 0 0 0 0 0 34 12 4 2 0 0 0 0 0 0 0 0 0 0 0 0 0 0
 2006 7 17 3 2 1 999 0 0 0 41.7778 48.7551 53.6667 55 59 48 53 0 0 0 0 0 0 0 0 0 0 0 0 0 0 9 49 12 2 4 1 1 0 0 0 0 0 0 0 0 0 0 0
 2007 7 17 3 2 1 999 0 0 0 42.4 45 0 0 0 0 0 0 0 0 0 0 0 0 0 0 0 0 0 0 0 5 2 0 0 0 0 0 0 0 0 0 0 0 0 0 0 0 0
 2008 7 17 3 2 1 999 0 0 44.9333 43.8571 54.25 58.75 58.5 0 0 0 0 0 0 0 0 0 0 0 0 0 0 0 0 15 21 4 4 2 0 0 0 0 0 0 0 0 0 0 0 0 0 0
 2009 7 17 3 2 1 999 0 0 39.4 43.9314 50.6829 55.25 59.375 65.2 67 0 0 0 0 0 0 0 0 0 0 0 0 0 0 5 102 123 64 16 5 1 0 0 0 0 0 0 0 0 0 0 0 0
 2010 7 17 3 2 1 999 0 0 36 41.8065 47.537 54.9492 61.3846 65.1667 68.3333 0 0 0 0 0 0 0 0 0 0 0 0 0 0 1 31 108 59 26 12 3 0 0 0 0 0 0 0 0 0 0 0 0
 2011 7 17 3 2 1 999 0 0 0 39.7692 46.3806 52.6765 58.6429 66 58 0 0 0 0 0 0 0 0 0 0 0 0 0 0 0 39 134 68 14 4 1 0 0 0 0 0 0 0 0 0 0 0 0
 2012 7 17 3 2 1 999 0 0 0 40.6667 45.1795 51.7429 58.3214 66 62.8 63.3333 59 63 0 0 0 0 0 0 0 0 0 0 0 0 6 39 35 28 6 5 3 3 1 0 0 0 0 0 0 0 0 0
 2013 7 17 3 2 1 999 0 0 0 38.5938 43.1053 49.8491 56.8065 64.5455 73 66 62 0 0 0 0 0 0 0 0 0 0 0 0 0 32 19 53 31 11 1 2 1 0 0 0 0 0 0 0 0 0 0
 2014 7 17 3 2 1 999 0 0 0 41.2 45.1 48.1429 56.2941 62.8 65 73 0 0 0 0 0 0 0 0 0 0 0 0 0 0 20 10 7 17 10 2 1 0 0 0 0 0 0 0 0 0 0 0
 2015 7 17 3 2 1 999 0 0 39.5 42.6818 47.7091 53.871 55.7778 62 68.75 67.9 71 76 0 64 0 0 0 0 0 0 0 0 0 2 22 55 31 18 23 28 20 2 1 0 1 0 0 0 0 0 0 0
 2016 7 17 3 2 1 999 0 0 38.6667 42.375 41 50.5455 58.1667 0 66 72 70 0 0 0 0 0 0 0 0 0 0 0 0 6 8 2 11 6 0 3 1 2 0 0 0 0 0 0 0 0 0 0
 2017 7 17 3 2 1 999 0 0 42.3333 41.5755 47.6667 54.5 62 70 0 78 0 0 0 0 0 0 0 0 0 0 0 0 0 3 139 6 6 2 1 0 1 0 0 0 0 0 0 0 0 0 0 0
 2018 7 17 3 2 1 999 0 0 0 39.4211 46.4659 53.3077 60.6667 68 64.6667 66.75 61 68 68.5 0 0 0 0 0 0 0 0 0 0 0 19 176 13 9 3 3 4 6 1 2 0 0 0 0 0 0 0 0
 2019 7 17 3 2 1 999 0 0 37.6667 41.65 48.7188 53 61.3333 62.2 71 69 0 0 0 0 0 0 74 0 0 0 0 0 0 3 20 32 135 9 5 1 1 0 0 0 0 0 0 1 0 0 0 0
 2020 7 17 3 2 1 999 0 0 0 0 0 0 0 0 0 0 0 0 0 0 0 0 0 0 0 0 0 0 0 0 0 0 0 0 0 0 0 0 0 0 0 0 0 0 0 0 0 0
 2021 7 17 3 2 1 999 0 0 38 41.5833 47.0556 55.5 61 64.3333 0 0 0 0 0 0 0 0 0 0 0 0 0 0 0 2 12 18 2 2 3 0 0 0 0 0 0 0 0 0 0 0 0 0
 2022 7 17 3 2 1 999 0 0 36 41.1935 45.7 53.45 63.0714 67.1667 65.6897 71 0 71 0 0 0 77 0 0 0 0 0 0 0 1 31 10 20 14 6 29 2 0 1 0 0 0 1 0 0 0 0 0
 2023 7 17 3 2 1 999 0 0 38 41.1579 47.9048 50.5238 61.0909 66.0833 67.625 66.7 81 0 0 0 0 0 0 0 0 79 0 0 0 2 38 42 21 22 12 8 10 1 0 0 0 0 0 0 0 0 1 0
 1980 7 18 3 2 1 999 0 0 0 0 0 0 0 0 0 0 0 0 0 0 0 0 0 0 0 0 0 0 0 0 0 0 0 0 0 0 0 0 0 0 0 0 0 0 0 0 0 0
 1981 7 18 3 2 1 999 0 0 0 0 0 0 0 0 0 0 0 0 0 0 0 0 0 0 0 0 0 0 0 0 0 0 0 0 0 0 0 0 0 0 0 0 0 0 0 0 0 0
 1982 7 18 3 2 1 999 0 0 0 0 0 0 0 0 0 0 0 0 0 0 0 0 0 0 0 0 0 0 0 0 0 0 0 0 0 0 0 0 0 0 0 0 0 0 0 0 0 0
 1983 7 18 3 2 1 999 0 0 0 0 0 0 0 0 0 0 0 0 0 0 0 0 0 0 0 0 0 0 0 0 0 0 0 0 0 0 0 0 0 0 0 0 0 0 0 0 0 0
 1984 7 18 3 2 1 999 0 0 0 0 0 0 0 0 0 0 0 0 0 0 0 0 0 0 0 0 0 0 0 0 0 0 0 0 0 0 0 0 0 0 0 0 0 0 0 0 0 0
 1985 7 18 3 2 1 999 0 0 0 0 0 0 0 0 0 0 0 0 0 0 0 0 0 0 0 0 0 0 0 0 0 0 0 0 0 0 0 0 0 0 0 0 0 0 0 0 0 0
 1986 7 18 3 2 1 999 0 0 0 0 0 0 0 0 0 0 0 0 0 0 0 0 0 0 0 0 0 0 0 0 0 0 0 0 0 0 0 0 0 0 0 0 0 0 0 0 0 0
 1987 7 18 3 2 1 999 0 0 0 0 0 0 0 0 0 0 0 0 0 0 0 0 0 0 0 0 0 0 0 0 0 0 0 0 0 0 0 0 0 0 0 0 0 0 0 0 0 0
 1988 7 18 3 2 1 999 0 0 0 0 0 0 0 0 0 0 0 0 0 0 0 0 0 0 0 0 0 0 0 0 0 0 0 0 0 0 0 0 0 0 0 0 0 0 0 0 0 0
 1989 7 18 3 2 1 999 0 0 0 0 0 0 0 0 0 0 0 0 0 0 0 0 0 0 0 0 0 0 0 0 0 0 0 0 0 0 0 0 0 0 0 0 0 0 0 0 0 0
 1990 7 18 3 2 1 999 0 0 0 0 0 0 0 0 0 0 0 0 0 0 0 0 0 0 0 0 0 0 0 0 0 0 0 0 0 0 0 0 0 0 0 0 0 0 0 0 0 0
 1991 7 18 3 2 1 999 0 0 0 0 0 0 0 0 0 0 0 0 0 0 0 0 0 0 0 0 0 0 0 0 0 0 0 0 0 0 0 0 0 0 0 0 0 0 0 0 0 0
 1992 7 18 3 2 1 999 0 0 0 0 0 0 0 0 0 0 0 0 0 0 0 0 0 0 0 0 0 0 0 0 0 0 0 0 0 0 0 0 0 0 0 0 0 0 0 0 0 0
 1993 7 18 3 2 1 999 0 0 35.5652 41 0 0 0 0 0 0 0 0 0 0 0 0 0 0 0 0 0 0 0 23 1 0 0 0 0 0 0 0 0 0 0 0 0 0 0 0 0 0
 1994 7 18 3 2 1 999 0 0 0 0 0 0 0 0 0 0 0 0 0 0 0 0 0 0 0 0 0 0 0 0 0 0 0 0 0 0 0 0 0 0 0 0 0 0 0 0 0 0
 1995 7 18 3 2 1 999 0 0 0 0 0 0 0 0 0 0 0 0 0 0 0 0 0 0 0 0 0 0 0 0 0 0 0 0 0 0 0 0 0 0 0 0 0 0 0 0 0 0
 1996 7 18 3 2 1 999 0 0 0 0 0 0 0 0 0 0 0 0 0 0 0 0 0 0 0 0 0 0 0 0 0 0 0 0 0 0 0 0 0 0 0 0 0 0 0 0 0 0
 1997 7 18 3 2 1 999 0 0 0 0 0 0 0 0 0 0 0 0 0 0 0 0 0 0 0 0 0 0 0 0 0 0 0 0 0 0 0 0 0 0 0 0 0 0 0 0 0 0
 1998 7 18 3 2 1 999 0 32 40 47.5294 55.4507 61.4545 66.8571 66.6667 75.5 0 0 0 0 0 0 0 0 0 0 0 0 0 1 17 68 71 33 14 6 2 0 0 0 0 0 0 0 0 0 0 0 0
 1999 7 18 3 2 1 999 0 0 36 40 46.8519 54.3333 64 0 0 0 0 0 0 0 0 0 0 0 0 0 0 0 0 1 39 27 6 2 0 0 0 0 0 0 0 0 0 0 0 0 0 0
 2000 7 18 3 2 1 999 0 0 0 42 0 0 0 0 0 0 85 0 0 0 0 0 0 0 0 0 0 0 0 0 2 0 0 0 0 0 0 1 0 0 0 0 0 0 0 0 0 0
 2001 7 18 3 2 1 999 0 0 0 0 0 0 0 0 0 0 0 0 0 0 0 0 0 0 0 0 0 0 0 0 0 0 0 0 0 0 0 0 0 0 0 0 0 0 0 0 0 0
 2002 7 18 3 2 1 999 0 39 40.2571 42.0896 45.8605 52.875 55.6667 68.6667 70.3333 77 0 0 0 0 78 0 0 0 0 0 0 0 14 105 134 43 16 3 3 3 2 0 0 0 0 1 0 0 0 0 0 0
 2003 7 18 3 2 1 999 0 0 38.4722 42.2647 46.9296 46.7439 54.5179 55.12 63.6875 62.5 63.6667 0 68.5 79 65.5 80 0 0 0 0 89 0 0 36 204 213 82 56 25 16 8 3 0 4 1 2 1 0 0 0 0 1
 2004 7 18 3 2 1 999 0 40.7692 40.075 42.1696 47.8701 51.4828 62.8 74.5 70 72 72 0 0 0 77 0 83 0 0 0 84.3333 0 13 200 283 77 29 10 4 4 1 1 0 0 0 1 0 1 0 0 0 3
 2005 7 18 3 2 1 999 0 37 38.4274 41.9506 45.6418 47.9559 53.5833 52.8667 58.7 62 60 59 74.8 78 80.5 0 0 0 84 79 0 0 5 124 425 134 68 48 30 20 5 5 2 5 1 2 0 0 0 2 2 0
 2006 7 18 3 2 1 999 0 40.5 38.2279 40.7161 44.0048 49.5 53.9143 57.3684 58.75 72.3333 74.4 84 76 78 0 0 78 0 0 84 82.5 0 2 136 634 207 58 35 19 8 3 5 1 1 1 0 0 1 0 0 1 2
 2007 7 18 3 2 1 999 0 0 34.9868 41.8409 46.4579 57.2941 57.5556 63.7778 55.6667 0 60.5 0 46 0 0 0 0 0 0 0 0 0 0 76 308 107 17 9 9 3 0 2 0 1 0 0 0 0 0 0 0 0
 2008 7 18 3 2 1 999 0 0 39.2353 43.6234 49.1185 51.7241 51.2 0 0 0 0 0 0 0 0 0 0 0 0 0 0 0 0 17 154 135 29 5 0 0 0 0 0 0 0 0 0 0 0 0 0 0
 2009 7 18 3 2 1 999 0 0 41.5 45.5938 51.7153 54.7907 61.1562 61 70 0 0 0 0 0 0 0 0 0 0 0 94 0 0 2 64 137 86 32 3 1 0 0 0 0 0 0 0 0 0 0 0 1
 2010 7 18 3 2 1 999 0 0 0 46.0833 53.268 59.4361 62.6629 62.4 0 0 0 0 0 82 74 0 0 0 0 0 84 0 0 0 36 153 133 89 20 0 0 0 0 0 1 1 0 0 0 0 0 1
 2011 7 18 3 2 1 999 0 0 41.6667 44.9286 49.0526 55.3571 58.0952 56.1667 59.5 0 0 77 0 0 0 0 0 0 0 0 0 0 0 6 14 38 42 21 6 2 0 0 1 0 0 0 0 0 0 0 0 0
 2012 7 18 3 2 1 999 0 0 0 44.3182 50.0541 55.8785 59.5484 63.7027 66.7143 69 0 0 71 0 79 0 0 0 79 0 0 0 0 0 44 74 107 93 37 21 1 0 0 1 0 1 0 0 0 1 0 0
 2013 7 18 3 2 1 999 0 53 48.15 47.1429 50.5088 56.0455 60.9516 63.5645 65.8966 68.75 72 0 0 0 0 0 0 0 0 0 82 0 5 20 28 114 22 62 62 29 4 2 0 0 0 0 0 0 0 0 0 1
 2014 7 18 3 2 1 999 0 0 42.0476 45.8897 49.8714 56.7674 60.3226 66.4808 67.1071 68.6667 68 77 0 0 0 0 0 0 0 0 0 0 0 21 145 70 172 31 52 28 6 1 1 0 0 0 0 0 0 0 0 0
 2015 7 18 3 2 1 999 0 41 43.6667 45.8861 50.9259 59.4 61.2615 64.6552 65.9535 66.6667 69.8667 67.5556 75.5 0 0 0 0 0 0 0 0 0 1 6 79 81 35 65 29 43 33 15 9 2 0 0 0 0 0 0 0 0
 2016 7 18 3 2 1 999 0 37.5 39.6429 44.9672 51.3 56.6827 57.9231 61.3 62.6098 66 67.9167 66.8333 71 68 0 0 0 80 0 0 81 0 2 14 61 190 104 52 50 41 30 24 18 4 3 0 0 0 1 0 0 1
 2017 7 18 3 2 1 999 0 0 39.2857 44.9722 52.2647 58.3758 60.9074 63.1034 65.4231 68.1053 67.8667 65.619 66.6667 64.3333 70 59 0 0 81 0 0 0 0 7 72 68 157 54 29 26 19 15 21 9 3 2 1 0 0 1 0 0
 2018 7 18 3 2 1 999 0 45 40 44.9574 48.8689 55.863 58.8819 62.3167 62.6667 66.0455 66.5 68.1875 68.5 70.8333 0 0 66 0 0 0 76 0 1 9 94 122 73 127 60 39 22 24 16 14 12 0 0 2 0 0 0 2
 2019 7 18 3 2 1 999 0 0 41.1818 45.211 50.1404 55.4433 60.8772 63.0448 66.5455 67.3333 68.1111 68.6667 69.5714 74.2 67 74.5 0 0 0 69 0 0 0 22 109 178 97 57 67 33 15 9 6 7 5 1 2 0 0 0 1 0
 2020 7 18 3 2 1 999 0 0 43.2 42.7654 49.5727 53.2406 57.3929 60 64.6 65.1333 67.125 67.25 69.6 68.2 68.2 74 0 0 68 0 0 0 0 15 81 110 133 84 40 40 15 8 8 5 5 5 2 0 0 1 0 0
 2021 7 18 3 2 1 999 0 0 39.32 44.4571 47.8613 52.5327 57.375 61.0612 66.4348 70.1905 70.4 70.8889 69.5455 74 74.8571 75 71.3333 0 45 0 85 0 0 25 140 137 107 72 49 23 21 15 9 11 1 7 5 3 0 1 0 1
 2022 7 18 3 2 1 999 0 0 43.1667 45.2679 48.1062 50.9685 54.8605 58.6923 59.5263 65.8125 67.2632 63 74.8 64.8 68.5 72.5 71 71 0 77 76 0 0 6 56 113 127 86 65 38 16 19 5 5 5 2 2 1 1 0 1 1
 2023 7 18 3 2 1 999 0 0 38.5 43.0976 45.5777 49.5901 54.3889 58.1034 61.0263 64.625 69.125 69.6 63.6667 69.5 70.6667 74 0 72 73.5 73 73.375 0 0 8 82 251 222 126 58 38 16 8 10 3 2 3 6 0 2 2 2 8
 1980 7 19 3 2 1 999 0 0 0 0 0 0 0 0 0 0 0 0 0 0 0 0 0 0 0 0 0 0 0 0 0 0 0 0 0 0 0 0 0 0 0 0 0 0 0 0 0 0
 1981 7 19 3 2 1 999 0 0 0 0 0 0 0 0 0 0 0 0 0 0 0 0 0 0 0 0 0 0 0 0 0 0 0 0 0 0 0 0 0 0 0 0 0 0 0 0 0 0
 1982 7 19 3 2 1 999 0 0 0 0 0 0 0 0 0 0 0 0 0 0 0 0 0 0 0 0 0 0 0 0 0 0 0 0 0 0 0 0 0 0 0 0 0 0 0 0 0 0
 1983 7 19 3 2 1 999 0 0 0 0 0 0 0 0 0 0 0 0 0 0 0 0 0 0 0 0 0 0 0 0 0 0 0 0 0 0 0 0 0 0 0 0 0 0 0 0 0 0
 1984 7 19 3 2 1 999 0 0 0 0 0 0 0 0 0 0 0 0 0 0 0 0 0 0 0 0 0 0 0 0 0 0 0 0 0 0 0 0 0 0 0 0 0 0 0 0 0 0
 1985 7 19 3 2 1 999 0 0 0 0 0 0 0 0 0 0 0 0 0 0 0 0 0 0 0 0 0 0 0 0 0 0 0 0 0 0 0 0 0 0 0 0 0 0 0 0 0 0
 1986 7 19 3 2 1 999 0 0 0 0 0 0 0 0 0 0 0 0 0 0 0 0 0 0 0 0 0 0 0 0 0 0 0 0 0 0 0 0 0 0 0 0 0 0 0 0 0 0
 1987 7 19 3 2 1 999 0 0 0 0 0 0 0 0 0 0 0 0 0 0 0 0 0 0 0 0 0 0 0 0 0 0 0 0 0 0 0 0 0 0 0 0 0 0 0 0 0 0
 1988 7 19 3 2 1 999 0 0 0 0 0 0 0 0 0 0 0 0 0 0 0 0 0 0 0 0 0 0 0 0 0 0 0 0 0 0 0 0 0 0 0 0 0 0 0 0 0 0
 1989 7 19 3 2 1 999 0 0 0 0 0 0 0 0 0 0 0 0 0 0 0 0 0 0 0 0 0 0 0 0 0 0 0 0 0 0 0 0 0 0 0 0 0 0 0 0 0 0
 1990 7 19 3 2 1 999 0 0 0 0 0 0 0 0 0 0 0 0 0 0 0 0 0 0 0 0 0 0 0 0 0 0 0 0 0 0 0 0 0 0 0 0 0 0 0 0 0 0
 1991 7 19 3 2 1 999 0 0 0 0 0 0 0 0 0 0 0 0 0 0 0 0 0 0 0 0 0 0 0 0 0 0 0 0 0 0 0 0 0 0 0 0 0 0 0 0 0 0
 1992 7 19 3 2 1 999 0 0 0 40 0 0 74 0 0 0 0 0 0 0 0 0 0 0 0 0 0 0 0 0 1 0 0 1 0 0 0 0 0 0 0 0 0 0 0 0 0 0
 1993 7 19 3 2 1 999 0 0 0 0 0 0 0 0 0 0 0 0 0 0 0 0 0 0 0 0 0 0 0 0 0 0 0 0 0 0 0 0 0 0 0 0 0 0 0 0 0 0
 1994 7 19 3 2 1 999 0 0 0 0 0 0 0 0 0 0 0 0 0 0 0 0 0 0 0 0 0 0 0 0 0 0 0 0 0 0 0 0 0 0 0 0 0 0 0 0 0 0
 1995 7 19 3 2 1 999 0 0 0 0 0 0 0 0 0 0 0 0 0 0 0 0 0 0 0 0 0 0 0 0 0 0 0 0 0 0 0 0 0 0 0 0 0 0 0 0 0 0
 1996 7 19 3 2 1 999 0 0 0 0 0 0 0 0 0 0 0 0 0 0 0 0 0 0 0 0 0 0 0 0 0 0 0 0 0 0 0 0 0 0 0 0 0 0 0 0 0 0
 1997 7 19 3 2 1 999 0 0 0 0 0 0 0 0 0 0 0 0 0 0 0 0 0 0 0 0 0 0 0 0 0 0 0 0 0 0 0 0 0 0 0 0 0 0 0 0 0 0
 1998 7 19 3 2 1 999 0 36 37.2969 40.6892 45.8889 52.6667 65 77 0 0 0 0 0 0 0 0 0 0 0 0 0 0 2 64 148 18 3 1 1 0 0 0 0 0 0 0 0 0 0 0 0 0
 1999 7 19 3 2 1 999 0 0 36.4167 40.8 46.8056 56.1034 59.9 48 0 0 0 0 0 0 0 0 0 0 0 0 89 0 0 12 240 288 29 10 1 0 0 0 0 0 0 0 0 0 0 0 0 1
 2000 7 19 3 2 1 999 0 0 0 0 0 0 0 0 0 0 0 0 0 0 0 0 0 0 0 0 0 0 0 0 0 0 0 0 0 0 0 0 0 0 0 0 0 0 0 0 0 0
 2001 7 19 3 2 1 999 0 0 0 0 47 0 0 0 0 0 0 0 0 0 0 0 0 0 0 0 0 0 0 0 0 1 0 0 0 0 0 0 0 0 0 0 0 0 0 0 0 0
 2002 7 19 3 2 1 999 0 0 43.7333 41.8689 45.932 56.4375 62.1538 69.3333 71.25 0 63 0 0 79 0 0 0 0 0 0 84 0 0 15 122 103 32 13 15 4 0 1 0 0 1 0 0 0 0 0 0 1
 2003 7 19 3 2 1 999 0 0 38.8846 41.0309 46.8394 53.9524 57 68.5556 75 0 0 0 0 0 0 0 0 0 0 0 0 0 0 26 97 137 21 9 9 2 0 0 0 0 0 0 0 0 0 0 0 0
 2004 7 19 3 2 1 999 0 0 39.913 42.7273 46.8734 52.0833 66.4444 65 77 0 0 0 0 82 0 0 0 0 0 0 0 0 0 23 44 79 36 9 4 1 0 0 0 0 1 0 0 0 0 0 0 0
 2005 7 19 3 2 1 999 0 0 37.6923 41.5435 47.5455 51.0952 55.1852 0 75 74 0 0 0 0 0 0 0 0 0 0 0 0 0 13 46 22 21 27 0 1 1 0 0 0 0 0 0 0 0 0 0 0
 2006 7 19 3 2 1 999 0 47.5 37.2791 39.8409 44.5 48.1429 63 61.5 66.25 0 78.5 0 74 0 71 75 0 0 0 69 0 0 2 43 88 38 21 12 4 4 0 2 0 1 0 1 1 0 0 0 1 0
 2007 7 19 3 2 1 999 0 0 38.8 42.4103 49.75 53.6667 56 74 75 0 0 0 0 0 0 0 0 0 0 0 0 0 0 5 39 12 3 1 1 1 0 0 0 0 0 0 0 0 0 0 0 0
 2008 7 19 3 2 1 999 0 0 41 44.5 48 0 67 0 0 0 0 0 0 0 0 0 0 0 0 0 0 0 0 7 18 3 0 2 0 0 0 0 0 0 0 0 0 0 0 0 0 0
 2009 7 19 3 2 1 999 0 0 0 41.875 50.7143 59.6667 69 49 64 0 0 0 0 0 0 0 0 0 0 0 0 0 0 0 32 28 6 2 1 1 0 0 0 0 0 0 0 0 0 0 0 0
 2010 7 19 3 2 1 999 0 0 37.6667 40.75 49.7222 58.4444 66 56 0 0 0 0 0 0 0 0 0 0 0 0 0 0 0 3 8 36 9 1 1 0 0 0 0 0 0 0 0 0 0 0 0 0
 2011 7 19 3 2 1 999 0 0 0 42.5 46.2778 54.4848 58.2632 59 71.5 66 57 0 0 0 0 0 0 0 0 0 0 0 0 0 2 18 33 19 4 2 1 1 0 0 0 0 0 0 0 0 0 0
 2012 7 19 3 2 1 999 0 0 0 44.9375 51.2 54.5 58.3 64.3636 61 68 0 0 0 0 0 0 0 0 0 0 0 0 0 0 16 30 32 50 22 6 1 0 0 0 0 0 0 0 0 0 0 0
 2013 7 19 3 2 1 999 0 0 42 44 49.4667 53.7778 56.2727 61.5 64.2 73.6667 0 0 0 78 0 0 0 86 0 0 0 0 0 1 2 15 9 22 18 5 3 0 0 0 1 0 0 0 1 0 0 0
 2014 7 19 3 2 1 999 0 0 0 42.5536 47.5932 52.52 54.2273 57.3043 58.75 63.0714 60.2727 0 0 0 0 0 0 0 0 0 0 0 0 0 56 59 50 22 46 44 14 11 0 0 0 0 0 0 0 0 0 0
 2015 7 19 3 2 1 999 0 33 36.9375 43.0694 48.4715 50.5357 52.1667 55.7391 56.234 56.9643 58.9091 53.25 0 0 0 0 0 99 0 0 0 0 1 32 288 123 56 42 23 47 28 11 4 0 0 0 0 0 1 0 0 0
 2016 7 19 3 2 1 999 0 26.5 40.56 42.8414 48.2566 53.0877 53.9286 59.6136 59.6786 58.375 60 68.4 65.3333 0 0 0 55 0 0 0 0 0 2 100 145 226 114 56 44 28 56 42 15 3 0 0 0 1 0 0 0 0
 2017 7 19 3 2 1 999 0 0 39.675 43.3509 48.5319 54.4321 58.6786 59.7059 63.6154 65.4444 61.8824 65.6818 65.2222 74.6667 0 0 0 0 0 0 0 0 0 40 171 47 81 28 17 13 9 17 22 9 3 0 0 0 0 0 0 0
 2018 7 19 3 2 1 999 0 0 39.6944 44.3369 47.6697 53.5873 54.5116 62.1176 53.6667 59.5 64 66.6667 73.3 68.5 69 74 0 0 0 0 0 0 0 36 187 327 63 43 17 6 4 4 3 10 2 2 2 0 0 0 0 0
 2019 7 19 3 2 1 999 0 38 39.3846 43.6538 49.7443 53.1942 54.125 60.375 64.3333 73.5 80.5 77.5 75.5 71.6667 71.3333 0 84 70 0 0 0 0 1 13 260 176 139 16 8 3 2 2 2 2 3 3 0 1 1 0 0 0
 2020 7 19 3 2 1 999 0 0 40.303 42.8286 49.4 52.3929 55.697 55.7273 57.5 80 0 0 0 0 69.5 0 0 0 0 0 90 0 0 33 35 115 28 33 11 4 1 0 0 0 0 2 0 0 0 0 0 1
 2021 7 19 3 2 1 999 0 0 42 42.7586 45.1475 54.0345 57.2353 59.9118 67.1667 53.25 67.6667 0 0 76 0 0 78 73 77.5 0 0 0 0 3 87 61 58 17 34 6 4 3 0 0 1 0 0 3 1 2 0 0
 2022 7 19 3 2 1 999 0 0 38.4667 41.803 44.3231 49.88 58.5556 70.25 60.625 80 0 70 72 80 0 81 84 83 0 0 0 0 0 15 66 65 25 18 4 8 1 0 1 1 1 0 2 1 1 0 0 0
 2023 7 19 3 2 1 999 0 39 40.6842 42.9639 47.5091 50.5588 55.8 61.75 57.3333 66.8889 0 0 70 80.5 0 86 0 0 0 0 0 0 1 38 83 55 34 10 8 3 18 0 0 1 2 0 2 0 0 0 0 0
 1980 7 20 3 2 1 999 0 0 0 0 0 0 0 0 0 0 0 0 0 0 0 0 0 0 0 0 0 0 0 0 0 0 0 0 0 0 0 0 0 0 0 0 0 0 0 0 0 0
 1981 7 20 3 2 1 999 0 0 0 0 0 0 0 0 0 0 0 0 0 0 0 0 0 0 0 0 0 0 0 0 0 0 0 0 0 0 0 0 0 0 0 0 0 0 0 0 0 0
 1982 7 20 3 2 1 999 0 0 0 0 0 0 0 0 0 0 0 0 0 0 0 0 0 0 0 0 0 0 0 0 0 0 0 0 0 0 0 0 0 0 0 0 0 0 0 0 0 0
 1983 7 20 3 2 1 999 0 0 0 0 0 0 0 0 0 0 0 0 0 0 0 0 0 0 0 0 0 0 0 0 0 0 0 0 0 0 0 0 0 0 0 0 0 0 0 0 0 0
 1984 7 20 3 2 1 999 0 0 0 0 0 0 0 0 0 0 0 0 0 0 0 0 0 0 0 0 0 0 0 0 0 0 0 0 0 0 0 0 0 0 0 0 0 0 0 0 0 0
 1985 7 20 3 2 1 999 0 0 0 0 0 0 0 0 0 0 0 0 0 0 0 0 0 0 0 0 0 0 0 0 0 0 0 0 0 0 0 0 0 0 0 0 0 0 0 0 0 0
 1986 7 20 3 2 1 999 0 0 0 0 0 0 0 0 0 0 0 0 0 0 0 0 0 0 0 0 0 0 0 0 0 0 0 0 0 0 0 0 0 0 0 0 0 0 0 0 0 0
 1987 7 20 3 2 1 999 0 0 0 0 0 0 0 0 0 0 0 0 0 0 0 0 0 0 0 0 0 0 0 0 0 0 0 0 0 0 0 0 0 0 0 0 0 0 0 0 0 0
 1988 7 20 3 2 1 999 0 0 0 0 0 0 0 0 0 0 0 0 0 0 0 0 0 0 0 0 0 0 0 0 0 0 0 0 0 0 0 0 0 0 0 0 0 0 0 0 0 0
 1989 7 20 3 2 1 999 0 0 0 0 0 0 0 0 0 0 0 0 0 0 0 0 0 0 0 0 0 0 0 0 0 0 0 0 0 0 0 0 0 0 0 0 0 0 0 0 0 0
 1990 7 20 3 2 1 999 0 0 0 0 0 0 0 0 0 0 0 0 0 0 0 0 0 0 0 0 0 0 0 0 0 0 0 0 0 0 0 0 0 0 0 0 0 0 0 0 0 0
 1991 7 20 3 2 1 999 0 0 0 0 0 0 0 0 0 0 0 0 0 0 0 0 0 0 0 0 0 0 0 0 0 0 0 0 0 0 0 0 0 0 0 0 0 0 0 0 0 0
 1992 7 20 3 2 1 999 0 0 0 0 0 0 0 0 0 0 0 0 0 0 0 0 0 0 0 0 0 0 0 0 0 0 0 0 0 0 0 0 0 0 0 0 0 0 0 0 0 0
 1993 7 20 3 2 1 999 0 0 0 0 0 0 0 0 0 0 0 0 0 0 0 0 0 0 0 0 0 0 0 0 0 0 0 0 0 0 0 0 0 0 0 0 0 0 0 0 0 0
 1994 7 20 3 2 1 999 0 0 0 0 0 0 0 0 0 0 0 0 0 0 0 0 0 0 0 0 0 0 0 0 0 0 0 0 0 0 0 0 0 0 0 0 0 0 0 0 0 0
 1995 7 20 3 2 1 999 0 0 0 0 0 0 0 0 0 0 0 0 0 0 0 0 0 0 0 0 0 0 0 0 0 0 0 0 0 0 0 0 0 0 0 0 0 0 0 0 0 0
 1996 7 20 3 2 1 999 0 0 0 0 0 0 0 0 0 0 0 0 0 0 0 0 0 0 0 0 0 0 0 0 0 0 0 0 0 0 0 0 0 0 0 0 0 0 0 0 0 0
 1997 7 20 3 2 1 999 0 0 0 0 0 0 0 0 0 0 0 0 0 0 0 0 0 0 0 0 0 0 0 0 0 0 0 0 0 0 0 0 0 0 0 0 0 0 0 0 0 0
 1998 7 20 3 2 1 999 0 0 0 0 0 0 0 0 0 0 0 0 0 0 0 0 0 0 0 0 0 0 0 0 0 0 0 0 0 0 0 0 0 0 0 0 0 0 0 0 0 0
 1999 7 20 3 2 1 999 0 0 0 0 0 0 0 0 0 0 0 0 0 0 0 0 0 0 0 0 0 0 0 0 0 0 0 0 0 0 0 0 0 0 0 0 0 0 0 0 0 0
 2000 7 20 3 2 1 999 0 0 0 0 0 0 0 0 0 0 0 0 0 0 0 0 0 0 0 0 0 0 0 0 0 0 0 0 0 0 0 0 0 0 0 0 0 0 0 0 0 0
 2001 7 20 3 2 1 999 0 0 0 0 0 0 0 0 0 0 0 0 0 0 0 0 0 0 0 0 0 0 0 0 0 0 0 0 0 0 0 0 0 0 0 0 0 0 0 0 0 0
 2002 7 20 3 2 1 999 0 0 0 0 0 0 0 0 0 0 0 0 0 0 0 0 0 0 0 0 0 0 0 0 0 0 0 0 0 0 0 0 0 0 0 0 0 0 0 0 0 0
 2003 7 20 3 2 1 999 0 0 0 48.5 51 0 0 0 0 0 0 0 0 0 0 0 0 0 0 0 0 0 0 0 2 1 0 0 0 0 0 0 0 0 0 0 0 0 0 0 0 0
 2004 7 20 3 2 1 999 0 0 0 0 0 0 0 0 0 0 0 0 0 0 0 0 0 0 0 0 0 0 0 0 0 0 0 0 0 0 0 0 0 0 0 0 0 0 0 0 0 0
 2005 7 20 3 2 1 999 0 0 0 0 0 0 0 0 0 0 0 0 0 0 0 0 0 0 0 0 0 0 0 0 0 0 0 0 0 0 0 0 0 0 0 0 0 0 0 0 0 0
 2006 7 20 3 2 1 999 0 0 0 39 0 0 0 0 0 0 0 0 0 0 0 0 0 0 0 0 0 0 0 0 2 0 0 0 0 0 0 0 0 0 0 0 0 0 0 0 0 0
 2007 7 20 3 2 1 999 0 0 0 41 0 0 0 0 0 0 0 0 0 0 0 0 0 0 0 0 0 0 0 0 1 0 0 0 0 0 0 0 0 0 0 0 0 0 0 0 0 0
 2008 7 20 3 2 1 999 0 0 63 41.7778 0 0 0 0 0 0 0 0 0 0 0 0 0 0 0 0 0 0 0 1 9 0 0 0 0 0 0 0 0 0 0 0 0 0 0 0 0 0
 2009 7 20 3 2 1 999 0 0 0 0 47 46 0 0 0 0 0 0 0 0 0 0 0 0 0 0 0 0 0 0 0 1 1 0 0 0 0 0 0 0 0 0 0 0 0 0 0 0
 2010 7 20 3 2 1 999 0 0 0 0 53 57.5 62.5 70 0 0 0 0 0 0 0 0 0 0 0 0 0 0 0 0 0 2 8 2 1 0 0 0 0 0 0 0 0 0 0 0 0 0
 2011 7 20 3 2 1 999 0 0 0 0 51.5 56.2857 63.25 0 0 0 0 0 0 0 0 0 0 0 0 0 0 0 0 0 0 2 7 4 0 0 0 0 0 0 0 0 0 0 0 0 0 0
 2012 7 20 3 2 1 999 0 0 0 0 0 0 0 0 0 0 0 0 0 0 0 0 0 0 0 0 0 0 0 0 0 0 0 0 0 0 0 0 0 0 0 0 0 0 0 0 0 0
 2013 7 20 3 2 1 999 0 0 0 38 49 51.6667 0 0 0 0 0 0 0 0 0 0 0 0 0 0 0 0 0 0 1 3 3 0 0 0 0 0 0 0 0 0 0 0 0 0 0 0
 2014 7 20 3 2 1 999 0 0 34 40 45.6 0 66 66 0 0 0 0 0 0 0 0 0 0 0 0 0 0 0 2 3 5 0 1 1 0 0 0 0 0 0 0 0 0 0 0 0 0
 2015 7 20 3 2 1 999 0 0 0 0 0 0 0 0 0 0 0 0 0 0 0 0 0 0 0 0 0 0 0 0 0 0 0 0 0 0 0 0 0 0 0 0 0 0 0 0 0 0
 2016 7 20 3 2 1 999 0 0 37.9 0 0 0 0 0 0 0 0 0 0 0 0 0 0 0 0 0 0 0 0 10 0 0 0 0 0 0 0 0 0 0 0 0 0 0 0 0 0 0
 2017 7 20 3 2 1 999 0 0 42 43.9798 47.7692 55.1818 63.375 59 57 76 72.5 0 0 0 0 0 0 0 0 0 0 0 0 1 297 13 11 8 5 1 4 2 0 0 0 0 0 0 0 0 0 0
 2018 7 20 3 2 1 999 0 0 0 46 48.7714 48 66.5 0 0 0 0 0 0 0 0 0 0 0 0 0 0 0 0 0 1 35 2 2 0 0 0 0 0 0 0 0 0 0 0 0 0 0
 2019 7 20 3 2 1 999 0 0 0 41.8 48 52.1 0 0 0 0 0 0 0 0 0 0 0 0 0 0 0 0 0 0 5 1 20 0 0 0 0 0 0 0 0 0 0 0 0 0 0 0
 2020 7 20 3 2 1 999 0 0 0 43.625 42.4286 52 54.0909 0 0 0 0 0 0 0 0 0 0 0 0 0 0 0 0 0 8 7 2 33 0 0 0 0 0 0 0 0 0 0 0 0 0 0
 2021 7 20 3 2 1 999 0 0 39 44.3333 48.4444 63 58.25 50.25 0 0 0 0 0 0 0 0 0 0 0 0 0 0 0 1 3 9 1 4 4 0 0 0 0 0 0 0 0 0 0 0 0 0
 2022 7 20 3 2 1 999 0 0 37 47.5 52.125 60.6 59.6667 72 49 0 0 0 0 0 0 0 0 0 0 0 0 0 0 1 6 8 10 3 1 1 0 0 0 0 0 0 0 0 0 0 0 0
 2023 7 20 3 2 1 999 0 0 0 45.0833 53.8 0 60.2 66 0 64 0 0 0 0 0 0 0 0 0 0 0 0 0 0 12 5 0 5 2 0 11 0 0 0 0 0 0 0 0 0 0 0
-9999  0 0 0 0 0 0 0 0 0 0 0 0 0 0 0 0 0 0 0 0 0 0 0 0 0 0 0 0 0 0 0 0 0 0 0 0 0 0 0 0 0 0 0 0 0 0 0 0
#
0 #_N_environ_variables
# -2 in yr will subtract mean for that env_var; -1 will subtract mean and divide by stddev (e.g. Z-score)
#Yr Variable Value
#
# Sizefreq data. Defined by method because a fleet can use multiple methods
0 # N sizefreq methods to read (or -1 for expanded options)
# 
0 # do tags (0/1/2); where 2 allows entry of TG_min_recap
#
0 #    morphcomp data(0/1) 
#  Nobs, Nmorphs, mincomp
#  yr, seas, type, partition, Nsamp, datavector_by_Nmorphs
#
0  #  Do dataread for selectivity priors(0/1)
# Yr, Seas, Fleet,  Age/Size,  Bin,  selex_prior,  prior_sd
# feature not yet implemented
#
999

